composition_index,Row_Idx,Col_Idx,Fe_ratio,Co_ratio,Ni_ratio,Pd_ratio,Pt_ratio,tsne_1,tsne_2,experimental_activity,cemc_activity,random_activity
0,0,0,0.05,0.1499999999999999,0.4,0.05,0.3499999999999999,-6.66883,0.7365445,-0.272129809703434,-0.7946738970387057,-0.9637747111212599
1,0,1,0.05,0.2,0.3499999999999999,0.05,0.3499999999999999,-5.7695293,0.40810123,-0.2765568815949683,-0.7651675801101402,-0.9486282515631251
2,0,2,0.05,0.25,0.2999999999999999,0.05,0.3499999999999999,0.5894052,-8.906128,-0.3916376477127167,-0.7648442559606431,-0.9639898768734336
3,0,3,0.05,0.2999999999999999,0.25,0.05,0.3499999999999999,1.8892431,-8.565764,-0.4636257499377479,-0.9069605887690946,-0.9188064669430336
4,0,4,0.05,0.3499999999999999,0.2,0.05,0.3499999999999999,3.2459671,-8.405145,-0.4747288139384298,-0.8775599816663437,-1.0
5,0,5,0.05,0.4,0.1499999999999999,0.05,0.3499999999999999,4.6271806,-8.3617115,-0.5538612227071666,-0.8255234041438244,-0.9504543937440808
6,0,6,0.1,0.1,0.4,0.05,0.3499999999999999,-7.2664185,1.4655944,-0.7287753500380932,-0.8730596722258688,-0.9217818352811082
7,0,7,0.1,0.1499999999999999,0.3499999999999999,0.05,0.3499999999999999,-6.423209,1.325528,-0.4433754317157547,-0.7694282677398889,-0.9829374734474269
8,0,8,0.1,0.25,0.25,0.05,0.3499999999999999,1.2572141,-8.506968,-0.4673423618297567,-0.8241959572090616,-0.9456073303557269
9,0,9,0.1,0.3499999999999999,0.1499999999999999,0.05,0.3499999999999999,4.0283647,-7.6243486,-0.6812956083901642,-1.0,-0.9278947057103454
10,0,10,0.1,0.4,0.1,0.05,0.3499999999999999,5.2654963,-7.593273,-0.6234720814278507,-0.8016139431837356,-0.9181198082158603
11,0,11,0.1499999999999999,0.05,0.4,0.05,0.3499999999999999,-7.881365,2.2268841,-0.7065890600932127,-0.7215365807785055,-0.9611114315399164
12,0,12,0.1499999999999999,0.1,0.3499999999999999,0.05,0.3499999999999999,-6.9758596,2.2862365,-0.575030494709833,-0.9207711809602498,-0.9511337500220015
13,0,13,0.1499999999999999,0.1499999999999999,0.2999999999999999,0.05,0.3499999999999999,-5.9444013,2.2654994,-0.3804998085443764,-0.8254018326417905,-0.9741346321592529
14,0,14,0.1499999999999999,0.2999999999999999,0.1499999999999999,0.05,0.3499999999999999,3.552292,-6.6104345,-0.3952037393475395,-0.9261859139263148,-0.9445339301622969
15,0,15,0.1499999999999999,0.3499999999999999,0.1,0.05,0.3499999999999999,4.5391235,-6.248105,-0.4528533766076914,-0.917649924918283,-0.963609840196941
16,0,16,0.1499999999999999,0.4,0.05,0.05,0.3499999999999999,5.3439,-6.4883943,-0.6674774133206955,-0.8326907597016041,-0.9704514301821449
17,1,0,0.2,0.05,0.3499999999999999,0.05,0.3499999999999999,-7.5345473,3.2180264,-0.6176007654300176,-0.8884019535328577,-0.9696295002700636
18,1,1,0.2,0.2,0.2,0.05,0.3499999999999999,-3.3171995,2.919984,-0.3996228099801408,-0.9373158457476409,-0.9191082295990387
19,1,2,0.2,0.3499999999999999,0.05,0.05,0.3499999999999999,4.652106,-4.7726307,-0.693203828105354,-0.842991738235933,-0.9826698550249543
20,1,3,0.25,0.05,0.2999999999999999,0.05,0.3499999999999999,-6.790815,4.896654,-0.8293022562247042,-0.8823805769264024,-0.9443026314531962
21,1,4,0.25,0.1,0.25,0.05,0.3499999999999999,-6.307359,5.692305,-0.6725299985015651,-0.8179997257526291,-0.9530900850812302
22,1,5,0.25,0.25,0.1,0.05,0.3499999999999999,3.4078608,-2.5158396,-0.4962107277521486,-0.9761506639625553,-0.9456271681468521
23,1,6,0.25,0.2999999999999999,0.05,0.05,0.3499999999999999,4.2108097,-2.8937602,-0.7864203506602119,-0.837882154065672,-0.9519076971344054
24,1,7,0.2999999999999999,0.05,0.25,0.05,0.3499999999999999,-6.596311,6.746726,-0.9054053832757166,-0.8866749471271861,-0.9697290834831158
25,1,8,0.2999999999999999,0.1499999999999999,0.1499999999999999,0.05,0.3499999999999999,-4.316494,7.9833136,-0.9309789810468928,-0.933293972580116,-0.9365102607219332
26,1,9,0.2999999999999999,0.25,0.05,0.05,0.3499999999999999,3.5766826,-1.9954495,-0.4409807192028276,-0.8821797231005915,-0.9412670887360347
27,1,10,0.3499999999999999,0.05,0.2,0.05,0.3499999999999999,-5.8366723,8.228761,-0.4120580954471819,-0.9570767493884238,-0.9371500360941737
28,1,11,0.3499999999999999,0.1,0.1499999999999999,0.05,0.3499999999999999,-4.659817,8.798453,-0.7848646982271559,-0.8265288202717778,-0.971300348775002
29,1,12,0.3499999999999999,0.1499999999999999,0.1,0.05,0.3499999999999999,-3.7531204,9.446742,-0.9348413374954644,-0.9207589934061321,-0.9465725145852947
30,1,13,0.3499999999999999,0.2,0.05,0.05,0.3499999999999999,-3.1526923,10.717087,-0.912515527782509,-0.7855789471174623,-0.9327359907664942
31,1,14,0.4,0.05,0.1499999999999999,0.05,0.3499999999999999,-5.231475,9.399607,-0.892189805463092,-0.9356249459484873,-0.9430037929306778
32,1,15,0.4,0.1,0.1,0.05,0.3499999999999999,-4.34132,9.885204,-0.7701870738333598,-0.9202065574306368,-0.9069392699449341
33,1,16,0.4,0.1499999999999999,0.05,0.05,0.3499999999999999,-3.680937,10.421684,-0.9988823403686972,-0.887946208049413,-0.9338018036231716
34,2,0,0.05,0.25,0.2999999999999999,0.1,0.2999999999999999,-0.04370198,-7.978185,-0.2797247210498062,-0.85213965367667,-0.9399963161703143
35,2,1,0.05,0.2999999999999999,0.25,0.1,0.2999999999999999,1.0022384,-7.6994414,-0.3777136780708839,-0.7556545296275602,-0.9345313856369222
36,2,2,0.1,0.1,0.4,0.1,0.2999999999999999,-7.7068415,0.31762123,-0.6337065231928019,-0.765922686530905,-0.911214028464515
37,2,3,0.1,0.1499999999999999,0.3499999999999999,0.1,0.2999999999999999,-6.7085547,-0.025651557,-0.4158599295382476,-0.8288173175095924,-0.894808458189778
38,2,4,0.1,0.2,0.2999999999999999,0.1,0.2999999999999999,-5.1700206,-0.34034625,-0.3830671075198317,-0.767238667829639,-0.8874868659561466
39,2,5,0.1,0.25,0.25,0.1,0.2999999999999999,0.5555444,-7.1477227,-0.4020990833108377,-0.8938082184546934,-0.9385544474236373
40,2,6,0.1,0.2999999999999999,0.2,0.1,0.2999999999999999,2.2191348,-7.137278,-0.4777210713148614,-0.7893647346963664,-0.9361089249253134
41,2,7,0.1,0.3499999999999999,0.1499999999999999,0.1,0.2999999999999999,4.511845,-7.0703063,-0.4803362862518845,-0.8567982445948998,-0.8808075609287069
42,2,8,0.1,0.4,0.1,0.1,0.2999999999999999,6.040014,-6.9489746,-0.4378158112119216,-0.7763682792018411,-0.9153585779507636
43,2,9,0.1499999999999999,0.1,0.3499999999999999,0.1,0.2999999999999999,-7.866296,1.1423072,-0.5666615459134476,-0.7363678523903391,-0.9395679626184171
44,2,10,0.1499999999999999,0.1499999999999999,0.2999999999999999,0.1,0.2999999999999999,-5.495313,1.3794847,-0.3824819697933234,-0.7880339231597945,-0.9319949977938189
45,2,11,0.1499999999999999,0.2999999999999999,0.1499999999999999,0.1,0.2999999999999999,3.4732664,-5.776712,-0.4510697334079481,-0.7500067645503439,-0.9356183183218411
46,2,12,0.1499999999999999,0.3499999999999999,0.1,0.1,0.2999999999999999,5.1384916,-5.659701,-0.4317162902651022,-0.8027854565459845,-0.8931438929015402
47,2,13,0.2,0.1,0.2999999999999999,0.1,0.2999999999999999,-6.9557247,3.787605,-0.6781272382753554,-0.8899145476059452,-0.9536086888905528
48,2,14,0.2,0.2,0.2,0.1,0.2999999999999999,-2.6842227,2.3808746,-0.3844958286427003,-0.8796019960122814,-0.9530221588585206
49,2,15,0.2,0.2999999999999999,0.1,0.1,0.2999999999999999,4.2039423,-3.946092,-0.4410804636951248,-0.932941738291774,-0.9551183482620532
50,2,16,0.25,0.05,0.2999999999999999,0.1,0.2999999999999999,-7.7496943,4.9279666,-0.767251277421837,-0.7947971866265223,-0.9404917019444838
51,3,0,0.25,0.1,0.25,0.1,0.2999999999999999,-7.2365746,5.5945926,-0.7597477546564885,-0.8554747238994068,-0.9300509083868351
52,3,1,0.25,0.25,0.1,0.1,0.2999999999999999,3.3328595,-1.2707356,-0.4733663012961734,-0.8271242644474235,-0.9123080156898932
53,3,2,0.25,0.2999999999999999,0.05,0.1,0.2999999999999999,4.523131,-1.9844142,-0.560171861720898,-0.8411249849004024,-0.9317957798161831
54,3,3,0.2999999999999999,0.05,0.25,0.1,0.2999999999999999,-7.4886017,6.408582,-0.7380843349116327,-0.8915999310008462,-0.9461974563944018
55,3,4,0.2999999999999999,0.1,0.2,0.1,0.2999999999999999,-5.273677,6.9961305,-0.8531265430621261,-0.8305980381760761,-0.9746772982024602
56,3,5,0.2999999999999999,0.1499999999999999,0.1499999999999999,0.1,0.2999999999999999,-3.4405236,7.467946,-0.8793209572122955,-0.9257577625682736,-0.9234168737655242
57,3,6,0.2999999999999999,0.2,0.1,0.1,0.2999999999999999,-2.662396,7.0907674,-0.6988795370343807,-0.7007991461243411,-0.8857453699354217
58,3,7,0.2999999999999999,0.25,0.05,0.1,0.2999999999999999,3.9964154,-1.0223439,-0.716850357542188,-0.8459052085228421,-0.9040510693723056
59,3,8,0.3499999999999999,0.1,0.1499999999999999,0.1,0.2999999999999999,-3.4568038,8.470326,-0.7418587806701002,-0.7887782346570893,-0.9617132918422269
60,3,9,0.3499999999999999,0.1499999999999999,0.1,0.1,0.2999999999999999,-2.7436159,8.788781,-0.7254649161856777,-0.8742191431951087,-0.9184964820382089
61,3,10,0.4,0.1,0.1,0.1,0.2999999999999999,-2.4929938,9.620009,-1.0,-0.8471810609773182,-0.9016603838995463
62,3,11,0.05,0.1499999999999999,0.4,0.1499999999999999,0.25,-7.5014796,-2.1769931,-0.2143832254709211,-0.597818050218667,-0.969421457545701
63,3,12,0.05,0.25,0.2999999999999999,0.1499999999999999,0.25,-1.6335557,-6.759926,-0.1856728353865944,-0.734807910520398,-0.8721739772359433
64,3,13,0.05,0.2999999999999999,0.25,0.1499999999999999,0.25,-0.89591646,-7.141866,-0.3481783739306972,-0.6848711108981077,-0.9141284436828104
65,3,14,0.05,0.4,0.1499999999999999,0.1499999999999999,0.25,7.800338,-6.4641113,-0.4192443324512641,-0.7217564369048317,-0.8449679455900171
66,3,15,0.1,0.1,0.4,0.1499999999999999,0.25,-8.135566,-1.3938175,-0.591240655806162,-0.665374699499032,-0.9075370950912333
67,3,16,0.1,0.1499999999999999,0.3499999999999999,0.1499999999999999,0.25,-7.032753,-1.5457956,-0.450938115944152,-0.7151096588010067,-0.8248287522353154
68,4,0,0.1,0.25,0.25,0.1499999999999999,0.25,-0.83928025,-6.166869,-0.3953915883724328,-0.6564214730159855,-0.8887429241542928
69,4,1,0.1,0.3499999999999999,0.1499999999999999,0.1499999999999999,0.25,6.7936654,-6.0022,-0.4048952467781383,-0.8582804388970324,-0.8856600015045253
70,4,2,0.1,0.4,0.1,0.1499999999999999,0.25,7.3918996,-5.52542,-0.510995134667511,-0.8088651258565673,-0.8363233484289657
71,4,3,0.1499999999999999,0.05,0.4,0.1499999999999999,0.25,-9.092154,-0.73013943,-0.5413425069033401,-0.6121077284905673,-0.8909524939227145
72,4,4,0.1499999999999999,0.1,0.3499999999999999,0.1499999999999999,0.25,-8.288053,-0.6678593,-0.5049203243592445,-0.7100675488199559,-0.9046543556010356
73,4,5,0.1499999999999999,0.1499999999999999,0.2999999999999999,0.1499999999999999,0.25,-5.756725,-1.4085164,-0.4187482299155663,-0.6633180128220523,-0.8714674225251209
74,4,6,0.1499999999999999,0.2,0.25,0.1499999999999999,0.25,-3.8567967,-1.781356,-0.3900587095376407,-0.6679428440666499,-0.8570407440412372
75,4,7,0.1499999999999999,0.25,0.2,0.1499999999999999,0.25,0.30531913,-4.386262,-0.3710451199429891,-0.7924856415497127,-0.949911122787476
76,4,8,0.1499999999999999,0.2999999999999999,0.1499999999999999,0.1499999999999999,0.25,2.7784846,-4.7065887,-0.4448660288538055,-0.7919022108611758,-0.8458954053219224
77,4,9,0.1499999999999999,0.3499999999999999,0.1,0.1499999999999999,0.25,6.3673673,-4.774438,-0.3253415546682839,-0.6289053144073499,-0.931065912006823
78,4,10,0.1499999999999999,0.4,0.05,0.1499999999999999,0.25,7.0653334,-4.436894,-0.6428587528330783,-0.7434395484300448,-0.89771089949068
79,4,11,0.2,0.1499999999999999,0.25,0.1499999999999999,0.25,-3.4944832,0.9742432,-0.3696286570065844,-0.7000103458488109,-0.8424716616411723
80,4,12,0.2,0.2,0.2,0.1499999999999999,0.25,-1.5636711,1.4837123,-0.3825661332857319,-0.6966433737722771,-0.9423665578367072
81,4,13,0.2,0.25,0.1499999999999999,0.1499999999999999,0.25,1.7688609,-0.4914758,-0.3830615581122833,-0.8340102356239859,-0.9071141128043835
82,4,14,0.25,0.05,0.2999999999999999,0.1499999999999999,0.25,-9.501853,4.2055306,-0.6008816648270348,-0.7444381237138421,-0.857426590678335
83,4,15,0.25,0.1,0.25,0.1499999999999999,0.25,-8.842872,4.720811,-0.6622357388989847,-0.7416872804299962,-0.9038987995490125
84,4,16,0.25,0.1499999999999999,0.2,0.1499999999999999,0.25,-1.726726,3.6216831,-0.4834322347083476,-0.7283446155155601,-0.8738484055586953
85,5,0,0.25,0.2,0.1499999999999999,0.1499999999999999,0.25,0.037817456,2.243581,-0.6439519033367614,-0.7870865086674673,-0.9148079290873744
86,5,1,0.25,0.25,0.1,0.1499999999999999,0.25,3.5529022,0.2211122,-0.4952770237117901,-0.8486403821259011,-0.8501975942290677
87,5,2,0.25,0.2999999999999999,0.05,0.1499999999999999,0.25,4.9111004,-0.32207847,-0.567984712501019,-0.7198834329468764,-0.875411248395058
88,5,3,0.2999999999999999,0.05,0.25,0.1499999999999999,0.25,-9.059401,5.5961795,-0.5885190923893123,-0.6615478412716372,-0.9183433256462817
89,5,4,0.2999999999999999,0.1499999999999999,0.1499999999999999,0.1499999999999999,0.25,-1.4367023,6.5103016,-0.8505287262403404,-0.7964296487355121,-0.863419096079319
90,5,5,0.2999999999999999,0.25,0.05,0.1499999999999999,0.25,4.3529305,0.56689143,-0.7182269374606288,-0.6986196119793632,-0.9007790669667305
91,5,6,0.3499999999999999,0.1,0.1499999999999999,0.1499999999999999,0.25,-1.024863,8.029794,-0.6627175534925152,-0.7978782937392527,-0.8898209330755908
92,5,7,0.3499999999999999,0.1499999999999999,0.1,0.1499999999999999,0.25,-1.4000694,8.607388,-0.664782258714758,-0.7899890050140131,-0.8680958972474313
93,5,8,0.4,0.05,0.1499999999999999,0.1499999999999999,0.25,-0.33041736,8.830369,-0.7044769059031845,-0.755605258794476,-0.8901511796170883
94,5,9,0.4,0.1,0.1,0.1499999999999999,0.25,-0.81421477,9.4195795,-0.7181360865554639,-0.7771535554154515,-0.9136737261462233
95,5,10,0.4,0.1499999999999999,0.05,0.1499999999999999,0.25,-0.5416938,10.1861725,-0.8531459258889191,-0.7457610301055406,-0.9206184158030379
96,5,11,0.05,0.1499999999999999,0.4,0.2,0.2,-8.025587,-3.531444,-0.1406021104726697,-0.6065162754458047,-0.7644534132620423
97,5,12,0.05,0.2,0.3499999999999999,0.2,0.2,-6.5229797,-4.478651,-0.2117971167342896,-0.5359037214695046,-0.8736385644219099
98,5,13,0.05,0.25,0.2999999999999999,0.2,0.2,-3.6680768,-6.1473584,-0.2666924899784176,-0.5998635976807626,-0.8535246982682039
99,5,14,0.05,0.2999999999999999,0.25,0.2,0.2,-2.7008412,-6.98369,-0.3149503792125275,-0.6183373255813152,-0.8842148614679035
100,5,15,0.05,0.3499999999999999,0.2,0.2,0.2,-1.8993815,-8.160806,-0.3918569094217502,-0.5682922131614506,-0.8667468704549585
101,5,16,0.05,0.4,0.1499999999999999,0.2,0.2,9.308962,-5.2744617,-0.4356291088680811,-0.5211085702701295,-0.8451771561088598
102,6,0,0.1,0.1,0.4,0.2,0.2,-8.85736,-2.848303,-0.5108886649757929,-0.5366880180839481,-0.8645474626922874
103,6,1,0.1,0.1499999999999999,0.3499999999999999,0.2,0.2,-7.38842,-3.4414434,-0.5835689817070334,-0.6608828881544652,-0.8774946745746313
104,6,2,0.1,0.2,0.2999999999999999,0.2,0.2,-5.134353,-4.443798,-0.4154020637307131,-0.5461808365038378,-0.8426980175983926
105,6,3,0.1,0.25,0.25,0.2,0.2,-2.751681,-5.51837,-0.3948357231579668,-0.7635283051924873,-0.8622034039706185
106,6,4,0.1,0.2999999999999999,0.2,0.2,0.2,-1.2061532,-5.2206597,-0.5118921599594431,-0.5896575906491429,-0.757463739890556
107,6,5,0.1,0.3499999999999999,0.1499999999999999,0.2,0.2,8.488661,-4.8801765,-0.4604179590306213,-0.5612397239780519,-0.818430148603243
108,6,6,0.1,0.4,0.1,0.2,0.2,8.80294,-4.1918063,-0.394815158063746,-0.6715367442661189,-0.9211762856704594
109,6,7,0.1499999999999999,0.05,0.4,0.2,0.2,-10.006892,-1.951501,-0.4765861359794543,-0.4969880810532041,-0.8764227909895931
110,6,8,0.1499999999999999,0.1,0.3499999999999999,0.2,0.2,-9.313379,-2.0930812,-0.7541870048179308,-0.6576819881700542,-0.743053690840463
111,6,9,0.1499999999999999,0.1499999999999999,0.2999999999999999,0.2,0.2,-5.870558,-2.9305327,-0.4171867375230092,-0.644573461730385,-0.8936871002387564
112,6,10,0.1499999999999999,0.2,0.25,0.2,0.2,-3.4531777,-2.9916022,-0.4567949379798287,-0.7159545438802477,-0.8675924009010961
113,6,11,0.1499999999999999,0.25,0.2,0.2,0.2,-0.8699228,-3.7962203,-0.4566063180913894,-0.6526357261778623,-0.9008060256181243
114,6,12,0.1499999999999999,0.2999999999999999,0.1499999999999999,0.2,0.2,1.948172,-3.6053696,-0.4144977238096272,-0.6849940387224851,-0.8073475546254939
115,6,13,0.1499999999999999,0.3499999999999999,0.1,0.2,0.2,7.6286135,-3.1560762,-0.3652350362136154,-0.618071459818799,-0.8576142495992447
116,6,14,0.1499999999999999,0.4,0.05,0.2,0.2,8.180625,-3.3921578,-0.5457102839115665,-0.7294113738478777,-0.7832168961631826
117,6,15,0.2,0.05,0.3499999999999999,0.2,0.2,-10.5253935,-0.776649,-0.368923209230255,-0.6538571795346846,-0.9503697762967841
118,6,16,0.2,0.1,0.2999999999999999,0.2,0.2,-10.473557,0.3902788,-0.6952837446969125,-0.6417931972479921,-0.8359367566886322
119,7,0,0.2,0.1499999999999999,0.25,0.2,0.2,-3.127752,-0.34761146,-0.2705097422339794,-0.7053282767609794,-0.8826571253335683
120,7,1,0.2,0.2,0.2,0.2,0.2,-0.6834954,0.5659137,-0.8659378502036675,-0.6973706900048259,-0.77654378911064
121,7,2,0.2,0.25,0.1499999999999999,0.2,0.2,1.76891,0.668261,-0.3556462731988656,-0.679864744794409,-0.9345106338752682
122,7,3,0.2,0.2999999999999999,0.1,0.2,0.2,6.3252673,-0.5670423,-0.3738141598538807,-0.7294881775517236,-0.8835764217314828
123,7,4,0.2,0.3499999999999999,0.05,0.2,0.2,7.1762686,-1.9559939,-0.4749200095727901,-0.6185995966489831,-0.7359485504743909
124,7,5,0.25,0.05,0.2999999999999999,0.2,0.2,-11.320665,1.47737,-0.6137582318475798,-0.6311129920551647,-0.9123177401632852
125,7,6,0.25,0.1,0.25,0.2,0.2,-10.688355,2.2548795,-0.5876678015803075,-0.684281778691989,-0.8862278064851893
126,7,7,0.25,0.1499999999999999,0.2,0.2,0.2,-0.37973562,3.6782525,-0.5595375553703635,-0.7791319241863861,-0.8609607651094757
127,7,8,0.25,0.2,0.1499999999999999,0.2,0.2,1.403923,2.6017945,-0.6550835504646214,-0.5549433824564171,-0.9236982027836353
128,7,9,0.25,0.25,0.1,0.2,0.2,4.2568145,1.842266,-0.4285266436697314,-0.6093356215263815,-0.8461975296323784
129,7,10,0.25,0.2999999999999999,0.05,0.2,0.2,5.753624,0.9902844,-0.4590365629546231,-0.6535511151723177,-0.8920092871909968
130,7,11,0.2999999999999999,0.05,0.25,0.2,0.2,-11.2717,3.0697668,-0.6138948701808812,-0.7300369573596354,-0.8383813489204043
131,7,12,0.2999999999999999,0.1,0.2,0.2,0.2,-0.026045859,6.0098066,-0.7578028722180452,-0.5010327511753896,-0.8472375506387269
132,7,13,0.2999999999999999,0.1499999999999999,0.1499999999999999,0.2,0.2,1.1673086,5.805017,-0.7807032120720822,-0.6879108306739042,-0.8596524618365841
133,7,14,0.2999999999999999,0.2,0.1,0.2,0.2,3.221008,4.22076,-0.7417896022524056,-0.7666387630702344,-0.8070665116981203
134,7,15,0.2999999999999999,0.25,0.05,0.2,0.2,4.8116345,2.600671,-0.6796866240429363,-0.7401553607419875,-0.8327934876223547
135,7,16,0.3499999999999999,0.05,0.2,0.2,0.2,0.21942796,7.454556,-0.4882664030334734,-0.701316067006324,-0.7579627879841494
136,8,0,0.3499999999999999,0.1,0.1499999999999999,0.2,0.2,0.9460762,7.756935,-0.5997936472257379,-0.7508896895794698,-0.7939795766525333
137,8,1,0.3499999999999999,0.1499999999999999,0.1,0.2,0.2,1.8122237,7.3988495,-0.6847920877868215,-0.6086155764870278,-0.8379711381485977
138,8,2,0.3499999999999999,0.2,0.05,0.2,0.2,3.333589,5.2752943,-0.7693085109422843,-0.5234154786161926,-0.8096516054199061
139,8,3,0.4,0.05,0.1499999999999999,0.2,0.2,0.77849144,8.643373,-0.7837087050916722,-0.6383381583785857,-0.8850466283452533
140,8,4,0.4,0.1,0.1,0.2,0.2,1.273521,9.108584,-0.7825795773475787,-0.6508856626631254,-0.8617718289949469
141,8,5,0.4,0.1499999999999999,0.05,0.2,0.2,1.591568,9.976843,-0.8349171146761055,-0.7671896237091362,-0.8025023290328891
142,8,6,0.05,0.1499999999999999,0.4,0.25,0.1499999999999999,-8.742637,-4.426957,-0.1518435803832692,-0.47822298755302234,-0.7409025611731218
143,8,7,0.05,0.25,0.2999999999999999,0.25,0.1499999999999999,-5.3842683,-7.0205235,-0.0849427060642044,-0.22175116479169668,-0.6743737178868008
144,8,8,0.05,0.2999999999999999,0.25,0.25,0.1499999999999999,-4.305789,-7.760211,-0.2365493812577462,-0.3857936249957421,-0.7401854751877402
145,8,9,0.05,0.4,0.1499999999999999,0.25,0.1499999999999999,10.561652,-3.7732375,-0.3790428269208344,-0.5105535622026729,-0.8056954278053176
146,8,10,0.1,0.1,0.4,0.25,0.1499999999999999,-9.728078,-4.1245317,-0.4581876614144788,-0.5429365649812964,-0.8247144430859239
147,8,11,0.1,0.1499999999999999,0.3499999999999999,0.25,0.1499999999999999,-9.078863,-5.0304384,-0.51341342243411,-0.589480586218468,-0.7806916421975677
148,8,12,0.1,0.25,0.25,0.25,0.1499999999999999,-4.580334,-6.746163,-0.4420059838257572,-0.5036192026125031,-0.8019230428176635
149,8,13,0.1,0.3499999999999999,0.1499999999999999,0.25,0.1499999999999999,10.273882,-2.5345657,-0.5025118462441299,-0.6351377700424597,-0.7255802414925819
150,8,14,0.1,0.4,0.1,0.25,0.1499999999999999,9.898896,-3.1004446,-0.4378927325840652,-0.6970943448502412,-0.7861588869740124
151,8,15,0.1499999999999999,0.05,0.4,0.25,0.1499999999999999,-10.643002,-3.260248,-0.3995042418089752,-0.5299969185829593,-0.7675861197039909
152,8,16,0.1499999999999999,0.1,0.3499999999999999,0.25,0.1499999999999999,-10.41845,-4.072697,-0.8180010353295577,-0.520598919623407,-0.7837531272638233
153,9,0,0.1499999999999999,0.1499999999999999,0.2999999999999999,0.25,0.1499999999999999,-8.2915745,-5.478431,-0.4174824434601568,-0.4854703153585444,-0.774683524850521
154,9,1,0.1499999999999999,0.2,0.25,0.25,0.1499999999999999,-3.3659368,-3.8037167,-0.5038812584497295,-0.47287562415304835,-0.8058718768957375
155,9,2,0.1499999999999999,0.25,0.2,0.25,0.1499999999999999,-1.6018072,-3.1767,-0.438169383539111,-0.50358949657621,-0.726200582552509
156,9,3,0.1499999999999999,0.2999999999999999,0.1499999999999999,0.25,0.1499999999999999,8.7006035,-0.8174128,-0.3758931972620918,-0.6674434931573453,-0.8316502396777529
157,9,4,0.1499999999999999,0.3499999999999999,0.1,0.25,0.1499999999999999,9.318337,-1.7884897,-0.4143701978357228,-0.6208904535963032,-0.7293345718708253
158,9,5,0.1499999999999999,0.4,0.05,0.25,0.1499999999999999,9.056305,-2.5413136,-0.4985791342641244,-0.6610454235317432,-0.7705213290469264
159,9,6,0.2,0.1499999999999999,0.25,0.25,0.1499999999999999,-2.5356565,-1.334982,-0.413442083024238,-0.5756673585443013,-0.8340498791699557
160,9,7,0.2,0.2,0.2,0.25,0.1499999999999999,-1.0386945,-0.69643974,-0.3648232161412944,-0.469202594408418,-0.8681635327958074
161,9,8,0.2,0.25,0.1499999999999999,0.25,0.1499999999999999,2.6402814,1.6055713,-0.3657473931604196,-0.6721144152264606,-0.7511103923040632
162,9,9,0.25,0.05,0.2999999999999999,0.25,0.1499999999999999,-12.624948,-0.4334503,-0.5854518428420121,-0.6207786208719862,-0.7927970636271909
163,9,10,0.25,0.1,0.25,0.25,0.1499999999999999,-12.444532,0.39426336,-0.6708168675624739,-0.6918735790447212,-0.811714847143352
164,9,11,0.25,0.1499999999999999,0.2,0.25,0.1499999999999999,0.8494379,3.8567936,-0.6093783668286468,-0.5651294002619528,-0.8312598243397258
165,9,12,0.25,0.2,0.1499999999999999,0.25,0.1499999999999999,2.455754,3.1287262,-0.6294021242325353,-0.5882013814090911,-0.8786978522421587
166,9,13,0.25,0.25,0.1,0.25,0.1499999999999999,6.0092278,2.8349206,-0.4315241413578263,-0.4021856161038017,-0.7367769975354337
167,9,14,0.25,0.2999999999999999,0.05,0.25,0.1499999999999999,7.002514,2.3008673,-0.4670691510280679,-0.7610168567562616,-0.5734990491297035
168,9,15,0.2999999999999999,0.05,0.25,0.25,0.1499999999999999,-13.289085,0.46427724,-0.6419126192790313,-0.6256828389131107,-0.8350561944106963
169,9,16,0.2999999999999999,0.1499999999999999,0.1499999999999999,0.25,0.1499999999999999,3.235854,6.589058,-0.7660780139425135,-0.38951097473769075,-0.7825885609429377
170,10,0,0.2999999999999999,0.25,0.05,0.25,0.1499999999999999,6.258707,3.6378915,-0.686488281876168,-0.6886830474869307,-0.670258813888032
171,10,1,0.3499999999999999,0.1,0.1499999999999999,0.25,0.1499999999999999,2.9559944,8.01899,-0.590596999015625,-0.4900716760520311,-0.8043257668705639
172,10,2,0.3499999999999999,0.1499999999999999,0.1,0.25,0.1499999999999999,3.6098776,7.899899,-0.6425466328271204,-0.6391920464986465,-0.7281909548513021
173,10,3,0.4,0.05,0.1499999999999999,0.25,0.1499999999999999,2.44517,8.8784,-0.7479236013296903,-0.7559479709838665,-0.7445622065865377
174,10,4,0.4,0.1,0.1,0.25,0.1499999999999999,3.202114,9.03229,-0.8282442163604588,-0.4533178442604417,-0.7079178213082591
175,10,5,0.4,0.1499999999999999,0.05,0.25,0.1499999999999999,3.4666693,9.668504,-0.9585374026993576,-0.49027654963153416,-0.8161556913618583
176,10,6,0.05,0.25,0.2999999999999999,0.2999999999999999,0.1,-6.9973736,-8.10058,-0.2400085842211438,-0.5644883648343196,-0.6764170378101789
177,10,7,0.05,0.2999999999999999,0.25,0.2999999999999999,0.1,-5.6952,-8.8150015,-0.2099620092211098,-0.4890935046329495,-0.6569357296385582
178,10,8,0.1,0.1,0.4,0.2999999999999999,0.1,-10.878764,-5.5827155,-0.3989995926171134,-0.3907847889930789,-0.7341228182195741
179,10,9,0.1,0.1499999999999999,0.3499999999999999,0.2999999999999999,0.1,-9.906179,-6.65538,-0.5904539033545311,-0.37277608198678186,-0.658192975895954
180,10,10,0.1,0.2,0.2999999999999999,0.2999999999999999,0.1,-8.305708,-7.5094905,-0.3516270554426712,-0.38193216401062635,-0.6815096643455957
181,10,11,0.1,0.25,0.25,0.2999999999999999,0.1,-6.20187,-8.2535,-0.4498526958533359,-0.41882926275738264,-0.5849486621707782
182,10,12,0.1,0.2999999999999999,0.2,0.2999999999999999,0.1,-4.893291,-9.1652975,-0.4742286129527336,-0.45253010386028364,-0.48471172065398915
183,10,13,0.1,0.3499999999999999,0.1499999999999999,0.2999999999999999,0.1,10.974798,-1.099605,-0.5529401130656058,-0.35503031738465446,-0.5233227815126789
184,10,14,0.1,0.4,0.1,0.2999999999999999,0.1,11.328527,-1.6194988,-0.3914471120702764,-0.421236269793827,-0.817282110574658
185,10,15,0.1499999999999999,0.1,0.3499999999999999,0.2999999999999999,0.1,-11.490227,-5.2353554,-0.8022136274704864,-0.4877200853506814,-0.7554258385809322
186,10,16,0.1499999999999999,0.1499999999999999,0.2999999999999999,0.2999999999999999,0.1,-10.066107,-6.1792345,-0.3101709464622057,-0.5937625290868711,-0.6120417580650706
187,11,0,0.1499999999999999,0.2999999999999999,0.1499999999999999,0.2999999999999999,0.1,9.829858,0.13842055,-0.4017286640895023,-0.5174983120769024,-0.7576505508659441
188,11,1,0.1499999999999999,0.3499999999999999,0.1,0.2999999999999999,0.1,10.496741,-0.3682606,-0.4996538696696087,-0.5806211858432244,-0.48005096419006743
189,11,2,0.2,0.1,0.2999999999999999,0.2999999999999999,0.1,-12.686821,-3.792976,-0.6434368468169871,-0.5426695873149477,-0.6388309478637669
190,11,3,0.2,0.2,0.2,0.2999999999999999,0.1,-0.499526,-1.4011209,-0.3898771594065139,-0.5393285202530567,-0.6350954051925045
191,11,4,0.2,0.2999999999999999,0.1,0.2999999999999999,0.1,9.36204,1.7518675,-0.4208940339042936,-0.08004608359435177,-0.7098029441509783
192,11,5,0.25,0.05,0.2999999999999999,0.2999999999999999,0.1,-13.401548,-2.457141,-0.5791997350935201,-0.4849128072002065,-0.8058590417799449
193,11,6,0.25,0.1,0.25,0.2999999999999999,0.1,-13.556245,-1.7855161,-0.6814610668186323,-0.31502613147895697,-0.8178473751488875
194,11,7,0.25,0.25,0.1,0.2999999999999999,0.1,7.9433937,3.754758,-0.4335215852363856,-0.5528427921837421,-0.7228475271270295
195,11,8,0.25,0.2999999999999999,0.05,0.2999999999999999,0.1,8.58091,3.047363,-0.3500816465791017,-0.6060153917583416,-0.654752212791203
196,11,9,0.2999999999999999,0.05,0.25,0.2999999999999999,0.1,-14.132628,-1.1518811,-0.5148118923336623,-0.5919478753515848,-0.7967394103840747
197,11,10,0.2999999999999999,0.1,0.2,0.2999999999999999,0.1,4.79168,7.285373,-0.6722334607725242,-0.5075962547294864,-0.6281575934093517
198,11,11,0.2999999999999999,0.1499999999999999,0.1499999999999999,0.2999999999999999,0.1,5.5809045,7.039531,-0.7622684768355331,-0.42893746991584103,-0.6259471606819417
199,11,12,0.2999999999999999,0.2,0.1,0.2999999999999999,0.1,6.8937674,5.8424196,-0.7516085250660622,-0.6425897538723891,-0.7981618247672994
200,11,13,0.2999999999999999,0.25,0.05,0.2999999999999999,0.1,7.677554,4.6079473,-0.7170096330072666,-0.4688765885539207,-0.7069082183312383
201,11,14,0.3499999999999999,0.1,0.1499999999999999,0.2999999999999999,0.1,5.1213965,8.4429035,-0.5099936239030229,-0.5631676582520967,-0.7555709007743564
202,11,15,0.3499999999999999,0.1499999999999999,0.1,0.2999999999999999,0.1,5.793468,7.967138,-0.5822194481434069,-0.6066419440027769,-0.6764423044080531
203,11,16,0.4,0.1,0.1,0.2999999999999999,0.1,5.02402,9.238565,-0.8257674254112785,-0.5387349279892566,-0.7853921888731302
204,12,0,0.05,0.1499999999999999,0.4,0.3499999999999999,0.05,-10.798027,-8.11043,-0.1848070106793228,-0.31216206330531915,-0.5643332563107386
205,12,1,0.05,0.2,0.3499999999999999,0.3499999999999999,0.05,-9.537571,-8.330616,-0.1399375333940001,-0.365954854318737,-0.6050410934534382
206,12,2,0.05,0.25,0.2999999999999999,0.3499999999999999,0.05,-7.8785872,-8.931462,-0.2638660129192698,-0.21249551690379404,-0.5939600885275307
207,12,3,0.05,0.2999999999999999,0.25,0.3499999999999999,0.05,-6.5054407,-9.634375,0.0,-0.3500343261778346,-0.2522643068630096
208,12,4,0.05,0.3499999999999999,0.2,0.3499999999999999,0.05,12.8864765,-1.4689468,-0.1764903658106723,-0.07879351627600786,-0.7094390288354857
209,12,5,0.05,0.4,0.1499999999999999,0.3499999999999999,0.05,12.606914,-0.8482418,-0.153992561367334,-0.0739666287415681,-0.6237498265537212
210,12,6,0.1,0.1,0.4,0.3499999999999999,0.05,-11.953874,-7.117814,-0.3503113209856627,-0.25786782691092247,-0.6660626409491979
211,12,7,0.1,0.1499999999999999,0.3499999999999999,0.3499999999999999,0.05,-10.780206,-7.4150977,-0.4580781640756966,-0.39025890957155984,-0.556850896870272
212,12,8,0.1,0.25,0.25,0.3499999999999999,0.05,-7.12371,-9.199717,-0.4977159807452847,-0.34078413903521676,-0.5832962878705739
213,12,9,0.1,0.3499999999999999,0.1499999999999999,0.3499999999999999,0.05,11.8332,-0.40480727,-0.485151025209736,-0.37324565673001026,-0.5506383857967648
214,12,10,0.1,0.4,0.1,0.3499999999999999,0.05,12.305398,0.03768202,-0.4346116564436773,-0.279653321733465,-0.1501604993812783
215,12,11,0.1499999999999999,0.05,0.4,0.3499999999999999,0.05,-12.764867,-6.0608253,-0.4045463635881127,-0.4589493976726534,-0.6631242213766858
216,12,12,0.1499999999999999,0.1,0.3499999999999999,0.3499999999999999,0.05,-12.04827,-6.2226787,-0.7697334011824342,-0.310932319035017,-0.7569762170855605
217,12,13,0.1499999999999999,0.1499999999999999,0.2999999999999999,0.3499999999999999,0.05,-11.118368,-6.774655,-0.4071004936005854,-0.13510484200076006,-0.6396655393350599
218,12,14,0.1499999999999999,0.2999999999999999,0.1499999999999999,0.3499999999999999,0.05,10.711242,0.70026845,-0.40688606203523,-0.09378799890197431,-0.637764184505217
219,12,15,0.1499999999999999,0.3499999999999999,0.1,0.3499999999999999,0.05,11.397298,0.66456354,-0.5322772838993934,-0.6043770790784471,-0.7280983549657641
220,12,16,0.1499999999999999,0.4,0.05,0.3499999999999999,0.05,12.0373955,1.1027404,-0.4807671511507655,-0.4036334104441174,-0.01101501518407473
221,13,0,0.2,0.05,0.3499999999999999,0.3499999999999999,0.05,-13.232081,-5.028273,-0.3270217703704049,-0.32096801777609874,-0.6660012225993754
222,13,1,0.2,0.2,0.2,0.3499999999999999,0.05,-0.052563235,-1.6426944,-0.386755736638592,-0.3328308938110759,-0.6579651664869706
223,13,2,0.2,0.3499999999999999,0.05,0.3499999999999999,0.05,10.877333,2.0609767,-0.5324826747018301,-0.4588813609871024,-0.6696326246714703
224,13,3,0.25,0.05,0.2999999999999999,0.3499999999999999,0.05,-14.043754,-3.4859538,-0.5575847156073122,-0.19951009190914828,-0.4616580855929151
225,13,4,0.25,0.1,0.25,0.3499999999999999,0.05,-14.410076,-2.8665814,-0.7192142466065132,-0.4526557591264814,-0.5932814158123444
226,13,5,0.25,0.25,0.1,0.3499999999999999,0.05,9.024737,4.33347,-0.479776776536326,-0.42909984510296645,-0.6355295471449162
227,13,6,0.25,0.2999999999999999,0.05,0.3499999999999999,0.05,9.607275,3.5280855,-0.3620603179284754,-0.46461646380966315,-0.5391883025275502
228,13,7,0.2999999999999999,0.05,0.25,0.3499999999999999,0.05,-14.814333,-2.1943567,-0.5367703822898904,-0.4340226339329237,-0.7213678238199918
229,13,8,0.2999999999999999,0.1499999999999999,0.1499999999999999,0.3499999999999999,0.05,6.591384,7.413867,-0.7440538350654503,-0.37714882586372017,-0.43339688865469445
230,13,9,0.2999999999999999,0.25,0.05,0.3499999999999999,0.05,8.616365,5.2348666,-0.7278628880615066,-0.0,-0.7321683878025667
231,13,10,0.3499999999999999,0.05,0.2,0.3499999999999999,0.05,6.034528,10.2991295,-0.531913501223022,-0.11259433715256904,-0.4814122884608144
232,13,11,0.3499999999999999,0.1,0.1499999999999999,0.3499999999999999,0.05,6.2843747,8.901507,-0.4423138986050718,-0.45639090219934764,-0.6685820537460025
233,13,12,0.3499999999999999,0.1499999999999999,0.1,0.3499999999999999,0.05,7.05049,8.024798,-0.5492488992147271,-0.4518470719507231,-0.7198841403433625
234,13,13,0.3499999999999999,0.2,0.05,0.3499999999999999,0.05,7.974985,6.990081,-0.813259804864199,-0.3588640343773997,-0.4709969597910203
235,13,14,0.4,0.05,0.1499999999999999,0.3499999999999999,0.05,6.399593,9.791983,-0.723923634716823,-0.5408727496404634,-0.483599125610097
236,13,15,0.4,0.1,0.1,0.3499999999999999,0.05,6.960328,9.129466,-0.8068429507413934,-0.21795899089383186,-0.5494616101195479
237,13,16,0.4,0.1499999999999999,0.05,0.3499999999999999,0.05,7.734005,8.420155,-0.8032166998059675,-0.49258880251579273,-0.0
