case,facet,site,element,bin_index,bin_left_eV,bin_center_eV,bin_right_eV,random_occupied,random_fractional_probability_mass,cemc_fractional_probability_mass,cemc_mass_inside_random_support,cemc_mass_outside_random_support
fcc100_hollow,100,hollow,Fe,0,-0.7516110291958655,-0.7449638440500785,-0.7383166589042914,False,0.0,0.0,0.0,0.0
fcc100_hollow,100,hollow,Fe,1,-0.7383166589042914,-0.7316694737585044,-0.7250222886127174,False,0.0,0.0,0.0,0.0
fcc100_hollow,100,hollow,Fe,2,-0.7250222886127174,-0.7183751034669303,-0.7117279183211433,False,0.0,0.0,0.0,0.0
fcc100_hollow,100,hollow,Fe,3,-0.7117279183211433,-0.7050807331753564,-0.6984335480295694,False,0.0,0.0,0.0,0.0
fcc100_hollow,100,hollow,Fe,4,-0.6984335480295694,-0.6917863628837824,-0.6851391777379953,True,0.0013089005235602095,0.0,0.0,0.0
fcc100_hollow,100,hollow,Fe,5,-0.6851391777379953,-0.6784919925922082,-0.6718448074464212,True,0.004581151832460733,0.0,0.0,0.0
fcc100_hollow,100,hollow,Fe,6,-0.6718448074464212,-0.6651976223006342,-0.6585504371548472,False,0.0,0.0,0.0,0.0
fcc100_hollow,100,hollow,Fe,7,-0.6585504371548472,-0.6519032520090602,-0.6452560668632731,False,0.0,0.0,0.0,0.0
fcc100_hollow,100,hollow,Fe,8,-0.6452560668632731,-0.638608881717486,-0.631961696571699,True,0.007198952879581152,0.0,0.0,0.0
fcc100_hollow,100,hollow,Fe,9,-0.631961696571699,-0.625314511425912,-0.618667326280125,True,0.005235602094240838,0.0,0.0,0.0
fcc100_hollow,100,hollow,Fe,10,-0.618667326280125,-0.612020141134338,-0.6053729559885509,True,0.004581151832460733,0.0001490757304710793,0.0001490757304710793,0.0
fcc100_hollow,100,hollow,Fe,11,-0.6053729559885509,-0.5987257708427638,-0.5920785856969768,True,0.0032722513089005235,0.0,0.0,0.0
fcc100_hollow,100,hollow,Fe,12,-0.5920785856969768,-0.5854314005511898,-0.5787842154054028,True,0.005235602094240838,0.0004472271914132379,0.0004472271914132379,0.0
fcc100_hollow,100,hollow,Fe,13,-0.5787842154054028,-0.5721370302596158,-0.5654898451138287,True,0.001963350785340314,0.0007453786523553966,0.0007453786523553966,0.0
fcc100_hollow,100,hollow,Fe,14,-0.5654898451138287,-0.5588426599680416,-0.5521954748222546,True,0.006544502617801047,0.0011926058437686344,0.0011926058437686344,0.0
fcc100_hollow,100,hollow,Fe,15,-0.5521954748222546,-0.5455482896764676,-0.5389011045306806,True,0.008507853403141362,0.0013416815742397137,0.0013416815742397137,0.0
fcc100_hollow,100,hollow,Fe,16,-0.5389011045306806,-0.5322539193848936,-0.5256067342391066,True,0.021596858638743454,0.0016398330351818724,0.0016398330351818724,0.0
fcc100_hollow,100,hollow,Fe,17,-0.5256067342391066,-0.5189595490933196,-0.5123123639475325,True,0.014397905759162303,0.004025044722719142,0.004025044722719142,0.0
fcc100_hollow,100,hollow,Fe,18,-0.5123123639475325,-0.5056651788017454,-0.49901799365595845,True,0.01767015706806283,0.0031305903398926656,0.0031305903398926656,0.0
fcc100_hollow,100,hollow,Fe,19,-0.49901799365595845,-0.49237080851017145,-0.4857236233643844,True,0.020942408376963352,0.005664877757901014,0.005664877757901014,0.0
fcc100_hollow,100,hollow,Fe,20,-0.4857236233643844,-0.47907643821859736,-0.47242925307281036,True,0.028795811518324606,0.007453786523553965,0.007453786523553965,0.0
fcc100_hollow,100,hollow,Fe,21,-0.47242925307281036,-0.4657820679270233,-0.45913488278123626,True,0.025523560209424083,0.009391771019677997,0.009391771019677997,0.0
fcc100_hollow,100,hollow,Fe,22,-0.45913488278123626,-0.45248769763544927,-0.4458405124896622,True,0.03992146596858639,0.0073047107930828865,0.0073047107930828865,0.0
fcc100_hollow,100,hollow,Fe,23,-0.4458405124896622,-0.4391933273438752,-0.4325461421980882,True,0.034031413612565446,0.01311866428145498,0.01311866428145498,0.0
fcc100_hollow,100,hollow,Fe,24,-0.4325461421980882,-0.4258989570523012,-0.41925177190651414,True,0.030759162303664923,0.013565891472868217,0.013565891472868217,0.0
fcc100_hollow,100,hollow,Fe,25,-0.41925177190651414,-0.4126045867607271,-0.4059574016149401,True,0.049738219895287955,0.014609421586165773,0.014609421586165773,0.0
fcc100_hollow,100,hollow,Fe,26,-0.4059574016149401,-0.39931021646915305,-0.392663031323366,True,0.026832460732984294,0.024895646988670243,0.024895646988670243,0.0
fcc100_hollow,100,hollow,Fe,27,-0.392663031323366,-0.386015846177579,-0.37936866103179195,True,0.03468586387434555,0.022510435301132975,0.022510435301132975,0.0
fcc100_hollow,100,hollow,Fe,28,-0.37936866103179195,-0.3727214758860049,-0.3660742907402179,True,0.04908376963350786,0.03220035778175313,0.03220035778175313,0.0
fcc100_hollow,100,hollow,Fe,29,-0.3660742907402179,-0.35942710559443086,-0.3527799204486438,True,0.055628272251308904,0.03428741800834824,0.03428741800834824,0.0
fcc100_hollow,100,hollow,Fe,30,-0.3527799204486438,-0.3461327353028568,-0.33948555015706977,True,0.05170157068062827,0.03443649373881932,0.03443649373881932,0.0
fcc100_hollow,100,hollow,Fe,31,-0.33948555015706977,-0.3328383650112827,-0.32619117986549573,True,0.04253926701570681,0.040101371496720335,0.040101371496720335,0.0
fcc100_hollow,100,hollow,Fe,32,-0.32619117986549573,-0.31954399471970873,-0.3128968095739217,True,0.037303664921465966,0.04502087060226595,0.04502087060226595,0.0
fcc100_hollow,100,hollow,Fe,33,-0.3128968095739217,-0.30624962442813464,-0.29960243928234764,True,0.04908376963350786,0.04830053667262969,0.04830053667262969,0.0
fcc100_hollow,100,hollow,Fe,34,-0.29960243928234764,-0.2929552541365606,-0.28630806899077355,True,0.029450261780104712,0.05068574836016696,0.05068574836016696,0.0
fcc100_hollow,100,hollow,Fe,35,-0.28630806899077355,-0.27966088384498655,-0.2730136986991995,True,0.03795811518324607,0.050387596899224806,0.050387596899224806,0.0
fcc100_hollow,100,hollow,Fe,36,-0.2730136986991995,-0.26636651355341245,-0.25971932840762546,True,0.04057591623036649,0.05843768634466309,0.05843768634466309,0.0
fcc100_hollow,100,hollow,Fe,37,-0.25971932840762546,-0.2530721432618384,-0.24642495811605136,True,0.024214659685863876,0.05366726296958855,0.05366726296958855,0.0
fcc100_hollow,100,hollow,Fe,38,-0.24642495811605136,-0.23977777297026437,-0.23313058782447738,True,0.021596858638743454,0.05605247465712582,0.05605247465712582,0.0
fcc100_hollow,100,hollow,Fe,39,-0.23313058782447738,-0.22648340267869033,-0.21983621753290328,True,0.024214659685863876,0.04621347644603459,0.04621347644603459,0.0
fcc100_hollow,100,hollow,Fe,40,-0.21983621753290328,-0.21318903238711623,-0.20654184724132918,True,0.02225130890052356,0.0439773404889684,0.0439773404889684,0.0
fcc100_hollow,100,hollow,Fe,41,-0.20654184724132918,-0.19989466209554219,-0.1932474769497552,True,0.01767015706806283,0.043530113297555156,0.043530113297555156,0.0
fcc100_hollow,100,hollow,Fe,42,-0.1932474769497552,-0.18660029180396814,-0.1799531066581811,True,0.020942408376963352,0.03234943351222421,0.03234943351222421,0.0
fcc100_hollow,100,hollow,Fe,43,-0.1799531066581811,-0.17330592151239405,-0.166658736366607,True,0.010471204188481676,0.03011329755515802,0.03011329755515802,0.0
fcc100_hollow,100,hollow,Fe,44,-0.166658736366607,-0.16001155122082,-0.153364366075033,True,0.012434554973821989,0.02757901013714967,0.02757901013714967,0.0
fcc100_hollow,100,hollow,Fe,45,-0.153364366075033,-0.14671718092924596,-0.1400699957834589,True,0.013089005235602094,0.022510435301132975,0.022510435301132975,0.0
fcc100_hollow,100,hollow,Fe,46,-0.1400699957834589,-0.13342281063767192,-0.12677562549188492,True,0.010471204188481676,0.023106738223017294,0.023106738223017294,0.0
fcc100_hollow,100,hollow,Fe,47,-0.12677562549188492,-0.12012844034609788,-0.11348125520031083,True,0.0032722513089005235,0.019827072152653547,0.019827072152653547,0.0
fcc100_hollow,100,hollow,Fe,48,-0.11348125520031083,-0.10683407005452378,-0.10018688490873673,True,0.010471204188481676,0.01490757304710793,0.01490757304710793,0.0
fcc100_hollow,100,hollow,Fe,49,-0.10018688490873673,-0.09353969976294974,-0.08689251461716274,True,0.0013089005235602095,0.010584376863446631,0.010584376863446631,0.0
fcc100_hollow,100,hollow,Fe,50,-0.08689251461716274,-0.08024532947137569,-0.07359814432558864,True,0.0013089005235602095,0.009540846750149075,0.009540846750149075,0.0
fcc100_hollow,100,hollow,Fe,51,-0.07359814432558864,-0.06695095917980165,-0.06030377403401466,True,0.0032722513089005235,0.0086463923673226,0.0086463923673226,0.0
fcc100_hollow,100,hollow,Fe,52,-0.06030377403401466,-0.05365658888822761,-0.04700940374244056,True,0.005235602094240838,0.005664877757901014,0.005664877757901014,0.0
fcc100_hollow,100,hollow,Fe,53,-0.04700940374244056,-0.04036221859665351,-0.03371503345086646,True,0.001963350785340314,0.00641025641025641,0.00641025641025641,0.0
fcc100_hollow,100,hollow,Fe,54,-0.03371503345086646,-0.027067848305079467,-0.020420663159292474,True,0.0006544502617801048,0.003875968992248062,0.003875968992248062,0.0
fcc100_hollow,100,hollow,Fe,55,-0.020420663159292474,-0.013773478013505425,-0.007126292867718376,True,0.002617801047120419,0.003428741800834824,0.003428741800834824,0.0
fcc100_hollow,100,hollow,Fe,56,-0.007126292867718376,-0.00047910772193132667,0.006168077423855722,True,0.001963350785340314,0.0026833631484794273,0.0026833631484794273,0.0
fcc100_hollow,100,hollow,Fe,57,0.006168077423855722,0.012815262569642716,0.01946244771542971,False,0.0,0.0017889087656529517,0.0,0.0017889087656529517
fcc100_hollow,100,hollow,Fe,58,0.01946244771542971,0.02610963286121676,0.03275681800700381,True,0.0006544502617801048,0.0017889087656529517,0.0017889087656529517,0.0
fcc100_hollow,100,hollow,Fe,59,0.03275681800700381,0.039404003152790856,0.046051188298577905,True,0.0006544502617801048,0.0017889087656529517,0.0017889087656529517,0.0
fcc100_hollow,100,hollow,Fe,60,0.046051188298577905,0.0526983734443649,0.05934555859015189,True,0.0006544502617801048,0.0010435301132975551,0.0010435301132975551,0.0
fcc100_hollow,100,hollow,Fe,61,0.05934555859015189,0.06599274373593894,0.07263992888172599,True,0.0006544502617801048,0.0013416815742397137,0.0013416815742397137,0.0
fcc100_hollow,100,hollow,Fe,62,0.07263992888172599,0.07928711402751298,0.08593429917329998,False,0.0,0.0005963029218843172,0.0,0.0005963029218843172
fcc100_hollow,100,hollow,Fe,63,0.08593429917329998,0.09258148431908703,0.09922866946487408,False,0.0,0.0008944543828264759,0.0,0.0008944543828264759
fcc100_hollow,100,hollow,Fe,64,0.09922866946487408,0.10587585461066112,0.11252303975644817,True,0.0013089005235602095,0.0004472271914132379,0.0004472271914132379,0.0
fcc100_hollow,100,hollow,Fe,65,0.11252303975644817,0.11917022490223517,0.12581741004802216,False,0.0,0.0,0.0,0.0
fcc100_hollow,100,hollow,Fe,66,0.12581741004802216,0.1324645951938092,0.13911178033959626,False,0.0,0.0001490757304710793,0.0,0.0001490757304710793
fcc100_hollow,100,hollow,Fe,67,0.13911178033959626,0.14575896548538325,0.15240615063117025,False,0.0,0.0001490757304710793,0.0,0.0001490757304710793
fcc100_hollow,100,hollow,Fe,68,0.15240615063117025,0.1590533357769573,0.16570052092274434,False,0.0,0.0001490757304710793,0.0,0.0001490757304710793
fcc100_hollow,100,hollow,Fe,69,0.16570052092274434,0.1723477060685314,0.17899489121431844,False,0.0,0.0,0.0,0.0
fcc100_hollow,100,hollow,Fe,70,0.17899489121431844,0.18564207636010543,0.19228926150589243,False,0.0,0.0,0.0,0.0
fcc100_hollow,100,hollow,Fe,71,0.19228926150589243,0.19893644665167948,0.20558363179746653,False,0.0,0.0,0.0,0.0
fcc100_hollow,100,hollow,Fe,72,0.20558363179746653,0.21223081694325358,0.21887800208904062,False,0.0,0.0,0.0,0.0
fcc100_hollow,100,hollow,Fe,73,0.21887800208904062,0.22552518723482762,0.2321723723806146,False,0.0,0.0,0.0,0.0
fcc100_hollow,100,hollow,Fe,74,0.2321723723806146,0.23881955752640166,0.2454667426721887,False,0.0,0.0001490757304710793,0.0,0.0001490757304710793
fcc100_hollow,100,hollow,Fe,75,0.2454667426721887,0.25211392781797576,0.2587611129637628,False,0.0,0.0,0.0,0.0
fcc100_hollow,100,hollow,Fe,76,0.2587611129637628,0.2654082981095498,0.2720554832553368,False,0.0,0.0,0.0,0.0
fcc100_hollow,100,hollow,Fe,77,0.2720554832553368,0.2787026684011238,0.2853498535469108,False,0.0,0.0,0.0,0.0
fcc100_hollow,100,hollow,Fe,78,0.2853498535469108,0.2919970386926979,0.298644223838485,False,0.0,0.0,0.0,0.0
fcc100_hollow,100,hollow,Fe,79,0.298644223838485,0.305291408984272,0.311938594130059,False,0.0,0.0,0.0,0.0
fcc100_hollow,100,hollow,Fe,80,0.311938594130059,0.31858577927584597,0.32523296442163296,False,0.0,0.0,0.0,0.0
fcc100_hollow,100,hollow,Fe,81,0.32523296442163296,0.33188014956742007,0.3385273347132072,False,0.0,0.0,0.0,0.0
fcc100_hollow,100,hollow,Fe,82,0.3385273347132072,0.34517451985899417,0.35182170500478116,False,0.0,0.0,0.0,0.0
fcc100_hollow,100,hollow,Fe,83,0.35182170500478116,0.35846889015056815,0.36511607529635515,False,0.0,0.0,0.0,0.0
fcc100_hollow,100,hollow,Fe,84,0.36511607529635515,0.37176326044214225,0.37841044558792936,False,0.0,0.0,0.0,0.0
fcc100_hollow,100,hollow,Fe,85,0.37841044558792936,0.38505763073371635,0.39170481587950334,False,0.0,0.0,0.0,0.0
fcc100_hollow,100,hollow,Fe,86,0.39170481587950334,0.39835200102529034,0.40499918617107733,False,0.0,0.0,0.0,0.0
fcc100_hollow,100,hollow,Fe,87,0.40499918617107733,0.41164637131686443,0.41829355646265154,False,0.0,0.0,0.0,0.0
fcc100_hollow,100,hollow,Fe,88,0.41829355646265154,0.42494074160843853,0.4315879267542255,False,0.0,0.0,0.0,0.0
fcc100_hollow,100,hollow,Fe,89,0.4315879267542255,0.4382351119000126,0.4448822970457996,False,0.0,0.0,0.0,0.0
fcc100_hollow,100,hollow,Co,0,-0.7516110291958655,-0.7449638440500785,-0.7383166589042914,False,0.0,0.0,0.0,0.0
fcc100_hollow,100,hollow,Co,1,-0.7383166589042914,-0.7316694737585044,-0.7250222886127174,False,0.0,0.0,0.0,0.0
fcc100_hollow,100,hollow,Co,2,-0.7250222886127174,-0.7183751034669303,-0.7117279183211433,False,0.0,0.0,0.0,0.0
fcc100_hollow,100,hollow,Co,3,-0.7117279183211433,-0.7050807331753564,-0.6984335480295694,False,0.0,0.0,0.0,0.0
fcc100_hollow,100,hollow,Co,4,-0.6984335480295694,-0.6917863628837824,-0.6851391777379953,False,0.0,0.0,0.0,0.0
fcc100_hollow,100,hollow,Co,5,-0.6851391777379953,-0.6784919925922082,-0.6718448074464212,False,0.0,0.0,0.0,0.0
fcc100_hollow,100,hollow,Co,6,-0.6718448074464212,-0.6651976223006342,-0.6585504371548472,False,0.0,0.0,0.0,0.0
fcc100_hollow,100,hollow,Co,7,-0.6585504371548472,-0.6519032520090602,-0.6452560668632731,False,0.0,0.0,0.0,0.0
fcc100_hollow,100,hollow,Co,8,-0.6452560668632731,-0.638608881717486,-0.631961696571699,False,0.0,0.0,0.0,0.0
fcc100_hollow,100,hollow,Co,9,-0.631961696571699,-0.625314511425912,-0.618667326280125,True,0.0006393861892583121,0.0,0.0,0.0
fcc100_hollow,100,hollow,Co,10,-0.618667326280125,-0.612020141134338,-0.6053729559885509,False,0.0,0.0,0.0,0.0
fcc100_hollow,100,hollow,Co,11,-0.6053729559885509,-0.5987257708427638,-0.5920785856969768,False,0.0,0.0,0.0,0.0
fcc100_hollow,100,hollow,Co,12,-0.5920785856969768,-0.5854314005511898,-0.5787842154054028,True,0.0006393861892583121,0.0,0.0,0.0
fcc100_hollow,100,hollow,Co,13,-0.5787842154054028,-0.5721370302596158,-0.5654898451138287,True,0.0006393861892583121,0.0,0.0,0.0
fcc100_hollow,100,hollow,Co,14,-0.5654898451138287,-0.5588426599680416,-0.5521954748222546,True,0.0025575447570332483,0.0,0.0,0.0
fcc100_hollow,100,hollow,Co,15,-0.5521954748222546,-0.5455482896764676,-0.5389011045306806,True,0.004475703324808184,0.0,0.0,0.0
fcc100_hollow,100,hollow,Co,16,-0.5389011045306806,-0.5322539193848936,-0.5256067342391066,True,0.00639386189258312,0.0001294665976178146,0.0001294665976178146,0.0
fcc100_hollow,100,hollow,Co,17,-0.5256067342391066,-0.5189595490933196,-0.5123123639475325,True,0.004475703324808184,0.0001294665976178146,0.0001294665976178146,0.0
fcc100_hollow,100,hollow,Co,18,-0.5123123639475325,-0.5056651788017454,-0.49901799365595845,True,0.005115089514066497,0.0,0.0,0.0
fcc100_hollow,100,hollow,Co,19,-0.49901799365595845,-0.49237080851017145,-0.4857236233643844,True,0.008312020460358057,0.0003883997928534438,0.0003883997928534438,0.0
fcc100_hollow,100,hollow,Co,20,-0.4857236233643844,-0.47907643821859736,-0.47242925307281036,True,0.011508951406649617,0.000647332988089073,0.000647332988089073,0.0
fcc100_hollow,100,hollow,Co,21,-0.47242925307281036,-0.4657820679270233,-0.45913488278123626,True,0.00959079283887468,0.0010357327809425167,0.0010357327809425167,0.0
fcc100_hollow,100,hollow,Co,22,-0.45913488278123626,-0.45248769763544927,-0.4458405124896622,True,0.014705882352941176,0.0007767995857068876,0.0007767995857068876,0.0
fcc100_hollow,100,hollow,Co,23,-0.4458405124896622,-0.4391933273438752,-0.4325461421980882,True,0.017263427109974423,0.002200932159502848,0.002200932159502848,0.0
fcc100_hollow,100,hollow,Co,24,-0.4325461421980882,-0.4258989570523012,-0.41925177190651414,True,0.019820971867007674,0.0020714655618850335,0.0020714655618850335,0.0
fcc100_hollow,100,hollow,Co,25,-0.41925177190651414,-0.4126045867607271,-0.4059574016149401,True,0.021099744245524295,0.0033661315380631796,0.0033661315380631796,0.0
fcc100_hollow,100,hollow,Co,26,-0.4059574016149401,-0.39931021646915305,-0.392663031323366,True,0.02237851662404092,0.006732263076126359,0.006732263076126359,0.0
fcc100_hollow,100,hollow,Co,27,-0.392663031323366,-0.386015846177579,-0.37936866103179195,True,0.021739130434782608,0.006861729673744174,0.006861729673744174,0.0
fcc100_hollow,100,hollow,Co,28,-0.37936866103179195,-0.3727214758860049,-0.3660742907402179,True,0.04092071611253197,0.007379596064215432,0.007379596064215432,0.0
fcc100_hollow,100,hollow,Co,29,-0.3660742907402179,-0.35942710559443086,-0.3527799204486438,True,0.03964194373401535,0.0115225271879855,0.0115225271879855,0.0
fcc100_hollow,100,hollow,Co,30,-0.3527799204486438,-0.3461327353028568,-0.33948555015706977,True,0.037723785166240406,0.015018125323666495,0.015018125323666495,0.0
fcc100_hollow,100,hollow,Co,31,-0.33948555015706977,-0.3328383650112827,-0.32619117986549573,True,0.03580562659846547,0.014111859140341791,0.014111859140341791,0.0
fcc100_hollow,100,hollow,Co,32,-0.32619117986549573,-0.31954399471970873,-0.3128968095739217,True,0.046675191815856776,0.018902123252200934,0.018902123252200934,0.0
fcc100_hollow,100,hollow,Co,33,-0.3128968095739217,-0.30624962442813464,-0.29960243928234764,True,0.03836317135549872,0.02278612118073537,0.02278612118073537,0.0
fcc100_hollow,100,hollow,Co,34,-0.29960243928234764,-0.2929552541365606,-0.28630806899077355,True,0.0370843989769821,0.030554117037804248,0.030554117037804248,0.0
fcc100_hollow,100,hollow,Co,35,-0.28630806899077355,-0.27966088384498655,-0.2730136986991995,True,0.049232736572890026,0.03288451579492491,0.03288451579492491,0.0
fcc100_hollow,100,hollow,Co,36,-0.2730136986991995,-0.26636651355341245,-0.25971932840762546,True,0.05051150895140665,0.03534438114966339,0.03534438114966339,0.0
fcc100_hollow,100,hollow,Co,37,-0.25971932840762546,-0.2530721432618384,-0.24642495811605136,True,0.0370843989769821,0.04013464526152253,0.04013464526152253,0.0
fcc100_hollow,100,hollow,Co,38,-0.24642495811605136,-0.23977777297026437,-0.23313058782447738,True,0.028132992327365727,0.04829104091144485,0.04829104091144485,0.0
fcc100_hollow,100,hollow,Co,39,-0.23313058782447738,-0.22648340267869033,-0.21983621753290328,True,0.052429667519181586,0.04893837389953392,0.04893837389953392,0.0
fcc100_hollow,100,hollow,Co,40,-0.21983621753290328,-0.21318903238711623,-0.20654184724132918,True,0.030051150895140665,0.05126877265665458,0.05126877265665458,0.0
fcc100_hollow,100,hollow,Co,41,-0.20654184724132918,-0.19989466209554219,-0.1932474769497552,True,0.03132992327365729,0.06020196789228379,0.06020196789228379,0.0
fcc100_hollow,100,hollow,Co,42,-0.1932474769497552,-0.18660029180396814,-0.1799531066581811,True,0.037723785166240406,0.07042982910409114,0.07042982910409114,0.0
fcc100_hollow,100,hollow,Co,43,-0.1799531066581811,-0.17330592151239405,-0.166658736366607,True,0.016624040920716114,0.06848783013982393,0.06848783013982393,0.0
fcc100_hollow,100,hollow,Co,44,-0.166658736366607,-0.16001155122082,-0.153364366075033,True,0.03388746803069054,0.06330916623511135,0.06330916623511135,0.0
fcc100_hollow,100,hollow,Co,45,-0.153364366075033,-0.14671718092924596,-0.1400699957834589,True,0.02877237851662404,0.07211289487312274,0.07211289487312274,0.0
fcc100_hollow,100,hollow,Co,46,-0.1400699957834589,-0.13342281063767192,-0.12677562549188492,True,0.023657289002557546,0.05450543759709995,0.05450543759709995,0.0
fcc100_hollow,100,hollow,Co,47,-0.12677562549188492,-0.12012844034609788,-0.11348125520031083,True,0.017902813299232736,0.036380113930605903,0.036380113930605903,0.0
fcc100_hollow,100,hollow,Co,48,-0.11348125520031083,-0.10683407005452378,-0.10018688490873673,True,0.024936061381074168,0.03120145002589332,0.03120145002589332,0.0
fcc100_hollow,100,hollow,Co,49,-0.10018688490873673,-0.09353969976294974,-0.08689251461716274,True,0.014066496163682864,0.02563438632832729,0.02563438632832729,0.0
fcc100_hollow,100,hollow,Co,50,-0.08689251461716274,-0.08024532947137569,-0.07359814432558864,True,0.013427109974424553,0.020067322630761265,0.020067322630761265,0.0
fcc100_hollow,100,hollow,Co,51,-0.07359814432558864,-0.06695095917980165,-0.06030377403401466,True,0.010230179028132993,0.020585189021232523,0.020585189021232523,0.0
fcc100_hollow,100,hollow,Co,52,-0.06030377403401466,-0.05365658888822761,-0.04700940374244056,True,0.010869565217391304,0.014241325737959606,0.014241325737959606,0.0
fcc100_hollow,100,hollow,Co,53,-0.04700940374244056,-0.04036221859665351,-0.03371503345086646,True,0.008951406649616368,0.011910926980838944,0.011910926980838944,0.0
fcc100_hollow,100,hollow,Co,54,-0.03371503345086646,-0.027067848305079467,-0.020420663159292474,True,0.0019181585677749361,0.011134127395132056,0.011134127395132056,0.0
fcc100_hollow,100,hollow,Co,55,-0.020420663159292474,-0.013773478013505425,-0.007126292867718376,True,0.00639386189258312,0.006861729673744174,0.006861729673744174,0.0
fcc100_hollow,100,hollow,Co,56,-0.007126292867718376,-0.00047910772193132667,0.006168077423855722,True,0.0006393861892583121,0.005567063697566028,0.005567063697566028,0.0
fcc100_hollow,100,hollow,Co,57,0.006168077423855722,0.012815262569642716,0.01946244771542971,True,0.004475703324808184,0.005567063697566028,0.005567063697566028,0.0
fcc100_hollow,100,hollow,Co,58,0.01946244771542971,0.02610963286121676,0.03275681800700381,True,0.0025575447570332483,0.0028482651475919213,0.0028482651475919213,0.0
fcc100_hollow,100,hollow,Co,59,0.03275681800700381,0.039404003152790856,0.046051188298577905,True,0.005115089514066497,0.0038839979285344383,0.0038839979285344383,0.0
fcc100_hollow,100,hollow,Co,60,0.046051188298577905,0.0526983734443649,0.05934555859015189,True,0.0019181585677749361,0.0020714655618850335,0.0020714655618850335,0.0
fcc100_hollow,100,hollow,Co,61,0.05934555859015189,0.06599274373593894,0.07263992888172599,True,0.005754475703324808,0.002977731745209736,0.002977731745209736,0.0
fcc100_hollow,100,hollow,Co,62,0.07263992888172599,0.07928711402751298,0.08593429917329998,True,0.0012787723785166241,0.002200932159502848,0.002200932159502848,0.0
fcc100_hollow,100,hollow,Co,63,0.08593429917329998,0.09258148431908703,0.09922866946487408,True,0.0012787723785166241,0.002589331952356292,0.002589331952356292,0.0
fcc100_hollow,100,hollow,Co,64,0.09922866946487408,0.10587585461066112,0.11252303975644817,True,0.0006393861892583121,0.0011651993785603315,0.0011651993785603315,0.0
fcc100_hollow,100,hollow,Co,65,0.11252303975644817,0.11917022490223517,0.12581741004802216,False,0.0,0.0009062661833247022,0.0,0.0009062661833247022
fcc100_hollow,100,hollow,Co,66,0.12581741004802216,0.1324645951938092,0.13911178033959626,False,0.0,0.0009062661833247022,0.0,0.0009062661833247022
fcc100_hollow,100,hollow,Co,67,0.13911178033959626,0.14575896548538325,0.15240615063117025,False,0.0,0.0005178663904712584,0.0,0.0005178663904712584
fcc100_hollow,100,hollow,Co,68,0.15240615063117025,0.1590533357769573,0.16570052092274434,False,0.0,0.0001294665976178146,0.0,0.0001294665976178146
fcc100_hollow,100,hollow,Co,69,0.16570052092274434,0.1723477060685314,0.17899489121431844,False,0.0,0.0,0.0,0.0
fcc100_hollow,100,hollow,Co,70,0.17899489121431844,0.18564207636010543,0.19228926150589243,False,0.0,0.0001294665976178146,0.0,0.0001294665976178146
fcc100_hollow,100,hollow,Co,71,0.19228926150589243,0.19893644665167948,0.20558363179746653,False,0.0,0.0,0.0,0.0
fcc100_hollow,100,hollow,Co,72,0.20558363179746653,0.21223081694325358,0.21887800208904062,False,0.0,0.0,0.0,0.0
fcc100_hollow,100,hollow,Co,73,0.21887800208904062,0.22552518723482762,0.2321723723806146,False,0.0,0.0,0.0,0.0
fcc100_hollow,100,hollow,Co,74,0.2321723723806146,0.23881955752640166,0.2454667426721887,False,0.0,0.0,0.0,0.0
fcc100_hollow,100,hollow,Co,75,0.2454667426721887,0.25211392781797576,0.2587611129637628,False,0.0,0.0,0.0,0.0
fcc100_hollow,100,hollow,Co,76,0.2587611129637628,0.2654082981095498,0.2720554832553368,False,0.0,0.0,0.0,0.0
fcc100_hollow,100,hollow,Co,77,0.2720554832553368,0.2787026684011238,0.2853498535469108,False,0.0,0.0,0.0,0.0
fcc100_hollow,100,hollow,Co,78,0.2853498535469108,0.2919970386926979,0.298644223838485,False,0.0,0.0,0.0,0.0
fcc100_hollow,100,hollow,Co,79,0.298644223838485,0.305291408984272,0.311938594130059,False,0.0,0.0,0.0,0.0
fcc100_hollow,100,hollow,Co,80,0.311938594130059,0.31858577927584597,0.32523296442163296,False,0.0,0.0,0.0,0.0
fcc100_hollow,100,hollow,Co,81,0.32523296442163296,0.33188014956742007,0.3385273347132072,False,0.0,0.0,0.0,0.0
fcc100_hollow,100,hollow,Co,82,0.3385273347132072,0.34517451985899417,0.35182170500478116,True,0.0006393861892583121,0.0,0.0,0.0
fcc100_hollow,100,hollow,Co,83,0.35182170500478116,0.35846889015056815,0.36511607529635515,False,0.0,0.0,0.0,0.0
fcc100_hollow,100,hollow,Co,84,0.36511607529635515,0.37176326044214225,0.37841044558792936,False,0.0,0.0,0.0,0.0
fcc100_hollow,100,hollow,Co,85,0.37841044558792936,0.38505763073371635,0.39170481587950334,False,0.0,0.0,0.0,0.0
fcc100_hollow,100,hollow,Co,86,0.39170481587950334,0.39835200102529034,0.40499918617107733,False,0.0,0.0,0.0,0.0
fcc100_hollow,100,hollow,Co,87,0.40499918617107733,0.41164637131686443,0.41829355646265154,False,0.0,0.0,0.0,0.0
fcc100_hollow,100,hollow,Co,88,0.41829355646265154,0.42494074160843853,0.4315879267542255,False,0.0,0.0,0.0,0.0
fcc100_hollow,100,hollow,Co,89,0.4315879267542255,0.4382351119000126,0.4448822970457996,False,0.0,0.0,0.0,0.0
fcc100_hollow,100,hollow,Ni,0,-0.7516110291958655,-0.7449638440500785,-0.7383166589042914,False,0.0,0.0,0.0,0.0
fcc100_hollow,100,hollow,Ni,1,-0.7383166589042914,-0.7316694737585044,-0.7250222886127174,False,0.0,0.0,0.0,0.0
fcc100_hollow,100,hollow,Ni,2,-0.7250222886127174,-0.7183751034669303,-0.7117279183211433,False,0.0,0.0,0.0,0.0
fcc100_hollow,100,hollow,Ni,3,-0.7117279183211433,-0.7050807331753564,-0.6984335480295694,False,0.0,0.0,0.0,0.0
fcc100_hollow,100,hollow,Ni,4,-0.6984335480295694,-0.6917863628837824,-0.6851391777379953,True,0.0011933174224343676,0.0,0.0,0.0
fcc100_hollow,100,hollow,Ni,5,-0.6851391777379953,-0.6784919925922082,-0.6718448074464212,True,0.0029832935560859188,0.0,0.0,0.0
fcc100_hollow,100,hollow,Ni,6,-0.6718448074464212,-0.6651976223006342,-0.6585504371548472,True,0.0017899761336515514,0.0,0.0,0.0
fcc100_hollow,100,hollow,Ni,7,-0.6585504371548472,-0.6519032520090602,-0.6452560668632731,False,0.0,0.0,0.0,0.0
fcc100_hollow,100,hollow,Ni,8,-0.6452560668632731,-0.638608881717486,-0.631961696571699,True,0.0053699284009546535,0.0,0.0,0.0
fcc100_hollow,100,hollow,Ni,9,-0.631961696571699,-0.625314511425912,-0.618667326280125,True,0.004176610978520286,0.0,0.0,0.0
fcc100_hollow,100,hollow,Ni,10,-0.618667326280125,-0.612020141134338,-0.6053729559885509,True,0.004176610978520286,0.00035551763367463026,0.00035551763367463026,0.0
fcc100_hollow,100,hollow,Ni,11,-0.6053729559885509,-0.5987257708427638,-0.5920785856969768,True,0.0011933174224343676,0.0,0.0,0.0
fcc100_hollow,100,hollow,Ni,12,-0.5920785856969768,-0.5854314005511898,-0.5787842154054028,True,0.007756563245823389,0.0007821387940841866,0.0007821387940841866,0.0
fcc100_hollow,100,hollow,Ni,13,-0.5787842154054028,-0.5721370302596158,-0.5654898451138287,True,0.0017899761336515514,0.0009243458475540387,0.0009243458475540387,0.0
fcc100_hollow,100,hollow,Ni,14,-0.5654898451138287,-0.5588426599680416,-0.5521954748222546,True,0.00954653937947494,0.001208759954493743,0.001208759954493743,0.0
fcc100_hollow,100,hollow,Ni,15,-0.5521954748222546,-0.5455482896764676,-0.5389011045306806,True,0.014319809069212411,0.0022042093287827076,0.0022042093287827076,0.0
fcc100_hollow,100,hollow,Ni,16,-0.5389011045306806,-0.5322539193848936,-0.5256067342391066,True,0.019689737470167064,0.0017064846416382253,0.0017064846416382253,0.0
fcc100_hollow,100,hollow,Ni,17,-0.5256067342391066,-0.5189595490933196,-0.5123123639475325,True,0.00954653937947494,0.003626279863481229,0.003626279863481229,0.0
fcc100_hollow,100,hollow,Ni,18,-0.5123123639475325,-0.5056651788017454,-0.49901799365595845,True,0.013126491646778043,0.0033418657565415246,0.0033418657565415246,0.0
fcc100_hollow,100,hollow,Ni,19,-0.49901799365595845,-0.49237080851017145,-0.4857236233643844,True,0.020883054892601432,0.004408418657565415,0.004408418657565415,0.0
fcc100_hollow,100,hollow,Ni,20,-0.4857236233643844,-0.47907643821859736,-0.47242925307281036,True,0.024463007159904536,0.005901592718998862,0.005901592718998862,0.0
fcc100_hollow,100,hollow,Ni,21,-0.47242925307281036,-0.4657820679270233,-0.45913488278123626,True,0.03281622911694511,0.009101251422070534,0.009101251422070534,0.0
fcc100_hollow,100,hollow,Ni,22,-0.45913488278123626,-0.45248769763544927,-0.4458405124896622,True,0.02684964200477327,0.010452218430034129,0.010452218430034129,0.0
fcc100_hollow,100,hollow,Ni,23,-0.4458405124896622,-0.4391933273438752,-0.4325461421980882,True,0.03341288782816229,0.012372013651877133,0.012372013651877133,0.0
fcc100_hollow,100,hollow,Ni,24,-0.4325461421980882,-0.4258989570523012,-0.41925177190651414,True,0.03758949880668258,0.015927189988623434,0.015927189988623434,0.0
fcc100_hollow,100,hollow,Ni,25,-0.41925177190651414,-0.4126045867607271,-0.4059574016149401,True,0.05548926014319809,0.019411262798634813,0.019411262798634813,0.0
fcc100_hollow,100,hollow,Ni,26,-0.4059574016149401,-0.39931021646915305,-0.392663031323366,True,0.04116945107398568,0.02687713310580205,0.02687713310580205,0.0
fcc100_hollow,100,hollow,Ni,27,-0.392663031323366,-0.386015846177579,-0.37936866103179195,True,0.03699284009546539,0.027161547212741752,0.027161547212741752,0.0
fcc100_hollow,100,hollow,Ni,28,-0.37936866103179195,-0.3727214758860049,-0.3660742907402179,True,0.0513126491646778,0.03434300341296928,0.03434300341296928,0.0
fcc100_hollow,100,hollow,Ni,29,-0.3660742907402179,-0.35942710559443086,-0.3527799204486438,True,0.03699284009546539,0.044937428896473265,0.044937428896473265,0.0
fcc100_hollow,100,hollow,Ni,30,-0.3527799204486438,-0.3461327353028568,-0.33948555015706977,True,0.0477326968973747,0.04429749715585893,0.04429749715585893,0.0
fcc100_hollow,100,hollow,Ni,31,-0.33948555015706977,-0.3328383650112827,-0.32619117986549573,True,0.0405727923627685,0.044937428896473265,0.044937428896473265,0.0
fcc100_hollow,100,hollow,Ni,32,-0.32619117986549573,-0.31954399471970873,-0.3128968095739217,True,0.046539379474940336,0.05233219567690557,0.05233219567690557,0.0
fcc100_hollow,100,hollow,Ni,33,-0.3128968095739217,-0.30624962442813464,-0.29960243928234764,True,0.04713603818615752,0.052901023890784986,0.052901023890784986,0.0
fcc100_hollow,100,hollow,Ni,34,-0.29960243928234764,-0.2929552541365606,-0.28630806899077355,True,0.03699284009546539,0.064419795221843,0.064419795221843,0.0
fcc100_hollow,100,hollow,Ni,35,-0.28630806899077355,-0.27966088384498655,-0.2730136986991995,True,0.046539379474940336,0.06968145620022753,0.06968145620022753,0.0
fcc100_hollow,100,hollow,Ni,36,-0.2730136986991995,-0.26636651355341245,-0.25971932840762546,True,0.035202863961813845,0.06427758816837315,0.06427758816837315,0.0
fcc100_hollow,100,hollow,Ni,37,-0.25971932840762546,-0.2530721432618384,-0.24642495811605136,True,0.027446300715990454,0.0703924914675768,0.0703924914675768,0.0
fcc100_hollow,100,hollow,Ni,38,-0.24642495811605136,-0.23977777297026437,-0.23313058782447738,True,0.022673031026252982,0.0693259385665529,0.0693259385665529,0.0
fcc100_hollow,100,hollow,Ni,39,-0.23313058782447738,-0.22648340267869033,-0.21983621753290328,True,0.023269689737470168,0.04429749715585893,0.04429749715585893,0.0
fcc100_hollow,100,hollow,Ni,40,-0.21983621753290328,-0.21318903238711623,-0.20654184724132918,True,0.017899761336515514,0.03853811149032992,0.03853811149032992,0.0
fcc100_hollow,100,hollow,Ni,41,-0.20654184724132918,-0.19989466209554219,-0.1932474769497552,True,0.014319809069212411,0.03114334470989761,0.03114334470989761,0.0
fcc100_hollow,100,hollow,Ni,42,-0.1932474769497552,-0.18660029180396814,-0.1799531066581811,True,0.010739856801909307,0.024744027303754267,0.024744027303754267,0.0
fcc100_hollow,100,hollow,Ni,43,-0.1799531066581811,-0.17330592151239405,-0.166658736366607,True,0.010739856801909307,0.01877133105802048,0.01877133105802048,0.0
fcc100_hollow,100,hollow,Ni,44,-0.166658736366607,-0.16001155122082,-0.153364366075033,True,0.010739856801909307,0.014576222980659841,0.014576222980659841,0.0
fcc100_hollow,100,hollow,Ni,45,-0.153364366075033,-0.14671718092924596,-0.1400699957834589,True,0.010143198090692125,0.013225255972696246,0.013225255972696246,0.0
fcc100_hollow,100,hollow,Ni,46,-0.1400699957834589,-0.13342281063767192,-0.12677562549188492,True,0.015513126491646777,0.011447667804323094,0.011447667804323094,0.0
fcc100_hollow,100,hollow,Ni,47,-0.12677562549188492,-0.12012844034609788,-0.11348125520031083,True,0.00954653937947494,0.010381114903299203,0.010381114903299203,0.0
fcc100_hollow,100,hollow,Ni,48,-0.11348125520031083,-0.10683407005452378,-0.10018688490873673,True,0.007159904534606206,0.00739476678043231,0.00739476678043231,0.0
fcc100_hollow,100,hollow,Ni,49,-0.10018688490873673,-0.09353969976294974,-0.08689251461716274,True,0.00477326968973747,0.004763936291240046,0.004763936291240046,0.0
fcc100_hollow,100,hollow,Ni,50,-0.08689251461716274,-0.08024532947137569,-0.07359814432558864,True,0.002386634844868735,0.00469283276450512,0.00469283276450512,0.0
fcc100_hollow,100,hollow,Ni,51,-0.07359814432558864,-0.06695095917980165,-0.06030377403401466,True,0.002386634844868735,0.0031285551763367463,0.0031285551763367463,0.0
fcc100_hollow,100,hollow,Ni,52,-0.06030377403401466,-0.05365658888822761,-0.04700940374244056,True,0.0059665871121718375,0.002915244596131968,0.002915244596131968,0.0
fcc100_hollow,100,hollow,Ni,53,-0.04700940374244056,-0.04036221859665351,-0.03371503345086646,True,0.0017899761336515514,0.00234641638225256,0.00234641638225256,0.0
fcc100_hollow,100,hollow,Ni,54,-0.03371503345086646,-0.027067848305079467,-0.020420663159292474,True,0.0017899761336515514,0.00234641638225256,0.00234641638225256,0.0
fcc100_hollow,100,hollow,Ni,55,-0.020420663159292474,-0.013773478013505425,-0.007126292867718376,True,0.0005966587112171838,0.001208759954493743,0.001208759954493743,0.0
fcc100_hollow,100,hollow,Ni,56,-0.007126292867718376,-0.00047910772193132667,0.006168077423855722,True,0.0011933174224343676,0.001208759954493743,0.001208759954493743,0.0
fcc100_hollow,100,hollow,Ni,57,0.006168077423855722,0.012815262569642716,0.01946244771542971,True,0.0011933174224343676,0.0011376564277588168,0.0011376564277588168,0.0
fcc100_hollow,100,hollow,Ni,58,0.01946244771542971,0.02610963286121676,0.03275681800700381,True,0.0005966587112171838,0.001279863481228669,0.001279863481228669,0.0
fcc100_hollow,100,hollow,Ni,59,0.03275681800700381,0.039404003152790856,0.046051188298577905,True,0.0011933174224343676,0.0009954493742889647,0.0009954493742889647,0.0
fcc100_hollow,100,hollow,Ni,60,0.046051188298577905,0.0526983734443649,0.05934555859015189,True,0.0005966587112171838,0.0002844141069397042,0.0002844141069397042,0.0
fcc100_hollow,100,hollow,Ni,61,0.05934555859015189,0.06599274373593894,0.07263992888172599,False,0.0,0.0005688282138794084,0.0,0.0005688282138794084
fcc100_hollow,100,hollow,Ni,62,0.07263992888172599,0.07928711402751298,0.08593429917329998,False,0.0,0.00021331058020477816,0.0,0.00021331058020477816
fcc100_hollow,100,hollow,Ni,63,0.08593429917329998,0.09258148431908703,0.09922866946487408,False,0.0,0.00035551763367463026,0.0,0.00035551763367463026
fcc100_hollow,100,hollow,Ni,64,0.09922866946487408,0.10587585461066112,0.11252303975644817,False,0.0,0.0001422070534698521,0.0,0.0001422070534698521
fcc100_hollow,100,hollow,Ni,65,0.11252303975644817,0.11917022490223517,0.12581741004802216,False,0.0,0.0001422070534698521,0.0,0.0001422070534698521
fcc100_hollow,100,hollow,Ni,66,0.12581741004802216,0.1324645951938092,0.13911178033959626,False,0.0,7.110352673492605e-05,0.0,7.110352673492605e-05
fcc100_hollow,100,hollow,Ni,67,0.13911178033959626,0.14575896548538325,0.15240615063117025,False,0.0,7.110352673492605e-05,0.0,7.110352673492605e-05
fcc100_hollow,100,hollow,Ni,68,0.15240615063117025,0.1590533357769573,0.16570052092274434,False,0.0,0.0,0.0,0.0
fcc100_hollow,100,hollow,Ni,69,0.16570052092274434,0.1723477060685314,0.17899489121431844,False,0.0,0.0,0.0,0.0
fcc100_hollow,100,hollow,Ni,70,0.17899489121431844,0.18564207636010543,0.19228926150589243,False,0.0,0.0,0.0,0.0
fcc100_hollow,100,hollow,Ni,71,0.19228926150589243,0.19893644665167948,0.20558363179746653,False,0.0,0.0,0.0,0.0
fcc100_hollow,100,hollow,Ni,72,0.20558363179746653,0.21223081694325358,0.21887800208904062,False,0.0,0.0,0.0,0.0
fcc100_hollow,100,hollow,Ni,73,0.21887800208904062,0.22552518723482762,0.2321723723806146,False,0.0,0.0,0.0,0.0
fcc100_hollow,100,hollow,Ni,74,0.2321723723806146,0.23881955752640166,0.2454667426721887,False,0.0,0.0,0.0,0.0
fcc100_hollow,100,hollow,Ni,75,0.2454667426721887,0.25211392781797576,0.2587611129637628,False,0.0,0.0,0.0,0.0
fcc100_hollow,100,hollow,Ni,76,0.2587611129637628,0.2654082981095498,0.2720554832553368,False,0.0,0.0,0.0,0.0
fcc100_hollow,100,hollow,Ni,77,0.2720554832553368,0.2787026684011238,0.2853498535469108,False,0.0,0.0,0.0,0.0
fcc100_hollow,100,hollow,Ni,78,0.2853498535469108,0.2919970386926979,0.298644223838485,False,0.0,0.0,0.0,0.0
fcc100_hollow,100,hollow,Ni,79,0.298644223838485,0.305291408984272,0.311938594130059,False,0.0,0.0,0.0,0.0
fcc100_hollow,100,hollow,Ni,80,0.311938594130059,0.31858577927584597,0.32523296442163296,False,0.0,0.0,0.0,0.0
fcc100_hollow,100,hollow,Ni,81,0.32523296442163296,0.33188014956742007,0.3385273347132072,False,0.0,0.0,0.0,0.0
fcc100_hollow,100,hollow,Ni,82,0.3385273347132072,0.34517451985899417,0.35182170500478116,False,0.0,0.0,0.0,0.0
fcc100_hollow,100,hollow,Ni,83,0.35182170500478116,0.35846889015056815,0.36511607529635515,False,0.0,0.0,0.0,0.0
fcc100_hollow,100,hollow,Ni,84,0.36511607529635515,0.37176326044214225,0.37841044558792936,False,0.0,0.0,0.0,0.0
fcc100_hollow,100,hollow,Ni,85,0.37841044558792936,0.38505763073371635,0.39170481587950334,False,0.0,0.0,0.0,0.0
fcc100_hollow,100,hollow,Ni,86,0.39170481587950334,0.39835200102529034,0.40499918617107733,False,0.0,0.0,0.0,0.0
fcc100_hollow,100,hollow,Ni,87,0.40499918617107733,0.41164637131686443,0.41829355646265154,False,0.0,0.0,0.0,0.0
fcc100_hollow,100,hollow,Ni,88,0.41829355646265154,0.42494074160843853,0.4315879267542255,False,0.0,0.0,0.0,0.0
fcc100_hollow,100,hollow,Ni,89,0.4315879267542255,0.4382351119000126,0.4448822970457996,False,0.0,0.0,0.0,0.0
fcc100_hollow,100,hollow,Pd,0,-0.7516110291958655,-0.7449638440500785,-0.7383166589042914,False,0.0,0.0,0.0,0.0
fcc100_hollow,100,hollow,Pd,1,-0.7383166589042914,-0.7316694737585044,-0.7250222886127174,False,0.0,0.0,0.0,0.0
fcc100_hollow,100,hollow,Pd,2,-0.7250222886127174,-0.7183751034669303,-0.7117279183211433,False,0.0,0.0,0.0,0.0
fcc100_hollow,100,hollow,Pd,3,-0.7117279183211433,-0.7050807331753564,-0.6984335480295694,False,0.0,0.0,0.0,0.0
fcc100_hollow,100,hollow,Pd,4,-0.6984335480295694,-0.6917863628837824,-0.6851391777379953,False,0.0,0.0,0.0,0.0
fcc100_hollow,100,hollow,Pd,5,-0.6851391777379953,-0.6784919925922082,-0.6718448074464212,False,0.0,0.0,0.0,0.0
fcc100_hollow,100,hollow,Pd,6,-0.6718448074464212,-0.6651976223006342,-0.6585504371548472,True,0.0006038647342995169,0.0,0.0,0.0
fcc100_hollow,100,hollow,Pd,7,-0.6585504371548472,-0.6519032520090602,-0.6452560668632731,False,0.0,0.0,0.0,0.0
fcc100_hollow,100,hollow,Pd,8,-0.6452560668632731,-0.638608881717486,-0.631961696571699,False,0.0,0.0,0.0,0.0
fcc100_hollow,100,hollow,Pd,9,-0.631961696571699,-0.625314511425912,-0.618667326280125,False,0.0,0.0,0.0,0.0
fcc100_hollow,100,hollow,Pd,10,-0.618667326280125,-0.612020141134338,-0.6053729559885509,True,0.0012077294685990338,2.0191414610507612e-05,2.0191414610507612e-05,0.0
fcc100_hollow,100,hollow,Pd,11,-0.6053729559885509,-0.5987257708427638,-0.5920785856969768,True,0.0006038647342995169,0.0,0.0,0.0
fcc100_hollow,100,hollow,Pd,12,-0.5920785856969768,-0.5854314005511898,-0.5787842154054028,True,0.0036231884057971015,6.057424383152284e-05,6.057424383152284e-05,0.0
fcc100_hollow,100,hollow,Pd,13,-0.5787842154054028,-0.5721370302596158,-0.5654898451138287,True,0.0006038647342995169,6.057424383152284e-05,6.057424383152284e-05,0.0
fcc100_hollow,100,hollow,Pd,14,-0.5654898451138287,-0.5588426599680416,-0.5521954748222546,True,0.0012077294685990338,0.00015143560957880708,0.00015143560957880708,0.0
fcc100_hollow,100,hollow,Pd,15,-0.5521954748222546,-0.5455482896764676,-0.5389011045306806,True,0.004830917874396135,0.00023220126802083753,0.00023220126802083753,0.0
fcc100_hollow,100,hollow,Pd,16,-0.5389011045306806,-0.5322539193848936,-0.5256067342391066,True,0.004227053140096618,0.00028267980454710654,0.00028267980454710654,0.0
fcc100_hollow,100,hollow,Pd,17,-0.5256067342391066,-0.5189595490933196,-0.5123123639475325,True,0.006642512077294686,0.0004744982433469289,0.0004744982433469289,0.0
fcc100_hollow,100,hollow,Pd,18,-0.5123123639475325,-0.5056651788017454,-0.49901799365595845,True,0.00785024154589372,0.0006057424383152283,0.0006057424383152283,0.0
fcc100_hollow,100,hollow,Pd,19,-0.49901799365595845,-0.49237080851017145,-0.4857236233643844,True,0.010869565217391304,0.0008379437063360659,0.0008379437063360659,0.0
fcc100_hollow,100,hollow,Pd,20,-0.4857236233643844,-0.47907643821859736,-0.47242925307281036,True,0.015096618357487922,0.0011105278035779187,0.0011105278035779187,0.0
fcc100_hollow,100,hollow,Pd,21,-0.47242925307281036,-0.4657820679270233,-0.45913488278123626,True,0.019927536231884056,0.0016556959980616242,0.0016556959980616242,0.0
fcc100_hollow,100,hollow,Pd,22,-0.45913488278123626,-0.45248769763544927,-0.4458405124896622,True,0.016908212560386472,0.001766748778419416,0.001766748778419416,0.0
fcc100_hollow,100,hollow,Pd,23,-0.4458405124896622,-0.4391933273438752,-0.4325461421980882,True,0.021135265700483092,0.002725840972418528,0.002725840972418528,0.0
fcc100_hollow,100,hollow,Pd,24,-0.4325461421980882,-0.4258989570523012,-0.41925177190651414,True,0.022342995169082124,0.0035032104349230707,0.0035032104349230707,0.0
fcc100_hollow,100,hollow,Pd,25,-0.41925177190651414,-0.4126045867607271,-0.4059574016149401,True,0.026570048309178744,0.004189718531680329,0.004189718531680329,0.0
fcc100_hollow,100,hollow,Pd,26,-0.4059574016149401,-0.39931021646915305,-0.392663031323366,True,0.019927536231884056,0.007016516577151395,0.007016516577151395,0.0
fcc100_hollow,100,hollow,Pd,27,-0.392663031323366,-0.386015846177579,-0.37936866103179195,True,0.028985507246376812,0.007379962040140532,0.007379962040140532,0.0
fcc100_hollow,100,hollow,Pd,28,-0.37936866103179195,-0.3727214758860049,-0.3660742907402179,True,0.04106280193236715,0.010317812865969389,0.010317812865969389,0.0
fcc100_hollow,100,hollow,Pd,29,-0.3660742907402179,-0.35942710559443086,-0.3527799204486438,True,0.03683574879227053,0.013942171788555505,0.013942171788555505,0.0
fcc100_hollow,100,hollow,Pd,30,-0.3527799204486438,-0.3461327353028568,-0.33948555015706977,True,0.049516908212560384,0.015375762225901547,0.015375762225901547,0.0
fcc100_hollow,100,hollow,Pd,31,-0.33948555015706977,-0.3328383650112827,-0.32619117986549573,True,0.051328502415458936,0.018586197148972257,0.018586197148972257,0.0
fcc100_hollow,100,hollow,Pd,32,-0.32619117986549573,-0.31954399471970873,-0.3128968095739217,True,0.03864734299516908,0.024371037434882687,0.024371037434882687,0.0
fcc100_hollow,100,hollow,Pd,33,-0.3128968095739217,-0.30624962442813464,-0.29960243928234764,True,0.042270531400966184,0.030297217623066672,0.030297217623066672,0.0
fcc100_hollow,100,hollow,Pd,34,-0.29960243928234764,-0.2929552541365606,-0.28630806899077355,True,0.03683574879227053,0.03899971732019545,0.03899971732019545,0.0
fcc100_hollow,100,hollow,Pd,35,-0.28630806899077355,-0.27966088384498655,-0.2730136986991995,True,0.04830917874396135,0.04770221701732423,0.04770221701732423,0.0
fcc100_hollow,100,hollow,Pd,36,-0.2730136986991995,-0.26636651355341245,-0.25971932840762546,True,0.0464975845410628,0.045370108629810606,0.045370108629810606,0.0
fcc100_hollow,100,hollow,Pd,37,-0.25971932840762546,-0.2530721432618384,-0.24642495811605136,True,0.024154589371980676,0.04917619028389129,0.04917619028389129,0.0
fcc100_hollow,100,hollow,Pd,38,-0.24642495811605136,-0.23977777297026437,-0.23313058782447738,True,0.03260869565217391,0.05194241408553083,0.05194241408553083,0.0
fcc100_hollow,100,hollow,Pd,39,-0.23313058782447738,-0.22648340267869033,-0.21983621753290328,True,0.04710144927536232,0.04679360335985139,0.04679360335985139,0.0
fcc100_hollow,100,hollow,Pd,40,-0.21983621753290328,-0.21318903238711623,-0.20654184724132918,True,0.030797101449275364,0.05101360901344748,0.05101360901344748,0.0
fcc100_hollow,100,hollow,Pd,41,-0.20654184724132918,-0.19989466209554219,-0.1932474769497552,True,0.029589371980676328,0.058716633687356135,0.058716633687356135,0.0
fcc100_hollow,100,hollow,Pd,42,-0.1932474769497552,-0.18660029180396814,-0.1799531066581811,True,0.035628019323671496,0.06455195250979284,0.06455195250979284,0.0
fcc100_hollow,100,hollow,Pd,43,-0.1799531066581811,-0.17330592151239405,-0.166658736366607,True,0.01570048309178744,0.07368856762104753,0.07368856762104753,0.0
fcc100_hollow,100,hollow,Pd,44,-0.166658736366607,-0.16001155122082,-0.153364366075033,True,0.026570048309178744,0.0684488955296208,0.0684488955296208,0.0
fcc100_hollow,100,hollow,Pd,45,-0.153364366075033,-0.14671718092924596,-0.1400699957834589,True,0.020531400966183576,0.07121511933126035,0.07121511933126035,0.0
fcc100_hollow,100,hollow,Pd,46,-0.1400699957834589,-0.13342281063767192,-0.12677562549188492,True,0.01932367149758454,0.03745507410249162,0.03745507410249162,0.0
fcc100_hollow,100,hollow,Pd,47,-0.12677562549188492,-0.12012844034609788,-0.11348125520031083,True,0.01570048309178744,0.027944917820942536,0.027944917820942536,0.0
fcc100_hollow,100,hollow,Pd,48,-0.11348125520031083,-0.10683407005452378,-0.10018688490873673,True,0.018115942028985508,0.02376529499656746,0.02376529499656746,0.0
fcc100_hollow,100,hollow,Pd,49,-0.10018688490873673,-0.09353969976294974,-0.08689251461716274,True,0.010265700483091788,0.019858256269434237,0.019858256269434237,0.0
fcc100_hollow,100,hollow,Pd,50,-0.08689251461716274,-0.08024532947137569,-0.07359814432558864,True,0.013285024154589372,0.017889593344909745,0.017889593344909745,0.0
fcc100_hollow,100,hollow,Pd,51,-0.07359814432558864,-0.06695095917980165,-0.06030377403401466,True,0.012077294685990338,0.01437628720268142,0.01437628720268142,0.0
fcc100_hollow,100,hollow,Pd,52,-0.06030377403401466,-0.05365658888822761,-0.04700940374244056,True,0.010265700483091788,0.00880345677018132,0.00880345677018132,0.0
fcc100_hollow,100,hollow,Pd,53,-0.04700940374244056,-0.04036221859665351,-0.03371503345086646,True,0.005434782608695652,0.008207810039171344,0.008207810039171344,0.0
fcc100_hollow,100,hollow,Pd,54,-0.03371503345086646,-0.027067848305079467,-0.020420663159292474,True,0.011473429951690822,0.006249242821952106,0.006249242821952106,0.0
fcc100_hollow,100,hollow,Pd,55,-0.020420663159292474,-0.013773478013505425,-0.007126292867718376,True,0.005434782608695652,0.004876226628437588,0.004876226628437588,0.0
fcc100_hollow,100,hollow,Pd,56,-0.007126292867718376,-0.00047910772193132667,0.006168077423855722,True,0.0012077294685990338,0.004785365262690304,0.004785365262690304,0.0
fcc100_hollow,100,hollow,Pd,57,0.006168077423855722,0.012815262569642716,0.01946244771542971,False,0.0,0.0030388078988813957,0.0,0.0030388078988813957
fcc100_hollow,100,hollow,Pd,58,0.01946244771542971,0.02610963286121676,0.03275681800700381,True,0.0018115942028985507,0.0021806727779348223,0.0021806727779348223,0.0
fcc100_hollow,100,hollow,Pd,59,0.03275681800700381,0.039404003152790856,0.046051188298577905,True,0.0018115942028985507,0.001867705851471954,0.001867705851471954,0.0
fcc100_hollow,100,hollow,Pd,60,0.046051188298577905,0.0526983734443649,0.05934555859015189,True,0.0006038647342995169,0.0015244518030933247,0.0015244518030933247,0.0
fcc100_hollow,100,hollow,Pd,61,0.05934555859015189,0.06599274373593894,0.07263992888172599,True,0.0024154589371980675,0.001100432096272665,0.001100432096272665,0.0
fcc100_hollow,100,hollow,Pd,62,0.07263992888172599,0.07928711402751298,0.08593429917329998,True,0.0018115942028985507,0.0007874651698097969,0.0007874651698097969,0.0
fcc100_hollow,100,hollow,Pd,63,0.08593429917329998,0.09258148431908703,0.09922866946487408,False,0.0,0.0006562209748414973,0.0,0.0006562209748414973
fcc100_hollow,100,hollow,Pd,64,0.09922866946487408,0.10587585461066112,0.11252303975644817,True,0.0012077294685990338,0.0004845939506521827,0.0004845939506521827,0.0
fcc100_hollow,100,hollow,Pd,65,0.11252303975644817,0.11917022490223517,0.12581741004802216,False,0.0,0.00044421112143116744,0.0,0.00044421112143116744
fcc100_hollow,100,hollow,Pd,66,0.12581741004802216,0.1324645951938092,0.13911178033959626,False,0.0,0.00042401970682065987,0.0,0.00042401970682065987
fcc100_hollow,100,hollow,Pd,67,0.13911178033959626,0.14575896548538325,0.15240615063117025,False,0.0,0.00024229697532609135,0.0,0.00024229697532609135
fcc100_hollow,100,hollow,Pd,68,0.15240615063117025,0.1590533357769573,0.16570052092274434,False,0.0,0.00015143560957880708,0.0,0.00015143560957880708
fcc100_hollow,100,hollow,Pd,69,0.16570052092274434,0.1723477060685314,0.17899489121431844,False,0.0,9.086136574728425e-05,0.0,9.086136574728425e-05
fcc100_hollow,100,hollow,Pd,70,0.17899489121431844,0.18564207636010543,0.19228926150589243,False,0.0,5.047853652626903e-05,0.0,5.047853652626903e-05
fcc100_hollow,100,hollow,Pd,71,0.19228926150589243,0.19893644665167948,0.20558363179746653,False,0.0,5.047853652626903e-05,0.0,5.047853652626903e-05
fcc100_hollow,100,hollow,Pd,72,0.20558363179746653,0.21223081694325358,0.21887800208904062,True,0.0006038647342995169,6.057424383152284e-05,6.057424383152284e-05,0.0
fcc100_hollow,100,hollow,Pd,73,0.21887800208904062,0.22552518723482762,0.2321723723806146,False,0.0,4.0382829221015224e-05,0.0,4.0382829221015224e-05
fcc100_hollow,100,hollow,Pd,74,0.2321723723806146,0.23881955752640166,0.2454667426721887,False,0.0,0.0,0.0,0.0
fcc100_hollow,100,hollow,Pd,75,0.2454667426721887,0.25211392781797576,0.2587611129637628,False,0.0,0.0,0.0,0.0
fcc100_hollow,100,hollow,Pd,76,0.2587611129637628,0.2654082981095498,0.2720554832553368,False,0.0,0.0,0.0,0.0
fcc100_hollow,100,hollow,Pd,77,0.2720554832553368,0.2787026684011238,0.2853498535469108,False,0.0,1.0095707305253806e-05,0.0,1.0095707305253806e-05
fcc100_hollow,100,hollow,Pd,78,0.2853498535469108,0.2919970386926979,0.298644223838485,False,0.0,0.0,0.0,0.0
fcc100_hollow,100,hollow,Pd,79,0.298644223838485,0.305291408984272,0.311938594130059,False,0.0,0.0,0.0,0.0
fcc100_hollow,100,hollow,Pd,80,0.311938594130059,0.31858577927584597,0.32523296442163296,False,0.0,0.0,0.0,0.0
fcc100_hollow,100,hollow,Pd,81,0.32523296442163296,0.33188014956742007,0.3385273347132072,False,0.0,0.0,0.0,0.0
fcc100_hollow,100,hollow,Pd,82,0.3385273347132072,0.34517451985899417,0.35182170500478116,False,0.0,0.0,0.0,0.0
fcc100_hollow,100,hollow,Pd,83,0.35182170500478116,0.35846889015056815,0.36511607529635515,False,0.0,0.0,0.0,0.0
fcc100_hollow,100,hollow,Pd,84,0.36511607529635515,0.37176326044214225,0.37841044558792936,False,0.0,0.0,0.0,0.0
fcc100_hollow,100,hollow,Pd,85,0.37841044558792936,0.38505763073371635,0.39170481587950334,False,0.0,0.0,0.0,0.0
fcc100_hollow,100,hollow,Pd,86,0.39170481587950334,0.39835200102529034,0.40499918617107733,False,0.0,0.0,0.0,0.0
fcc100_hollow,100,hollow,Pd,87,0.40499918617107733,0.41164637131686443,0.41829355646265154,False,0.0,0.0,0.0,0.0
fcc100_hollow,100,hollow,Pd,88,0.41829355646265154,0.42494074160843853,0.4315879267542255,False,0.0,0.0,0.0,0.0
fcc100_hollow,100,hollow,Pd,89,0.4315879267542255,0.4382351119000126,0.4448822970457996,False,0.0,0.0,0.0,0.0
fcc100_hollow,100,hollow,Pt,0,-0.7516110291958655,-0.7449638440500785,-0.7383166589042914,False,0.0,0.0,0.0,0.0
fcc100_hollow,100,hollow,Pt,1,-0.7383166589042914,-0.7316694737585044,-0.7250222886127174,False,0.0,0.0,0.0,0.0
fcc100_hollow,100,hollow,Pt,2,-0.7250222886127174,-0.7183751034669303,-0.7117279183211433,False,0.0,0.0,0.0,0.0
fcc100_hollow,100,hollow,Pt,3,-0.7117279183211433,-0.7050807331753564,-0.6984335480295694,False,0.0,0.0,0.0,0.0
fcc100_hollow,100,hollow,Pt,4,-0.6984335480295694,-0.6917863628837824,-0.6851391777379953,False,0.0,0.0,0.0,0.0
fcc100_hollow,100,hollow,Pt,5,-0.6851391777379953,-0.6784919925922082,-0.6718448074464212,False,0.0,0.0,0.0,0.0
fcc100_hollow,100,hollow,Pt,6,-0.6718448074464212,-0.6651976223006342,-0.6585504371548472,False,0.0,0.0,0.0,0.0
fcc100_hollow,100,hollow,Pt,7,-0.6585504371548472,-0.6519032520090602,-0.6452560668632731,False,0.0,0.0,0.0,0.0
fcc100_hollow,100,hollow,Pt,8,-0.6452560668632731,-0.638608881717486,-0.631961696571699,False,0.0,0.0,0.0,0.0
fcc100_hollow,100,hollow,Pt,9,-0.631961696571699,-0.625314511425912,-0.618667326280125,False,0.0,0.0,0.0,0.0
fcc100_hollow,100,hollow,Pt,10,-0.618667326280125,-0.612020141134338,-0.6053729559885509,False,0.0,0.0,0.0,0.0
fcc100_hollow,100,hollow,Pt,11,-0.6053729559885509,-0.5987257708427638,-0.5920785856969768,False,0.0,0.0,0.0,0.0
fcc100_hollow,100,hollow,Pt,12,-0.5920785856969768,-0.5854314005511898,-0.5787842154054028,False,0.0,0.0,0.0,0.0
fcc100_hollow,100,hollow,Pt,13,-0.5787842154054028,-0.5721370302596158,-0.5654898451138287,False,0.0,0.0,0.0,0.0
fcc100_hollow,100,hollow,Pt,14,-0.5654898451138287,-0.5588426599680416,-0.5521954748222546,False,0.0,0.0,0.0,0.0
fcc100_hollow,100,hollow,Pt,15,-0.5521954748222546,-0.5455482896764676,-0.5389011045306806,False,0.0,4.0896450188123673e-05,0.0,4.0896450188123673e-05
fcc100_hollow,100,hollow,Pt,16,-0.5389011045306806,-0.5322539193848936,-0.5256067342391066,True,0.0031725888324873096,0.0,0.0,0.0
fcc100_hollow,100,hollow,Pt,17,-0.5256067342391066,-0.5189595490933196,-0.5123123639475325,False,0.0,8.179290037624735e-05,0.0,8.179290037624735e-05
fcc100_hollow,100,hollow,Pt,18,-0.5123123639475325,-0.5056651788017454,-0.49901799365595845,True,0.0012690355329949238,0.0,0.0,0.0
fcc100_hollow,100,hollow,Pt,19,-0.49901799365595845,-0.49237080851017145,-0.4857236233643844,True,0.0012690355329949238,8.179290037624735e-05,8.179290037624735e-05,0.0
fcc100_hollow,100,hollow,Pt,20,-0.4857236233643844,-0.47907643821859736,-0.47242925307281036,True,0.005076142131979695,0.0001635858007524947,0.0001635858007524947,0.0
fcc100_hollow,100,hollow,Pt,21,-0.47242925307281036,-0.4657820679270233,-0.45913488278123626,True,0.0038071065989847717,0.00020448225094061835,0.00020448225094061835,0.0
fcc100_hollow,100,hollow,Pt,22,-0.45913488278123626,-0.45248769763544927,-0.4458405124896622,True,0.00951776649746193,0.00044986095206936037,0.00044986095206936037,0.0
fcc100_hollow,100,hollow,Pt,23,-0.4458405124896622,-0.4391933273438752,-0.4325461421980882,True,0.006345177664974619,0.0007770325535743498,0.0007770325535743498,0.0
fcc100_hollow,100,hollow,Pt,24,-0.4325461421980882,-0.4258989570523012,-0.41925177190651414,True,0.006345177664974619,0.0010633077048912154,0.0010633077048912154,0.0
fcc100_hollow,100,hollow,Pt,25,-0.41925177190651414,-0.4126045867607271,-0.4059574016149401,True,0.01903553299492386,0.0014722722067724522,0.0014722722067724522,0.0
fcc100_hollow,100,hollow,Pt,26,-0.4059574016149401,-0.39931021646915305,-0.392663031323366,True,0.011421319796954314,0.0027809586127924097,0.0027809586127924097,0.0
fcc100_hollow,100,hollow,Pt,27,-0.392663031323366,-0.386015846177579,-0.37936866103179195,True,0.014593908629441625,0.0029036479633567807,0.0029036479633567807,0.0
fcc100_hollow,100,hollow,Pt,28,-0.37936866103179195,-0.3727214758860049,-0.3660742907402179,True,0.01713197969543147,0.005152952723703583,0.005152952723703583,0.0
fcc100_hollow,100,hollow,Pt,29,-0.3660742907402179,-0.35942710559443086,-0.3527799204486438,True,0.021573604060913704,0.007034189432357271,0.007034189432357271,0.0
fcc100_hollow,100,hollow,Pt,30,-0.3527799204486438,-0.3461327353028568,-0.33948555015706977,True,0.030456852791878174,0.0084655651889416,0.0084655651889416,0.0
fcc100_hollow,100,hollow,Pt,31,-0.33948555015706977,-0.3328383650112827,-0.32619117986549573,True,0.0266497461928934,0.009365287093080321,0.009365287093080321,0.0
fcc100_hollow,100,hollow,Pt,32,-0.32619117986549573,-0.31954399471970873,-0.3128968095739217,True,0.030456852791878174,0.013332242761328317,0.013332242761328317,0.0
fcc100_hollow,100,hollow,Pt,33,-0.3128968095739217,-0.30624962442813464,-0.29960243928234764,True,0.04060913705583756,0.01582692622280386,0.01582692622280386,0.0
fcc100_hollow,100,hollow,Pt,34,-0.29960243928234764,-0.2929552541365606,-0.28630806899077355,True,0.031725888324873094,0.018771470636348764,0.018771470636348764,0.0
fcc100_hollow,100,hollow,Pt,35,-0.28630806899077355,-0.27966088384498655,-0.2730136986991995,True,0.0399746192893401,0.021552429249141174,0.021552429249141174,0.0
fcc100_hollow,100,hollow,Pt,36,-0.2730136986991995,-0.26636651355341245,-0.25971932840762546,True,0.05012690355329949,0.024578766563062328,0.024578766563062328,0.0
fcc100_hollow,100,hollow,Pt,37,-0.25971932840762546,-0.2530721432618384,-0.24642495811605136,True,0.03236040609137056,0.02817765417961721,0.02817765417961721,0.0
fcc100_hollow,100,hollow,Pt,38,-0.24642495811605136,-0.23977777297026437,-0.23313058782447738,True,0.03236040609137056,0.034475707508588256,0.034475707508588256,0.0
fcc100_hollow,100,hollow,Pt,39,-0.23313058782447738,-0.22648340267869033,-0.21983621753290328,True,0.03807106598984772,0.03394405365614265,0.03394405365614265,0.0
fcc100_hollow,100,hollow,Pt,40,-0.21983621753290328,-0.21318903238711623,-0.20654184724132918,True,0.031725888324873094,0.03966955668247996,0.03966955668247996,0.0
fcc100_hollow,100,hollow,Pt,41,-0.20654184724132918,-0.19989466209554219,-0.1932474769497552,True,0.03489847715736041,0.04175527564207427,0.04175527564207427,0.0
fcc100_hollow,100,hollow,Pt,42,-0.1932474769497552,-0.18660029180396814,-0.1799531066581811,True,0.04314720812182741,0.039628660232291835,0.039628660232291835,0.0
fcc100_hollow,100,hollow,Pt,43,-0.1799531066581811,-0.17330592151239405,-0.166658736366607,True,0.0266497461928934,0.039833142483232456,0.039833142483232456,0.0
fcc100_hollow,100,hollow,Pt,44,-0.166658736366607,-0.16001155122082,-0.153364366075033,True,0.03680203045685279,0.04175527564207427,0.04175527564207427,0.0
fcc100_hollow,100,hollow,Pt,45,-0.153364366075033,-0.14671718092924596,-0.1400699957834589,True,0.03553299492385787,0.0430230655979061,0.0430230655979061,0.0
fcc100_hollow,100,hollow,Pt,46,-0.1400699957834589,-0.13342281063767192,-0.12677562549188492,True,0.03616751269035533,0.04633567806314412,0.04633567806314412,0.0
fcc100_hollow,100,hollow,Pt,47,-0.12677562549188492,-0.12012844034609788,-0.11348125520031083,True,0.028553299492385786,0.045967610011451006,0.045967610011451006,0.0
fcc100_hollow,100,hollow,Pt,48,-0.11348125520031083,-0.10683407005452378,-0.10018688490873673,True,0.037436548223350255,0.045844920660886634,0.045844920660886634,0.0
fcc100_hollow,100,hollow,Pt,49,-0.10018688490873673,-0.09353969976294974,-0.08689251461716274,True,0.01967005076142132,0.042082447243579256,0.042082447243579256,0.0
fcc100_hollow,100,hollow,Pt,50,-0.08689251461716274,-0.08024532947137569,-0.07359814432558864,True,0.014593908629441625,0.04200065434320301,0.04200065434320301,0.0
fcc100_hollow,100,hollow,Pt,51,-0.07359814432558864,-0.06695095917980165,-0.06030377403401466,True,0.01713197969543147,0.03725666612138066,0.03725666612138066,0.0
fcc100_hollow,100,hollow,Pt,52,-0.06030377403401466,-0.05365658888822761,-0.04700940374244056,True,0.025380710659898477,0.0300588908882709,0.0300588908882709,0.0
fcc100_hollow,100,hollow,Pt,53,-0.04700940374244056,-0.04036221859665351,-0.03371503345086646,True,0.01967005076142132,0.03153116309504335,0.03153116309504335,0.0
fcc100_hollow,100,hollow,Pt,54,-0.03371503345086646,-0.027067848305079467,-0.020420663159292474,True,0.013959390862944163,0.026664485522656635,0.026664485522656635,0.0
fcc100_hollow,100,hollow,Pt,55,-0.020420663159292474,-0.013773478013505425,-0.007126292867718376,True,0.017766497461928935,0.024701455913626696,0.024701455913626696,0.0
fcc100_hollow,100,hollow,Pt,56,-0.007126292867718376,-0.00047910772193132667,0.006168077423855722,True,0.007614213197969543,0.02306559790610175,0.02306559790610175,0.0
fcc100_hollow,100,hollow,Pt,57,0.006168077423855722,0.012815262569642716,0.01946244771542971,True,0.00951776649746193,0.017340094879764435,0.017340094879764435,0.0
fcc100_hollow,100,hollow,Pt,58,0.01946244771542971,0.02610963286121676,0.03275681800700381,True,0.014593908629441625,0.014886307868477016,0.014886307868477016,0.0
fcc100_hollow,100,hollow,Pt,59,0.03275681800700381,0.039404003152790856,0.046051188298577905,True,0.008883248730964468,0.014681825617536398,0.014681825617536398,0.0
fcc100_hollow,100,hollow,Pt,60,0.046051188298577905,0.0526983734443649,0.05934555859015189,True,0.006345177664974619,0.01104204155079339,0.01104204155079339,0.0
fcc100_hollow,100,hollow,Pt,61,0.05934555859015189,0.06599274373593894,0.07263992888172599,True,0.008883248730964468,0.01091935220022902,0.01091935220022902,0.0
fcc100_hollow,100,hollow,Pt,62,0.07263992888172599,0.07928711402751298,0.08593429917329998,True,0.006979695431472081,0.009406183543268444,0.009406183543268444,0.0
fcc100_hollow,100,hollow,Pt,63,0.08593429917329998,0.09258148431908703,0.09922866946487408,True,0.0012690355329949238,0.009815148045149682,0.009815148045149682,0.0
fcc100_hollow,100,hollow,Pt,64,0.09922866946487408,0.10587585461066112,0.11252303975644817,True,0.00951776649746193,0.0058072959267135614,0.0058072959267135614,0.0
fcc100_hollow,100,hollow,Pt,65,0.11252303975644817,0.11917022490223517,0.12581741004802216,False,0.0,0.00568460657614919,0.0,0.00568460657614919
fcc100_hollow,100,hollow,Pt,66,0.12581741004802216,0.1324645951938092,0.13911178033959626,True,0.005076142131979695,0.006257156878782921,0.006257156878782921,0.0
fcc100_hollow,100,hollow,Pt,67,0.13911178033959626,0.14575896548538325,0.15240615063117025,False,0.0,0.0036806805169311303,0.0,0.0036806805169311303
fcc100_hollow,100,hollow,Pt,68,0.15240615063117025,0.1590533357769573,0.16570052092274434,False,0.0,0.003721576967119254,0.0,0.003721576967119254
fcc100_hollow,100,hollow,Pt,69,0.16570052092274434,0.1723477060685314,0.17899489121431844,False,0.0,0.0017585473580893178,0.0,0.0017585473580893178
fcc100_hollow,100,hollow,Pt,70,0.17899489121431844,0.18564207636010543,0.19228926150589243,False,0.0,0.0020448225094061834,0.0,0.0020448225094061834
fcc100_hollow,100,hollow,Pt,71,0.19228926150589243,0.19893644665167948,0.20558363179746653,False,0.0,0.002740062162604286,0.0,0.002740062162604286
fcc100_hollow,100,hollow,Pt,72,0.20558363179746653,0.21223081694325358,0.21887800208904062,True,0.0019035532994923859,0.0023719941109111727,0.0023719941109111727,0.0
fcc100_hollow,100,hollow,Pt,73,0.21887800208904062,0.22552518723482762,0.2321723723806146,True,0.0025380710659898475,0.0024537870112874205,0.0024537870112874205,0.0
fcc100_hollow,100,hollow,Pt,74,0.2321723723806146,0.23881955752640166,0.2454667426721887,False,0.0,0.0007770325535743498,0.0,0.0007770325535743498
fcc100_hollow,100,hollow,Pt,75,0.2454667426721887,0.25211392781797576,0.2587611129637628,False,0.0,0.000490757402257484,0.0,0.000490757402257484
fcc100_hollow,100,hollow,Pt,76,0.2587611129637628,0.2654082981095498,0.2720554832553368,False,0.0,0.000490757402257484,0.0,0.000490757402257484
fcc100_hollow,100,hollow,Pt,77,0.2720554832553368,0.2787026684011238,0.2853498535469108,True,0.0025380710659898475,0.001104204155079339,0.001104204155079339,0.0
fcc100_hollow,100,hollow,Pt,78,0.2853498535469108,0.2919970386926979,0.298644223838485,False,0.0,0.0003271716015049894,0.0,0.0003271716015049894
fcc100_hollow,100,hollow,Pt,79,0.298644223838485,0.305291408984272,0.311938594130059,False,0.0,0.0,0.0,0.0
fcc100_hollow,100,hollow,Pt,80,0.311938594130059,0.31858577927584597,0.32523296442163296,False,0.0,0.0001635858007524947,0.0,0.0001635858007524947
fcc100_hollow,100,hollow,Pt,81,0.32523296442163296,0.33188014956742007,0.3385273347132072,False,0.0,0.0,0.0,0.0
fcc100_hollow,100,hollow,Pt,82,0.3385273347132072,0.34517451985899417,0.35182170500478116,True,0.0019035532994923859,0.0,0.0,0.0
fcc100_hollow,100,hollow,Pt,83,0.35182170500478116,0.35846889015056815,0.36511607529635515,False,0.0,0.0,0.0,0.0
fcc100_hollow,100,hollow,Pt,84,0.36511607529635515,0.37176326044214225,0.37841044558792936,False,0.0,0.0,0.0,0.0
fcc100_hollow,100,hollow,Pt,85,0.37841044558792936,0.38505763073371635,0.39170481587950334,False,0.0,0.0001635858007524947,0.0,0.0001635858007524947
fcc100_hollow,100,hollow,Pt,86,0.39170481587950334,0.39835200102529034,0.40499918617107733,False,0.0,0.0,0.0,0.0
fcc100_hollow,100,hollow,Pt,87,0.40499918617107733,0.41164637131686443,0.41829355646265154,False,0.0,0.0,0.0,0.0
fcc100_hollow,100,hollow,Pt,88,0.41829355646265154,0.42494074160843853,0.4315879267542255,False,0.0,0.0,0.0,0.0
fcc100_hollow,100,hollow,Pt,89,0.4315879267542255,0.4382351119000126,0.4448822970457996,False,0.0,0.0,0.0,0.0
