Row_Idx,Col_Idx,Fe_ratio,Co_ratio,Ni_ratio,Pd_ratio,Pt_ratio,Activity,Activity_raw,Raw_Index
0,0,0.050000000000000003,0.14999999999999999,0.40000000000000002,0.050000000000000003,0.34999999999999998,-0.024202931084341409,-4.7540983609999996,4
0,1,0.050000000000000003,0.20000000000000001,0.34999999999999998,0.050000000000000003,0.34999999999999998,-0.024905991195110964,-4.853485064,7
0,2,0.050000000000000003,0.25,0.29999999999999999,0.050000000000000003,0.34999999999999998,-0.049361345827721094,-8.3105679370000001,14
0,3,0.050000000000000003,0.29999999999999999,0.25,0.050000000000000003,0.34999999999999998,-0.072873981447624164,-11.634385200000001,21
0,4,0.050000000000000003,0.34999999999999998,0.20000000000000001,0.050000000000000003,0.34999999999999998,-0.077257370713166643,-12.25403436,24
0,5,0.050000000000000003,0.40000000000000002,0.14999999999999999,0.050000000000000003,0.34999999999999998,-0.1160473476962761,-17.737502790000001,29
0,6,0.10000000000000001,0.10000000000000001,0.40000000000000002,0.050000000000000003,0.34999999999999998,-0.27474116179054769,-40.170940170000002,36
0,7,0.10000000000000001,0.14999999999999999,0.34999999999999998,0.050000000000000003,0.34999999999999998,-0.065442186105585373,-10.58380414,43
0,8,0.10000000000000001,0.25,0.25,0.050000000000000003,0.34999999999999998,-0.074316014058926128,-11.83823529,53
0,9,0.10000000000000001,0.34999999999999998,0.14999999999999999,0.050000000000000003,0.34999999999999998,-0.21819099818405699,-32.176838060000001,63
0,10,0.10000000000000001,0.40000000000000002,0.10000000000000001,0.050000000000000003,0.34999999999999998,-0.16429031709837291,-24.557274809999999,70
0,11,0.14999999999999999,0.050000000000000003,0.40000000000000002,0.050000000000000003,0.34999999999999998,-0.24675245087823031,-36.214371370000002,75
0,12,0.14999999999999999,0.10000000000000001,0.34999999999999998,0.050000000000000003,0.34999999999999998,-0.12909601405611296,-19.582101720000001,82
0,13,0.14999999999999999,0.14999999999999999,0.29999999999999999,0.050000000000000003,0.34999999999999998,-0.046379502893150466,-7.8890456039999997,89
0,14,0.14999999999999999,0.29999999999999999,0.14999999999999999,0.050000000000000003,0.34999999999999998,-0.050349340145377099,-8.4502338009999995,102
0,15,0.14999999999999999,0.34999999999999998,0.10000000000000001,0.050000000000000003,0.34999999999999998,-0.068833104026990111,-11.06315455,109
0,16,0.14999999999999999,0.40000000000000002,0.050000000000000003,0.050000000000000003,0.34999999999999998,-0.20395610846975454,-30.16455101,114
1,0,0.20000000000000001,0.050000000000000003,0.34999999999999998,0.050000000000000003,0.34999999999999998,-0.15958836701779408,-23.892592929999999,117
1,1,0.20000000000000001,0.20000000000000001,0.20000000000000001,0.050000000000000003,0.34999999999999998,-0.051596721480073493,-8.6265673980000006,130
1,2,0.20000000000000001,0.34999999999999998,0.050000000000000003,0.050000000000000003,0.34999999999999998,-0.23121781745883357,-34.018348619999998,139
1,3,0.25,0.050000000000000003,0.29999999999999999,0.050000000000000003,0.34999999999999998,-0.44515584657872909,-64.261275269999999,146
1,4,0.25,0.10000000000000001,0.25,0.050000000000000003,0.34999999999999998,-0.20905476045008992,-30.885311869999999,153
1,5,0.25,0.25,0.10000000000000001,0.050000000000000003,0.34999999999999998,-0.086412033279416434,-13.54816514,166
1,6,0.25,0.29999999999999999,0.050000000000000003,0.050000000000000003,0.34999999999999998,-0.36260169524242175,-52.591170830000003,173
1,7,0.29999999999999999,0.050000000000000003,0.25,0.050000000000000003,0.34999999999999998,-0.63932408682669306,-91.709484790000005,180
1,8,0.29999999999999999,0.14999999999999999,0.14999999999999999,0.050000000000000003,0.34999999999999998,-0.72168570033156931,-103.3523715,190
1,9,0.29999999999999999,0.25,0.050000000000000003,0.050000000000000003,0.34999999999999998,-0.064608937869682026,-10.466013650000001,200
1,10,0.34999999999999998,0.050000000000000003,0.20000000000000001,0.050000000000000003,0.34999999999999998,-0.05524831074305718,-9.1427670970000001,203
1,11,0.34999999999999998,0.10000000000000001,0.14999999999999999,0.050000000000000003,0.34999999999999998,-0.35990671963694398,-52.210200929999999,210
1,12,0.34999999999999998,0.14999999999999999,0.10000000000000001,0.050000000000000003,0.34999999999999998,-0.73500267497348648,-105.2348993,217
1,13,0.34999999999999998,0.20000000000000001,0.050000000000000003,0.050000000000000003,0.34999999999999998,-0.66124383317940516,-94.80812641,220
1,14,0.40000000000000002,0.050000000000000003,0.14999999999999999,0.050000000000000003,0.34999999999999998,-0.60046747275728585,-86.216596339999995,225
1,15,0.40000000000000002,0.10000000000000001,0.10000000000000001,0.050000000000000003,0.34999999999999998,-0.33542127172468417,-48.748863980000003,232
1,16,0.40000000000000002,0.14999999999999999,0.050000000000000003,0.050000000000000003,0.34999999999999998,-0.99474111135076648,-141.95231000000001,237
2,0,0.050000000000000003,0.25,0.29999999999999999,0.10000000000000001,0.29999999999999999,-0.02541807717190335,-4.9258750859999996,13
2,1,0.050000000000000003,0.29999999999999999,0.25,0.10000000000000001,0.29999999999999999,-0.045657550239388993,-7.7869881940000001,20
2,2,0.10000000000000001,0.10000000000000001,0.40000000000000002,0.10000000000000001,0.29999999999999999,-0.17280129082923248,-25.760411789999999,35
2,3,0.10000000000000001,0.14999999999999999,0.34999999999999998,0.10000000000000001,0.29999999999999999,-0.056407733949190512,-9.306666667,42
2,4,0.10000000000000001,0.20000000000000001,0.29999999999999999,0.10000000000000001,0.29999999999999999,-0.047053124676305645,-7.9842708160000004,46
2,5,0.10000000000000001,0.25,0.25,0.10000000000000001,0.29999999999999999,-0.0523070499979141,-8.7269815850000008,52
2,6,0.10000000000000001,0.29999999999999999,0.20000000000000001,0.10000000000000001,0.29999999999999999,-0.078478117098317618,-12.42660276,56
2,7,0.10000000000000001,0.34999999999999998,0.14999999999999999,0.10000000000000001,0.29999999999999999,-0.079559112228132903,-12.5794155,62
2,8,0.10000000000000001,0.40000000000000002,0.10000000000000001,0.10000000000000001,0.29999999999999999,-0.063521907498270039,-10.312347750000001,69
2,9,0.14999999999999999,0.10000000000000001,0.34999999999999998,0.10000000000000001,0.29999999999999999,-0.12378262077188928,-18.83098438,81
2,10,0.14999999999999999,0.14999999999999999,0.29999999999999999,0.10000000000000001,0.29999999999999999,-0.046898881172937432,-7.9624664879999996,88
2,11,0.14999999999999999,0.29999999999999999,0.14999999999999999,0.10000000000000001,0.29999999999999999,-0.068183445242890744,-10.97131682,101
2,12,0.14999999999999999,0.34999999999999998,0.10000000000000001,0.10000000000000001,0.29999999999999999,-0.061471759781351748,-10.02253267,108
2,13,0.20000000000000001,0.10000000000000001,0.29999999999999999,0.10000000000000001,0.29999999999999999,-0.21484539013109508,-31.703892790000001,120
2,14,0.20000000000000001,0.20000000000000001,0.20000000000000001,0.10000000000000001,0.29999999999999999,-0.047431515557134603,-8.0377612949999993,129
2,15,0.20000000000000001,0.29999999999999999,0.10000000000000001,0.10000000000000001,0.29999999999999999,-0.064643458495212261,-10.470893589999999,136
2,16,0.25,0.050000000000000003,0.29999999999999999,0.10000000000000001,0.29999999999999999,-0.33072209599053715,-48.084574289999999,145
3,0,0.25,0.10000000000000001,0.25,0.10000000000000001,0.29999999999999999,-0.31900053183381416,-46.427578539999999,152
3,1,0.25,0.25,0.10000000000000001,0.10000000000000001,0.29999999999999999,-0.076707139980664044,-12.176252079999999,165
3,2,0.25,0.29999999999999999,0.050000000000000003,0.10000000000000001,0.29999999999999999,-0.11980306631805331,-18.268422529999999,172
3,3,0.29999999999999999,0.050000000000000003,0.25,0.10000000000000001,0.29999999999999999,-0.2873769664378103,-41.957175720000002,179
3,4,0.29999999999999999,0.10000000000000001,0.20000000000000001,0.10000000000000001,0.29999999999999999,-0.49869587479552613,-71.829855539999997,183
3,5,0.29999999999999999,0.14999999999999999,0.14999999999999999,0.10000000000000001,0.29999999999999999,-0.56486801376575957,-81.184149180000006,189
3,6,0.29999999999999999,0.20000000000000001,0.10000000000000001,0.10000000000000001,0.29999999999999999,-0.23768646093431611,-34.932775620000001,193
3,7,0.29999999999999999,0.25,0.050000000000000003,0.10000000000000001,0.29999999999999999,-0.25933723065478376,-37.99339389,199
3,8,0.34999999999999998,0.10000000000000001,0.14999999999999999,0.10000000000000001,0.29999999999999999,-0.29265901913601255,-42.703862659999999,209
3,9,0.34999999999999998,0.14999999999999999,0.10000000000000001,0.10000000000000001,0.29999999999999999,-0.27037852667928258,-39.55422488,216
3,10,0.40000000000000002,0.10000000000000001,0.10000000000000001,0.10000000000000001,0.29999999999999999,-1,-142.69572239999999,231
3,11,0.050000000000000003,0.14999999999999999,0.40000000000000002,0.14999999999999999,0.25,-0.016248386000955125,-3.629619817,3
3,12,0.050000000000000003,0.25,0.29999999999999999,0.14999999999999999,0.25,-0.013024373316906561,-3.1738636360000001,12
3,13,0.050000000000000003,0.29999999999999999,0.25,0.14999999999999999,0.25,-0.038555409016424277,-6.7830080370000001,19
3,14,0.050000000000000003,0.40000000000000002,0.14999999999999999,0.14999999999999999,0.25,-0.057457330946111163,-9.4550408719999997,28
3,15,0.10000000000000001,0.10000000000000001,0.40000000000000002,0.14999999999999999,0.25,-0.13999806992073927,-21.123249300000001,34
3,16,0.10000000000000001,0.14999999999999999,0.34999999999999998,0.14999999999999999,0.25,-0.068135720245007345,-10.964570269999999,41
4,0,0.10000000000000001,0.25,0.25,0.14999999999999999,0.25,-0.050401842106733777,-8.4576556370000002,51
4,1,0.10000000000000001,0.34999999999999998,0.14999999999999999,0.14999999999999999,0.25,-0.05311908466661603,-8.8417732610000002,61
4,2,0.10000000000000001,0.40000000000000002,0.10000000000000001,0.14999999999999999,0.25,-0.093268206524862438,-14.517374520000001,68
4,3,0.14999999999999999,0.050000000000000003,0.40000000000000002,0.14999999999999999,0.25,-0.10891689805927683,-16.729520870000002,74
4,4,0.14999999999999999,0.10000000000000001,0.34999999999999998,0.14999999999999999,0.25,-0.090393605092479928,-14.11101217,80
4,5,0.14999999999999999,0.14999999999999999,0.29999999999999999,0.14999999999999999,0.25,-0.057302435483003546,-9.433144381,87
4,6,0.14999999999999999,0.20000000000000001,0.25,0.14999999999999999,0.25,-0.048929129018381298,-8.2494684619999994,92
4,7,0.14999999999999999,0.25,0.20000000000000001,0.14999999999999999,0.25,-0.043967269959656968,-7.548045063,95
4,8,0.14999999999999999,0.29999999999999999,0.14999999999999999,0.14999999999999999,0.25,-0.065965573043264239,-10.657791700000001,100
4,9,0.14999999999999999,0.34999999999999998,0.10000000000000001,0.14999999999999999,0.25,-0.033698102015431962,-6.0963644329999997,107
4,10,0.14999999999999999,0.40000000000000002,0.050000000000000003,0.14999999999999999,0.25,-0.18076486568552466,-26.886166809999999,113
4,11,0.20000000000000001,0.14999999999999999,0.25,0.14999999999999999,0.25,-0.043614971927631141,-7.4982431480000002,123
4,12,0.20000000000000001,0.20000000000000001,0.20000000000000001,0.14999999999999999,0.25,-0.04692104087864548,-7.9655990509999999,128
4,13,0.20000000000000001,0.25,0.14999999999999999,0.14999999999999999,0.25,-0.047051659859023223,-7.9840637450000003,133
4,14,0.25,0.050000000000000003,0.29999999999999999,0.14999999999999999,0.25,-0.1468847710219954,-22.096774190000001,144
4,15,0.25,0.10000000000000001,0.25,0.14999999999999999,0.25,-0.19879235481170668,-29.434587180000001,151
4,16,0.25,0.14999999999999999,0.20000000000000001,0.14999999999999999,0.25,-0.080856013959492476,-12.762749449999999,156
5,0,0.25,0.20000000000000001,0.14999999999999999,0.14999999999999999,0.25,-0.18173901583126945,-27.023875619999998,159
5,1,0.25,0.25,0.10000000000000001,0.14999999999999999,0.25,-0.085994732004188459,-13.48917417,164
5,2,0.25,0.29999999999999999,0.050000000000000003,0.14999999999999999,0.25,-0.12460892171722615,-18.94779278,171
5,3,0.29999999999999999,0.050000000000000003,0.25,0.14999999999999999,0.25,-0.1381095247886083,-20.856278849999999,178
5,4,0.29999999999999999,0.14999999999999999,0.14999999999999999,0.14999999999999999,0.25,-0.49256408829156378,-70.963047660000001,188
5,5,0.29999999999999999,0.25,0.050000000000000003,0.14999999999999999,0.25,-0.26107189113269053,-38.238610739999999,198
5,6,0.34999999999999998,0.10000000000000001,0.14999999999999999,0.14999999999999999,0.25,-0.1992617451680449,-29.500941619999999,208
5,7,0.34999999999999998,0.14999999999999999,0.10000000000000001,0.14999999999999999,0.25,-0.20128522169538929,-29.786986379999998,215
5,8,0.40000000000000002,0.050000000000000003,0.14999999999999999,0.14999999999999999,0.25,-0.244236095108158,-35.858651709999997,224
5,9,0.40000000000000002,0.10000000000000001,0.10000000000000001,0.14999999999999999,0.25,-0.26095706350951392,-38.22237836,230
5,10,0.40000000000000002,0.14999999999999999,0.050000000000000003,0.14999999999999999,0.25,-0.49874190564458637,-71.836362600000001,236
5,11,0.050000000000000003,0.14999999999999999,0.40000000000000002,0.20000000000000001,0.20000000000000001,-0.0087600213538828187,-2.571041949,2
5,12,0.050000000000000003,0.20000000000000001,0.34999999999999998,0.20000000000000001,0.20000000000000001,-0.015939929957053893,-3.5860155379999998,6
5,13,0.050000000000000003,0.25,0.29999999999999999,0.20000000000000001,0.20000000000000001,-0.023359103108684498,-4.6348122869999999,11
5,14,0.050000000000000003,0.29999999999999999,0.25,0.20000000000000001,0.20000000000000001,-0.031653823301447608,-5.8073790130000003,18
5,15,0.050000000000000003,0.34999999999999998,0.20000000000000001,0.20000000000000001,0.20000000000000001,-0.049421618887717053,-8.3190883190000005,23
5,16,0.050000000000000003,0.40000000000000002,0.14999999999999999,0.20000000000000001,0.20000000000000001,-0.062780192321539516,-10.20749665,27
6,0,0.10000000000000001,0.10000000000000001,0.40000000000000002,0.20000000000000001,0.20000000000000001,-0.093217119190859982,-14.510152659999999,33
6,1,0.10000000000000001,0.14999999999999999,0.34999999999999998,0.20000000000000001,0.20000000000000001,-0.13473552494054294,-20.379320029999999,40
6,2,0.10000000000000001,0.20000000000000001,0.29999999999999999,0.20000000000000001,0.20000000000000001,-0.056267007735930651,-9.2867731839999994,45
6,3,0.10000000000000001,0.25,0.25,0.20000000000000001,0.20000000000000001,-0.050246616734157423,-8.435712509,50
6,4,0.10000000000000001,0.29999999999999999,0.20000000000000001,0.20000000000000001,0.20000000000000001,-0.093699636813107778,-14.57836281,55
6,5,0.10000000000000001,0.34999999999999998,0.14999999999999999,0.20000000000000001,0.20000000000000001,-0.071649350100294343,-11.46126761,60
6,6,0.10000000000000001,0.40000000000000002,0.10000000000000001,0.20000000000000001,0.20000000000000001,-0.050240881662993793,-8.4349017820000007,67
6,7,0.14999999999999999,0.050000000000000003,0.40000000000000002,0.20000000000000001,0.20000000000000001,-0.078013088703010575,-12.360864940000001,73
6,8,0.14999999999999999,0.10000000000000001,0.34999999999999998,0.20000000000000001,0.20000000000000001,-0.31057522838430085,-45.236552170000003,79
6,9,0.14999999999999999,0.14999999999999999,0.29999999999999999,0.20000000000000001,0.20000000000000001,-0.056817236523087213,-9.3645551890000007,86
6,10,0.14999999999999999,0.20000000000000001,0.25,0.20000000000000001,0.20000000000000001,-0.070288096250741755,-11.268836650000001,91
6,11,0.14999999999999999,0.25,0.20000000000000001,0.20000000000000001,0.20000000000000001,-0.070217856595772385,-11.25890736,94
6,12,0.14999999999999999,0.29999999999999999,0.14999999999999999,0.20000000000000001,0.20000000000000001,-0.055989939772790459,-9.2476060189999991,99
6,13,0.14999999999999999,0.34999999999999998,0.10000000000000001,0.20000000000000001,0.20000000000000001,-0.042536923905125243,-7.3458470199999999,106
6,14,0.14999999999999999,0.40000000000000002,0.050000000000000003,0.20000000000000001,0.20000000000000001,-0.11135746824037038,-17.074527249999999,112
6,15,0.20000000000000001,0.050000000000000003,0.34999999999999998,0.20000000000000001,0.20000000000000001,-0.043440383330279705,-7.4735627759999996,116
6,16,0.20000000000000001,0.10000000000000001,0.29999999999999999,0.20000000000000001,0.20000000000000001,-0.23356841807306256,-34.350636629999997,119
7,0,0.20000000000000001,0.14999999999999999,0.25,0.20000000000000001,0.20000000000000001,-0.023949263250292892,-4.7182391089999998,122
7,1,0.20000000000000001,0.20000000000000001,0.20000000000000001,0.20000000000000001,0.20000000000000001,-0.53004835713857856,-76.261937239999995,127
7,2,0.20000000000000001,0.25,0.14999999999999999,0.20000000000000001,0.20000000000000001,-0.040259641155351064,-7.0239234450000003,132
7,3,0.20000000000000001,0.29999999999999999,0.10000000000000001,0.20000000000000001,0.20000000000000001,-0.044662749035633671,-7.6463600879999998,135
7,4,0.20000000000000001,0.34999999999999998,0.050000000000000003,0.20000000000000001,0.20000000000000001,-0.07733486297192313,-12.264988900000001,138
7,5,0.25,0.050000000000000003,0.29999999999999999,0.20000000000000001,0.20000000000000001,-0.15658025195840203,-23.467356689999999,143
7,6,0.25,0.10000000000000001,0.25,0.20000000000000001,0.20000000000000001,-0.1375237126864273,-20.773466679999999,150
7,7,0.25,0.14999999999999999,0.20000000000000001,0.20000000000000001,0.20000000000000001,-0.11942053785594398,-18.214347149999998,155
7,8,0.25,0.20000000000000001,0.14999999999999999,0.20000000000000001,0.20000000000000001,-0.1919474722840159,-28.466973889999998,158
7,9,0.25,0.25,0.10000000000000001,0.20000000000000001,0.20000000000000001,-0.060422714350166176,-9.8742364360000003,163
7,10,0.25,0.29999999999999999,0.050000000000000003,0.20000000000000001,0.20000000000000001,-0.07112760673244127,-11.387512389999999,170
7,11,0.29999999999999999,0.050000000000000003,0.25,0.20000000000000001,0.20000000000000001,-0.15668629510619919,-23.482347270000002,177
7,12,0.29999999999999999,0.10000000000000001,0.20000000000000001,0.20000000000000001,0.20000000000000001,-0.31602883605770066,-46.00749064,182
7,13,0.29999999999999999,0.14999999999999999,0.14999999999999999,0.20000000000000001,0.20000000000000001,-0.35279303463853534,-51.204588909999998,187
7,14,0.29999999999999999,0.20000000000000001,0.10000000000000001,0.20000000000000001,0.20000000000000001,-0.29256136856478993,-42.690058479999998,192
7,15,0.29999999999999999,0.25,0.050000000000000003,0.20000000000000001,0.20000000000000001,-0.21648581691432764,-31.935788479999999,197
7,16,0.34999999999999998,0.050000000000000003,0.20000000000000001,0.20000000000000001,0.20000000000000001,-0.082918962336402904,-13.05437407,202
8,0,0.34999999999999998,0.10000000000000001,0.14999999999999999,0.20000000000000001,0.20000000000000001,-0.14609196249837461,-21.98470038,207
8,1,0.34999999999999998,0.14999999999999999,0.10000000000000001,0.20000000000000001,0.20000000000000001,-0.22194102818953435,-32.706953640000002,214
8,2,0.34999999999999998,0.20000000000000001,0.050000000000000003,0.20000000000000001,0.20000000000000001,-0.33400823559277887,-48.549112919999999,219
8,3,0.40000000000000002,0.050000000000000003,0.14999999999999999,0.20000000000000001,0.20000000000000001,-0.35791675569217479,-51.928893610000003,223
8,4,0.40000000000000002,0.10000000000000001,0.10000000000000001,0.20000000000000001,0.20000000000000001,-0.3559833901406681,-51.65558721,229
8,5,0.40000000000000002,0.14999999999999999,0.050000000000000003,0.20000000000000001,0.20000000000000001,-0.45724249807372302,-65.969880869999997,235
8,6,0.050000000000000003,0.14999999999999999,0.40000000000000002,0.25,0.14999999999999999,-0.0097410861791202355,-2.7097282389999999,1
8,7,0.050000000000000003,0.25,0.29999999999999999,0.25,0.14999999999999999,-0.0045942703166837739,-1.9821587869999999,10
8,8,0.050000000000000003,0.29999999999999999,0.25,0.25,0.14999999999999999,-0.019050901312486067,-4.0257918549999996,17
8,9,0.050000000000000003,0.40000000000000002,0.14999999999999999,0.25,0.14999999999999999,-0.046000791836657021,-7.8355098639999996,26
8,10,0.10000000000000001,0.10000000000000001,0.40000000000000002,0.25,0.14999999999999999,-0.070808649703468715,-11.34242366,32
8,11,0.10000000000000001,0.14999999999999999,0.34999999999999998,0.25,0.14999999999999999,-0.094435445424040573,-14.68237894,39
8,12,0.10000000000000001,0.25,0.25,0.25,0.14999999999999999,-0.064964540832433346,-10.516282759999999,49
8,13,0.10000000000000001,0.34999999999999998,0.14999999999999999,0.25,0.14999999999999999,-0.089276314474134935,-13.953068590000001,59
8,14,0.10000000000000001,0.40000000000000002,0.10000000000000001,0.25,0.14999999999999999,-0.063548136988179973,-10.316055629999999,66
8,15,0.14999999999999999,0.050000000000000003,0.40000000000000002,0.25,0.14999999999999999,-0.051562915539313407,-8.621788488,72
8,16,0.14999999999999999,0.10000000000000001,0.34999999999999998,0.25,0.14999999999999999,-0.42176944172661185,-60.955302369999998,78
9,0,0.14999999999999999,0.14999999999999999,0.29999999999999999,0.25,0.14999999999999999,-0.056908848980674956,-9.377505803,85
9,1,0.14999999999999999,0.20000000000000001,0.25,0.25,0.14999999999999999,-0.089910040591095863,-14.04265403,90
9,2,0.14999999999999999,0.25,0.20000000000000001,0.25,0.14999999999999999,-0.063642550432829542,-10.329402200000001,93
9,3,0.14999999999999999,0.29999999999999999,0.14999999999999999,0.25,0.14999999999999999,-0.045190872975840894,-7.7210172850000003,98
9,4,0.14999999999999999,0.34999999999999998,0.10000000000000001,0.25,0.14999999999999999,-0.055950963010258092,-9.2420961459999997,105
9,5,0.14999999999999999,0.40000000000000002,0.050000000000000003,0.25,0.14999999999999999,-0.087478751479174402,-13.698959650000001,111
9,6,0.20000000000000001,0.14999999999999999,0.25,0.25,0.14999999999999999,-0.055667994671057604,-9.2020948859999994,121
9,7,0.20000000000000001,0.20000000000000001,0.20000000000000001,0.25,0.14999999999999999,-0.042437007055268081,-7.331722472,126
9,8,0.20000000000000001,0.25,0.14999999999999999,0.25,0.14999999999999999,-0.042661502027161693,-7.3634577600000002,131
9,9,0.25,0.050000000000000003,0.29999999999999999,0.25,0.14999999999999999,-0.13600969498493681,-20.559440559999999,142
9,10,0.25,0.10000000000000001,0.25,0.25,0.14999999999999999,-0.20731250286529487,-30.639021069999998,149
9,11,0.25,0.14999999999999999,0.20000000000000001,0.25,0.14999999999999999,-0.15321672564126973,-22.991878440000001,154
9,12,0.25,0.20000000000000001,0.14999999999999999,0.25,0.14999999999999999,-0.16917208520604657,-25.24737631,157
9,13,0.25,0.25,0.10000000000000001,0.25,0.14999999999999999,-0.061408120154993327,-10.01353638,162
9,14,0.25,0.29999999999999999,0.050000000000000003,0.25,0.14999999999999999,-0.07420915414874589,-11.823129249999999,169
9,15,0.29999999999999999,0.050000000000000003,0.25,0.25,0.14999999999999999,-0.17992573670387121,-26.767544999999998,176
9,16,0.29999999999999999,0.14999999999999999,0.14999999999999999,0.25,0.14999999999999999,-0.32886207260262601,-47.821635759999999,186
10,0,0.29999999999999999,0.25,0.050000000000000003,0.25,0.14999999999999999,-0.22378241636482957,-32.967257840000002,196
10,1,0.34999999999999998,0.10000000000000001,0.14999999999999999,0.25,0.14999999999999999,-0.13954925297834508,-21.059803179999999,206
10,2,0.34999999999999998,0.14999999999999999,0.10000000000000001,0.25,0.14999999999999999,-0.18048763519756419,-26.84697667,213
10,3,0.40000000000000002,0.050000000000000003,0.14999999999999999,0.25,0.14999999999999999,-0.30134385643728639,-43.931577519999998,222
10,4,0.40000000000000002,0.10000000000000001,0.10000000000000001,0.25,0.14999999999999999,-0.4429135901383493,-63.944303120000001,228
10,5,0.40000000000000002,0.14999999999999999,0.050000000000000003,0.25,0.14999999999999999,-0.82218186716951347,-117.5588135,234
10,6,0.050000000000000003,0.25,0.29999999999999999,0.29999999999999999,0.10000000000000001,-0.019515042205553543,-4.0914042149999998,9
10,7,0.050000000000000003,0.29999999999999999,0.25,0.29999999999999999,0.10000000000000001,-0.01572329931893042,-3.5553919760000001,16
10,8,0.10000000000000001,0.10000000000000001,0.40000000000000002,0.29999999999999999,0.10000000000000001,-0.051419240238028179,-8.6014781130000006,31
10,9,0.10000000000000001,0.14999999999999999,0.34999999999999998,0.29999999999999999,0.10000000000000001,-0.13944965677810944,-21.04572396,38
10,10,0.10000000000000001,0.20000000000000001,0.29999999999999999,0.29999999999999999,0.10000000000000001,-0.039335036582584394,-6.893218547,44
10,11,0.10000000000000001,0.25,0.25,0.29999999999999999,0.10000000000000001,-0.067743260048525905,-10.90909091,48
10,12,0.10000000000000001,0.29999999999999999,0.20000000000000001,0.29999999999999999,0.10000000000000001,-0.077054964742494514,-12.22542164,54
10,13,0.10000000000000001,0.34999999999999998,0.14999999999999999,0.29999999999999999,0.10000000000000001,-0.11550836283245974,-17.66131026,58
10,14,0.10000000000000001,0.40000000000000002,0.10000000000000001,0.29999999999999999,0.10000000000000001,-0.049309019435614249,-8.3031709199999995,65
10,15,0.14999999999999999,0.10000000000000001,0.34999999999999998,0.29999999999999999,0.10000000000000001,-0.3910999663508074,-56.619772599999997,77
10,16,0.14999999999999999,0.14999999999999999,0.29999999999999999,0.29999999999999999,0.10000000000000001,-0.030746373929093296,-5.6790992259999999,84
11,0,0.14999999999999999,0.29999999999999999,0.14999999999999999,0.29999999999999999,0.10000000000000001,-0.052200270243065255,-8.7118868759999994,97
11,1,0.14999999999999999,0.34999999999999998,0.10000000000000001,0.29999999999999999,0.10000000000000001,-0.087966715150754146,-13.767939670000001,104
11,2,0.20000000000000001,0.10000000000000001,0.29999999999999999,0.29999999999999999,0.10000000000000001,-0.18127940830190542,-26.958904109999999,118
11,3,0.20000000000000001,0.20000000000000001,0.20000000000000001,0.29999999999999999,0.10000000000000001,-0.048879635821192952,-8.2424719540000009,125
11,4,0.20000000000000001,0.29999999999999999,0.10000000000000001,0.29999999999999999,0.10000000000000001,-0.057974998842277879,-9.5282199710000004,134
11,5,0.25,0.050000000000000003,0.29999999999999999,0.29999999999999999,0.10000000000000001,-0.13182160969143383,-19.96740016,141
11,6,0.25,0.10000000000000001,0.25,0.29999999999999999,0.10000000000000001,-0.21836707711455708,-32.201729110000002,148
11,7,0.25,0.25,0.10000000000000001,0.29999999999999999,0.10000000000000001,-0.062072471678026486,-10.10745112,161
11,8,0.25,0.29999999999999999,0.050000000000000003,0.29999999999999999,0.10000000000000001,-0.038984118897378343,-6.8436117620000001,168
11,9,0.29999999999999999,0.050000000000000003,0.25,0.29999999999999999,0.10000000000000001,-0.095116491906905742,-14.77865373,175
11,10,0.29999999999999999,0.10000000000000001,0.20000000000000001,0.29999999999999999,0.10000000000000001,-0.20875218182009156,-30.842538439999998,181
11,11,0.29999999999999999,0.14999999999999999,0.14999999999999999,0.29999999999999999,0.10000000000000001,-0.32289249626807831,-46.977758399999999,185
11,12,0.29999999999999999,0.20000000000000001,0.10000000000000001,0.29999999999999999,0.10000000000000001,-0.30674216223751355,-44.694698350000003,191
11,13,0.29999999999999999,0.25,0.050000000000000003,0.29999999999999999,0.10000000000000001,-0.25953736693716023,-38.021685759999997,195
11,14,0.34999999999999998,0.10000000000000001,0.14999999999999999,0.29999999999999999,0.10000000000000001,-0.092788655378496732,-14.44958372,205
11,15,0.34999999999999998,0.14999999999999999,0.10000000000000001,0.29999999999999999,0.10000000000000001,-0.13382914195030335,-20.251190990000001,212
11,16,0.40000000000000002,0.10000000000000001,0.10000000000000001,0.29999999999999999,0.10000000000000001,-0.4377077923173337,-63.208395799999998,227
12,0,0.050000000000000003,0.14999999999999999,0.40000000000000002,0.34999999999999998,0.050000000000000003,-0.012933706771457901,-3.1610467390000001,0
12,1,0.050000000000000003,0.20000000000000001,0.34999999999999998,0.34999999999999998,0.050000000000000003,-0.0087036202682280444,-2.5630689210000002,5
12,2,0.050000000000000003,0.25,0.29999999999999999,0.34999999999999998,0.050000000000000003,-0.02292885441655812,-4.5739910310000003,8
12,3,0.050000000000000003,0.29999999999999999,0.25,0.34999999999999998,0.050000000000000003,-0,-1.332698844,15
12,4,0.050000000000000003,0.34999999999999998,0.20000000000000001,0.34999999999999998,0.050000000000000003,-0.012081247656134421,-3.0405405409999999,22
12,5,0.050000000000000003,0.40000000000000002,0.14999999999999999,0.34999999999999998,0.050000000000000003,-0.0099345715850769397,-2.7370799209999999,25
12,6,0.10000000000000001,0.10000000000000001,0.40000000000000002,0.34999999999999998,0.050000000000000003,-0.039036111107329123,-6.850961538,30
12,7,0.10000000000000001,0.14999999999999999,0.34999999999999998,0.34999999999999998,0.050000000000000003,-0.070767600425842722,-11.336620809999999,37
12,8,0.10000000000000001,0.25,0.25,0.34999999999999998,0.050000000000000003,-0.087088623434281864,-13.64380997,47
12,9,0.10000000000000001,0.34999999999999998,0.14999999999999999,0.34999999999999998,0.050000000000000003,-0.08158416229284518,-12.865682700000001,57
12,10,0.10000000000000001,0.40000000000000002,0.10000000000000001,0.34999999999999998,0.050000000000000003,-0.062437654585843598,-10.159074479999999,64
12,11,0.14999999999999999,0.050000000000000003,0.40000000000000002,0.34999999999999998,0.050000000000000003,-0.053017185035173192,-8.8273684209999992,71
12,12,0.14999999999999999,0.10000000000000001,0.34999999999999998,0.34999999999999998,0.050000000000000003,-0.33469088313081607,-48.645614039999998,76
12,13,0.14999999999999999,0.14999999999999999,0.29999999999999999,0.34999999999999998,0.050000000000000003,-0.053767037926923271,-8.9333698930000001,83
12,14,0.14999999999999999,0.29999999999999999,0.14999999999999999,0.34999999999999998,0.050000000000000003,-0.053703739394004892,-8.9244218209999993,96
12,15,0.14999999999999999,0.34999999999999998,0.10000000000000001,0.34999999999999998,0.050000000000000003,-0.1040077974151109,-16.035555559999999,103
12,16,0.14999999999999999,0.40000000000000002,0.050000000000000003,0.34999999999999998,0.050000000000000003,-0.079738480703439724,-12.60477157,110
13,0,0.20000000000000001,0.050000000000000003,0.34999999999999998,0.34999999999999998,0.050000000000000003,-0.034038078932952839,-6.1444245979999996,115
13,1,0.20000000000000001,0.20000000000000001,0.20000000000000001,0.34999999999999998,0.050000000000000003,-0.04803522578384882,-8.1231035980000001,124
13,2,0.20000000000000001,0.34999999999999998,0.050000000000000003,0.34999999999999998,0.050000000000000003,-0.10411673573301482,-16.05095541,137
13,3,0.25,0.050000000000000003,0.29999999999999999,0.34999999999999998,0.050000000000000003,-0.11824994164317661,-18.048868129999999,140
13,4,0.25,0.10000000000000001,0.25,0.34999999999999998,0.050000000000000003,-0.26232291276162412,-38.415458940000001,147
13,5,0.25,0.25,0.10000000000000001,0.34999999999999998,0.050000000000000003,-0.07932672748441677,-12.546564890000001,160
13,6,0.25,0.29999999999999999,0.050000000000000003,0.34999999999999998,0.050000000000000003,-0.041771615585604598,-7.2376607220000002,167
13,7,0.29999999999999999,0.050000000000000003,0.25,0.34999999999999998,0.050000000000000003,-0.1064149570912422,-16.37583893,174
13,8,0.29999999999999999,0.14999999999999999,0.14999999999999999,0.34999999999999998,0.050000000000000003,-0.29577395555236308,-43.144199489999998,184
13,9,0.29999999999999999,0.25,0.050000000000000003,0.34999999999999998,0.050000000000000003,-0.27353193348105076,-40,194
13,10,0.34999999999999998,0.050000000000000003,0.20000000000000001,0.34999999999999998,0.050000000000000003,-0.10381510522931307,-16.008316010000001,201
13,11,0.34999999999999998,0.10000000000000001,0.14999999999999999,0.34999999999999998,0.050000000000000003,-0.065071671181084964,-10.53142703,204
13,12,0.34999999999999998,0.14999999999999999,0.10000000000000001,0.34999999999999998,0.050000000000000003,-0.11337158814837596,-17.359249330000001,211
13,13,0.34999999999999998,0.20000000000000001,0.050000000000000003,0.34999999999999998,0.050000000000000003,-0.41231998021682154,-59.619497920000001,218
13,14,0.40000000000000002,0.050000000000000003,0.14999999999999999,0.34999999999999998,0.050000000000000003,-0.268370271812779,-39.270331900000002,221
13,15,0.40000000000000002,0.10000000000000001,0.10000000000000001,0.34999999999999998,0.050000000000000003,-0.39985986995819911,-57.858099060000001,226
13,16,0.40000000000000002,0.14999999999999999,0.050000000000000003,0.34999999999999998,0.050000000000000003,-0.39298199372478054,-56.885821679999999,233
