top_n,top_fraction_percent,cemc_recall,random_recall,baseline
1,0.42016806722689076,0.0,0.0,0.004201680672268907
2,0.8403361344537815,0.0,0.0,0.008403361344537815
3,1.2605042016806722,0.0,0.0,0.012605042016806723
4,1.680672268907563,0.0,0.0,0.01680672268907563
5,2.100840336134454,0.0,0.0,0.02100840336134454
6,2.5210084033613445,0.0,0.0,0.025210084033613446
7,2.941176470588235,0.14285714285714285,0.0,0.029411764705882353
8,3.361344537815126,0.125,0.125,0.03361344537815126
9,3.7815126050420167,0.1111111111111111,0.1111111111111111,0.037815126050420166
10,4.201680672268908,0.1,0.1,0.04201680672268908
11,4.621848739495799,0.09090909090909091,0.09090909090909091,0.046218487394957986
12,5.042016806722689,0.16666666666666666,0.08333333333333333,0.05042016806722689
13,5.46218487394958,0.15384615384615385,0.07692307692307693,0.0546218487394958
14,5.88235294117647,0.14285714285714285,0.07142857142857142,0.058823529411764705
15,6.302521008403361,0.2,0.13333333333333333,0.06302521008403361
16,6.722689075630252,0.1875,0.125,0.06722689075630252
17,7.142857142857142,0.17647058823529413,0.17647058823529413,0.07142857142857142
18,7.563025210084033,0.16666666666666666,0.16666666666666666,0.07563025210084033
19,7.9831932773109235,0.15789473684210525,0.15789473684210525,0.07983193277310924
20,8.403361344537815,0.15,0.15,0.08403361344537816
21,8.823529411764707,0.14285714285714285,0.14285714285714285,0.08823529411764706
22,9.243697478991598,0.13636363636363635,0.22727272727272727,0.09243697478991597
23,9.663865546218489,0.13043478260869565,0.21739130434782608,0.09663865546218488
24,10.084033613445378,0.125,0.20833333333333334,0.10084033613445378
25,10.504201680672269,0.12,0.2,0.10504201680672269
26,10.92436974789916,0.11538461538461539,0.19230769230769232,0.1092436974789916
27,11.344537815126051,0.1111111111111111,0.18518518518518517,0.1134453781512605
28,11.76470588235294,0.10714285714285714,0.21428571428571427,0.11764705882352941
29,12.184873949579831,0.10344827586206896,0.20689655172413793,0.12184873949579832
30,12.605042016806722,0.1,0.2,0.12605042016806722
31,13.025210084033615,0.12903225806451613,0.1935483870967742,0.13025210084033614
32,13.445378151260504,0.125,0.1875,0.13445378151260504
33,13.865546218487395,0.15151515151515152,0.18181818181818182,0.13865546218487396
34,14.285714285714285,0.20588235294117646,0.20588235294117646,0.14285714285714285
35,14.705882352941178,0.2,0.2,0.14705882352941177
36,15.126050420168067,0.19444444444444445,0.2222222222222222,0.15126050420168066
37,15.546218487394958,0.1891891891891892,0.24324324324324326,0.15546218487394958
38,15.966386554621847,0.21052631578947367,0.23684210526315788,0.15966386554621848
39,16.386554621848738,0.20512820512820512,0.23076923076923078,0.1638655462184874
40,16.80672268907563,0.225,0.225,0.16806722689075632
41,17.22689075630252,0.21951219512195122,0.21951219512195122,0.1722689075630252
42,17.647058823529413,0.23809523809523808,0.21428571428571427,0.17647058823529413
43,18.067226890756302,0.27906976744186046,0.23255813953488372,0.18067226890756302
44,18.487394957983195,0.29545454545454547,0.25,0.18487394957983194
45,18.907563025210084,0.3111111111111111,0.26666666666666666,0.18907563025210083
46,19.327731092436977,0.30434782608695654,0.2608695652173913,0.19327731092436976
47,19.747899159663866,0.3191489361702128,0.2553191489361702,0.19747899159663865
48,20.168067226890756,0.3125,0.2708333333333333,0.20168067226890757
49,20.588235294117645,0.30612244897959184,0.2857142857142857,0.20588235294117646
50,21.008403361344538,0.3,0.28,0.21008403361344538
51,21.428571428571427,0.29411764705882354,0.29411764705882354,0.21428571428571427
52,21.84873949579832,0.3076923076923077,0.3076923076923077,0.2184873949579832
53,22.268907563025213,0.3018867924528302,0.32075471698113206,0.22268907563025211
54,22.689075630252102,0.3148148148148148,0.3148148148148148,0.226890756302521
55,23.10924369747899,0.3090909090909091,0.3090909090909091,0.23109243697478993
56,23.52941176470588,0.32142857142857145,0.32142857142857145,0.23529411764705882
57,23.949579831932773,0.3333333333333333,0.3157894736842105,0.23949579831932774
58,24.369747899159663,0.3275862068965517,0.3275862068965517,0.24369747899159663
59,24.789915966386555,0.3220338983050847,0.3389830508474576,0.24789915966386555
60,25.210084033613445,0.3333333333333333,0.3333333333333333,0.25210084033613445
61,25.630252100840334,0.32786885245901637,0.32786885245901637,0.25630252100840334
62,26.05042016806723,0.3387096774193548,0.3387096774193548,0.2605042016806723
63,26.47058823529412,0.3492063492063492,0.36507936507936506,0.2647058823529412
64,26.89075630252101,0.34375,0.359375,0.2689075630252101
65,27.310924369747898,0.35384615384615387,0.36923076923076925,0.27310924369747897
66,27.73109243697479,0.36363636363636365,0.36363636363636365,0.2773109243697479
67,28.15126050420168,0.3582089552238806,0.373134328358209,0.2815126050420168
68,28.57142857142857,0.35294117647058826,0.36764705882352944,0.2857142857142857
69,28.991596638655466,0.36231884057971014,0.37681159420289856,0.28991596638655465
70,29.411764705882355,0.35714285714285715,0.37142857142857144,0.29411764705882354
71,29.831932773109244,0.36619718309859156,0.36619718309859156,0.29831932773109243
72,30.252100840336134,0.3611111111111111,0.3888888888888889,0.3025210084033613
73,30.672268907563026,0.3561643835616438,0.3835616438356164,0.3067226890756303
74,31.092436974789916,0.35135135135135137,0.3783783783783784,0.31092436974789917
75,31.512605042016805,0.3466666666666667,0.37333333333333335,0.31512605042016806
76,31.932773109243694,0.35526315789473684,0.3815789473684211,0.31932773109243695
77,32.35294117647059,0.36363636363636365,0.4025974025974026,0.3235294117647059
78,32.773109243697476,0.38461538461538464,0.41025641025641024,0.3277310924369748
79,33.193277310924366,0.3924050632911392,0.43037974683544306,0.3319327731092437
80,33.61344537815126,0.3875,0.4375,0.33613445378151263
81,34.03361344537815,0.38271604938271603,0.4444444444444444,0.3403361344537815
82,34.45378151260504,0.3780487804878049,0.43902439024390244,0.3445378151260504
83,34.87394957983193,0.39759036144578314,0.4457831325301205,0.3487394957983193
84,35.294117647058826,0.39285714285714285,0.44047619047619047,0.35294117647058826
85,35.714285714285715,0.4,0.4588235294117647,0.35714285714285715
86,36.134453781512605,0.3953488372093023,0.45348837209302323,0.36134453781512604
87,36.554621848739494,0.40229885057471265,0.45977011494252873,0.36554621848739494
88,36.97478991596639,0.3977272727272727,0.4659090909090909,0.3697478991596639
89,37.39495798319328,0.4157303370786517,0.4606741573033708,0.3739495798319328
90,37.81512605042017,0.4111111111111111,0.4666666666666667,0.37815126050420167
91,38.23529411764706,0.4065934065934066,0.4725274725274725,0.38235294117647056
92,38.655462184873954,0.41304347826086957,0.4782608695652174,0.3865546218487395
93,39.075630252100844,0.41935483870967744,0.4731182795698925,0.3907563025210084
94,39.49579831932773,0.425531914893617,0.48936170212765956,0.3949579831932773
95,39.91596638655462,0.43157894736842106,0.4842105263157895,0.39915966386554624
96,40.33613445378151,0.4375,0.5,0.40336134453781514
97,40.7563025210084,0.4536082474226804,0.4948453608247423,0.40756302521008403
98,41.17647058823529,0.4489795918367347,0.4897959183673469,0.4117647058823529
99,41.596638655462186,0.45454545454545453,0.48484848484848486,0.41596638655462187
100,42.016806722689076,0.46,0.48,0.42016806722689076
101,42.436974789915965,0.45544554455445546,0.48514851485148514,0.42436974789915966
102,42.857142857142854,0.45098039215686275,0.4803921568627451,0.42857142857142855
103,43.27731092436975,0.44660194174757284,0.47572815533980584,0.4327731092436975
104,43.69747899159664,0.46153846153846156,0.4807692307692308,0.4369747899159664
105,44.11764705882353,0.45714285714285713,0.4857142857142857,0.4411764705882353
106,44.537815126050425,0.4528301886792453,0.49056603773584906,0.44537815126050423
107,44.957983193277315,0.4485981308411215,0.4953271028037383,0.4495798319327731
108,45.378151260504204,0.4444444444444444,0.49074074074074076,0.453781512605042
109,45.79831932773109,0.44954128440366975,0.4954128440366973,0.4579831932773109
110,46.21848739495798,0.45454545454545453,0.509090909090909,0.46218487394957986
111,46.63865546218487,0.45045045045045046,0.5045045045045045,0.46638655462184875
112,47.05882352941176,0.45535714285714285,0.5,0.47058823529411764
113,47.47899159663865,0.46017699115044247,0.5132743362831859,0.47478991596638653
114,47.89915966386555,0.4649122807017544,0.5175438596491229,0.4789915966386555
115,48.319327731092436,0.4782608695652174,0.5217391304347826,0.4831932773109244
116,48.739495798319325,0.47413793103448276,0.5344827586206896,0.48739495798319327
117,49.159663865546214,0.4700854700854701,0.5384615384615384,0.49159663865546216
118,49.57983193277311,0.4661016949152542,0.5338983050847458,0.4957983193277311
119,50.0,0.47058823529411764,0.5294117647058824,0.5
120,50.42016806722689,0.475,0.5333333333333333,0.5042016806722689
121,50.84033613445378,0.48760330578512395,0.5371900826446281,0.5084033613445378
122,51.26050420168067,0.4918032786885246,0.5409836065573771,0.5126050420168067
123,51.68067226890757,0.4959349593495935,0.5447154471544715,0.5168067226890757
124,52.10084033613446,0.49193548387096775,0.5564516129032258,0.5210084033613446
125,52.52100840336135,0.504,0.56,0.5252100840336135
126,52.94117647058824,0.5079365079365079,0.5634920634920635,0.5294117647058824
127,53.36134453781513,0.5196850393700787,0.5590551181102362,0.5336134453781513
128,53.78151260504202,0.5234375,0.5546875,0.5378151260504201
129,54.20168067226891,0.5348837209302325,0.5581395348837209,0.542016806722689
130,54.621848739495796,0.5461538461538461,0.5692307692307692,0.5462184873949579
131,55.04201680672269,0.549618320610687,0.5648854961832062,0.5504201680672269
132,55.46218487394958,0.5606060606060606,0.5681818181818182,0.5546218487394958
133,55.88235294117647,0.556390977443609,0.5714285714285714,0.5588235294117647
134,56.30252100840336,0.5671641791044776,0.5671641791044776,0.5630252100840336
135,56.72268907563025,0.5703703703703704,0.562962962962963,0.5672268907563025
136,57.14285714285714,0.5661764705882353,0.5588235294117647,0.5714285714285714
137,57.56302521008403,0.5693430656934306,0.5620437956204379,0.5756302521008403
138,57.98319327731093,0.572463768115942,0.5652173913043478,0.5798319327731093
139,58.40336134453782,0.5755395683453237,0.5683453237410072,0.5840336134453782
140,58.82352941176471,0.5857142857142857,0.5714285714285714,0.5882352941176471
141,59.2436974789916,0.5815602836879432,0.5815602836879432,0.592436974789916
142,59.66386554621849,0.5915492957746479,0.5845070422535211,0.5966386554621849
