Row_Idx,Col_Idx,Ir_ratio,Pd_ratio,Pt_ratio,Rh_ratio,Ru_ratio,map_x,map_y,experimental_activity,cemc_activity,homogeneous_activity,cemc_mean_ln_activity,homogeneous_mean_ln_activity
0,7,25.06531470536697,18.280152294776418,30.785927070555815,14.189619740971438,11.678986188329375,-0.29999999999999993,1.0,-0.00754764,-0.2661616754659796,-0.2385620188432784,24.48201560974121,23.199832916259766
0,8,26.78699155977301,16.516856611511134,29.648085451337565,15.395069381526866,11.652996995851412,-0.19999999999999996,1.0,-0.03704125,-0.12342337951218647,-0.27101039437480895,24.236248016357422,23.288908004760742
0,9,27.79098811070037,15.795783794584874,28.079928064741733,16.613847537216504,11.71945249275652,-0.09999999999999998,1.0,-0.03704125,-0.16932233843863337,-0.15644228898585363,24.315277099609375,22.974403381347656
0,10,28.61866142769865,15.680966014590847,26.48633755405681,17.504222720030665,11.709812283623036,0.0,1.0,-0.26785092,-0.14381282388154937,-0.28042647508407215,24.27135467529297,23.314756393432617
0,11,30.42482798302607,14.06103905444607,25.263120040277148,18.533480376879,11.717532545371723,0.10000000000000009,1.0,-0.06547947,-0.03285950713508699,-0.2950626719657597,24.08031463623047,23.354934692382812
0,12,31.229018356705797,12.850884502749937,23.85657484345611,20.426894597747676,11.636627699340492,0.20000000000000018,1.0,-0.16388628,-0.041000440888778605,-0.11362941552486035,24.094331741333008,22.856876373291016
0,13,32.14046502727012,11.996459668931202,23.226246292220843,20.86164003444646,11.775188977131371,0.30000000000000004,1.0,-0.0,-0.08275637460923739,-0.1388864956504822,24.166227340698242,22.926210403442383
1,5,22.552092716027143,20.314658019576047,32.60313457034769,12.790488200324264,11.739626493724852,-0.5,0.8947368421052632,-0.17613261,-0.14691012293928807,-0.3055772491036936,24.276687622070312,23.383798599243164
1,6,23.64685198990596,19.111708213569543,30.651687722501507,13.97817741118876,12.611574662834224,-0.3999999999999999,0.8947368421052632,-0.20594754,-0.273760914212792,-0.37862621939356883,24.495100021362305,23.584327697753906
1,7,24.21319310135384,18.341511756149803,30.227530649105702,14.576506881063889,12.641257612326775,-0.29999999999999993,0.8947368421052632,-0.17003303,-0.25422998442488387,-0.5399717906672966,24.461471557617188,24.02724266052246
1,8,25.26596276721306,17.650165439043615,28.60875166539304,16.406271880163718,12.068848248186573,-0.19999999999999996,0.8947368421052632,-0.20594754,-0.30053770706817823,-0.28447513965704124,24.54120445251465,23.325870513916016
1,9,27.021745906159342,16.50722865568582,27.414946414442927,16.49883718142367,12.557241842288231,-0.09999999999999998,0.8947368421052632,-0.20594754,-0.17369245459842564,-0.4204107723520747,24.32280158996582,23.699031829833984
1,10,28.161458229463733,15.459785014857506,26.04351554553976,18.38741200167521,11.947829208463792,0.0,0.8947368421052632,-0.25144063,-0.24034863446332316,-0.19988188210444402,24.437570571899414,23.093650817871094
1,11,28.848900999963988,14.285199812731836,25.21637876186933,19.579126802155987,12.070393623278877,0.10000000000000009,0.8947368421052632,-0.21177863,-0.1745166285966222,-0.34152886245518466,24.324220657348633,23.48249053955078
1,12,30.464432499532503,12.986444602707897,23.83752620962127,21.044087865392957,11.667508822745374,0.20000000000000018,0.8947368421052632,-0.45936744,-0.1723542796121065,-0.21871821238987244,24.320497512817383,23.14535903930664
1,13,30.883285664708065,12.613237916302667,22.57817455093761,22.227540897287074,11.69776097076457,0.30000000000000004,0.8947368421052632,-0.13881258,-0.0,-0.1618215169117034,24.02373695373535,22.98917007446289
1,14,31.78420268256334,12.160953800298062,21.918330849478394,22.482265275707896,11.654247391952309,0.40000000000000013,0.8947368421052632,-0.13241858,-0.06371839835519684,-0.01831939078958339,24.133447647094727,22.595237731933594
1,15,32.98673516453805,11.254831167591812,20.36605538148331,23.731967617260192,11.660410669126652,0.5,0.8947368421052632,-0.17613261,-0.08014538252086467,-0.11806439509741253,24.161731719970703,22.869050979614258
2,4,20.00504692438025,22.164409569929948,32.372414953315946,11.777358535911269,13.680770016462589,-0.6,0.7894736842105263,-0.23468438,-0.3638628503570313,-0.5088887190461633,24.650238037109375,23.94191551208496
2,5,21.576204672426613,21.09425577659311,31.47054357121734,12.88114324991808,12.977852729844866,-0.5,0.7894736842105263,-0.23468438,-0.2765978894942186,-0.5048192101386844,24.499984741210938,23.930744171142578
2,6,22.908194012635647,20.15078164598641,30.438096910532764,13.542011725687551,12.96091570515762,-0.3999999999999999,0.7894736842105263,-0.32527947,-0.24180977089292163,-0.4639629248770184,24.440086364746094,23.818588256835938
2,7,23.688782213844416,19.349273353913983,29.052664368982057,15.35920957519459,12.550070488064952,-0.29999999999999993,0.7894736842105263,-0.32527947,-0.28056921178391575,-0.36813179177899447,24.50682258605957,23.555519104003906
2,8,24.79630972944161,18.19085367564253,28.325070835721245,16.093635405436814,12.594130353757798,-0.19999999999999996,0.7894736842105263,-0.32527947,-0.4096344167971978,-0.3786095439259609,24.729047775268555,23.58428192138672
2,9,25.53214482984974,16.432648356134774,27.37774077602286,17.659043059902814,12.9984229780898,-0.09999999999999998,0.7894736842105263,-0.27860585,-0.2563967644524006,-0.43150899085628525,24.46520233154297,23.7294979095459
2,10,27.021285124463866,15.63915500861827,26.00753597626969,18.81949733434882,12.512526556299356,0.0,0.7894736842105263,-0.32527947,-0.16328615011044376,-0.2988917762152247,24.30488395690918,23.365446090698242
2,11,28.10161252217368,14.60159450292913,23.990822198107583,20.386172432157544,12.919798344632069,0.10000000000000009,0.7894736842105263,-0.87920303,-0.22102374817496417,-0.34270448292154193,24.404296875,23.4857177734375
2,12,28.84052912218197,14.01644178572718,23.456626665543265,20.99396974037385,12.692432686173731,0.20000000000000018,0.7894736842105263,-0.29447021,-0.28240144806485273,-0.4528820766515661,24.509977340698242,23.788169860839844
2,13,30.136557404686787,12.999446063437778,22.30437609884155,22.36699501457094,12.192625418462946,0.30000000000000004,0.7894736842105263,-0.29447021,-0.06104647942555959,-0.19227856368639004,24.128847122192383,23.072778701782227
2,14,29.95140944523789,12.817853238971376,21.754446155441904,23.3585727621616,12.117718398187227,0.40000000000000013,0.7894736842105263,-0.16388628,-0.12668130387871349,-0.24639393012979072,24.241857528686523,23.221332550048828
2,15,31.244746511683765,12.248132760152744,20.086937726650497,24.682389106366625,11.737793895146378,0.5,0.7894736842105263,-0.16388628,-0.10962289608539506,-0.03151385453433757,24.212486267089844,22.631458282470703
2,16,32.20525679129049,10.520391896113884,19.354877472382217,26.173405218338686,11.746068621874723,0.6000000000000001,0.7894736842105263,-0.26785092,-0.2105609478887188,-0.12244101053333704,24.386281967163086,22.881065368652344
3,3,19.150091725403108,24.21067876798301,32.597518586463266,11.14584339094332,12.895867529207298,-0.7,0.6842105263157895,-0.34024753,-0.4928084172092848,-0.2340387982546344,24.872257232666016,23.187416076660156
3,4,19.5621635683269,22.86034458607648,31.59986392652032,12.560382606607565,13.417245312468731,-0.6,0.6842105263157895,-0.38353128,-0.3746856728871125,-0.5997915566549012,24.668872833251953,24.191455841064453
3,5,20.908670925397868,21.9361827537317,30.126407850508976,13.175250505790704,13.853487964570752,-0.5,0.6842105263157895,-0.95340321,-0.4707872412547828,-0.4613851755092966,24.834341049194336,23.811511993408203
3,6,21.695811305408704,20.3334688897926,29.41654905150348,14.769274932421116,13.784895820874098,-0.3999999999999999,0.6842105263157895,-0.39283798,-0.274914093153817,-0.39536074594925097,24.497085571289062,23.630266189575195
3,7,22.803344777672777,19.523165815319462,28.18298182862201,15.78720706279234,13.703300515593412,-0.29999999999999993,0.6842105263157895,-0.38353128,-0.4927818309512785,-0.45335941191184237,24.872211456298828,23.789480209350586
3,8,24.1254759688188,18.950850850450895,26.998669484854904,16.949484375437013,12.975519320438387,-0.19999999999999996,0.6842105263157895,-0.37411431,-0.4526000252569451,-0.4312915149662322,24.80302619934082,23.728900909423828
3,9,24.59314654756932,17.615589756771517,25.64261157343444,18.51524595957973,13.633406162644986,-0.09999999999999998,0.6842105263157895,-0.41563885,-0.41912349538396093,-0.29094244184430673,24.745386123657227,23.343624114990234
3,10,26.20107775950841,16.526445913995268,24.79686993675064,18.89559654828915,13.580009841456535,0.0,0.6842105263157895,-0.4464996,-0.3362175730734379,-0.3478307995886718,24.602638244628906,23.49979019165039
3,11,26.20298889734576,16.12240706510577,24.12743285854084,20.04639193940053,13.50077923960712,0.10000000000000009,0.6842105263157895,-0.4464996,-0.4253513263219463,-0.5326331952975182,24.7561092376709,24.007097244262695
3,12,27.648696654025255,14.179588113868755,22.808554558110508,21.951658585761606,13.41150208823388,0.20000000000000018,0.6842105263157895,-0.32527947,-0.23937602052459117,-0.31496067368889136,24.435895919799805,23.409557342529297
3,13,28.367096597472813,14.374694820584274,21.40126478259316,23.13170650374552,12.725237295604224,0.30000000000000004,0.6842105263157895,-0.40203696,-0.2702581747204566,-0.4231295683833134,24.48906898498535,23.70649528503418
3,14,29.544469069184814,12.183224127963,20.813258816727696,24.75790132973598,12.701146656388516,0.40000000000000013,0.6842105263157895,-0.31002411,-0.1621019538684113,-0.2721721186181596,24.302845001220703,23.292097091674805
3,15,29.853697272063723,12.067568759875837,20.126250270708173,24.844192407337594,13.108291290014678,0.5,0.6842105263157895,-0.23468438,-0.07933671717317181,-0.32635557655429254,24.16033935546875,23.440837860107422
3,16,31.257578799437866,11.877133105802049,18.32162216422405,26.01003814495081,12.533627785585225,0.6000000000000001,0.6842105263157895,-0.26785092,-0.2918894188908656,-0.21231066396153525,24.52631378173828,23.127769470214844
3,17,31.043134227540293,10.76546366882177,17.514233330116767,28.548682813856992,12.128485959664191,0.7000000000000002,0.6842105263157895,-0.25694846,-0.2839966235452332,-0.0,24.512723922729492,22.54494857788086
4,2,16.82770600369124,26.658946428786837,32.663843954691856,10.115924196914316,13.733579415915752,-0.8,0.5789473684210527,-0.30487322,-0.4545352832876567,-0.46875920624774187,24.806358337402344,23.831754684448242
4,3,17.90374614791988,24.55701078582435,30.768489984591685,12.13886748844376,14.631885593220344,-0.7,0.5789473684210527,-0.29447021,-0.44454106579877306,-0.48490244851449377,24.78915023803711,23.876070022583008
4,4,19.005505891183788,23.620632518695675,30.367844637246016,12.530593829728618,14.475423123145903,-0.6,0.5789473684210527,-0.43780383,-0.48240100496055266,-0.5231677829965815,24.854337692260742,23.98111343383789
4,5,19.95804111970269,22.621830606006107,29.318467901456568,13.44602289756039,14.65563747527423,-0.5,0.5789473684210527,-0.4464996,-0.39853576184030076,-0.5281217864984298,24.709938049316406,23.994712829589844
4,6,21.53678617586521,21.360873103250203,28.02761954908812,15.115360681633238,13.959360490163228,-0.3999999999999999,0.5789473684210527,-0.42457915,-0.5223080859888205,-0.5490793752258136,24.923049926757812,24.052244186401367
4,7,21.839881488089077,21.324975907356816,26.99132664845449,15.991541690228342,13.852274265871277,-0.29999999999999993,0.5789473684210527,-0.49269672,-0.48616296046844987,-0.3785268613990717,24.860815048217773,23.584054946899414
4,8,22.89320969189351,20.035895901884533,25.38199222255459,17.145079270116657,14.5438229135507,-0.19999999999999996,0.5789473684210527,-0.53248423,-0.4237627974060674,-0.5920520552513827,24.753374099731445,24.170209884643555
4,9,23.688025398853856,18.941315069587265,24.339769573291264,18.63620934086779,14.39468061739981,-0.09999999999999998,0.5789473684210527,-0.47203026,-0.5120790232208808,-0.5104089658430838,24.905437469482422,23.946088790893555
4,10,24.98840741925168,17.532779021426283,23.536136872401663,19.78573712823793,14.156939558682444,0.0,0.5789473684210527,-0.48036144,-0.5299172945823852,-0.45129234873961255,24.9361515045166,23.78380584716797
4,11,26.168205628164,16.60759878055115,22.86346727825569,21.13338421029499,13.22734410273417,0.10000000000000009,0.5789473684210527,-0.53248423,-0.493563910040965,-0.33883299519190685,24.873558044433594,23.47509002685547
4,12,26.605321224137384,15.391656806625948,21.96324070224809,22.38695596559112,13.652825301397462,0.20000000000000018,0.5789473684210527,-0.45936744,-0.4102503317743447,-0.38613573830632836,24.7301082611084,23.604942321777344
4,13,27.005235476644028,14.460458373767503,20.95029292312116,23.60876493069283,13.975248295774476,0.30000000000000004,0.5789473684210527,-0.4464996,-0.3551669284674573,-0.4450293210305439,24.635265350341797,23.766613006591797
4,14,28.17562131503845,13.575068145521213,19.672741391249357,24.56921223377216,14.00735691441883,0.40000000000000013,0.5789473684210527,-0.36936366,-0.4720212867305771,-0.3668769628414997,24.83646583557129,23.552074432373047
4,15,29.77180300964196,12.411454499378522,19.60370231817249,25.487829896098567,12.72521027670846,0.5,0.5789473684210527,-0.30487322,-0.18659897509975384,-0.3516571245935355,24.34502410888672,23.51029396057129
4,16,30.060280018200785,11.911041672538968,17.790457475809475,26.654076451331036,13.584144382119748,0.6000000000000001,0.5789473684210527,-0.30487322,-0.31130624932149653,-0.407191990217059,24.55974578857422,23.662744522094727
4,17,29.584620223051928,11.515478964897142,17.062746457861248,28.743135468159053,13.094018886030623,0.7000000000000002,0.5789473684210527,-0.25694846,-0.36338429771291714,-0.19258914427058726,24.6494140625,23.073631286621094
4,18,30.07089357952497,9.702807706172146,16.286297913245484,30.93283133736532,13.007169463692072,0.8,0.5789473684210527,-0.20007335,-0.409417295690146,-0.2137065395625469,24.728673934936523,23.131601333618164
5,1,14.834802949077714,29.111564392321537,31.517369940004556,9.477524658808314,15.05873805978788,-0.9,0.4736842105263158,-0.25144063,-0.605354693914627,-0.5304243906506212,25.0660400390625,24.001033782958984
5,2,16.732438514708246,26.43867545410705,30.648609548304133,11.019932486738464,15.160343996142098,-0.8,0.4736842105263158,-0.41563885,-0.5438152609551999,-0.6775040993857869,24.960081100463867,24.404787063598633
5,3,17.47311073043332,25.26849151298027,29.932240244240027,12.023043933516004,15.303113578830391,-0.7,0.4736842105263158,-0.5088515,-0.6175921269227957,-0.633824796420333,25.08711051940918,24.284881591796875
5,4,18.68778931715156,24.05679610486173,29.49415969107524,12.093157124697193,15.66809776221428,-0.6,0.4736842105263158,-0.53248423,-0.5208757513387289,-0.6425349490008616,24.920583724975586,24.308792114257812
5,5,19.52629392307569,23.531503171889227,28.06882280564388,13.21567248845496,15.657707610936225,-0.5,0.4736842105263158,-0.5440422,-0.6316784126231553,-0.6927322753675551,25.111364364624023,24.446590423583984
5,6,20.402779871319883,22.15209958032193,26.47541828971273,15.255575212814062,15.71412704583138,-0.3999999999999999,0.4736842105263158,-0.5440422,-0.5904154324365641,-0.6612670576137406,25.04031753540039,24.360214233398438
5,7,20.792423147412425,21.38176939631938,25.492818839914232,16.599120772059557,15.733867844294402,-0.29999999999999993,0.4736842105263158,-0.5440422,-0.5717053533646017,-0.700402990467191,25.008102416992188,24.467647552490234
5,8,22.347923734887942,19.90251827782291,24.68222869976585,17.793998184163996,15.273331103359295,-0.19999999999999996,0.4736842105263158,-0.5440422,-0.5551875328174122,-0.5932096106278314,24.97966194152832,24.17338752746582
5,9,22.962685436877724,18.5994882300892,24.04481573891763,18.938276722440552,15.454733871674891,-0.09999999999999998,0.4736842105263158,-0.57406617,-0.5075338808625468,-0.7099364942608599,24.897611618041992,24.493818283081055
5,10,23.95229914905517,17.827893412168912,22.860453038232595,20.7914186408853,14.567935759658027,0.0,0.4736842105263158,-0.55919595,-0.6012305006413935,-0.4586066257191295,25.05893898010254,23.803884506225586
5,11,24.447434402797967,17.71483782359423,22.26751521152403,21.682210901192967,13.888001660890811,0.10000000000000009,0.4736842105263158,-0.5440422,-0.6233602371494215,-0.559679414135238,25.097042083740234,24.081342697143555
5,12,25.150755877381236,15.285387169865611,21.62612542409457,22.946063563233547,14.991667965425052,0.20000000000000018,0.4736842105263158,-0.5088515,-0.46568821852131664,-0.47008351630026957,24.8255615234375,23.835390090942383
5,13,26.298907254251898,14.95493770272049,19.938720063194936,23.924309703055613,14.883125276777056,0.30000000000000004,0.4736842105263158,-0.5088515,-0.5677705871796633,-0.598491564992635,25.001327514648438,24.18788719177246
5,14,26.555410104644345,13.925809327240458,19.40337463960744,25.557152838568225,14.558253089939528,0.40000000000000013,0.4736842105263158,-0.50484348,-0.34830102733731977,-0.5904970678969456,24.623443603515625,24.16594123840332
5,15,27.690434279375943,13.834969014492051,17.92216247498252,26.488389476983915,14.064044754165558,0.5,0.4736842105263158,-0.4464996,-0.43300484534552164,-0.4807252438787138,24.769287109375,23.86460304260254
5,16,28.533554667354306,12.945622743682309,17.96794417225374,27.468250386797315,13.084628029912324,0.6000000000000001,0.4736842105263158,-0.38353128,-0.38871878607145943,-0.1609217364720269,24.693035125732422,22.9867000579834
5,17,28.13168928831985,11.85732725100815,16.38259321911603,29.937145743307703,13.691244498248256,0.7000000000000002,0.4736842105263158,-0.36936366,-0.4747718566734831,-0.15929865762485756,24.841201782226562,22.98224449157715
5,18,28.412474849094565,10.979879275653923,15.696579476861167,31.420120724346077,13.490945674044264,0.8,0.4736842105263158,-0.34517489,-0.43780144939416565,-0.264727911953531,24.777545928955078,23.27166175842285
5,19,28.64995549568188,9.712766725203878,15.39007433423946,32.55310447689384,13.694098967980947,0.9000000000000001,0.4736842105263158,-0.29447021,-0.35610298630143056,-0.1979065340040577,24.636877059936523,23.088228225708008
6,1,14.76262579853856,29.340673828710237,30.63511532115333,9.938034606333972,15.323550445263905,-0.9,0.368421052631579,-0.30487322,-0.665300059154424,-0.6087032044690254,25.169254302978516,24.215919494628906
6,2,16.08050011753878,28.34676728517298,29.39744442806428,10.474896506110024,15.70039166311394,-0.8,0.368421052631579,-0.45936744,-0.5633705614796138,-0.5745740807648481,24.993751525878906,24.122230529785156
6,3,16.463787338252512,26.588710933910747,28.897020929795897,11.972610291914524,16.07787050612633,-0.7,0.368421052631579,-0.56666584,-0.566033618323249,-0.6037158500319613,24.998336791992188,24.202228546142578
6,4,17.77918354927051,24.605227334603867,27.551608718630387,13.698531413654488,16.365448983840746,-0.6,0.368421052631579,-0.63774013,-0.6638788021118351,-0.6386377532586643,25.166807174682617,24.298093795776367
6,5,19.045001553425905,23.767416294242764,26.914896159453196,13.740649571015462,16.532036421862678,-0.5,0.368421052631579,-0.65455822,-0.5946559405885754,-0.6814846724660237,25.047618865966797,24.415714263916016
6,6,19.56269650563665,22.761778383483364,25.359538069791636,15.776638094896532,16.539348946191826,-0.3999999999999999,0.368421052631579,-0.80840262,-0.6188450043313445,-0.7137829687890831,25.08926773071289,24.504377365112305
6,7,20.0917540514776,21.574118207816973,25.03098188751192,16.40014299332698,16.90300285986654,-0.29999999999999993,0.368421052631579,-0.65455822,-0.6225327398689741,-0.6824803368444456,25.095617294311523,24.418447494506836
6,8,21.611250667563343,20.27612397887533,23.37361789663152,18.236841584745928,16.502165872183873,-0.19999999999999996,0.368421052631579,-0.66776108,-0.6399855104893866,-0.6851525805286123,25.125667572021484,24.425783157348633
6,9,22.365589690246868,19.741700346993383,23.04687189829997,19.201359388275275,15.6444786761845,-0.09999999999999998,0.368421052631579,-0.66776108,-0.6845850660557735,-0.5514014340902142,25.20245933532715,24.058618545532227
6,10,22.70296567599852,18.255638265051854,21.8960866366592,21.144186120098407,16.00112330219202,0.0,0.368421052631579,-0.62747576,-0.7475878509662996,-0.5054195269725689,25.310937881469727,23.932392120361328
6,11,23.436459093360405,17.695412873140246,21.541414205500743,21.534673095834787,15.792040732163814,0.10000000000000009,0.368421052631579,-0.60654061,-0.6581694032049734,-0.6756621550262638,25.1569766998291,24.399730682373047
6,12,24.31812022763865,15.24365943472924,21.072117453890417,22.657856562146307,16.708246321595382,0.20000000000000018,0.368421052631579,-0.58503907,-0.3887918982809769,-0.5779001417414746,24.693161010742188,24.13136100769043
6,13,25.256901871058783,15.145052895078804,19.343574862281464,24.128845555936444,16.125624815644507,0.30000000000000004,0.368421052631579,-0.56666584,-0.6061600359800692,-0.5779765709680109,25.067426681518555,24.13157081604004
6,14,25.723350304642334,13.8921714329206,19.35650564619828,25.495419348894583,15.532553267344182,0.40000000000000013,0.368421052631579,-0.48036144,-0.34042927944594237,-0.6665698563130541,24.60988998413086,24.374771118164062
6,15,26.153802866720792,13.939691140176697,17.25941170323089,27.06141020796989,15.585684081901713,0.5,0.368421052631579,-0.50484348,-0.4778780178172239,-0.6096279981101137,24.84654998779297,24.21845817565918
6,16,27.12817974380953,12.41714858322568,16.863658863441547,28.916200847529243,14.674811961993989,0.6000000000000001,0.368421052631579,-0.45936744,-0.39578519189739475,-0.5744594369250438,24.705202102661133,24.121915817260742
6,17,28.29156682507753,11.035333905001565,15.546838060281615,29.92562970324008,15.200631506399212,0.7000000000000002,0.368421052631579,-0.45936744,-0.39777029916186823,-0.64531627803563,24.708620071411133,24.31642723083496
6,18,27.291868868764485,11.761143508009203,15.062685992508165,31.428021400668964,14.456280230049169,0.8,0.368421052631579,-0.38353128,-0.4163086753175396,-0.5229079236263584,24.74053955078125,23.98040008544922
6,19,27.7740163694709,10.318054893414152,15.04621190572531,33.094294722588344,13.767422108801297,0.9000000000000001,0.368421052631579,-0.34517489,-0.3835001251769648,-0.3519419971651705,24.684049606323242,23.511075973510742
7,0,13.546202804230273,31.625352921471983,29.34033593338757,9.355409867445088,16.13269847346509,-1.0,0.26315789473684215,-0.22901953,-0.5933554294677653,-0.6527285233873433,25.045379638671875,24.336774826049805
7,1,14.455211628558844,30.428863172226,28.05269691266568,10.527369559123851,16.53585872742562,-0.9,0.26315789473684215,-0.32527947,-0.7679174762551483,-0.6244643006030961,25.3459415435791,24.259185791015625
7,2,15.194487521782928,29.76066763657293,27.83497737773586,10.620873235383458,16.58899422852484,-0.8,0.26315789473684215,-0.58503907,-0.6089238990519783,-0.6279668436119062,25.072185516357422,24.268800735473633
7,3,16.856688293732695,26.77401385788653,28.406663647693893,11.329563624851222,16.633070575835664,-0.7,0.26315789473684215,-0.64113234,-0.6706848841614583,-0.6169401906561797,25.178525924682617,24.2385311126709
7,4,17.29413313860924,24.929073344745444,27.541089577073635,13.08761387169757,17.148090067874115,-0.6,0.26315789473684215,-0.64113234,-0.5180974873770663,-0.6858730996915039,24.915800094604492,24.42776107788086
7,5,18.41769952507819,24.445092408041315,25.91539281905439,13.55304624995506,17.66876899787104,-0.5,0.26315789473684215,-0.71540587,-0.7374684565126363,-0.731786915316417,25.293514251708984,24.553800582885742
7,6,18.884195425201245,23.88021040886268,24.700326771339764,15.32597433649478,17.20929305810154,-0.3999999999999999,0.26315789473684215,-0.72460145,-0.7533360214994207,-0.69274269753481,25.32083511352539,24.446619033813477
7,7,20.03525171307482,22.624470234087216,23.320790588980877,16.914484889293778,17.105002574563315,-0.29999999999999993,0.26315789473684215,-0.74861524,-0.5985840602090123,-0.7267210472193658,25.05438232421875,24.539894104003906
7,8,20.44720339519858,20.99828973205802,22.89977513143726,18.474852726927217,17.179879014378916,-0.19999999999999996,0.26315789473684215,-0.74861524,-0.7938988968918449,-0.7997054000722603,25.390676498413086,24.740245819091797
7,9,20.957638058430813,19.79108094623384,22.330896736332758,19.487364277851253,17.433019981151354,-0.09999999999999998,0.26315789473684215,-0.71540587,-0.6471372138930922,-0.6906005947583447,25.137981414794922,24.440738677978516
7,10,22.329508294191093,19.20447113383673,21.943040608835247,20.40430465544919,16.11867530768773,0.0,0.26315789473684215,-0.70297723,-0.6267078901367198,-0.6024964564631333,25.102806091308594,24.198881149291992
7,11,22.80733007921521,16.858469614375124,20.85010866854313,21.72301991662807,17.761071721238466,0.10000000000000009,0.26315789473684215,-0.70297723,-0.5703350533165249,-0.6642735054612157,25.0057430267334,24.368467330932617
7,12,23.488524590163934,16.822652757078988,19.53263785394933,23.494485842026823,16.661698956780924,0.20000000000000018,0.26315789473684215,-0.60654061,-0.6305750829158921,-0.6511248992523831,25.109464645385742,24.332372665405273
7,13,24.185263090671786,15.368742042220632,18.87355762130749,24.838649163210807,16.733788082589275,0.30000000000000004,0.26315789473684215,-0.59943786,-0.5712445248924918,-0.6853116922820377,25.007308959960938,24.426219940185547
7,14,24.79940152273852,14.666312728501277,18.35249828058448,25.826224404840907,16.35556306333482,0.40000000000000013,0.26315789473684215,-0.62055847,-0.49375666041151095,-0.4319196242461299,24.873889923095703,23.73062515258789
7,15,24.491596080184635,13.660145724332097,17.128046496453557,28.2567454899165,16.463466209113207,0.5,0.26315789473684215,-0.57406617,-0.4731711423893513,-0.6427260220672021,24.83844566345215,24.309316635131836
7,16,25.007552413751437,12.941816204458942,16.044951966648537,29.62600447102894,16.379674944112136,0.6000000000000001,0.26315789473684215,-0.53248423,-0.48504412211068304,-0.5319237931130318,24.858888626098633,24.005149841308594
7,17,25.868736756447557,12.32707848239967,15.046286971164308,30.88376290113361,15.87413488885487,0.7000000000000002,0.26315789473684215,-0.43780383,-0.4972948482478548,-0.49095981212306494,24.879981994628906,23.892698287963867
7,18,26.09976457331429,11.493651528261264,15.031088395677813,32.44702899571403,14.928466507032615,0.8,0.26315789473684215,-0.47203026,-0.4366117143483819,-0.5027993941246769,24.775497436523438,23.925199508666992
7,19,26.092204202657744,10.566992681759114,14.693611525726494,34.14548775532372,14.501703834532922,0.9000000000000001,0.26315789473684215,-0.32527947,-0.4555987336079103,-0.41814151913509906,24.808189392089844,23.69280242919922
7,20,24.750935859256344,9.65758913087678,15.13759822037243,35.41434944326839,15.039527346226064,1.0,0.26315789473684215,-0.25144063,-0.4181353727947253,-0.3639267946972013,24.743684768676758,23.543975830078125
8,0,13.201673083321452,32.32092780075099,27.83045772137459,9.292266742715908,17.354674651837062,-1.0,0.1578947368421053,-0.22901953,-0.7528962404815658,-0.561010672299269,25.320077896118164,24.084997177124023
8,1,13.732238320909971,30.44089288494784,27.55670362400138,10.609296958905094,17.660868211235723,-0.9,0.1578947368421053,-0.40203696,-0.6881321159781195,-0.7015945915900058,25.208566665649414,24.470918655395508
8,2,14.770297116772127,29.76364166909834,26.5966079201826,11.187547717361324,17.681905576585617,-0.8,0.1578947368421053,-0.63774013,-0.669916098200775,-0.6705288902476307,25.177202224731445,24.385639190673828
8,3,15.620341096673371,27.11107025376409,26.26332471332132,12.3176907427466,18.687573193494625,-0.7,0.1578947368421053,-0.76035543,-0.7024621090435372,-0.7770788749617854,25.233240127563477,24.678133010864258
8,4,17.24368175475493,26.712353413911536,25.94108968489739,13.34018367991556,16.7626914665206,-0.6,0.1578947368421053,-0.73369185,-0.7350158742115512,-0.5212646952558294,25.289291381835938,23.975889205932617
8,5,17.73296328095362,24.846754387716395,25.082762614060663,14.001956751792028,18.335562965477312,-0.5,0.1578947368421053,-0.84851197,-0.7026548594140832,-0.6999909674550457,25.233572006225586,24.466516494750977
8,6,18.56531331160412,24.21198351558479,24.232329720219735,15.343033020693287,17.64734043189806,-0.3999999999999999,0.1578947368421053,-0.8353658,-0.7592736191208368,-0.6669068397209639,25.331058502197266,24.375696182250977
8,7,19.00328413722154,22.90388952637202,22.88727100067265,17.121038262177024,18.084517073556757,-0.29999999999999993,0.1578947368421053,-0.74861524,-0.7620264045852433,-0.6230684250020845,25.335798263549805,24.255353927612305
8,8,19.593629439113663,21.18903946977941,22.642002176278563,18.241171233554255,18.334157681274117,-0.19999999999999996,0.1578947368421053,-0.70297723,-0.6693577867826418,-0.6577443650815709,25.176240921020508,24.350543975830078
8,9,20.874894986570112,20.618129755185592,21.18135671435164,19.298806100836558,18.02681244305609,-0.09999999999999998,0.1578947368421053,-0.81658805,-0.7913388617979843,-0.6078200994969567,25.386268615722656,24.2134952545166
8,10,20.84480415903586,18.881077568381876,20.41708513026526,21.27724936491995,18.579783777397058,0.0,0.1578947368421053,-0.78332805,-0.7881075236894637,-0.701331258164031,25.380704879760742,24.470195770263672
8,11,22.025238364528672,18.454219378413327,19.518406763976607,22.25974714180069,17.742388351280702,0.10000000000000009,0.1578947368421053,-0.76326358,-0.6839060087158616,-0.6869646480086713,25.201290130615234,24.430757522583008
8,12,22.66578412293253,16.77757916139849,19.48030328853235,23.543703750678755,17.532629676457884,0.20000000000000018,0.1578947368421053,-0.73369185,-0.6435525001052372,-0.664959978877741,25.13180923461914,24.370351791381836
8,13,23.343115529735883,15.984907468407496,18.301491285859736,24.960172486075344,17.410313229921545,0.30000000000000004,0.1578947368421053,-0.65455822,-0.715546979025658,-0.5274332286484533,25.255769729614258,23.992822647094727
8,14,23.30981716613512,14.285771451666474,17.762375999903966,26.940884117183337,17.701151265111108,0.40000000000000013,0.1578947368421053,-0.69668926,-0.3042730763180691,-0.6504231399905506,24.547636032104492,24.330446243286133
8,15,24.00761917008913,14.141276130618936,16.756146371651543,28.07840994028436,17.016548387356035,0.5,0.1578947368421053,-0.59943786,-0.5346773425262705,-0.6844994580473027,24.944347381591797,24.42399024963379
8,16,24.373301480667948,14.411861376772672,15.634795295853008,29.027745488652485,16.552296358053887,0.6000000000000001,0.1578947368421053,-0.63774013,-0.6325546513766143,-0.6668345793613296,25.112873077392578,24.375497817993164
8,17,24.717410717877343,13.1298422327168,14.691424571791758,31.863600891413306,15.597721586200796,0.7000000000000002,0.1578947368421053,-0.56666584,-0.5540786643063977,-0.5825254995692171,24.977752685546875,24.144058227539062
8,18,25.88928264734697,11.103182186528622,14.640960824393137,32.73382600176586,15.632748339965408,0.8,0.1578947368421053,-0.5088515,-0.5171835847580983,-0.5568689030321559,24.914226531982422,24.073627471923828
8,19,25.41239036011213,10.022499488647982,13.73431352495999,34.60589799429691,16.22489863198296,0.9000000000000001,0.1578947368421053,-0.45936744,-0.4964097474083937,-0.48040215669381064,24.87845802307129,23.86371612548828
8,20,24.79152426520848,9.74025974025974,13.103212576896786,37.19673515339149,15.168268264243492,1.0,0.1578947368421053,-0.21177863,-0.4856356663513241,-0.42185597954475973,24.859907150268555,23.702999114990234
9,0,12.22835481063812,33.43783899769929,26.85040590317928,9.322064205419196,18.16133608306412,-1.0,0.052631578947368474,-0.29447021,-0.7481096062796742,-0.7293731413801728,25.31183624267578,24.54717445373535
9,1,13.399245011684345,31.373958895080595,26.248427107675717,10.049733357301216,18.92863562825813,-0.9,0.052631578947368474,-0.27860585,-0.7591539809598082,-0.7212591367666268,25.330852508544922,24.524900436401367
9,2,14.15631025713704,30.43846236760896,25.653821125877784,10.834407898151216,18.916998351225004,-0.8,0.052631578947368474,-0.64113234,-0.8107014119518523,-0.6805626580695368,25.419607162475586,24.413183212280273
9,3,15.139791664163592,28.69724021097908,24.989487090146696,11.775660511107638,19.39782052360298,-0.7,0.052631578947368474,-0.78049252,-0.7872922117772692,-0.7643596620438565,25.379301071166992,24.643217086791992
9,4,15.483801192078449,27.987406268025374,24.413574312632186,12.798019611613151,19.31719861565084,-0.6,0.052631578947368474,-0.7861535,-0.7317125316542634,-0.8359272949612295,25.28360366821289,24.839679718017578
9,5,17.149467912931936,25.78114697431676,23.363077992814933,14.350965669094991,19.355341450841387,-0.5,0.052631578947368474,-0.80013201,-0.8206180861882174,-0.8066493427086517,25.436681747436523,24.759307861328125
9,6,17.44824369416239,24.39811990958344,22.977288220731225,15.783430806214344,19.3929173693086,-0.3999999999999999,0.052631578947368474,-0.78332805,-0.8005255216999253,-0.8049387176565409,25.40208625793457,24.75461196899414
9,7,18.25813221406086,23.32455601971926,22.412243362569047,16.909461680096616,19.09560672355422,-0.29999999999999993,0.052631578947368474,-0.80289845,-0.8362253273986897,-0.7700856007337206,25.46355438232422,24.658935546875
9,8,18.9179501319573,21.897033914995863,21.724504667743336,18.381848977823296,19.078662307480204,-0.19999999999999996,0.052631578947368474,-0.8353658,-0.7701108425406714,-0.6496227175453712,25.34971809387207,24.328248977661133
9,9,20.142791140315204,20.8441104577925,21.20661672662368,18.763055951539464,19.04342572372916,-0.09999999999999998,0.052631578947368474,-0.82469004,-0.7812925795538382,-0.8977835524304494,25.36897087097168,25.009483337402344
9,10,20.46662693918143,19.01986242713887,20.0498829880857,21.431925901662638,19.031701743931364,0.0,0.052631578947368474,-0.85111531,-0.6135166751225737,-0.8149842972680026,25.080093383789062,24.782188415527344
9,11,20.778172233237957,18.87251700841813,18.960378993861536,22.053358346294957,19.335573418187423,0.10000000000000009,0.052631578947368474,-0.83271027,-0.8369930055986229,-0.8135536811094745,25.464876174926758,24.778261184692383
9,12,22.066798759068195,17.51276849359404,18.58200648884188,22.88698205701024,18.95144420148564,0.20000000000000018,0.052631578947368474,-0.76326358,-0.7113851218869154,-0.6666587921402962,25.24860382080078,24.375015258789062
9,13,22.046061415220294,16.71872019835972,17.30879267594889,25.51497234407782,18.41145336639329,0.30000000000000004,0.052631578947368474,-0.7184829,-0.6839259484093664,-0.7381576387537867,25.201324462890625,24.5712890625
9,14,22.953632055665533,15.397996520904565,16.674464639193808,26.69665886869414,18.27724791554196,0.40000000000000013,0.052631578947368474,-0.76035543,-0.6191407764516651,-0.712816486478975,25.08977699279785,24.501724243164062
9,15,23.25901999366808,14.817916955544243,15.465937826865812,27.88814125813032,18.568983965791556,0.5,0.052631578947368474,-0.73369185,-0.6369868021384214,-0.7553347600122287,25.12050437927246,24.61844253540039
9,16,23.71300297300225,14.118751579783586,14.819272757910957,30.19101840372648,17.157954285576725,0.6000000000000001,0.052631578947368474,-0.62055847,-0.6870830665476193,-0.6970053639420806,25.20676040649414,24.45832061767578
9,17,23.893366847530547,12.737006199320856,14.294691302824136,31.67937547582506,17.3955601744994,0.7000000000000002,0.052631578947368474,-0.58503907,-0.5886241833033868,-0.5020219004474584,25.037233352661133,23.923065185546875
9,18,23.64299686776195,12.138922558114418,13.86465371368224,33.49814585908529,16.855281001356104,0.8,0.052631578947368474,-0.5088515,-0.5507143949078454,-0.37212834551568885,24.971960067749023,23.566490173339844
9,19,23.65349981990635,11.225837435466442,13.042382038660104,35.551686877176124,16.52659382879097,0.9000000000000001,0.052631578947368474,-0.53248423,-0.5519739188808958,-0.5419867430032517,24.97412872314453,24.032773971557617
9,20,23.861455840054717,9.847738198201824,12.859987529416497,36.98775066878533,16.443067763541645,1.0,0.052631578947368474,-0.16388628,-0.49650279931141594,-0.5243044940385203,24.878618240356445,23.984233856201172
10,0,11.933188400632003,33.32264157667771,25.692291243451297,9.289948560770757,19.761930218468223,-1.0,-0.05263157894736836,-0.17003303,-0.635463631106808,-0.7487000083377338,25.117881774902344,24.600229263305664
10,1,12.556812049550905,31.904687668637354,24.94213865138088,10.395855568480254,20.20050606195062,-0.9,-0.05263157894736836,-0.4464996,-0.8462993036615923,-0.7533364831438815,25.480899810791016,24.612957000732422
10,2,14.136516225289071,30.375040608343056,24.36139620507514,11.11164587118432,20.01540109010841,-0.8,-0.05263157894736836,-0.74861524,-0.8302988073847762,-0.7661071120869347,25.453350067138672,24.648014068603516
10,3,14.519166563373412,30.588131804859717,23.70760145063716,12.32241890146623,18.86268127966349,-0.7,-0.05263157894736836,-0.7861535,-0.8782836798039707,-0.7232560240126733,25.53597068786621,24.53038215637207
10,4,15.43588248683228,28.00261956769146,23.34609840150465,12.532395187343012,20.683004356628583,-0.6,-0.05263157894736836,-0.81114047,-0.8020342918417852,-0.8838484199994442,25.40468406677246,24.971229553222656
10,5,16.831865418705807,25.203980776387446,22.98070035734151,14.257245869364269,20.72620757820097,-0.5,-0.05263157894736836,-0.83271027,-0.8451494480028181,-0.7267002028848559,25.478919982910156,24.539836883544922
10,6,17.016189467924395,24.974127779033388,22.114503907597516,15.024920599045998,20.870258246398706,-0.3999999999999999,-0.05263157894736836,-0.87920303,-0.8595171049337448,-0.7941635863372335,25.503658294677734,24.725032806396484
10,7,17.068161040996355,23.412919847554814,21.4990442494687,18.020349769076425,19.9995250929037,-0.29999999999999993,-0.05263157894736836,-0.87920303,-0.8184889700262096,-0.7985339484728051,25.433015823364258,24.737030029296875
10,8,18.344144272578237,22.92275524508756,20.938769691353624,18.03169624824768,19.76263454273291,-0.19999999999999996,-0.05263157894736836,-0.88420493,-0.7997822142364981,-0.6531356827214363,25.400806427001953,24.337892532348633
10,9,18.93353728007065,21.512964152944285,19.78388479111885,19.847355328568444,19.92225844729777,-0.09999999999999998,-0.05263157894736836,-0.82469004,-0.8316192581990912,-0.6739202634723882,25.455623626708984,24.394948959350586
10,10,19.687882278886924,19.786458271475908,18.96578344160857,21.38742740412594,20.17244860390266,0.0,-0.05263157894736836,-0.86910378,-0.8441192305050724,-0.8649502515216364,25.47714614868164,24.91935157775879
10,11,20.183439046876668,18.262789492218875,18.13696201830433,23.50401816980378,19.912791272796333,0.10000000000000009,-0.05263157894736836,-0.86910378,-0.7810089928017706,-0.7421778160695923,25.36848258972168,24.582324981689453
10,12,20.81326340076831,17.69127389065306,17.59731687301531,24.446664525873857,19.451481309689463,0.20000000000000018,-0.05263157894736836,-0.84851197,-0.7989702256065544,-0.7518982240626998,25.3994083404541,24.6090087890625
10,13,21.233262607736663,17.423670298845614,16.49584636961916,25.99705110224044,18.85016962155812,0.30000000000000004,-0.05263157894736836,-0.80289845,-0.8760615117389406,-0.6749659542536338,25.53214454650879,24.39781951904297
10,14,22.299334705403723,14.951179820992673,16.30091418178337,26.627339300244092,19.82123199157612,0.40000000000000013,-0.05263157894736836,-0.78049252,-0.657031732914452,-0.8139038659292405,25.155017852783203,24.77922248840332
10,15,22.60577907125496,14.2717794550339,15.3451611871562,28.49838493028016,19.278895356274788,0.5,-0.05263157894736836,-0.73369185,-0.6210383706168676,-0.7023303965982046,25.09304428100586,24.472938537597656
10,16,22.364005104183757,13.77049573784656,14.360916993011749,30.2138876999572,19.29069446500074,0.6000000000000001,-0.05263157894736836,-0.70297723,-0.6626968213913031,-0.8164503487951975,25.164772033691406,24.786212921142578
10,17,22.802151622121368,12.553130177941073,14.368561342842735,31.815671301299137,18.46048555579569,0.7000000000000002,-0.05263157894736836,-0.59943786,-0.5255372085758406,-0.6787471165337261,24.92860984802246,24.408199310302734
10,18,22.570163665137528,12.055529958532825,12.890883230833952,34.003485646747734,18.47993749874797,0.8,-0.05263157894736836,-0.5088515,-0.5519573024696418,-0.6122641116144631,24.97410011291504,24.22569465637207
10,19,23.05835831468904,11.022481218956749,12.711874582254366,36.00717221726375,17.2001136668361,0.9000000000000001,-0.05263157894736836,-0.50484348,-0.6463196864593972,-0.7292473805619633,25.136573791503906,24.546829223632812
10,20,22.434361795615697,9.72083448699274,12.7448265899433,37.3496731632739,17.75030396417436,1.0,-0.05263157894736836,-0.34024753,-0.5463708650060595,-0.4871598899419138,24.964481353759766,23.882266998291016
11,0,11.702994988370143,34.44596312015922,24.027048413783184,9.37582428122677,20.44816919646068,-1.0,-0.1578947368421053,-0.30487322,-0.7182454842133016,-0.7560156749395515,25.26041603088379,24.620311737060547
11,1,12.529765822254666,33.97192738934294,23.73248453373859,9.357536885687276,20.40828536897653,-0.9,-0.1578947368421053,-0.59943786,-0.7350502147948095,-0.7422396542619716,25.289350509643555,24.582494735717773
11,2,13.347964165141509,31.351496389682055,23.33070352141161,10.301921097632768,21.66791482613205,-0.8,-0.1578947368421053,-0.74861524,-0.8235569754586683,-0.7860099774881187,25.441741943359375,24.70265007019043
11,3,14.031225617426475,29.64124775083199,23.02630531360965,11.93014442445184,21.37107689368004,-0.7,-0.1578947368421053,-0.82199854,-0.8305247905778301,-0.8008316889469442,25.453739166259766,24.743337631225586
11,4,15.229281778960493,28.74836170390761,22.30074535002768,12.502440015456749,21.21917115164746,-0.6,-0.1578947368421053,-0.92549626,-0.9239112373466029,-0.7234755843361774,25.614532470703125,24.53098487854004
11,5,15.235047503666388,27.3365268124721,21.896719377670085,13.634986928521329,21.896719377670085,-0.5,-0.1578947368421053,-0.91116652,-0.8502761647550409,-0.8066486478975015,25.487747192382812,24.759305953979492
11,6,16.572402017170624,25.37384126124907,21.127752813013696,15.3074911539824,21.61851275458421,-0.3999999999999999,-0.1578947368421053,-0.89411529,-0.9032902709804347,-0.8653233651093633,25.57902717590332,24.92037582397461
11,7,17.03402040986437,23.684492551709354,20.576572714607224,17.062598983079102,21.64231534073995,-0.29999999999999993,-0.1578947368421053,-0.89902451,-0.924704394043792,-0.7955580723159446,25.61589813232422,24.72886085510254
11,8,17.309403561781444,22.792079129605973,19.43792984801325,18.232081344349044,22.22850611625028,-0.19999999999999996,-0.1578947368421053,-0.91597186,-0.8608907282640724,-0.8559524471248715,25.506023406982422,24.894651412963867
11,9,18.180485795319505,21.211953163373632,18.97667675439292,20.61500800152108,21.015876285392864,-0.09999999999999998,-0.1578947368421053,-0.92785963,-0.9125411810058911,-0.7501945471220922,25.594955444335938,24.604331970214844
11,10,18.98705652589881,20.364030267329785,17.875752136819717,21.13415511611174,21.63900595383995,0.0,-0.1578947368421053,-0.88669413,-0.8366872636315499,-0.8569369945248881,25.4643497467041,24.897354125976562
11,11,19.685933924994657,19.077910870787186,18.144500478976497,22.505561669213293,20.58609305602837,0.10000000000000009,-0.1578947368421053,-0.88669413,-0.9087747944549928,-0.7830299324643561,25.588470458984375,24.694469451904297
11,12,19.44630400595764,17.878858700173105,17.09097679135192,24.6509195916799,20.932940910837434,0.20000000000000018,-0.1578947368421053,-0.82737245,-0.8151878429904224,-0.8817438370250966,25.427331924438477,24.965452194213867
11,13,21.046726583804805,16.59566312780238,16.152473278846273,25.524940408932476,20.68019660061408,0.30000000000000004,-0.1578947368421053,-0.76035543,-0.6414222761824793,-0.7646000667018704,25.128141403198242,24.643877029418945
11,14,20.592234054853616,16.470438135184377,15.469293856379055,27.0683736488938,20.399660304689142,0.40000000000000013,-0.1578947368421053,-0.76326358,-0.815668611156037,-0.7942962952669465,25.428159713745117,24.72539710998535
11,15,21.47829525167444,14.971064329447287,14.834473586465537,29.036316363331377,19.67985046908137,0.5,-0.1578947368421053,-0.71231688,-0.695425612757859,-0.7960027514521553,25.22112464904785,24.73008155822754
11,16,21.66938248019329,13.714189389865064,14.242769648175054,30.42848313118583,19.945175350580755,0.6000000000000001,-0.1578947368421053,-0.69668926,-0.5994735920914744,-0.6426565409521692,25.0559139251709,24.309125900268555
11,17,21.730987332875426,13.4418478347683,13.510135297030493,32.310352539015696,19.00667699631008,0.7000000000000002,-0.1578947368421053,-0.66776108,-0.6805727566183166,-0.5946172980183986,25.1955509185791,24.1772518157959
11,18,21.88018167399611,11.949390815370196,12.96950472208204,34.55891187849951,18.642010910052143,0.8,-0.1578947368421053,-0.62747576,-0.602251856053137,-0.6043085239431922,25.060697555541992,24.203855514526367
11,19,21.817876840621267,11.202479322339858,12.519219940013818,35.703759320422854,18.75666457660219,0.9000000000000001,-0.1578947368421053,-0.5088515,-0.5158996900485421,-0.46524693588282706,24.912015914916992,23.822113037109375
11,20,21.379625399725903,10.0141857613426,12.395710610468612,37.97937053689501,18.231107691567885,1.0,-0.1578947368421053,-0.34024753,-0.5807867759952676,-0.4396570412161974,25.023738861083984,23.75186538696289
12,0,11.507083565889632,34.72312935671959,22.650785545488013,9.286418316331984,21.832583215570786,-1.0,-0.26315789473684204,-0.39283798,-0.8859781859753058,-0.8597871098635391,25.549219131469727,24.90517807006836
12,1,12.60321356839991,33.737686103229514,22.80342398061657,9.461775113973284,21.393901233780728,-0.9,-0.26315789473684204,-0.55919595,-0.8578942354346077,-0.7436410883521859,25.500864028930664,24.586341857910156
12,2,12.796231236026829,31.661210475886296,22.349089747684445,11.173746406898752,22.01972213350367,-0.8,-0.26315789473684204,-0.7861535,-0.9325916505856731,-0.7332168366637948,25.629478454589844,24.55772590637207
12,3,13.215294737346166,30.52722310012929,21.760522913374515,11.733227984484984,22.76373126466504,-0.7,-0.26315789473684204,-0.88669413,-0.851475869647577,-0.7907770767905283,25.48981285095215,24.715736389160156
12,4,14.488000478783889,28.996349272846967,21.42677598898797,12.747621042551918,22.34125321682925,-0.6,-0.26315789473684204,-0.93256539,-0.8957320193813821,-0.7674077985603514,25.56601333618164,24.65158462524414
12,5,14.788208173915828,26.534009957257425,20.91264187490995,14.598908223542027,23.166231770374758,-0.5,-0.26315789473684204,-0.94189415,-0.9314794587924079,-0.8222596648231011,25.6275634765625,24.802160263061523
12,6,15.22034183311914,25.421285897882456,20.672135676279478,15.511008083404397,23.17522850931453,-0.3999999999999999,-0.26315789473684204,-0.93957221,-0.898104842908448,-0.7264980128401101,25.570098876953125,24.539281845092773
12,7,16.42121117938174,24.38616204843761,19.584239845076144,17.128888038826588,22.479498888277902,-0.29999999999999993,-0.26315789473684204,-0.91597186,-0.9020717341551441,-0.8379547538978905,25.576929092407227,24.845245361328125
12,8,17.05041432095642,22.88451198684294,18.36691125308369,18.89667278132709,22.801489657789865,-0.19999999999999996,-0.26315789473684204,-0.90875291,-0.8997476521010899,-0.7100240404658014,25.572927474975586,24.49405860900879
12,9,17.75977290200485,21.81678396120409,18.80655272340174,19.291501567212727,22.32538884617659,-0.09999999999999998,-0.26315789473684204,-0.94189415,-0.8927333110304169,-0.7834968455573775,25.560850143432617,24.695751190185547
12,10,18.1973889844823,20.227871880278467,17.517798790787253,21.544035234502022,22.51290510994996,0.0,-0.26315789473684204,-0.96249195,-0.8939108607079478,-0.778004363414024,25.562877655029297,24.680673599243164
12,11,18.254301300881245,19.88733085772651,16.507256589521692,23.51602150452498,21.835089747345584,0.10000000000000009,-0.26315789473684204,-0.96249195,-0.9294522566194243,-0.8468934993468775,25.624073028564453,24.869783401489258
12,12,19.411757697546875,18.73503282353922,15.6552197965854,24.377186746676937,21.820802935651564,0.20000000000000018,-0.26315789473684204,-0.89411529,-0.9134041266303469,-0.7470776243017148,25.5964412689209,24.595775604248047
12,13,19.742201332264138,17.61399274320966,15.648942842851588,25.266174941048508,21.72868814062612,0.30000000000000004,-0.26315789473684204,-0.94189415,-0.8258910273594751,-0.7802305383396793,25.44576072692871,24.686784744262695
12,14,19.998325398913902,16.16588119901438,15.139589961962631,26.956292911652834,21.739910528456257,0.40000000000000013,-0.26315789473684204,-0.85629655,-0.7648877506031757,-0.8158757399738751,25.34072494506836,24.784635543823242
12,15,20.17640838300327,14.810853681984232,14.21481445875793,29.46188233032109,21.336041145933475,0.5,-0.26315789473684204,-0.84327957,-0.728830138182076,-0.6792376532058586,25.278640747070312,24.4095458984375
12,16,20.47815136129213,14.47647223443809,13.608123775636669,30.31023867588853,21.127013952744573,0.6000000000000001,-0.26315789473684204,-0.82469004,-0.669718916787228,-0.7376858619827131,25.176862716674805,24.56999397277832
12,17,20.579103617697196,13.365314598020312,12.873192551752837,32.71131240547656,20.47107682705311,0.7000000000000002,-0.26315789473684204,-0.72764315,-0.7309681164300859,-0.621352241460771,25.28232192993164,24.250642776489258
12,18,20.926756352765324,12.807174887892376,12.660089686098653,33.37877428998505,20.227204783258596,0.8,-0.26315789473684204,-0.65455822,-0.6901072533958406,-0.726923932075262,25.21196746826172,24.540451049804688
12,19,20.23611400041606,11.425645292922178,12.374981997407628,36.67048054919909,19.29277816005505,0.9000000000000001,-0.26315789473684204,-0.59943786,-0.5962189910071982,-0.5211319863261166,25.050310134887695,23.97552490234375
12,20,19.89589007929302,10.08413534289692,12.315235155256946,38.24465831366141,19.460081108891718,1.0,-0.26315789473684204,-0.43780383,-0.4711860351248779,-0.7231761207303855,24.83502769470215,24.530162811279297
13,0,11.3859350214441,34.757064802303034,22.736619470066387,9.188649315551377,21.9317313906351,-1.0,-0.36842105263157876,-0.45936744,-0.8965916417235871,-0.8010832105833634,25.567493438720703,24.744028091430664
13,1,11.926770062300454,34.25329140110252,22.0658399799108,9.35104691068674,22.403051645999497,-0.9,-0.36842105263157876,-0.63774013,-0.8556200026143154,-0.7911488007559545,25.4969482421875,24.71675682067871
13,2,12.108637798197352,32.35433765176694,21.67489257115042,10.26369443524544,23.598437543639854,-0.8,-0.36842105263157876,-0.83271027,-0.8251455043745473,-0.8977988382757567,25.444477081298828,25.009525299072266
13,3,12.98803092045541,30.89846077557076,20.8965012536941,11.984675739119655,23.23233131116008,-0.7,-0.36842105263157876,-0.96924095,-0.9102248532770886,-0.8577186570690086,25.590967178344727,24.899499893188477
13,4,13.65728532387208,29.648319509037734,20.381646449633216,12.765498393824616,23.547250323632355,-0.6,-0.36842105263157876,-0.95340321,-0.889789990716965,-0.7901149217642645,25.555782318115234,24.713918685913086
13,5,14.407672597523888,27.17378289710003,20.111832179889365,14.784836801647549,23.52187552383917,-0.5,-0.36842105263157876,-1.0,-0.9061693411703714,-0.8077186570690087,25.583984375,24.762243270874023
13,6,15.425359030227156,25.478205390569517,19.140253518074903,15.886410420002168,24.069771641126263,-0.3999999999999999,-0.36842105263157876,-0.93256539,-0.9091713728035874,-0.7623447097079014,25.589153289794922,24.637685775756836
13,7,15.78562523973916,24.3515055619486,19.14197353279632,16.83688147295742,23.884014192558496,-0.29999999999999993,-0.36842105263157876,-1.0,-0.9603377340975405,-0.8171465495678275,25.6772518157959,24.788124084472656
13,8,16.319055331382437,23.52761817267446,18.56074255641837,18.255039935374786,23.337544004149954,-0.19999999999999996,-0.36842105263157876,-1.0,-0.9366261152381353,-0.8623773658319669,25.636425018310547,24.912288665771484
13,9,16.536727763766702,22.382191155152213,17.71153960720456,19.54564410111801,23.823897372758505,-0.09999999999999998,-0.36842105263157876,-1.0,-0.8729675359634528,-0.7437216864456241,25.526817321777344,24.586563110351562
13,10,17.777636786130653,20.931311513113545,16.780737721169633,20.97374118692056,23.536572792665616,0.0,-0.36842105263157876,-1.0,-0.8977769457263698,-0.7516724104388427,25.569534301757812,24.608388900756836
13,11,17.695910653874982,20.226617435344227,16.126563101097393,22.660553733397315,23.29035507628608,0.10000000000000009,-0.36842105263157876,-0.94189415,-0.9608794291044197,-0.8503314249187071,25.678184509277344,24.879220962524414
13,12,17.920726297656323,18.76812660876761,15.106402447514888,24.758013502707303,23.44673114335388,0.20000000000000018,-0.36842105263157876,-0.95340321,-0.8364812201320008,-0.8406832772852338,25.4639949798584,24.85273551940918
13,13,18.960433079529952,16.52856188307973,14.778478860165404,26.82420348016052,22.90832269706439,0.30000000000000004,-0.36842105263157876,-0.93256539,-0.7471669018811993,-0.8539187348878575,25.310213088989258,24.889068603515625
13,14,19.575168502877467,16.543918878329507,13.963211706895102,26.7357898910288,23.181911020869126,0.40000000000000013,-0.36842105263157876,-0.87920303,-0.8945821637226078,-0.8205608515605458,25.56403350830078,24.797496795654297
13,15,19.217795277481,15.407608369446477,13.537327587241757,29.43111292510473,22.406155840726026,0.5,-0.36842105263157876,-0.7184829,-0.7260175336371552,-0.7441927684055474,25.2737979888916,24.58785629272461
13,16,19.338269042725152,13.637724252160204,13.254574843846662,31.840114944822496,21.929316916445494,0.6000000000000001,-0.36842105263157876,-0.70297723,-0.6468658125092775,-0.8041376004002112,25.137514114379883,24.752412796020508
13,17,20.102327511892984,13.738785479390824,11.849477986015772,32.96789693815651,21.341512084543915,0.7000000000000002,-0.36842105263157876,-0.74861524,-0.7684503091760254,-0.7032385147716851,25.346858978271484,24.475431442260742
13,18,19.944093922210687,12.524958070441658,11.691158853126748,34.56952320102229,21.270265953198628,0.8,-0.36842105263157876,-0.63774013,-0.6548151036531734,-0.7283774770017509,25.151201248168945,24.54444122314453
13,19,19.59070304327438,10.527011915783904,11.817187105462503,37.3056621015547,20.759435833924517,0.9000000000000001,-0.36842105263157876,-0.60654061,-0.6221782564288895,-0.7949285734137461,25.095006942749023,24.72713279724121
13,20,20.609078720551626,10.58226393411224,11.764987550277723,36.12454510630147,20.919124688756945,1.0,-0.36842105263157876,-0.49269672,-0.5994270661399633,-0.7169401906561796,25.05583381652832,24.513044357299805
14,1,11.537408270261905,34.2074034679695,20.49229450355806,9.872481277012897,23.89041248119764,-0.9,-0.4736842105263157,-0.57406617,-0.9007690075128334,-0.753708901920458,25.57468605041504,24.61397933959961
14,2,11.948344434328432,33.09334419473861,20.4525851741818,10.385020844314534,24.120705352436637,-0.8,-0.4736842105263157,-0.73969487,-0.8197152611767521,-0.8618694588810761,25.43512725830078,24.9108943939209
14,3,12.545678923594888,30.95982650995052,20.2077567305273,11.742928004025735,24.54380983190156,-0.7,-0.4736842105263157,-0.90633195,-0.8619641484310785,-0.8979100080598094,25.507871627807617,25.009830474853516
14,4,13.0764,30.294,19.494,12.553599999999998,24.582,-0.6,-0.4736842105263157,-0.89164926,-0.9369606589847151,-0.8068473638864957,25.637001037597656,24.759851455688477
14,5,14.104611099773107,28.57177156988679,18.83936181706863,14.144227421697735,24.340028091573725,-0.5,-0.4736842105263157,-0.89411529,-0.8900735774690326,-0.7963036046802479,25.556270599365234,24.730907440185547
14,6,14.258420634000696,25.58265950941088,18.73463661471927,15.937551211284267,25.486732030584875,-0.3999999999999999,-0.4736842105263157,-1.0,-0.8906141647151615,-0.8095383674717211,25.557201385498047,24.76723861694336
14,7,14.959895616534858,24.90314110979476,17.351749863917263,17.431798533508374,25.35341487624476,-0.29999999999999993,-0.4736842105263157,-0.96924095,-0.9380639886919783,-0.9324476807203802,25.638900756835938,25.10464096069336
14,8,16.17600153100281,23.688680147996934,17.202251849961726,17.92868078591477,25.004385685123754,-0.19999999999999996,-0.4736842105263157,-1.0,-0.8445767356949315,-0.9605166615713849,25.477933883666992,25.18169403076172
14,9,16.723454502804934,22.60845018904982,16.331041940831977,19.90370585358678,24.43334751372649,-0.09999999999999998,-0.4736842105263157,-0.90633195,-0.9593529347905557,-0.8183256440899364,25.675556182861328,24.79136085510254
14,10,16.472871299728,21.80197878060031,16.169850637059188,21.033292506402404,24.52200677621009,0.0,-0.4736842105263157,-0.92549626,-0.978171574416044,-0.8094855618242962,25.707958221435547,24.767093658447266
14,11,17.041122653197373,19.84656437625084,15.32450204898504,22.80091489564472,24.986896025922047,0.10000000000000009,-0.4736842105263157,-0.92549626,-1.0,-0.8695207192685028,25.745542526245117,24.93189811706543
14,12,17.470182497485272,18.21981127556641,14.82612444316712,24.95329788762753,24.53058389615366,0.20000000000000018,-0.4736842105263157,-0.87669022,-0.8744054094172957,-0.9345015424807537,25.529293060302734,25.110279083251953
14,13,17.937214322756496,17.52957777054163,14.43250479395058,26.155070733383983,23.94563237936732,0.30000000000000004,-0.4736842105263157,-0.88420493,-0.8334492789585276,-0.8166462855395903,25.45877456665039,24.78675079345703
14,14,18.089707600930087,16.48735587870318,13.4199968675831,27.491777405635943,24.51116224714769,0.40000000000000013,-0.4736842105263157,-0.88669413,-0.8225334045254242,-0.8397723798671521,25.439979553222656,24.850234985351562
14,15,18.85958950659236,15.699333967649858,12.614636720530267,29.51730644684134,23.30913335838617,0.5,-0.4736842105263157,-0.82737245,-0.8636700999864854,-0.7968580639782107,25.51080894470215,24.73242950439453
14,16,18.61425108599132,14.483884128926968,12.290301677586582,31.457748338013296,23.153814769481844,0.6000000000000001,-0.4736842105263157,-0.8056553,-0.7260972924111742,-0.711841666435063,25.273935317993164,24.499048233032227
14,17,18.04919680316493,13.830618788584555,12.171183818016496,33.28281780911513,22.66618278111889,0.7000000000000002,-0.4736842105263157,-0.74861524,-0.663404680510722,-0.8001236763847587,25.165990829467773,24.74139404296875
14,18,18.528206782049903,11.980267794221284,11.574157021535814,35.706692466645165,22.21067593554783,0.8,-0.4736842105263157,-0.71540587,-0.6608501842206128,-0.8299866596259137,25.161592483520508,24.82337188720703
14,19,17.777404129084946,10.82113303628262,11.6378223220398,37.26264967632682,22.500990836265807,0.9000000000000001,-0.4736842105263157,-0.65455822,-0.5156615214872353,-0.6791139768211,24.911605834960938,24.40920639038086
15,1,11.528760430216694,34.08063390335988,19.573907801643458,9.528379707478027,25.28831815730194,-0.9,-0.5789473684210527,-0.5207557,-0.7854788074290867,-0.7987090408826881,25.376178741455078,24.737510681152344
15,2,11.538553136089035,33.19864411085266,19.097555747842723,10.772094721717243,25.39315228349832,-0.8,-0.5789473684210527,-0.74565289,-0.8956411829998604,-0.788006169923015,25.56585693359375,24.7081298828125
15,3,11.904894526183446,31.24825934384225,19.14284122828656,11.248020625283475,26.45598427640426,-0.7,-0.5789473684210527,-0.89657369,-0.906859476117786,-0.8620181484672466,25.585172653198242,24.91130256652832
15,4,13.268507277906656,29.93497361683714,18.447780569010902,12.800942341670972,25.547796194574325,-0.6,-0.5789473684210527,-0.92312584,-0.835794408466837,-0.8589561157277452,25.462812423706055,24.902896881103516
15,5,13.13459527212052,28.196028964449088,18.54507133333865,14.335326568575008,25.78897786151672,-0.5,-0.5789473684210527,-0.93490787,-0.8940227445437244,-0.828700564186654,25.56307029724121,24.819841384887695
15,6,13.934921543282258,26.32832165453432,17.680674555692065,15.27754989335009,26.778532353141276,-0.3999999999999999,-0.5789473684210527,-1.0,-0.9652251745277062,-0.7561122536894472,25.685667037963867,24.620576858520508
15,7,14.672897196261683,24.544692068056555,17.31488138030194,16.490534387730648,26.976994967649176,-0.29999999999999993,-0.5789473684210527,-0.85111531,-0.8812923580016883,-0.9040827103193352,25.54115104675293,25.026775360107422
15,8,15.02378577304756,23.916922673385766,16.982684275159862,17.98379308563275,26.092814192774057,-0.19999999999999996,-0.5789473684210527,-0.94651779,-0.8811926595341645,-0.8548067035379784,25.540979385375977,24.89150619506836
15,9,15.316880364015969,22.86056945230259,15.541601255886972,20.623321566033677,25.65762736176079,-0.09999999999999998,-0.5789473684210527,-1.0,-0.9546250119084281,-0.7975709402184487,25.667415618896484,24.734386444091797
15,10,16.20368531040675,20.768607321356207,14.921216359027738,21.688345742187185,26.41814526702212,0.0,-0.5789473684210527,-0.94189415,-0.9275225373924642,-0.8621981045551819,25.620750427246094,24.91179656982422
15,11,16.493466160204495,19.798609618003297,14.87135383071741,22.86246685300652,25.97410353806828,0.10000000000000009,-0.5789473684210527,-0.94189415,-0.8278074534574321,-1.0,25.449060440063477,25.290081024169922
15,12,17.045589952575018,19.041490908224304,14.013012082648176,24.155763685326857,25.744143371225665,0.20000000000000018,-0.5789473684210527,-0.89411529,-0.8679947979555167,-0.8989911342097218,25.51825523376465,25.012798309326172
15,13,17.116430816355834,18.205277516312755,13.741006046489368,26.174997208085387,24.762288412756657,0.30000000000000004,-0.5789473684210527,-0.92312584,-0.9481268873473783,-0.8238889969706233,25.656227111816406,24.80663299560547
15,14,17.694328109610105,16.846307225394185,12.96535045924455,27.63595160114992,24.85806260460125,0.40000000000000013,-0.5789473684210527,-0.68396209,-0.8388717678310709,-0.7417477279675384,25.468111038208008,24.581144332885742
15,15,18.140860426244885,15.740677646794746,12.64785695103034,29.5950393015901,23.87556567433993,0.5,-0.5789473684210527,-0.80289845,-0.813253692720461,-0.6861274005725244,25.424001693725586,24.42845916748047
15,16,17.819302946920292,15.072065559890897,11.857570178556454,31.29510337583917,23.9559579387932,0.6000000000000001,-0.5789473684210527,-0.80013201,-0.7960933709381183,-0.7604020177315806,25.394454956054688,24.632352828979492
15,17,17.823647979771877,13.58480664411146,11.557223562900797,33.85427641125746,23.18004540195841,0.7000000000000002,-0.5789473684210527,-0.79457007,-0.6337776192449059,-0.714563241710903,25.114978790283203,24.506519317626953
15,18,17.114014063268833,12.850986492277896,11.535531182044728,35.36293074713099,23.13653751527753,0.8,-0.5789473684210527,-0.71540587,-0.6984143512620719,-0.7516682415719408,25.22627067565918,24.60837745666504
15,19,16.183670768823607,11.043343318055506,12.237901042982426,37.32361326644772,23.211471603690736,0.9000000000000001,-0.5789473684210527,-0.63774013,-0.607161451698308,-0.6889677885550707,25.069150924682617,24.436256408691406
16,2,11.527708932289084,33.67304451273917,18.25874888470308,10.088628928323583,26.451868741945077,-0.8,-0.6842105263157894,-0.57406617,-0.8668615587079965,-0.7979016703260053,25.51630401611328,24.735294342041016
16,3,11.585504369970948,30.58979662597592,18.10279893351188,11.379858678367746,28.342041392173503,-0.7,-0.6842105263157894,-0.7184829,-0.8708860535137063,-0.9060504154970679,25.52323341369629,25.032176971435547
16,4,12.443863021784738,30.816508858275565,17.621227954021524,12.178633249044772,26.9397669168734,-0.6,-0.6842105263157894,-0.78332805,-0.926301785045673,-0.8775833078569245,25.618648529052734,24.954030990600586
16,5,12.883171020950876,28.30584204789114,17.227872210443095,13.77439177776979,27.808722942945103,-0.5,-0.6842105263157894,-0.81658805,-0.8681210826810469,-0.8679997776604319,25.51847267150879,24.927722930908203
16,6,13.677231422981045,26.426562206154795,17.181166698010156,14.595929081022248,28.119110591831756,-0.3999999999999999,-0.6842105263157894,-0.88420493,-0.9611463994452334,-0.9100685083794224,25.67864418029785,25.0432071685791
16,7,14.217268408074894,24.63965679690476,16.302948900426998,16.327406130345004,28.51271976424833,-0.29999999999999993,-0.6842105263157894,-0.93957221,-0.9084679447271696,-0.8835628526166588,25.587942123413086,24.97044563293457
16,8,14.866891265696411,23.835472592686877,15.350163676211462,17.661120635135298,28.28635183026996,-0.19999999999999996,-0.6842105263157894,-0.93256539,-0.8714643046253442,-0.9067000639226258,25.524229049682617,25.033960342407227
16,9,14.78887531486647,23.03449702941141,15.274754573273857,19.02052153428015,27.881351548168094,-0.09999999999999998,-0.6842105263157894,-0.87669022,-0.8696752710136676,-0.9186320558072316,25.521148681640625,25.066715240478516
16,10,15.47373072651053,22.435476358251023,14.539765194854828,20.49349687682881,27.0575308435548,0.0,-0.6842105263157894,-0.89164926,-0.9286712852904881,-0.8158479475278619,25.62272834777832,24.78455924987793
16,11,15.661968687222986,20.42943464812984,13.732023851280251,23.337903765823796,26.838669047543128,0.10000000000000009,-0.6842105263157894,-0.90633195,-0.9007955937708397,-0.8053889552819543,25.574731826782227,24.755847930908203
16,12,15.91812329340482,18.7032866282662,13.650768341538278,24.46814023478764,27.25968150200307,0.20000000000000018,-0.6842105263157894,-0.90633195,-0.9448966569996079,-0.7767015925071565,25.650665283203125,24.67709732055664
16,13,16.03729491988543,18.234004050669316,13.26654123173903,25.311889553347797,27.15027024435842,0.30000000000000004,-0.6842105263157894,-0.93256539,-0.8997044494318295,-0.8824358689308246,25.572853088378906,24.96735191345215
16,14,16.78404132443532,16.976546457905545,12.90385972792608,27.34134368583162,25.99420880390144,0.40000000000000013,-0.6842105263157894,-0.87920303,-0.765459355150312,-0.8424140518607043,25.34170913696289,24.857486724853516
16,15,17.201297061570347,14.82041148436592,11.9837907385956,29.59432756015344,26.400173155314704,0.5,-0.6842105263157894,-0.84327957,-0.7155857506519172,-0.8444720824879798,25.255836486816406,24.863136291503906
16,16,16.985817027602554,13.831411466913094,11.763027843625698,32.05311583430431,25.36662782755434,0.6000000000000001,-0.6842105263157894,-0.74861524,-0.711081595441343,-0.8214793919012813,25.24808120727539,24.800018310546875
16,17,16.654727793696278,13.4968958930277,11.568767908309455,32.98710601719198,25.2925023877746,0.7000000000000002,-0.6842105263157894,-0.74861524,-0.6963749637208354,-0.8177371390456074,25.222759246826172,24.789745330810547
16,18,16.234056160928695,11.28286814128323,11.693154255511711,35.73230037770457,25.057621064571794,0.8,-0.6842105263157894,-0.70297723,-0.5197646673062138,-0.759280592534949,24.918670654296875,24.629274368286133
17,3,11.554421444243062,31.92669083277688,16.57326147095297,11.011876371267766,28.93374988075933,-0.7,-0.7894736842105261,-0.73369185,-0.8660418157528009,-0.903710986353909,25.514892578125,25.025754928588867
17,4,12.04503849136243,30.067629683515467,16.666400198252504,12.544267065303416,28.676664561566195,-0.6,-0.7894736842105261,-0.83271027,-0.8200232186653256,-0.7959179844918152,25.435657501220703,24.729848861694336
17,5,12.54207241846036,28.303807778456523,16.152215314959218,13.434426916765483,29.56747757135842,-0.5,-0.7894736842105261,-0.91597186,-0.9445410657987731,-0.8732059976098496,25.650053024291992,24.942014694213867
17,6,12.849686094340075,26.47752146826065,16.052485988502152,14.510619873475571,30.109686575421545,-0.3999999999999999,-0.7894736842105261,-0.91597186,-0.9178983119941687,-0.9292195881159501,25.60417938232422,25.095779418945312
17,7,13.408805638698466,26.775369315438837,14.85951530365936,15.58607704933861,29.37023269286473,-0.29999999999999993,-0.7894736842105261,-0.90633195,-0.8744530431295571,-0.8348760456907812,25.529375076293945,24.836793899536133
17,8,13.29005658142901,23.58955137585779,14.397760667333896,18.607674180287013,30.11495719509229,-0.19999999999999996,-0.7894736842105261,-0.89902451,-0.8969328320346684,-0.8240494983463494,25.56808090209961,24.80707359313965
17,9,14.38510920632644,22.965008547621608,13.97625793494244,19.498141041733916,29.175483269375608,-0.09999999999999998,-0.7894736842105261,-0.91597186,-0.9553771814578574,-0.9026597370834607,25.668710708618164,25.022869110107422
17,10,14.29094819003624,21.629962964437897,13.637449723228864,20.950579427342603,29.49105969495441,0.0,-0.7894736842105261,-1.0,-0.9342787702083255,-0.8920909646758011,25.632383346557617,24.99385643005371
17,11,14.61760972756608,19.88644276182026,13.54331209937651,23.07193417340756,28.8807012378296,0.10000000000000009,-0.7894736842105261,-1.0,-0.8963368567510264,-0.8840943831466608,25.567054748535156,24.971904754638672
17,12,15.319749253778928,18.79998884155405,12.4922787539204,24.461704612024818,28.9262785387218,0.20000000000000018,-0.7894736842105261,-0.89902451,-0.9085122551571801,-0.9558767127094856,25.5880184173584,25.168956756591797
17,13,16.06111013832954,18.1647060696264,12.145222139093615,25.328313780423745,28.300647872526703,0.30000000000000004,-0.7894736842105261,-0.81114047,-0.8083596057257938,-0.9076019287957533,25.41557502746582,25.036436080932617
17,14,15.772108406653397,16.274243786526235,12.499197225611717,26.90980026973219,28.54465031147646,0.40000000000000013,-0.7894736842105261,-0.87669022,-0.8410152848828322,-0.8534462633056336,25.4718017578125,24.887771606445312
17,15,15.569869730327357,15.935201653607653,11.644955054559436,28.78310820554727,28.06686535595827,0.5,-0.7894736842105261,-0.67752126,-0.8061872868945257,-0.832128762402379,25.411834716796875,24.829252243041992
17,16,15.651425771836674,14.219878354317943,11.579043802801754,32.56551301098954,25.98413906005409,0.6000000000000001,-0.7894736842105261,-0.76904816,-0.6967449558114237,-0.9124676912815097,25.22339630126953,25.049793243408203
17,17,14.730139891823404,12.473587349192282,11.655647195146887,34.142586214500795,26.99803934933663,0.7000000000000002,-0.7894736842105261,-0.63774013,-0.5796158728822384,-0.7821058336344182,25.0217227935791,24.691932678222656
18,4,11.628232564651292,30.498609972199443,15.685513710274204,10.969019380387609,31.218624372487447,-0.6,-0.894736842105263,-0.69983946,-0.8510261187829697,-0.9448125399516412,25.489038467407227,25.13858413696289
18,5,11.9827743890316,29.202420810701195,15.098653602983866,13.26714011913188,30.449011078151468,-0.5,-0.894736842105263,-0.80840262,-0.8773764237495043,-0.896122258970012,25.534408569335938,25.00492286682129
18,6,12.279559782543185,27.151966634120477,15.007413300546055,14.202196265625188,31.358864017165107,-0.3999999999999999,-0.894736842105263,-0.80289845,-0.8853279304149008,-0.9391699785998165,25.548099517822266,25.12309455871582
18,7,13.01838238241448,25.246715141214853,14.556393750150315,15.642661878001263,31.53584684821908,-0.29999999999999993,-0.894736842105263,-0.84065039,-0.8235580832194186,-0.9049150940774298,25.441743850708008,25.02906036376953
18,8,13.236211031175063,23.95083932853717,13.935251798561152,17.1810551558753,31.696642685851323,-0.19999999999999996,-0.894736842105263,-0.80013201,-0.9133465230713331,-0.9409042272310386,25.596342086791992,25.12785530090332
18,9,13.571585529075689,22.71919135420204,13.351045765996124,18.75746618989592,31.60071116083022,-0.09999999999999998,-0.894736842105263,-0.80289845,-0.8797237687793141,-0.9718622328451128,25.538450241088867,25.212839126586914
18,10,13.682418321193722,23.026799957037326,12.881641810638031,20.36510317008843,30.04403674104248,0.0,-0.894736842105263,-0.92549626,-0.8697805082849427,-0.8998394986242739,25.521329879760742,25.015127182006836
18,11,14.479854531534118,19.930136855201454,12.499999999999998,22.21982964877021,30.870178964494205,0.10000000000000009,-0.894736842105263,-0.92074833,-0.8438179195810006,-0.8793224201661989,25.476627349853516,24.958805084228516
18,12,15.0328070942856,18.75969300512984,12.218554897204438,23.6215055473814,30.367439455998724,0.20000000000000018,-0.894736842105263,-0.87416945,-0.7466229913528196,-0.8908667074289208,25.309276580810547,24.990495681762695
18,13,14.482684353898865,17.39142573396563,12.254763148763397,25.497453405496817,30.373673357875298,0.30000000000000004,-0.894736842105263,-0.85111531,-0.8153927787292212,-0.9174529612851227,25.427684783935547,25.063478469848633
18,14,14.595559271347494,16.502001704262266,11.85105390935254,26.947441194912937,30.103943920124763,0.40000000000000013,-0.894736842105263,-0.83801249,-0.7898046131588684,-0.8798998082321225,25.38362693786621,24.960390090942383
18,15,14.878693250060053,15.313475858755703,11.638241652654337,29.4463127552246,28.723276483305305,0.5,-0.894736842105263,-0.8353658,-0.7453978079630273,-0.852650009727356,25.307167053222656,24.88558578491211
18,16,14.875715486530838,13.064884121202416,11.635912420445903,31.705960052835923,28.717527918984903,0.6000000000000001,-0.894736842105263,-0.71540587,-0.615086372105698,-0.8593639698729886,25.082796096801758,24.904016494750977
19,5,11.582873126299932,28.44916206459633,14.63458366205264,12.730402352434911,32.60297879461616,-0.5,-1.0,-0.45081207,-0.8618589111598034,-0.9689891887385009,25.5076904296875,25.204952239990234
19,6,11.66795106444466,27.736971390039493,14.24356998362393,13.8462094210577,32.50529814083421,-0.3999999999999999,-1.0,-0.72460145,-0.7668086077441338,-0.9490967455045719,25.344032287597656,25.150344848632812
19,7,12.489218491797992,25.694248518802144,14.219499415581796,14.702349764217482,32.89468380960057,-0.29999999999999993,-1.0,-0.84065039,-0.9128291988009598,-0.9356229676773853,25.59545135498047,25.113357543945312
19,8,12.542310197058992,24.4997145820436,13.183897603293165,16.711824343337703,33.06225327426656,-0.19999999999999996,-1.0,-0.79177444,-0.7634022434370714,-0.99548511714516,25.338167190551758,25.277687072753906
19,9,12.738147629525908,22.44448889777956,12.78975795159032,19.12302460492098,32.904580916183235,-0.09999999999999998,-1.0,-0.82199854,-0.7830483803430071,-0.9085850865734694,25.371994018554688,25.039134979248047
19,10,13.34571939954273,20.931517600092896,12.80035876881434,20.158723167416102,32.76368106413393,0.0,-1.0,-0.89164926,-0.9000988122589235,-0.9177920291264834,25.573532104492188,25.064409255981445
19,11,13.49149886891392,20.79120070982646,11.8668116162141,21.81837075642881,32.032118048616724,0.10000000000000009,-1.0,-0.86910378,-0.8468853090984821,-0.9395646313332037,25.481908798217773,25.124177932739258
19,12,13.144722176725084,19.253278790033598,12.02655789965684,23.39076625612713,32.18467487745734,0.20000000000000018,-1.0,-0.81658805,-0.8473328444415889,-0.8831404074372585,25.48267936706543,24.96928596496582
19,13,13.164706870821515,18.16028582745528,11.630744855785965,24.558595828615555,32.485666617321684,0.30000000000000004,-1.0,-0.89657369,-0.8348683204796161,-0.9001792612767849,25.461217880249023,25.01605987548828
19,14,13.796132510258357,15.956102667773727,11.66022887260388,26.777613323225395,31.809922626138647,0.40000000000000013,-1.0,-0.74861524,-0.7561796433453488,-0.9280509157610961,25.32573127746582,25.092571258544922
19,15,13.227845048000386,14.659414347050026,11.686526122823098,28.544551111968737,31.88166337015775,0.5,-1.0,-0.80013201,-0.6812573527619799,-0.9053014090770128,25.19672966003418,25.030120849609375
