element,bin_left_eV,bin_right_eV,bin_center_eV,random_probability_mass,cemc_probability_mass,random_support,cemc_inside_random_support_mass,cemc_outside_random_support_mass,in_optimal_window_1p0_to_1p2_eV
Ir,0.28808999999999996,0.3058015555555555,0.29694577777777775,0.0,0.0,0,0.0,0.0,0
Ir,0.3058015555555555,0.3235131111111111,0.3146573333333333,0.0,0.0,0,0.0,0.0,0
Ir,0.3235131111111111,0.3412246666666666,0.3323688888888888,0.0,0.0,0,0.0,0.0,0
Ir,0.3412246666666666,0.35893622222222216,0.3500804444444444,0.0,0.0,0,0.0,0.0,0
Ir,0.35893622222222216,0.3766477777777777,0.3677919999999999,0.0,0.0,0,0.0,0.0,0
Ir,0.3766477777777777,0.3943593333333333,0.3855035555555555,0.0,0.0035335689045936395,0,0.0,0.0035335689045936395,0
Ir,0.3943593333333333,0.4120708888888888,0.4032151111111111,0.016018306636155607,0.0035335689045936395,1,0.0035335689045936395,0.0,0
Ir,0.4120708888888888,0.42978244444444436,0.42092666666666656,0.02288329519450801,0.014134275618374558,1,0.014134275618374558,0.0,0
Ir,0.42978244444444436,0.44749399999999995,0.43863822222222215,0.029748283752860413,0.0353356890459364,1,0.0353356890459364,0.0,0
Ir,0.44749399999999995,0.4652055555555555,0.45634977777777774,0.02745995423340961,0.0636042402826855,1,0.0636042402826855,0.0,0
Ir,0.4652055555555555,0.482917111111111,0.4740613333333332,0.059496567505720827,0.0812720848056537,1,0.0812720848056537,0.0,0
Ir,0.482917111111111,0.5006286666666666,0.4917728888888888,0.10297482837528604,0.08833922261484099,1,0.08833922261484099,0.0,0
Ir,0.5006286666666666,0.5183402222222222,0.5094844444444444,0.13501144164759726,0.11307420494699646,1,0.11307420494699646,0.0,0
Ir,0.5183402222222222,0.5360517777777777,0.527196,0.11899313501144165,0.10954063604240283,1,0.10954063604240283,0.0,0
Ir,0.5360517777777777,0.5537633333333333,0.5449075555555555,0.10755148741418764,0.14840989399293286,1,0.14840989399293286,0.0,0
Ir,0.5537633333333333,0.5714748888888888,0.562619111111111,0.11670480549199085,0.12014134275618374,1,0.12014134275618374,0.0,0
Ir,0.5714748888888888,0.5891864444444443,0.5803306666666666,0.08237986270022883,0.07420494699646643,1,0.07420494699646643,0.0,0
Ir,0.5891864444444443,0.6068979999999999,0.5980422222222221,0.06178489702517163,0.0636042402826855,1,0.0636042402826855,0.0,0
Ir,0.6068979999999999,0.6246095555555555,0.6157537777777777,0.04576659038901602,0.028268551236749116,1,0.028268551236749116,0.0,0
Ir,0.6246095555555555,0.642321111111111,0.6334653333333333,0.038901601830663615,0.02120141342756184,1,0.02120141342756184,0.0,0
Ir,0.642321111111111,0.6600326666666666,0.6511768888888888,0.018306636155606407,0.02120141342756184,1,0.02120141342756184,0.0,0
Ir,0.6600326666666666,0.6777442222222221,0.6688884444444443,0.013729977116704805,0.007067137809187279,1,0.007067137809187279,0.0,0
Ir,0.6777442222222221,0.6954557777777777,0.6865999999999999,0.0,0.0035335689045936395,0,0.0,0.0035335689045936395,0
Ir,0.6954557777777777,0.7131673333333333,0.7043115555555555,0.002288329519450801,0.0,1,0.0,0.0,0
Ir,0.7131673333333333,0.7308788888888889,0.7220231111111111,0.0,0.0,0,0.0,0.0,0
Ir,0.7308788888888889,0.7485904444444443,0.7397346666666667,0.0,0.0,0,0.0,0.0,0
Ir,0.7485904444444443,0.7663019999999998,0.757446222222222,0.0,0.0,0,0.0,0.0,0
Ir,0.7663019999999998,0.7840135555555554,0.7751577777777776,0.0,0.0,0,0.0,0.0,0
Ir,0.7840135555555554,0.801725111111111,0.7928693333333332,0.0,0.0,0,0.0,0.0,0
Ir,0.801725111111111,0.8194366666666666,0.8105808888888888,0.0,0.0,0,0.0,0.0,0
Ir,0.8194366666666666,0.8371482222222221,0.8282924444444444,0.0,0.0,0,0.0,0.0,0
Ir,0.8371482222222221,0.8548597777777777,0.8460039999999999,0.0,0.0,0,0.0,0.0,0
Ir,0.8548597777777777,0.8725713333333333,0.8637155555555555,0.0,0.0,0,0.0,0.0,0
Ir,0.8725713333333333,0.8902828888888887,0.8814271111111109,0.0,0.0,0,0.0,0.0,0
Ir,0.8902828888888887,0.9079944444444443,0.8991386666666665,0.0,0.0,0,0.0,0.0,0
Ir,0.9079944444444443,0.9257059999999999,0.9168502222222221,0.0,0.0,0,0.0,0.0,0
Ir,0.9257059999999999,0.9434175555555554,0.9345617777777777,0.0,0.0,0,0.0,0.0,0
Ir,0.9434175555555554,0.961129111111111,0.9522733333333332,0.0,0.0,0,0.0,0.0,0
Ir,0.961129111111111,0.9788406666666666,0.9699848888888888,0.0,0.0,0,0.0,0.0,0
Ir,0.9788406666666666,0.9965522222222221,0.9876964444444443,0.0,0.0,0,0.0,0.0,0
Ir,0.9965522222222221,1.0142637777777777,1.0054079999999999,0.0,0.0,0,0.0,0.0,1
Ir,1.0142637777777777,1.0319753333333332,1.0231195555555554,0.0,0.0,0,0.0,0.0,1
Ir,1.0319753333333332,1.0496868888888886,1.0408311111111108,0.0,0.0,0,0.0,0.0,1
Ir,1.0496868888888886,1.0673984444444442,1.0585426666666664,0.0,0.0,0,0.0,0.0,1
Ir,1.0673984444444442,1.0851099999999998,1.076254222222222,0.0,0.0,0,0.0,0.0,1
Ir,1.0851099999999998,1.1028215555555554,1.0939657777777776,0.0,0.0,0,0.0,0.0,1
Ir,1.1028215555555554,1.120533111111111,1.1116773333333332,0.0,0.0,0,0.0,0.0,1
Ir,1.120533111111111,1.1382446666666666,1.1293888888888888,0.0,0.0,0,0.0,0.0,1
Ir,1.1382446666666666,1.1559562222222222,1.1471004444444444,0.0,0.0,0,0.0,0.0,1
Ir,1.1559562222222222,1.1736677777777778,1.164812,0.0,0.0,0,0.0,0.0,1
Ir,1.1736677777777778,1.1913793333333331,1.1825235555555556,0.0,0.0,0,0.0,0.0,1
Ir,1.1913793333333331,1.2090908888888887,1.200235111111111,0.0,0.0,0,0.0,0.0,1
Ir,1.2090908888888887,1.2268024444444443,1.2179466666666665,0.0,0.0,0,0.0,0.0,0
Ir,1.2268024444444443,1.2445139999999997,1.2356582222222219,0.0,0.0,0,0.0,0.0,0
Ir,1.2445139999999997,1.2622255555555553,1.2533697777777775,0.0,0.0,0,0.0,0.0,0
Ir,1.2622255555555553,1.2799371111111109,1.271081333333333,0.0,0.0,0,0.0,0.0,0
Ir,1.2799371111111109,1.2976486666666665,1.2887928888888887,0.0,0.0,0,0.0,0.0,0
Ir,1.2976486666666665,1.315360222222222,1.3065044444444442,0.0,0.0,0,0.0,0.0,0
Ir,1.315360222222222,1.3330717777777776,1.3242159999999998,0.0,0.0,0,0.0,0.0,0
Ir,1.3330717777777776,1.3507833333333332,1.3419275555555554,0.0,0.0,0,0.0,0.0,0
Ir,1.3507833333333332,1.3684948888888888,1.359639111111111,0.0,0.0,0,0.0,0.0,0
Ir,1.3684948888888888,1.3862064444444442,1.3773506666666666,0.0,0.0,0,0.0,0.0,0
Ir,1.3862064444444442,1.4039179999999998,1.395062222222222,0.0,0.0,0,0.0,0.0,0
Ir,1.4039179999999998,1.4216295555555554,1.4127737777777776,0.0,0.0,0,0.0,0.0,0
Ir,1.4216295555555554,1.439341111111111,1.4304853333333332,0.0,0.0,0,0.0,0.0,0
Ir,1.439341111111111,1.4570526666666666,1.4481968888888888,0.0,0.0,0,0.0,0.0,0
Ir,1.4570526666666666,1.474764222222222,1.4659084444444441,0.0,0.0,0,0.0,0.0,0
Ir,1.474764222222222,1.4924757777777775,1.4836199999999997,0.0,0.0,0,0.0,0.0,0
Ir,1.4924757777777775,1.510187333333333,1.5013315555555553,0.0,0.0,0,0.0,0.0,0
Ir,1.510187333333333,1.5278988888888887,1.519043111111111,0.0,0.0,0,0.0,0.0,0
Ir,1.5278988888888887,1.5456104444444443,1.5367546666666665,0.0,0.0,0,0.0,0.0,0
Ir,1.5456104444444443,1.5633219999999999,1.554466222222222,0.0,0.0,0,0.0,0.0,0
Ir,1.5633219999999999,1.5810335555555552,1.5721777777777777,0.0,0.0,0,0.0,0.0,0
Ir,1.5810335555555552,1.5987451111111108,1.589889333333333,0.0,0.0,0,0.0,0.0,0
Ir,1.5987451111111108,1.6164566666666664,1.6076008888888886,0.0,0.0,0,0.0,0.0,0
Ir,1.6164566666666664,1.634168222222222,1.6253124444444442,0.0,0.0,0,0.0,0.0,0
Ir,1.634168222222222,1.6518797777777776,1.6430239999999998,0.0,0.0,0,0.0,0.0,0
Ir,1.6518797777777776,1.6695913333333332,1.6607355555555554,0.0,0.0,0,0.0,0.0,0
Ir,1.6695913333333332,1.6873028888888886,1.6784471111111108,0.0,0.0,0,0.0,0.0,0
Ir,1.6873028888888886,1.7050144444444442,1.6961586666666664,0.0,0.0,0,0.0,0.0,0
Ir,1.7050144444444442,1.7227259999999998,1.713870222222222,0.0,0.0,0,0.0,0.0,0
Ir,1.7227259999999998,1.7404375555555553,1.7315817777777776,0.0,0.0,0,0.0,0.0,0
Ir,1.7404375555555553,1.758149111111111,1.7492933333333331,0.0,0.0,0,0.0,0.0,0
Ir,1.758149111111111,1.7758606666666665,1.7670048888888887,0.0,0.0,0,0.0,0.0,0
Ir,1.7758606666666665,1.793572222222222,1.7847164444444443,0.0,0.0,0,0.0,0.0,0
Ir,1.793572222222222,1.8112837777777775,1.8024279999999997,0.0,0.0,0,0.0,0.0,0
Ir,1.8112837777777775,1.828995333333333,1.8201395555555553,0.0,0.0,0,0.0,0.0,0
Ir,1.828995333333333,1.8467068888888887,1.8378511111111109,0.0,0.0,0,0.0,0.0,0
Ir,1.8467068888888887,1.8644184444444443,1.8555626666666665,0.0,0.0,0,0.0,0.0,0
Ir,1.8644184444444443,1.8821299999999999,1.873274222222222,0.0,0.0,0,0.0,0.0,0
Pd,0.28808999999999996,0.3058015555555555,0.29694577777777775,0.0,0.0,0,0.0,0.0,0
Pd,0.3058015555555555,0.3235131111111111,0.3146573333333333,0.0,0.0,0,0.0,0.0,0
Pd,0.3235131111111111,0.3412246666666666,0.3323688888888888,0.0,0.0,0,0.0,0.0,0
Pd,0.3412246666666666,0.35893622222222216,0.3500804444444444,0.0,0.0,0,0.0,0.0,0
Pd,0.35893622222222216,0.3766477777777777,0.3677919999999999,0.0,0.0,0,0.0,0.0,0
Pd,0.3766477777777777,0.3943593333333333,0.3855035555555555,0.0,0.0,0,0.0,0.0,0
Pd,0.3943593333333333,0.4120708888888888,0.4032151111111111,0.0,0.0,0,0.0,0.0,0
Pd,0.4120708888888888,0.42978244444444436,0.42092666666666656,0.0,0.0,0,0.0,0.0,0
Pd,0.42978244444444436,0.44749399999999995,0.43863822222222215,0.0,0.0,0,0.0,0.0,0
Pd,0.44749399999999995,0.4652055555555555,0.45634977777777774,0.0,0.0,0,0.0,0.0,0
Pd,0.4652055555555555,0.482917111111111,0.4740613333333332,0.0,0.0,0,0.0,0.0,0
Pd,0.482917111111111,0.5006286666666666,0.4917728888888888,0.0,0.0,0,0.0,0.0,0
Pd,0.5006286666666666,0.5183402222222222,0.5094844444444444,0.0,0.0,0,0.0,0.0,0
Pd,0.5183402222222222,0.5360517777777777,0.527196,0.0,0.0,0,0.0,0.0,0
Pd,0.5360517777777777,0.5537633333333333,0.5449075555555555,0.0,0.0,0,0.0,0.0,0
Pd,0.5537633333333333,0.5714748888888888,0.562619111111111,0.0,0.0,0,0.0,0.0,0
Pd,0.5714748888888888,0.5891864444444443,0.5803306666666666,0.0,0.0,0,0.0,0.0,0
Pd,0.5891864444444443,0.6068979999999999,0.5980422222222221,0.0,0.0,0,0.0,0.0,0
Pd,0.6068979999999999,0.6246095555555555,0.6157537777777777,0.0,0.0,0,0.0,0.0,0
Pd,0.6246095555555555,0.642321111111111,0.6334653333333333,0.0,0.0,0,0.0,0.0,0
Pd,0.642321111111111,0.6600326666666666,0.6511768888888888,0.0,0.0,0,0.0,0.0,0
Pd,0.6600326666666666,0.6777442222222221,0.6688884444444443,0.0,0.0,0,0.0,0.0,0
Pd,0.6777442222222221,0.6954557777777777,0.6865999999999999,0.0,0.0,0,0.0,0.0,0
Pd,0.6954557777777777,0.7131673333333333,0.7043115555555555,0.0,0.0,0,0.0,0.0,0
Pd,0.7131673333333333,0.7308788888888889,0.7220231111111111,0.0,0.0,0,0.0,0.0,0
Pd,0.7308788888888889,0.7485904444444443,0.7397346666666667,0.0,0.0,0,0.0,0.0,0
Pd,0.7485904444444443,0.7663019999999998,0.757446222222222,0.0,0.0,0,0.0,0.0,0
Pd,0.7663019999999998,0.7840135555555554,0.7751577777777776,0.0,0.0,0,0.0,0.0,0
Pd,0.7840135555555554,0.801725111111111,0.7928693333333332,0.0,0.0,0,0.0,0.0,0
Pd,0.801725111111111,0.8194366666666666,0.8105808888888888,0.0,0.0,0,0.0,0.0,0
Pd,0.8194366666666666,0.8371482222222221,0.8282924444444444,0.0,0.0,0,0.0,0.0,0
Pd,0.8371482222222221,0.8548597777777777,0.8460039999999999,0.0,0.0,0,0.0,0.0,0
Pd,0.8548597777777777,0.8725713333333333,0.8637155555555555,0.0,0.0,0,0.0,0.0,0
Pd,0.8725713333333333,0.8902828888888887,0.8814271111111109,0.0,0.0,0,0.0,0.0,0
Pd,0.8902828888888887,0.9079944444444443,0.8991386666666665,0.0,0.0,0,0.0,0.0,0
Pd,0.9079944444444443,0.9257059999999999,0.9168502222222221,0.0,0.0,0,0.0,0.0,0
Pd,0.9257059999999999,0.9434175555555554,0.9345617777777777,0.0,0.0,0,0.0,0.0,0
Pd,0.9434175555555554,0.961129111111111,0.9522733333333332,0.0,0.0,0,0.0,0.0,0
Pd,0.961129111111111,0.9788406666666666,0.9699848888888888,0.0,0.0,0,0.0,0.0,0
Pd,0.9788406666666666,0.9965522222222221,0.9876964444444443,0.0,0.0,0,0.0,0.0,0
Pd,0.9965522222222221,1.0142637777777777,1.0054079999999999,0.0,0.0,0,0.0,0.0,1
Pd,1.0142637777777777,1.0319753333333332,1.0231195555555554,0.0,0.0,0,0.0,0.0,1
Pd,1.0319753333333332,1.0496868888888886,1.0408311111111108,0.0,0.0,0,0.0,0.0,1
Pd,1.0496868888888886,1.0673984444444442,1.0585426666666664,0.0,0.0,0,0.0,0.0,1
Pd,1.0673984444444442,1.0851099999999998,1.076254222222222,0.0,0.0,0,0.0,0.0,1
Pd,1.0851099999999998,1.1028215555555554,1.0939657777777776,0.0,0.0,0,0.0,0.0,1
Pd,1.1028215555555554,1.120533111111111,1.1116773333333332,0.0,0.0,0,0.0,0.0,1
Pd,1.120533111111111,1.1382446666666666,1.1293888888888888,0.0,0.0,0,0.0,0.0,1
Pd,1.1382446666666666,1.1559562222222222,1.1471004444444444,0.0,0.0,0,0.0,0.0,1
Pd,1.1559562222222222,1.1736677777777778,1.164812,0.0,0.0,0,0.0,0.0,1
Pd,1.1736677777777778,1.1913793333333331,1.1825235555555556,0.0,0.0,0,0.0,0.0,1
Pd,1.1913793333333331,1.2090908888888887,1.200235111111111,0.0,0.0,0,0.0,0.0,1
Pd,1.2090908888888887,1.2268024444444443,1.2179466666666665,0.0,0.0,0,0.0,0.0,0
Pd,1.2268024444444443,1.2445139999999997,1.2356582222222219,0.0,0.0,0,0.0,0.0,0
Pd,1.2445139999999997,1.2622255555555553,1.2533697777777775,0.0,0.0,0,0.0,0.0,0
Pd,1.2622255555555553,1.2799371111111109,1.271081333333333,0.0,0.0,0,0.0,0.0,0
Pd,1.2799371111111109,1.2976486666666665,1.2887928888888887,0.0,0.0,0,0.0,0.0,0
Pd,1.2976486666666665,1.315360222222222,1.3065044444444442,0.0,0.0,0,0.0,0.0,0
Pd,1.315360222222222,1.3330717777777776,1.3242159999999998,0.0,0.0,0,0.0,0.0,0
Pd,1.3330717777777776,1.3507833333333332,1.3419275555555554,0.0,0.0,0,0.0,0.0,0
Pd,1.3507833333333332,1.3684948888888888,1.359639111111111,0.0,0.0,0,0.0,0.0,0
Pd,1.3684948888888888,1.3862064444444442,1.3773506666666666,0.0,0.0,0,0.0,0.0,0
Pd,1.3862064444444442,1.4039179999999998,1.395062222222222,0.0,0.0,0,0.0,0.0,0
Pd,1.4039179999999998,1.4216295555555554,1.4127737777777776,0.0,0.0,0,0.0,0.0,0
Pd,1.4216295555555554,1.439341111111111,1.4304853333333332,0.0,0.0,0,0.0,0.0,0
Pd,1.439341111111111,1.4570526666666666,1.4481968888888888,0.0,0.0,0,0.0,0.0,0
Pd,1.4570526666666666,1.474764222222222,1.4659084444444441,0.0,0.0,0,0.0,0.0,0
Pd,1.474764222222222,1.4924757777777775,1.4836199999999997,0.0,0.0008480565371024735,0,0.0,0.0008480565371024735,0
Pd,1.4924757777777775,1.510187333333333,1.5013315555555553,0.0,0.0072555948174322735,0,0.0,0.0072555948174322735,0
Pd,1.510187333333333,1.5278988888888887,1.519043111111111,0.002570694087403599,0.012108362779740872,1,0.012108362779740872,0.0,0
Pd,1.5278988888888887,1.5456104444444443,1.5367546666666665,0.012853470437017995,0.020588928150765608,1,0.020588928150765608,0.0,0
Pd,1.5456104444444443,1.5633219999999999,1.554466222222222,0.02056555269922879,0.047915194346289755,1,0.047915194346289755,0.0,0
Pd,1.5633219999999999,1.5810335555555552,1.5721777777777777,0.028277634961439587,0.08230859835100118,1,0.08230859835100118,0.0,0
Pd,1.5810335555555552,1.5987451111111108,1.589889333333333,0.08740359897172237,0.0832037691401649,1,0.0832037691401649,0.0,0
Pd,1.5987451111111108,1.6164566666666664,1.6076008888888886,0.08740359897172237,0.10468786808009423,1,0.10468786808009423,0.0,0
Pd,1.6164566666666664,1.634168222222222,1.6253124444444442,0.12082262210796915,0.11938751472320377,1,0.11938751472320377,0.0,0
Pd,1.634168222222222,1.6518797777777776,1.6430239999999998,0.14395886889460155,0.09795053003533569,1,0.09795053003533569,0.0,0
Pd,1.6518797777777776,1.6695913333333332,1.6607355555555554,0.13110539845758354,0.13479387514723204,1,0.13479387514723204,0.0,0
Pd,1.6695913333333332,1.6873028888888886,1.6784471111111108,0.12596401028277635,0.10134275618374558,1,0.10134275618374558,0.0,0
Pd,1.6873028888888886,1.7050144444444442,1.6961586666666664,0.06426735218508997,0.04603062426383981,1,0.04603062426383981,0.0,0
Pd,1.7050144444444442,1.7227259999999998,1.713870222222222,0.061696658097686374,0.056113074204946996,1,0.056113074204946996,0.0,0
Pd,1.7227259999999998,1.7404375555555553,1.7315817777777776,0.043701799485861184,0.0447585394581861,1,0.0447585394581861,0.0,0
Pd,1.7404375555555553,1.758149111111111,1.7492933333333331,0.030848329048843187,0.017102473498233215,1,0.017102473498233215,0.0,0
Pd,1.758149111111111,1.7758606666666665,1.7670048888888887,0.02056555269922879,0.01762073027090695,1,0.01762073027090695,0.0,0
Pd,1.7758606666666665,1.793572222222222,1.7847164444444443,0.017994858611825194,0.002214369846878681,1,0.002214369846878681,0.0,0
Pd,1.793572222222222,1.8112837777777775,1.8024279999999997,0.0,0.002214369846878681,0,0.0,0.002214369846878681,0
Pd,1.8112837777777775,1.828995333333333,1.8201395555555553,0.0,0.0015547703180212014,0,0.0,0.0015547703180212014,0
Pd,1.828995333333333,1.8467068888888887,1.8378511111111109,0.0,0.0,0,0.0,0.0,0
Pd,1.8467068888888887,1.8644184444444443,1.8555626666666665,0.0,0.0,0,0.0,0.0,0
Pd,1.8644184444444443,1.8821299999999999,1.873274222222222,0.0,0.0,0,0.0,0.0,0
Pt,0.28808999999999996,0.3058015555555555,0.29694577777777775,0.0,0.0,0,0.0,0.0,0
Pt,0.3058015555555555,0.3235131111111111,0.3146573333333333,0.0,0.0,0,0.0,0.0,0
Pt,0.3235131111111111,0.3412246666666666,0.3323688888888888,0.0,0.0,0,0.0,0.0,0
Pt,0.3412246666666666,0.35893622222222216,0.3500804444444444,0.0,0.0,0,0.0,0.0,0
Pt,0.35893622222222216,0.3766477777777777,0.3677919999999999,0.0,0.0,0,0.0,0.0,0
Pt,0.3766477777777777,0.3943593333333333,0.3855035555555555,0.0,0.0,0,0.0,0.0,0
Pt,0.3943593333333333,0.4120708888888888,0.4032151111111111,0.0,0.0,0,0.0,0.0,0
Pt,0.4120708888888888,0.42978244444444436,0.42092666666666656,0.0,0.0,0,0.0,0.0,0
Pt,0.42978244444444436,0.44749399999999995,0.43863822222222215,0.0,0.0,0,0.0,0.0,0
Pt,0.44749399999999995,0.4652055555555555,0.45634977777777774,0.0,0.0,0,0.0,0.0,0
Pt,0.4652055555555555,0.482917111111111,0.4740613333333332,0.0,0.0,0,0.0,0.0,0
Pt,0.482917111111111,0.5006286666666666,0.4917728888888888,0.0,0.0,0,0.0,0.0,0
Pt,0.5006286666666666,0.5183402222222222,0.5094844444444444,0.0,0.0,0,0.0,0.0,0
Pt,0.5183402222222222,0.5360517777777777,0.527196,0.0,0.0,0,0.0,0.0,0
Pt,0.5360517777777777,0.5537633333333333,0.5449075555555555,0.0,0.0,0,0.0,0.0,0
Pt,0.5537633333333333,0.5714748888888888,0.562619111111111,0.0,0.0,0,0.0,0.0,0
Pt,0.5714748888888888,0.5891864444444443,0.5803306666666666,0.0,0.0,0,0.0,0.0,0
Pt,0.5891864444444443,0.6068979999999999,0.5980422222222221,0.0,0.0,0,0.0,0.0,0
Pt,0.6068979999999999,0.6246095555555555,0.6157537777777777,0.0,0.0,0,0.0,0.0,0
Pt,0.6246095555555555,0.642321111111111,0.6334653333333333,0.0,0.0,0,0.0,0.0,0
Pt,0.642321111111111,0.6600326666666666,0.6511768888888888,0.0,0.0,0,0.0,0.0,0
Pt,0.6600326666666666,0.6777442222222221,0.6688884444444443,0.0,0.0,0,0.0,0.0,0
Pt,0.6777442222222221,0.6954557777777777,0.6865999999999999,0.0,0.0,0,0.0,0.0,0
Pt,0.6954557777777777,0.7131673333333333,0.7043115555555555,0.0,0.0,0,0.0,0.0,0
Pt,0.7131673333333333,0.7308788888888889,0.7220231111111111,0.0,0.0,0,0.0,0.0,0
Pt,0.7308788888888889,0.7485904444444443,0.7397346666666667,0.0,0.0,0,0.0,0.0,0
Pt,0.7485904444444443,0.7663019999999998,0.757446222222222,0.0,0.0,0,0.0,0.0,0
Pt,0.7663019999999998,0.7840135555555554,0.7751577777777776,0.0,0.0,0,0.0,0.0,0
Pt,0.7840135555555554,0.801725111111111,0.7928693333333332,0.0,0.0005217164471109951,0,0.0,0.0005217164471109951,0
Pt,0.801725111111111,0.8194366666666666,0.8105808888888888,0.0,0.004760662579887831,0,0.0,0.004760662579887831,0
Pt,0.8194366666666666,0.8371482222222221,0.8282924444444444,0.007772020725388601,0.01956436676666232,1,0.01956436676666232,0.0,0
Pt,0.8371482222222221,0.8548597777777777,0.8460039999999999,0.015544041450777202,0.020086083213773313,1,0.020086083213773313,0.0,0
Pt,0.8548597777777777,0.8725713333333333,0.8637155555555555,0.023316062176165803,0.03991130820399113,1,0.03991130820399113,0.0,0
Pt,0.8725713333333333,0.8902828888888887,0.8814271111111109,0.03626943005181347,0.07225772792487282,1,0.07225772792487282,0.0,0
Pt,0.8902828888888887,0.9079944444444443,0.8991386666666665,0.06217616580310881,0.08751793400286945,1,0.08751793400286945,0.0,0
Pt,0.9079944444444443,0.9257059999999999,0.9168502222222221,0.11139896373056994,0.11125603234641972,1,0.11125603234641972,0.0,0
Pt,0.9257059999999999,0.9434175555555554,0.9345617777777777,0.09326424870466321,0.12436415808008347,1,0.12436415808008347,0.0,0
Pt,0.9434175555555554,0.961129111111111,0.9522733333333332,0.11917098445595854,0.08014868918742664,1,0.08014868918742664,0.0,0
Pt,0.961129111111111,0.9788406666666666,0.9699848888888888,0.12694300518134716,0.11686448415286292,1,0.11686448415286292,0.0,0
Pt,0.9788406666666666,0.9965522222222221,0.9876964444444443,0.10880829015544041,0.13427677057519238,1,0.13427677057519238,0.0,0
Pt,0.9965522222222221,1.0142637777777777,1.0054079999999999,0.09844559585492228,0.04388939611321247,1,0.04388939611321247,0.0,1
Pt,1.0142637777777777,1.0319753333333332,1.0231195555555554,0.06217616580310881,0.06893178557454024,1,0.06893178557454024,0.0,1
Pt,1.0319753333333332,1.0496868888888886,1.0408311111111108,0.05181347150259067,0.035868005738880916,1,0.035868005738880916,0.0,1
Pt,1.0496868888888886,1.0673984444444442,1.0585426666666664,0.04922279792746114,0.014347202295552367,1,0.014347202295552367,0.0,1
Pt,1.0673984444444442,1.0851099999999998,1.076254222222222,0.018134715025906734,0.021325159775661927,1,0.021325159775661927,0.0,1
Pt,1.0851099999999998,1.1028215555555554,1.0939657777777776,0.010362694300518135,0.0004565018912221208,1,0.0004565018912221208,0.0,1
Pt,1.1028215555555554,1.120533111111111,1.1116773333333332,0.0051813471502590676,0.0017607930089996086,1,0.0017607930089996086,0.0,1
Pt,1.120533111111111,1.1382446666666666,1.1293888888888888,0.0,0.0018912221207773574,0,0.0,0.0018912221207773574,1
Pt,1.1382446666666666,1.1559562222222222,1.1471004444444444,0.0,0.0,0,0.0,0.0,1
Pt,1.1559562222222222,1.1736677777777778,1.164812,0.0,0.0,0,0.0,0.0,1
Pt,1.1736677777777778,1.1913793333333331,1.1825235555555556,0.0,0.0,0,0.0,0.0,1
Pt,1.1913793333333331,1.2090908888888887,1.200235111111111,0.0,0.0,0,0.0,0.0,1
Pt,1.2090908888888887,1.2268024444444443,1.2179466666666665,0.0,0.0,0,0.0,0.0,0
Pt,1.2268024444444443,1.2445139999999997,1.2356582222222219,0.0,0.0,0,0.0,0.0,0
Pt,1.2445139999999997,1.2622255555555553,1.2533697777777775,0.0,0.0,0,0.0,0.0,0
Pt,1.2622255555555553,1.2799371111111109,1.271081333333333,0.0,0.0,0,0.0,0.0,0
Pt,1.2799371111111109,1.2976486666666665,1.2887928888888887,0.0,0.0,0,0.0,0.0,0
Pt,1.2976486666666665,1.315360222222222,1.3065044444444442,0.0,0.0,0,0.0,0.0,0
Pt,1.315360222222222,1.3330717777777776,1.3242159999999998,0.0,0.0,0,0.0,0.0,0
Pt,1.3330717777777776,1.3507833333333332,1.3419275555555554,0.0,0.0,0,0.0,0.0,0
Pt,1.3507833333333332,1.3684948888888888,1.359639111111111,0.0,0.0,0,0.0,0.0,0
Pt,1.3684948888888888,1.3862064444444442,1.3773506666666666,0.0,0.0,0,0.0,0.0,0
Pt,1.3862064444444442,1.4039179999999998,1.395062222222222,0.0,0.0,0,0.0,0.0,0
Pt,1.4039179999999998,1.4216295555555554,1.4127737777777776,0.0,0.0,0,0.0,0.0,0
Pt,1.4216295555555554,1.439341111111111,1.4304853333333332,0.0,0.0,0,0.0,0.0,0
Pt,1.439341111111111,1.4570526666666666,1.4481968888888888,0.0,0.0,0,0.0,0.0,0
Pt,1.4570526666666666,1.474764222222222,1.4659084444444441,0.0,0.0,0,0.0,0.0,0
Pt,1.474764222222222,1.4924757777777775,1.4836199999999997,0.0,0.0,0,0.0,0.0,0
Pt,1.4924757777777775,1.510187333333333,1.5013315555555553,0.0,0.0,0,0.0,0.0,0
Pt,1.510187333333333,1.5278988888888887,1.519043111111111,0.0,0.0,0,0.0,0.0,0
Pt,1.5278988888888887,1.5456104444444443,1.5367546666666665,0.0,0.0,0,0.0,0.0,0
Pt,1.5456104444444443,1.5633219999999999,1.554466222222222,0.0,0.0,0,0.0,0.0,0
Pt,1.5633219999999999,1.5810335555555552,1.5721777777777777,0.0,0.0,0,0.0,0.0,0
Pt,1.5810335555555552,1.5987451111111108,1.589889333333333,0.0,0.0,0,0.0,0.0,0
Pt,1.5987451111111108,1.6164566666666664,1.6076008888888886,0.0,0.0,0,0.0,0.0,0
Pt,1.6164566666666664,1.634168222222222,1.6253124444444442,0.0,0.0,0,0.0,0.0,0
Pt,1.634168222222222,1.6518797777777776,1.6430239999999998,0.0,0.0,0,0.0,0.0,0
Pt,1.6518797777777776,1.6695913333333332,1.6607355555555554,0.0,0.0,0,0.0,0.0,0
Pt,1.6695913333333332,1.6873028888888886,1.6784471111111108,0.0,0.0,0,0.0,0.0,0
Pt,1.6873028888888886,1.7050144444444442,1.6961586666666664,0.0,0.0,0,0.0,0.0,0
Pt,1.7050144444444442,1.7227259999999998,1.713870222222222,0.0,0.0,0,0.0,0.0,0
Pt,1.7227259999999998,1.7404375555555553,1.7315817777777776,0.0,0.0,0,0.0,0.0,0
Pt,1.7404375555555553,1.758149111111111,1.7492933333333331,0.0,0.0,0,0.0,0.0,0
Pt,1.758149111111111,1.7758606666666665,1.7670048888888887,0.0,0.0,0,0.0,0.0,0
Pt,1.7758606666666665,1.793572222222222,1.7847164444444443,0.0,0.0,0,0.0,0.0,0
Pt,1.793572222222222,1.8112837777777775,1.8024279999999997,0.0,0.0,0,0.0,0.0,0
Pt,1.8112837777777775,1.828995333333333,1.8201395555555553,0.0,0.0,0,0.0,0.0,0
Pt,1.828995333333333,1.8467068888888887,1.8378511111111109,0.0,0.0,0,0.0,0.0,0
Pt,1.8467068888888887,1.8644184444444443,1.8555626666666665,0.0,0.0,0,0.0,0.0,0
Pt,1.8644184444444443,1.8821299999999999,1.873274222222222,0.0,0.0,0,0.0,0.0,0
Rh,0.28808999999999996,0.3058015555555555,0.29694577777777775,0.0,0.0,0,0.0,0.0,0
Rh,0.3058015555555555,0.3235131111111111,0.3146573333333333,0.0,0.0,0,0.0,0.0,0
Rh,0.3235131111111111,0.3412246666666666,0.3323688888888888,0.0,0.0,0,0.0,0.0,0
Rh,0.3412246666666666,0.35893622222222216,0.3500804444444444,0.0,0.0009746588693957114,0,0.0,0.0009746588693957114,0
Rh,0.35893622222222216,0.3766477777777777,0.3677919999999999,0.0,0.0029239766081871343,0,0.0,0.0029239766081871343,0
Rh,0.3766477777777777,0.3943593333333333,0.3855035555555555,0.002531645569620253,0.011695906432748537,1,0.011695906432748537,0.0,0
Rh,0.3943593333333333,0.4120708888888888,0.4032151111111111,0.015189873417721518,0.015594541910331383,1,0.015594541910331383,0.0,0
Rh,0.4120708888888888,0.42978244444444436,0.42092666666666656,0.020253164556962026,0.022417153996101363,1,0.022417153996101363,0.0,0
Rh,0.42978244444444436,0.44749399999999995,0.43863822222222215,0.04050632911392405,0.06432748538011696,1,0.06432748538011696,0.0,0
Rh,0.44749399999999995,0.4652055555555555,0.45634977777777774,0.043037974683544304,0.05360623781676413,1,0.05360623781676413,0.0,0
Rh,0.4652055555555555,0.482917111111111,0.4740613333333332,0.0759493670886076,0.09161793372319688,1,0.09161793372319688,0.0,0
Rh,0.482917111111111,0.5006286666666666,0.4917728888888888,0.10379746835443038,0.12573099415204678,1,0.12573099415204678,0.0,0
Rh,0.5006286666666666,0.5183402222222222,0.5094844444444444,0.13670886075949368,0.12573099415204678,1,0.12573099415204678,0.0,0
Rh,0.5183402222222222,0.5360517777777777,0.527196,0.11139240506329114,0.12183235867446393,1,0.12183235867446393,0.0,0
Rh,0.5360517777777777,0.5537633333333333,0.5449075555555555,0.13164556962025317,0.1023391812865497,1,0.1023391812865497,0.0,0
Rh,0.5537633333333333,0.5714748888888888,0.562619111111111,0.09367088607594937,0.07797270955165692,1,0.07797270955165692,0.0,0
Rh,0.5714748888888888,0.5891864444444443,0.5803306666666666,0.09873417721518987,0.07407407407407407,1,0.07407407407407407,0.0,0
Rh,0.5891864444444443,0.6068979999999999,0.5980422222222221,0.04810126582278481,0.057504873294346975,1,0.057504873294346975,0.0,0
Rh,0.6068979999999999,0.6246095555555555,0.6157537777777777,0.04556962025316456,0.023391812865497075,1,0.023391812865497075,0.0,0
Rh,0.6246095555555555,0.642321111111111,0.6334653333333333,0.02278481012658228,0.015594541910331383,1,0.015594541910331383,0.0,0
Rh,0.642321111111111,0.6600326666666666,0.6511768888888888,0.007594936708860759,0.007797270955165692,1,0.007797270955165692,0.0,0
Rh,0.6600326666666666,0.6777442222222221,0.6688884444444443,0.002531645569620253,0.001949317738791423,1,0.001949317738791423,0.0,0
Rh,0.6777442222222221,0.6954557777777777,0.6865999999999999,0.0,0.0029239766081871343,0,0.0,0.0029239766081871343,0
Rh,0.6954557777777777,0.7131673333333333,0.7043115555555555,0.0,0.0,0,0.0,0.0,0
Rh,0.7131673333333333,0.7308788888888889,0.7220231111111111,0.0,0.0,0,0.0,0.0,0
Rh,0.7308788888888889,0.7485904444444443,0.7397346666666667,0.0,0.0,0,0.0,0.0,0
Rh,0.7485904444444443,0.7663019999999998,0.757446222222222,0.0,0.0,0,0.0,0.0,0
Rh,0.7663019999999998,0.7840135555555554,0.7751577777777776,0.0,0.0,0,0.0,0.0,0
Rh,0.7840135555555554,0.801725111111111,0.7928693333333332,0.0,0.0,0,0.0,0.0,0
Rh,0.801725111111111,0.8194366666666666,0.8105808888888888,0.0,0.0,0,0.0,0.0,0
Rh,0.8194366666666666,0.8371482222222221,0.8282924444444444,0.0,0.0,0,0.0,0.0,0
Rh,0.8371482222222221,0.8548597777777777,0.8460039999999999,0.0,0.0,0,0.0,0.0,0
Rh,0.8548597777777777,0.8725713333333333,0.8637155555555555,0.0,0.0,0,0.0,0.0,0
Rh,0.8725713333333333,0.8902828888888887,0.8814271111111109,0.0,0.0,0,0.0,0.0,0
Rh,0.8902828888888887,0.9079944444444443,0.8991386666666665,0.0,0.0,0,0.0,0.0,0
Rh,0.9079944444444443,0.9257059999999999,0.9168502222222221,0.0,0.0,0,0.0,0.0,0
Rh,0.9257059999999999,0.9434175555555554,0.9345617777777777,0.0,0.0,0,0.0,0.0,0
Rh,0.9434175555555554,0.961129111111111,0.9522733333333332,0.0,0.0,0,0.0,0.0,0
Rh,0.961129111111111,0.9788406666666666,0.9699848888888888,0.0,0.0,0,0.0,0.0,0
Rh,0.9788406666666666,0.9965522222222221,0.9876964444444443,0.0,0.0,0,0.0,0.0,0
Rh,0.9965522222222221,1.0142637777777777,1.0054079999999999,0.0,0.0,0,0.0,0.0,1
Rh,1.0142637777777777,1.0319753333333332,1.0231195555555554,0.0,0.0,0,0.0,0.0,1
Rh,1.0319753333333332,1.0496868888888886,1.0408311111111108,0.0,0.0,0,0.0,0.0,1
Rh,1.0496868888888886,1.0673984444444442,1.0585426666666664,0.0,0.0,0,0.0,0.0,1
Rh,1.0673984444444442,1.0851099999999998,1.076254222222222,0.0,0.0,0,0.0,0.0,1
Rh,1.0851099999999998,1.1028215555555554,1.0939657777777776,0.0,0.0,0,0.0,0.0,1
Rh,1.1028215555555554,1.120533111111111,1.1116773333333332,0.0,0.0,0,0.0,0.0,1
Rh,1.120533111111111,1.1382446666666666,1.1293888888888888,0.0,0.0,0,0.0,0.0,1
Rh,1.1382446666666666,1.1559562222222222,1.1471004444444444,0.0,0.0,0,0.0,0.0,1
Rh,1.1559562222222222,1.1736677777777778,1.164812,0.0,0.0,0,0.0,0.0,1
Rh,1.1736677777777778,1.1913793333333331,1.1825235555555556,0.0,0.0,0,0.0,0.0,1
Rh,1.1913793333333331,1.2090908888888887,1.200235111111111,0.0,0.0,0,0.0,0.0,1
Rh,1.2090908888888887,1.2268024444444443,1.2179466666666665,0.0,0.0,0,0.0,0.0,0
Rh,1.2268024444444443,1.2445139999999997,1.2356582222222219,0.0,0.0,0,0.0,0.0,0
Rh,1.2445139999999997,1.2622255555555553,1.2533697777777775,0.0,0.0,0,0.0,0.0,0
Rh,1.2622255555555553,1.2799371111111109,1.271081333333333,0.0,0.0,0,0.0,0.0,0
Rh,1.2799371111111109,1.2976486666666665,1.2887928888888887,0.0,0.0,0,0.0,0.0,0
Rh,1.2976486666666665,1.315360222222222,1.3065044444444442,0.0,0.0,0,0.0,0.0,0
Rh,1.315360222222222,1.3330717777777776,1.3242159999999998,0.0,0.0,0,0.0,0.0,0
Rh,1.3330717777777776,1.3507833333333332,1.3419275555555554,0.0,0.0,0,0.0,0.0,0
Rh,1.3507833333333332,1.3684948888888888,1.359639111111111,0.0,0.0,0,0.0,0.0,0
Rh,1.3684948888888888,1.3862064444444442,1.3773506666666666,0.0,0.0,0,0.0,0.0,0
Rh,1.3862064444444442,1.4039179999999998,1.395062222222222,0.0,0.0,0,0.0,0.0,0
Rh,1.4039179999999998,1.4216295555555554,1.4127737777777776,0.0,0.0,0,0.0,0.0,0
Rh,1.4216295555555554,1.439341111111111,1.4304853333333332,0.0,0.0,0,0.0,0.0,0
Rh,1.439341111111111,1.4570526666666666,1.4481968888888888,0.0,0.0,0,0.0,0.0,0
Rh,1.4570526666666666,1.474764222222222,1.4659084444444441,0.0,0.0,0,0.0,0.0,0
Rh,1.474764222222222,1.4924757777777775,1.4836199999999997,0.0,0.0,0,0.0,0.0,0
Rh,1.4924757777777775,1.510187333333333,1.5013315555555553,0.0,0.0,0,0.0,0.0,0
Rh,1.510187333333333,1.5278988888888887,1.519043111111111,0.0,0.0,0,0.0,0.0,0
Rh,1.5278988888888887,1.5456104444444443,1.5367546666666665,0.0,0.0,0,0.0,0.0,0
Rh,1.5456104444444443,1.5633219999999999,1.554466222222222,0.0,0.0,0,0.0,0.0,0
Rh,1.5633219999999999,1.5810335555555552,1.5721777777777777,0.0,0.0,0,0.0,0.0,0
Rh,1.5810335555555552,1.5987451111111108,1.589889333333333,0.0,0.0,0,0.0,0.0,0
Rh,1.5987451111111108,1.6164566666666664,1.6076008888888886,0.0,0.0,0,0.0,0.0,0
Rh,1.6164566666666664,1.634168222222222,1.6253124444444442,0.0,0.0,0,0.0,0.0,0
Rh,1.634168222222222,1.6518797777777776,1.6430239999999998,0.0,0.0,0,0.0,0.0,0
Rh,1.6518797777777776,1.6695913333333332,1.6607355555555554,0.0,0.0,0,0.0,0.0,0
Rh,1.6695913333333332,1.6873028888888886,1.6784471111111108,0.0,0.0,0,0.0,0.0,0
Rh,1.6873028888888886,1.7050144444444442,1.6961586666666664,0.0,0.0,0,0.0,0.0,0
Rh,1.7050144444444442,1.7227259999999998,1.713870222222222,0.0,0.0,0,0.0,0.0,0
Rh,1.7227259999999998,1.7404375555555553,1.7315817777777776,0.0,0.0,0,0.0,0.0,0
Rh,1.7404375555555553,1.758149111111111,1.7492933333333331,0.0,0.0,0,0.0,0.0,0
Rh,1.758149111111111,1.7758606666666665,1.7670048888888887,0.0,0.0,0,0.0,0.0,0
Rh,1.7758606666666665,1.793572222222222,1.7847164444444443,0.0,0.0,0,0.0,0.0,0
Rh,1.793572222222222,1.8112837777777775,1.8024279999999997,0.0,0.0,0,0.0,0.0,0
Rh,1.8112837777777775,1.828995333333333,1.8201395555555553,0.0,0.0,0,0.0,0.0,0
Rh,1.828995333333333,1.8467068888888887,1.8378511111111109,0.0,0.0,0,0.0,0.0,0
Rh,1.8467068888888887,1.8644184444444443,1.8555626666666665,0.0,0.0,0,0.0,0.0,0
Rh,1.8644184444444443,1.8821299999999999,1.873274222222222,0.0,0.0,0,0.0,0.0,0
Ru,0.28808999999999996,0.3058015555555555,0.29694577777777775,0.0,0.0,0,0.0,0.0,0
Ru,0.3058015555555555,0.3235131111111111,0.3146573333333333,0.0,0.0,0,0.0,0.0,0
Ru,0.3235131111111111,0.3412246666666666,0.3323688888888888,0.0,0.0,0,0.0,0.0,0
Ru,0.3412246666666666,0.35893622222222216,0.3500804444444444,0.0,0.0,0,0.0,0.0,0
Ru,0.35893622222222216,0.3766477777777777,0.3677919999999999,0.0,0.0,0,0.0,0.0,0
Ru,0.3766477777777777,0.3943593333333333,0.3855035555555555,0.0,0.0,0,0.0,0.0,0
Ru,0.3943593333333333,0.4120708888888888,0.4032151111111111,0.0,0.0,0,0.0,0.0,0
Ru,0.4120708888888888,0.42978244444444436,0.42092666666666656,0.002544529262086514,0.0,1,0.0,0.0,0
Ru,0.42978244444444436,0.44749399999999995,0.43863822222222215,0.0,0.030303030303030304,0,0.0,0.030303030303030304,0
Ru,0.44749399999999995,0.4652055555555555,0.45634977777777774,0.007633587786259542,0.022727272727272728,1,0.022727272727272728,0.0,0
Ru,0.4652055555555555,0.482917111111111,0.4740613333333332,0.027989821882951654,0.030303030303030304,1,0.030303030303030304,0.0,0
Ru,0.482917111111111,0.5006286666666666,0.4917728888888888,0.05343511450381679,0.05303030303030303,1,0.05303030303030303,0.0,0
Ru,0.5006286666666666,0.5183402222222222,0.5094844444444444,0.09923664122137404,0.030303030303030304,1,0.030303030303030304,0.0,0
Ru,0.5183402222222222,0.5360517777777777,0.527196,0.10178117048346055,0.09848484848484848,1,0.09848484848484848,0.0,0
Ru,0.5360517777777777,0.5537633333333333,0.5449075555555555,0.09669211195928754,0.06060606060606061,1,0.06060606060606061,0.0,0
Ru,0.5537633333333333,0.5714748888888888,0.562619111111111,0.09414758269720101,0.12121212121212122,1,0.12121212121212122,0.0,0
Ru,0.5714748888888888,0.5891864444444443,0.5803306666666666,0.14249363867684478,0.14393939393939395,1,0.14393939393939395,0.0,0
Ru,0.5891864444444443,0.6068979999999999,0.5980422222222221,0.11195928753180662,0.1893939393939394,1,0.1893939393939394,0.0,0
Ru,0.6068979999999999,0.6246095555555555,0.6157537777777777,0.09414758269720101,0.045454545454545456,1,0.045454545454545456,0.0,0
Ru,0.6246095555555555,0.642321111111111,0.6334653333333333,0.05343511450381679,0.06060606060606061,1,0.06060606060606061,0.0,0
Ru,0.642321111111111,0.6600326666666666,0.6511768888888888,0.05597964376590331,0.05303030303030303,1,0.05303030303030303,0.0,0
Ru,0.6600326666666666,0.6777442222222221,0.6688884444444443,0.02544529262086514,0.03787878787878788,1,0.03787878787878788,0.0,0
Ru,0.6777442222222221,0.6954557777777777,0.6865999999999999,0.01272264631043257,0.015151515151515152,1,0.015151515151515152,0.0,0
Ru,0.6954557777777777,0.7131673333333333,0.7043115555555555,0.015267175572519083,0.0,1,0.0,0.0,0
Ru,0.7131673333333333,0.7308788888888889,0.7220231111111111,0.005089058524173028,0.007575757575757576,1,0.007575757575757576,0.0,0
Ru,0.7308788888888889,0.7485904444444443,0.7397346666666667,0.0,0.0,0,0.0,0.0,0
Ru,0.7485904444444443,0.7663019999999998,0.757446222222222,0.0,0.0,0,0.0,0.0,0
Ru,0.7663019999999998,0.7840135555555554,0.7751577777777776,0.0,0.0,0,0.0,0.0,0
Ru,0.7840135555555554,0.801725111111111,0.7928693333333332,0.0,0.0,0,0.0,0.0,0
Ru,0.801725111111111,0.8194366666666666,0.8105808888888888,0.0,0.0,0,0.0,0.0,0
Ru,0.8194366666666666,0.8371482222222221,0.8282924444444444,0.0,0.0,0,0.0,0.0,0
Ru,0.8371482222222221,0.8548597777777777,0.8460039999999999,0.0,0.0,0,0.0,0.0,0
Ru,0.8548597777777777,0.8725713333333333,0.8637155555555555,0.0,0.0,0,0.0,0.0,0
Ru,0.8725713333333333,0.8902828888888887,0.8814271111111109,0.0,0.0,0,0.0,0.0,0
Ru,0.8902828888888887,0.9079944444444443,0.8991386666666665,0.0,0.0,0,0.0,0.0,0
Ru,0.9079944444444443,0.9257059999999999,0.9168502222222221,0.0,0.0,0,0.0,0.0,0
Ru,0.9257059999999999,0.9434175555555554,0.9345617777777777,0.0,0.0,0,0.0,0.0,0
Ru,0.9434175555555554,0.961129111111111,0.9522733333333332,0.0,0.0,0,0.0,0.0,0
Ru,0.961129111111111,0.9788406666666666,0.9699848888888888,0.0,0.0,0,0.0,0.0,0
Ru,0.9788406666666666,0.9965522222222221,0.9876964444444443,0.0,0.0,0,0.0,0.0,0
Ru,0.9965522222222221,1.0142637777777777,1.0054079999999999,0.0,0.0,0,0.0,0.0,1
Ru,1.0142637777777777,1.0319753333333332,1.0231195555555554,0.0,0.0,0,0.0,0.0,1
Ru,1.0319753333333332,1.0496868888888886,1.0408311111111108,0.0,0.0,0,0.0,0.0,1
Ru,1.0496868888888886,1.0673984444444442,1.0585426666666664,0.0,0.0,0,0.0,0.0,1
Ru,1.0673984444444442,1.0851099999999998,1.076254222222222,0.0,0.0,0,0.0,0.0,1
Ru,1.0851099999999998,1.1028215555555554,1.0939657777777776,0.0,0.0,0,0.0,0.0,1
Ru,1.1028215555555554,1.120533111111111,1.1116773333333332,0.0,0.0,0,0.0,0.0,1
Ru,1.120533111111111,1.1382446666666666,1.1293888888888888,0.0,0.0,0,0.0,0.0,1
Ru,1.1382446666666666,1.1559562222222222,1.1471004444444444,0.0,0.0,0,0.0,0.0,1
Ru,1.1559562222222222,1.1736677777777778,1.164812,0.0,0.0,0,0.0,0.0,1
Ru,1.1736677777777778,1.1913793333333331,1.1825235555555556,0.0,0.0,0,0.0,0.0,1
Ru,1.1913793333333331,1.2090908888888887,1.200235111111111,0.0,0.0,0,0.0,0.0,1
Ru,1.2090908888888887,1.2268024444444443,1.2179466666666665,0.0,0.0,0,0.0,0.0,0
Ru,1.2268024444444443,1.2445139999999997,1.2356582222222219,0.0,0.0,0,0.0,0.0,0
Ru,1.2445139999999997,1.2622255555555553,1.2533697777777775,0.0,0.0,0,0.0,0.0,0
Ru,1.2622255555555553,1.2799371111111109,1.271081333333333,0.0,0.0,0,0.0,0.0,0
Ru,1.2799371111111109,1.2976486666666665,1.2887928888888887,0.0,0.0,0,0.0,0.0,0
Ru,1.2976486666666665,1.315360222222222,1.3065044444444442,0.0,0.0,0,0.0,0.0,0
Ru,1.315360222222222,1.3330717777777776,1.3242159999999998,0.0,0.0,0,0.0,0.0,0
Ru,1.3330717777777776,1.3507833333333332,1.3419275555555554,0.0,0.0,0,0.0,0.0,0
Ru,1.3507833333333332,1.3684948888888888,1.359639111111111,0.0,0.0,0,0.0,0.0,0
Ru,1.3684948888888888,1.3862064444444442,1.3773506666666666,0.0,0.0,0,0.0,0.0,0
Ru,1.3862064444444442,1.4039179999999998,1.395062222222222,0.0,0.0,0,0.0,0.0,0
Ru,1.4039179999999998,1.4216295555555554,1.4127737777777776,0.0,0.0,0,0.0,0.0,0
Ru,1.4216295555555554,1.439341111111111,1.4304853333333332,0.0,0.0,0,0.0,0.0,0
Ru,1.439341111111111,1.4570526666666666,1.4481968888888888,0.0,0.0,0,0.0,0.0,0
Ru,1.4570526666666666,1.474764222222222,1.4659084444444441,0.0,0.0,0,0.0,0.0,0
Ru,1.474764222222222,1.4924757777777775,1.4836199999999997,0.0,0.0,0,0.0,0.0,0
Ru,1.4924757777777775,1.510187333333333,1.5013315555555553,0.0,0.0,0,0.0,0.0,0
Ru,1.510187333333333,1.5278988888888887,1.519043111111111,0.0,0.0,0,0.0,0.0,0
Ru,1.5278988888888887,1.5456104444444443,1.5367546666666665,0.0,0.0,0,0.0,0.0,0
Ru,1.5456104444444443,1.5633219999999999,1.554466222222222,0.0,0.0,0,0.0,0.0,0
Ru,1.5633219999999999,1.5810335555555552,1.5721777777777777,0.0,0.0,0,0.0,0.0,0
Ru,1.5810335555555552,1.5987451111111108,1.589889333333333,0.0,0.0,0,0.0,0.0,0
Ru,1.5987451111111108,1.6164566666666664,1.6076008888888886,0.0,0.0,0,0.0,0.0,0
Ru,1.6164566666666664,1.634168222222222,1.6253124444444442,0.0,0.0,0,0.0,0.0,0
Ru,1.634168222222222,1.6518797777777776,1.6430239999999998,0.0,0.0,0,0.0,0.0,0
Ru,1.6518797777777776,1.6695913333333332,1.6607355555555554,0.0,0.0,0,0.0,0.0,0
Ru,1.6695913333333332,1.6873028888888886,1.6784471111111108,0.0,0.0,0,0.0,0.0,0
Ru,1.6873028888888886,1.7050144444444442,1.6961586666666664,0.0,0.0,0,0.0,0.0,0
Ru,1.7050144444444442,1.7227259999999998,1.713870222222222,0.0,0.0,0,0.0,0.0,0
Ru,1.7227259999999998,1.7404375555555553,1.7315817777777776,0.0,0.0,0,0.0,0.0,0
Ru,1.7404375555555553,1.758149111111111,1.7492933333333331,0.0,0.0,0,0.0,0.0,0
Ru,1.758149111111111,1.7758606666666665,1.7670048888888887,0.0,0.0,0,0.0,0.0,0
Ru,1.7758606666666665,1.793572222222222,1.7847164444444443,0.0,0.0,0,0.0,0.0,0
Ru,1.793572222222222,1.8112837777777775,1.8024279999999997,0.0,0.0,0,0.0,0.0,0
Ru,1.8112837777777775,1.828995333333333,1.8201395555555553,0.0,0.0,0,0.0,0.0,0
Ru,1.828995333333333,1.8467068888888887,1.8378511111111109,0.0,0.0,0,0.0,0.0,0
Ru,1.8467068888888887,1.8644184444444443,1.8555626666666665,0.0,0.0,0,0.0,0.0,0
Ru,1.8644184444444443,1.8821299999999999,1.873274222222222,0.0,0.0,0,0.0,0.0,0
