Pixel_Index,Ru,Rh,Pd,Ir,Pt,Total
0,0.66796875,0.185546875,0.052734375,0.083984375,0.009765625,1.0
1,0.681640625,0.12109375,0.044921875,0.140625,0.01171875,1.0
2,0.650390625,0.076171875,0.03515625,0.224609375,0.013671875,1.0
3,0.578125,0.046875,0.029296875,0.3359375,0.009765625,1.0
4,0.5234375,0.3203125,0.076171875,0.060546875,0.01953125,1.0
5,0.580078125,0.2265625,0.0703125,0.10546875,0.017578125,1.0
6,0.59375,0.15234375,0.0625,0.171875,0.01953125,1.0
7,0.56640625,0.099609375,0.052734375,0.263671875,0.017578125,1.0
8,0.5,0.0625,0.04296875,0.376953125,0.017578125,1.0
9,0.41015625,0.0390625,0.033203125,0.501953125,0.015625,1.0
10,0.314453125,0.029296875,0.025390625,0.619140625,0.01171875,1.0
11,0.23828125,0.03125,0.01953125,0.69921875,0.01171875,1.0
12,0.27734375,0.5546875,0.08984375,0.0546875,0.0234375,1.0
13,0.361328125,0.4609375,0.095703125,0.052734375,0.029296875,1.0
14,0.439453125,0.357421875,0.09765625,0.076171875,0.029296875,1.0
15,0.490234375,0.263671875,0.09375,0.123046875,0.029296875,1.0
16,0.505859375,0.18359375,0.0859375,0.193359375,0.03125,1.0
17,0.484375,0.123046875,0.076171875,0.2890625,0.02734375,1.0
18,0.431640625,0.080078125,0.064453125,0.400390625,0.0234375,1.0
19,0.35546875,0.052734375,0.052734375,0.515625,0.0234375,1.0
20,0.27734375,0.041015625,0.041015625,0.62109375,0.01953125,1.0
21,0.3984375,0.154296875,0.03125,0.40234375,0.013671875,1.0
22,0.615234375,0.1640625,0.037109375,0.169921875,0.013671875,1.0
23,0.73828125,0.130859375,0.037109375,0.078125,0.015625,1.0
24,0.771484375,0.091796875,0.037109375,0.083984375,0.015625,1.0
25,0.1953125,0.55078125,0.076171875,0.146484375,0.03125,1.0
26,0.2265625,0.546875,0.09765625,0.087890625,0.041015625,1.0
27,0.294921875,0.4765625,0.111328125,0.0703125,0.046875,1.0
28,0.361328125,0.3828125,0.1171875,0.087890625,0.05078125,1.0
29,0.408203125,0.291015625,0.1171875,0.1328125,0.05078125,1.0
30,0.423828125,0.2109375,0.11328125,0.205078125,0.046875,1.0
31,0.41015625,0.146484375,0.103515625,0.294921875,0.044921875,1.0
32,0.369140625,0.099609375,0.09375,0.400390625,0.037109375,1.0
33,0.310546875,0.0703125,0.080078125,0.5078125,0.03125,1.0
34,0.248046875,0.060546875,0.06640625,0.595703125,0.029296875,1.0
35,0.20703125,0.0859375,0.056640625,0.62890625,0.021484375,1.0
36,0.248046875,0.158203125,0.048828125,0.52734375,0.017578125,1.0
37,0.4140625,0.228515625,0.048828125,0.2890625,0.01953125,1.0
38,0.5859375,0.220703125,0.052734375,0.115234375,0.025390625,1.0
39,0.673828125,0.171875,0.0546875,0.072265625,0.02734375,1.0
40,0.69140625,0.12109375,0.0546875,0.107421875,0.025390625,1.0
41,0.646484375,0.080078125,0.052734375,0.1953125,0.025390625,1.0
42,0.544921875,0.05078125,0.046875,0.3359375,0.021484375,1.0
43,0.4375,0.501953125,0.03125,0.0078125,0.021484375,1.0
44,0.521484375,0.404296875,0.03125,0.021484375,0.021484375,1.0
45,0.58203125,0.31640625,0.03125,0.048828125,0.021484375,1.0
46,0.6015625,0.24609375,0.029296875,0.099609375,0.0234375,1.0
47,0.55859375,0.205078125,0.02734375,0.18359375,0.025390625,1.0
48,0.43359375,0.228515625,0.03125,0.28125,0.025390625,1.0
49,0.26953125,0.341796875,0.046875,0.30859375,0.033203125,1.0
50,0.177734375,0.46875,0.07421875,0.23046875,0.048828125,1.0
51,0.185546875,0.509765625,0.103515625,0.13671875,0.064453125,1.0
52,0.23828125,0.470703125,0.125,0.091796875,0.07421875,1.0
53,0.29296875,0.392578125,0.138671875,0.09765625,0.078125,1.0
54,0.33203125,0.30859375,0.14453125,0.13671875,0.078125,1.0
55,0.34765625,0.23046875,0.14453125,0.201171875,0.076171875,1.0
56,0.341796875,0.16796875,0.138671875,0.283203125,0.068359375,1.0
57,0.3125,0.119140625,0.130859375,0.376953125,0.060546875,1.0
58,0.26953125,0.08984375,0.119140625,0.470703125,0.05078125,1.0
59,0.22265625,0.087890625,0.10546875,0.54296875,0.041015625,1.0
60,0.197265625,0.1328125,0.08984375,0.544921875,0.03515625,1.0
61,0.255859375,0.236328125,0.076171875,0.400390625,0.03125,1.0
62,0.404296875,0.302734375,0.0703125,0.1875,0.03515625,1.0
63,0.53125,0.275390625,0.072265625,0.080078125,0.041015625,1.0
64,0.59375,0.212890625,0.076171875,0.076171875,0.041015625,1.0
65,0.599609375,0.15234375,0.078125,0.130859375,0.0390625,1.0
66,0.55078125,0.1015625,0.07421875,0.234375,0.0390625,1.0
67,0.455078125,0.064453125,0.06640625,0.3828125,0.03125,1.0
68,0.33203125,0.03515625,0.0546875,0.55078125,0.02734375,1.0
69,0.212890625,0.017578125,0.041015625,0.70703125,0.021484375,1.0
70,0.392578125,0.51953125,0.041015625,0.01171875,0.03515625,1.0
71,0.466796875,0.42578125,0.04296875,0.029296875,0.03515625,1.0
72,0.51953125,0.33984375,0.04296875,0.0625,0.03515625,1.0
73,0.53515625,0.263671875,0.04296875,0.123046875,0.03515625,1.0
74,0.498046875,0.20703125,0.041015625,0.220703125,0.033203125,1.0
75,0.3984375,0.19140625,0.0390625,0.337890625,0.033203125,1.0
76,0.26171875,0.251953125,0.044921875,0.3984375,0.04296875,1.0
77,0.1640625,0.37109375,0.0703125,0.326171875,0.068359375,1.0
78,0.15234375,0.44921875,0.10546875,0.197265625,0.095703125,1.0
79,0.189453125,0.44140625,0.13671875,0.1171875,0.115234375,1.0
80,0.232421875,0.384765625,0.158203125,0.103515625,0.12109375,1.0
81,0.265625,0.3125,0.171875,0.130859375,0.119140625,1.0
82,0.28125,0.2421875,0.177734375,0.185546875,0.11328125,1.0
83,0.279296875,0.18359375,0.181640625,0.25390625,0.1015625,1.0
84,0.26171875,0.138671875,0.1796875,0.33203125,0.087890625,1.0
85,0.23046875,0.111328125,0.171875,0.408203125,0.078125,1.0
86,0.197265625,0.119140625,0.16015625,0.4609375,0.0625,1.0
87,0.1875,0.1953125,0.13671875,0.427734375,0.052734375,1.0
88,0.25390625,0.3203125,0.107421875,0.267578125,0.05078125,1.0
89,0.37109375,0.3671875,0.091796875,0.11328125,0.056640625,1.0
90,0.4609375,0.3203125,0.09375,0.0625,0.0625,1.0
91,0.50390625,0.248046875,0.099609375,0.083984375,0.064453125,1.0
92,0.50390625,0.1796875,0.103515625,0.15234375,0.060546875,1.0
93,0.458984375,0.123046875,0.103515625,0.259765625,0.0546875,1.0
94,0.375,0.078125,0.09375,0.40625,0.046875,1.0
95,0.2734375,0.044921875,0.080078125,0.56640625,0.03515625,1.0
96,0.177734375,0.0234375,0.0625,0.70703125,0.029296875,1.0
97,0.283203125,0.611328125,0.05078125,0.005859375,0.048828125,1.0
98,0.353515625,0.5234375,0.0546875,0.015625,0.052734375,1.0
99,0.4140625,0.435546875,0.05859375,0.037109375,0.0546875,1.0
100,0.45703125,0.353515625,0.060546875,0.076171875,0.052734375,1.0
101,0.46875,0.275390625,0.060546875,0.14453125,0.05078125,1.0
102,0.435546875,0.2109375,0.056640625,0.248046875,0.048828125,1.0
103,0.35546875,0.171875,0.052734375,0.373046875,0.046875,1.0
104,0.24609375,0.189453125,0.052734375,0.458984375,0.052734375,1.0
105,0.154296875,0.27734375,0.068359375,0.4140625,0.0859375,1.0
106,0.126953125,0.37109375,0.103515625,0.263671875,0.134765625,1.0
107,0.150390625,0.39453125,0.142578125,0.14453125,0.16796875,1.0
108,0.18359375,0.359375,0.173828125,0.10546875,0.177734375,1.0
109,0.208984375,0.30078125,0.1953125,0.119140625,0.17578125,1.0
110,0.22265625,0.2421875,0.212890625,0.158203125,0.1640625,1.0
111,0.224609375,0.19140625,0.2265625,0.2109375,0.146484375,1.0
112,0.212890625,0.150390625,0.234375,0.271484375,0.130859375,1.0
113,0.193359375,0.130859375,0.23828125,0.328125,0.109375,1.0
114,0.173828125,0.154296875,0.2265625,0.353515625,0.091796875,1.0
115,0.177734375,0.259765625,0.189453125,0.296875,0.076171875,1.0
116,0.240234375,0.38671875,0.134765625,0.158203125,0.080078125,1.0
117,0.32421875,0.40625,0.11328125,0.068359375,0.087890625,1.0
118,0.38671875,0.34765625,0.115234375,0.056640625,0.09375,1.0
119,0.416015625,0.2734375,0.125,0.091796875,0.09375,1.0
120,0.412109375,0.203125,0.134765625,0.162109375,0.087890625,1.0
121,0.373046875,0.140625,0.13671875,0.26953125,0.080078125,1.0
122,0.306640625,0.091796875,0.12890625,0.408203125,0.064453125,1.0
123,0.2265625,0.0546875,0.115234375,0.552734375,0.05078125,1.0
124,0.15234375,0.03125,0.095703125,0.68359375,0.037109375,1.0
125,0.099609375,0.017578125,0.076171875,0.78125,0.025390625,1.0
126,0.2578125,0.591796875,0.064453125,0.009765625,0.076171875,1.0
127,0.31640625,0.51171875,0.072265625,0.021484375,0.078125,1.0
128,0.365234375,0.431640625,0.078125,0.044921875,0.080078125,1.0
129,0.3984375,0.353515625,0.08203125,0.0859375,0.080078125,1.0
130,0.404296875,0.28125,0.083984375,0.15625,0.07421875,1.0
131,0.376953125,0.21484375,0.08203125,0.26171875,0.064453125,1.0
132,0.314453125,0.1640625,0.07421875,0.38671875,0.060546875,1.0
133,0.228515625,0.150390625,0.068359375,0.484375,0.068359375,1.0
134,0.150390625,0.19921875,0.072265625,0.470703125,0.107421875,1.0
135,0.11328125,0.28515625,0.1015625,0.3203125,0.1796875,1.0
136,0.123046875,0.330078125,0.14453125,0.171875,0.23046875,1.0
137,0.14453125,0.31640625,0.18359375,0.10546875,0.25,1.0
138,0.162109375,0.27734375,0.21484375,0.1015625,0.244140625,1.0
139,0.171875,0.23046875,0.244140625,0.126953125,0.2265625,1.0
140,0.17578125,0.189453125,0.26953125,0.1640625,0.201171875,1.0
141,0.169921875,0.15625,0.29296875,0.203125,0.177734375,1.0
142,0.16015625,0.14453125,0.30859375,0.23828125,0.1484375,1.0
143,0.154296875,0.18359375,0.296875,0.2421875,0.123046875,1.0
144,0.169921875,0.306640625,0.234375,0.177734375,0.111328125,1.0
145,0.220703125,0.41796875,0.15625,0.0859375,0.119140625,1.0
146,0.275390625,0.416015625,0.12890625,0.044921875,0.134765625,1.0
147,0.31640625,0.357421875,0.134765625,0.0546875,0.13671875,1.0
148,0.3359375,0.28515625,0.150390625,0.095703125,0.1328125,1.0
149,0.330078125,0.216796875,0.166015625,0.1640625,0.123046875,1.0
150,0.298828125,0.15625,0.173828125,0.263671875,0.107421875,1.0
151,0.248046875,0.10546875,0.173828125,0.384765625,0.087890625,1.0
152,0.1875,0.06640625,0.162109375,0.513671875,0.0703125,1.0
153,0.134765625,0.041015625,0.14453125,0.630859375,0.048828125,1.0
154,0.099609375,0.0234375,0.123046875,0.716796875,0.037109375,1.0
155,0.09765625,0.015625,0.1015625,0.763671875,0.021484375,1.0
156,0.185546875,0.62109375,0.0703125,0.005859375,0.1171875,1.0
157,0.232421875,0.552734375,0.080078125,0.01171875,0.123046875,1.0
158,0.279296875,0.482421875,0.08984375,0.025390625,0.123046875,1.0
159,0.3203125,0.412109375,0.099609375,0.048828125,0.119140625,1.0
160,0.34375,0.341796875,0.107421875,0.091796875,0.115234375,1.0
161,0.34765625,0.275390625,0.111328125,0.16015625,0.10546875,1.0
162,0.32421875,0.212890625,0.11328125,0.2578125,0.091796875,1.0
163,0.275390625,0.162109375,0.107421875,0.375,0.080078125,1.0
164,0.212890625,0.1328125,0.095703125,0.474609375,0.083984375,1.0
165,0.15234375,0.1484375,0.087890625,0.484375,0.126953125,1.0
166,0.1171875,0.208984375,0.1015625,0.35546875,0.216796875,1.0
167,0.111328125,0.259765625,0.140625,0.189453125,0.298828125,1.0
168,0.119140625,0.263671875,0.18359375,0.1015625,0.33203125,1.0
169,0.12890625,0.240234375,0.2265625,0.083984375,0.3203125,1.0
170,0.134765625,0.208984375,0.267578125,0.09375,0.294921875,1.0
171,0.13671875,0.177734375,0.30859375,0.1171875,0.259765625,1.0
172,0.13671875,0.15234375,0.345703125,0.140625,0.224609375,1.0
173,0.140625,0.150390625,0.369140625,0.154296875,0.185546875,1.0
174,0.15234375,0.19921875,0.349609375,0.14453125,0.154296875,1.0
175,0.1796875,0.3203125,0.255859375,0.095703125,0.1484375,1.0
176,0.2109375,0.40625,0.1640625,0.048828125,0.169921875,1.0
177,0.236328125,0.400390625,0.138671875,0.0390625,0.185546875,1.0
178,0.255859375,0.345703125,0.150390625,0.056640625,0.19140625,1.0
179,0.265625,0.283203125,0.173828125,0.095703125,0.181640625,1.0
180,0.259765625,0.220703125,0.19921875,0.15625,0.1640625,1.0
181,0.236328125,0.1640625,0.216796875,0.240234375,0.142578125,1.0
182,0.19921875,0.115234375,0.2265625,0.34375,0.115234375,1.0
183,0.158203125,0.078125,0.224609375,0.451171875,0.087890625,1.0
184,0.125,0.052734375,0.2109375,0.546875,0.064453125,1.0
185,0.119140625,0.03515625,0.189453125,0.609375,0.046875,1.0
186,0.162109375,0.02734375,0.16015625,0.62109375,0.029296875,1.0
187,0.140625,0.603515625,0.0703125,0.001953125,0.18359375,1.0
188,0.171875,0.55078125,0.083984375,0.005859375,0.1875,1.0
189,0.208984375,0.494140625,0.095703125,0.013671875,0.1875,1.0
190,0.244140625,0.435546875,0.109375,0.02734375,0.18359375,1.0
191,0.275390625,0.376953125,0.123046875,0.052734375,0.171875,1.0
192,0.29296875,0.318359375,0.13671875,0.09375,0.158203125,1.0
193,0.294921875,0.26171875,0.146484375,0.154296875,0.142578125,1.0
194,0.27734375,0.208984375,0.15234375,0.240234375,0.12109375,1.0
195,0.244140625,0.16015625,0.150390625,0.341796875,0.103515625,1.0
196,0.203125,0.125,0.138671875,0.431640625,0.1015625,1.0
197,0.16796875,0.119140625,0.123046875,0.451171875,0.138671875,1.0
198,0.1484375,0.150390625,0.11328125,0.34765625,0.240234375,1.0
199,0.1328125,0.19140625,0.134765625,0.189453125,0.3515625,1.0
200,0.12109375,0.205078125,0.17578125,0.095703125,0.40234375,1.0
201,0.11328125,0.197265625,0.2265625,0.06640625,0.396484375,1.0
202,0.111328125,0.1796875,0.279296875,0.0703125,0.359375,1.0
203,0.11328125,0.16015625,0.33203125,0.08203125,0.3125,1.0
204,0.123046875,0.14453125,0.37890625,0.091796875,0.26171875,1.0
205,0.146484375,0.1484375,0.40234375,0.09375,0.208984375,1.0
206,0.189453125,0.197265625,0.357421875,0.078125,0.177734375,1.0
207,0.220703125,0.294921875,0.24609375,0.052734375,0.185546875,1.0
208,0.220703125,0.359375,0.158203125,0.0390625,0.22265625,1.0
209,0.2109375,0.35546875,0.140625,0.044921875,0.248046875,1.0
210,0.208984375,0.31640625,0.162109375,0.064453125,0.248046875,1.0
211,0.208984375,0.265625,0.193359375,0.09765625,0.234375,1.0
212,0.201171875,0.21484375,0.228515625,0.146484375,0.208984375,1.0
213,0.18359375,0.166015625,0.259765625,0.2109375,0.1796875,1.0
214,0.158203125,0.125,0.28515625,0.2890625,0.142578125,1.0
215,0.134765625,0.091796875,0.294921875,0.3671875,0.111328125,1.0
216,0.12890625,0.0703125,0.291015625,0.431640625,0.078125,1.0
217,0.16796875,0.056640625,0.265625,0.455078125,0.0546875,1.0
218,0.283203125,0.05078125,0.21484375,0.416015625,0.03515625,1.0
219,0.458984375,0.046875,0.14453125,0.33203125,0.017578125,1.0
220,0.154296875,0.4921875,0.076171875,0.00390625,0.2734375,1.0
221,0.1640625,0.45703125,0.09375,0.0078125,0.27734375,1.0
222,0.185546875,0.41796875,0.111328125,0.015625,0.26953125,1.0
223,0.2109375,0.375,0.12890625,0.029296875,0.255859375,1.0
224,0.232421875,0.330078125,0.1484375,0.052734375,0.236328125,1.0
225,0.24609375,0.28515625,0.169921875,0.087890625,0.2109375,1.0
226,0.248046875,0.240234375,0.1875,0.140625,0.18359375,1.0
227,0.234375,0.197265625,0.201171875,0.2109375,0.15625,1.0
228,0.21484375,0.158203125,0.20703125,0.291015625,0.12890625,1.0
229,0.201171875,0.126953125,0.197265625,0.359375,0.115234375,1.0
230,0.201171875,0.109375,0.171875,0.375,0.142578125,1.0
231,0.21484375,0.11328125,0.138671875,0.294921875,0.23828125,1.0
232,0.205078125,0.134765625,0.130859375,0.169921875,0.359375,1.0
233,0.16796875,0.150390625,0.158203125,0.08984375,0.43359375,1.0
234,0.130859375,0.154296875,0.208984375,0.064453125,0.44140625,1.0
235,0.111328125,0.150390625,0.26953125,0.064453125,0.404296875,1.0
236,0.111328125,0.14453125,0.330078125,0.0703125,0.34375,1.0
237,0.138671875,0.142578125,0.375,0.072265625,0.271484375,1.0
238,0.201171875,0.150390625,0.376953125,0.064453125,0.20703125,1.0
239,0.27734375,0.1875,0.30859375,0.052734375,0.173828125,1.0
240,0.30078125,0.244140625,0.203125,0.046875,0.205078125,1.0
241,0.259765625,0.28515625,0.138671875,0.0546875,0.26171875,1.0
242,0.208984375,0.291015625,0.134765625,0.068359375,0.296875,1.0
243,0.1796875,0.271484375,0.162109375,0.0859375,0.30078125,1.0
244,0.1640625,0.236328125,0.205078125,0.111328125,0.283203125,1.0
245,0.154296875,0.19921875,0.251953125,0.142578125,0.251953125,1.0
246,0.140625,0.162109375,0.298828125,0.18359375,0.21484375,1.0
247,0.126953125,0.130859375,0.33984375,0.232421875,0.169921875,1.0
248,0.12109375,0.109375,0.365234375,0.275390625,0.12890625,1.0
249,0.154296875,0.099609375,0.361328125,0.298828125,0.0859375,1.0
250,0.255859375,0.09765625,0.3125,0.279296875,0.0546875,1.0
251,0.423828125,0.09375,0.224609375,0.228515625,0.029296875,1.0
252,0.5703125,0.078125,0.130859375,0.201171875,0.01953125,1.0
253,0.173828125,0.349609375,0.095703125,0.013671875,0.3671875,1.0
254,0.171875,0.328125,0.119140625,0.01953125,0.361328125,1.0
255,0.181640625,0.302734375,0.14453125,0.03125,0.33984375,1.0
256,0.1953125,0.2734375,0.171875,0.05078125,0.30859375,1.0
257,0.203125,0.244140625,0.201171875,0.080078125,0.271484375,1.0
258,0.205078125,0.212890625,0.23046875,0.119140625,0.232421875,1.0
259,0.19921875,0.18359375,0.255859375,0.171875,0.189453125,1.0
260,0.1953125,0.15625,0.26953125,0.2265625,0.15234375,1.0
261,0.208984375,0.134765625,0.263671875,0.267578125,0.125,1.0
262,0.255859375,0.119140625,0.228515625,0.265625,0.130859375,1.0
263,0.314453125,0.109375,0.169921875,0.208984375,0.197265625,1.0
264,0.326171875,0.109375,0.12890625,0.13671875,0.298828125,1.0
265,0.2734375,0.11328125,0.130859375,0.1015625,0.380859375,1.0
266,0.19921875,0.123046875,0.169921875,0.099609375,0.408203125,1.0
267,0.1484375,0.13671875,0.2265625,0.109375,0.37890625,1.0
268,0.142578125,0.15234375,0.279296875,0.111328125,0.314453125,1.0
269,0.1953125,0.16796875,0.3046875,0.099609375,0.232421875,1.0
270,0.29296875,0.181640625,0.283203125,0.076171875,0.166015625,1.0
271,0.380859375,0.19140625,0.21875,0.0625,0.146484375,1.0
272,0.388671875,0.201171875,0.1484375,0.0703125,0.19140625,1.0
273,0.31640625,0.212890625,0.11328125,0.095703125,0.26171875,1.0
274,0.228515625,0.21875,0.119140625,0.12109375,0.3125,1.0
275,0.16796875,0.212890625,0.15234375,0.138671875,0.328125,1.0
276,0.134765625,0.1953125,0.201171875,0.150390625,0.318359375,1.0
277,0.1171875,0.17578125,0.26171875,0.162109375,0.283203125,1.0
278,0.107421875,0.154296875,0.32421875,0.17578125,0.23828125,1.0
279,0.103515625,0.142578125,0.37890625,0.189453125,0.185546875,1.0
280,0.125,0.142578125,0.40625,0.193359375,0.1328125,1.0
281,0.203125,0.154296875,0.380859375,0.177734375,0.083984375,1.0
282,0.34765625,0.16015625,0.296875,0.146484375,0.048828125,1.0
283,0.5,0.146484375,0.189453125,0.134765625,0.029296875,1.0
284,0.580078125,0.11328125,0.109375,0.17578125,0.021484375,1.0
285,0.287109375,0.26953125,0.06640625,0.0234375,0.353515625,1.0
286,0.220703125,0.248046875,0.087890625,0.029296875,0.4140625,1.0
287,0.1796875,0.23828125,0.1171875,0.033203125,0.431640625,1.0
288,0.166015625,0.228515625,0.150390625,0.041015625,0.4140625,1.0
289,0.1640625,0.216796875,0.189453125,0.0546875,0.375,1.0
290,0.16796875,0.201171875,0.23046875,0.072265625,0.328125,1.0
291,0.16796875,0.185546875,0.271484375,0.099609375,0.275390625,1.0
292,0.169921875,0.171875,0.30859375,0.130859375,0.21875,1.0
293,0.181640625,0.162109375,0.328125,0.16015625,0.16796875,1.0
294,0.228515625,0.15625,0.31640625,0.171875,0.126953125,1.0
295,0.314453125,0.15234375,0.263671875,0.158203125,0.111328125,1.0
296,0.404296875,0.140625,0.189453125,0.12890625,0.13671875,1.0
297,0.43359375,0.125,0.130859375,0.119140625,0.19140625,1.0
298,0.3828125,0.11328125,0.109375,0.14453125,0.25,1.0
299,0.28515625,0.119140625,0.12109375,0.19140625,0.283203125,1.0
300,0.205078125,0.150390625,0.154296875,0.224609375,0.265625,1.0
301,0.19140625,0.1953125,0.185546875,0.216796875,0.2109375,1.0
302,0.255859375,0.232421875,0.1953125,0.16796875,0.1484375,1.0
303,0.357421875,0.240234375,0.177734375,0.11328125,0.111328125,1.0
304,0.43359375,0.220703125,0.14453125,0.08984375,0.111328125,1.0
305,0.43359375,0.189453125,0.11328125,0.107421875,0.15625,1.0
306,0.359375,0.16796875,0.09765625,0.154296875,0.220703125,1.0
307,0.2578125,0.15625,0.103515625,0.201171875,0.28125,1.0
308,0.171875,0.15234375,0.1328125,0.23046875,0.3125,1.0
309,0.119140625,0.150390625,0.18359375,0.234375,0.3125,1.0
310,0.09375,0.1484375,0.251953125,0.220703125,0.28515625,1.0
311,0.083984375,0.15234375,0.326171875,0.19921875,0.23828125,1.0
312,0.09375,0.171875,0.384765625,0.16796875,0.181640625,1.0
313,0.146484375,0.205078125,0.39453125,0.1328125,0.12109375,1.0
314,0.2578125,0.234375,0.3359375,0.09765625,0.07421875,1.0
315,0.39453125,0.232421875,0.23828125,0.087890625,0.046875,1.0
316,0.49609375,0.1953125,0.15625,0.1171875,0.03515625,1.0
317,0.525390625,0.14453125,0.103515625,0.197265625,0.029296875,1.0
318,0.48828125,0.095703125,0.072265625,0.318359375,0.025390625,1.0
319,0.400390625,0.05859375,0.05078125,0.46875,0.021484375,1.0
320,0.294921875,0.033203125,0.03515625,0.62109375,0.015625,1.0
321,0.400390625,0.34375,0.05859375,0.02734375,0.169921875,1.0
322,0.376953125,0.244140625,0.0625,0.046875,0.26953125,1.0
323,0.3046875,0.1875,0.076171875,0.064453125,0.3671875,1.0
324,0.224609375,0.166015625,0.103515625,0.07421875,0.431640625,1.0
325,0.171875,0.162109375,0.14453125,0.076171875,0.4453125,1.0
326,0.1484375,0.162109375,0.193359375,0.078125,0.41796875,1.0
327,0.140625,0.16015625,0.248046875,0.08203125,0.369140625,1.0
328,0.138671875,0.162109375,0.302734375,0.08984375,0.306640625,1.0
329,0.146484375,0.169921875,0.34765625,0.099609375,0.236328125,1.0
330,0.1796875,0.185546875,0.36328125,0.103515625,0.16796875,1.0
331,0.25,0.203125,0.333984375,0.09765625,0.115234375,1.0
332,0.349609375,0.208984375,0.263671875,0.0859375,0.091796875,1.0
333,0.435546875,0.193359375,0.189453125,0.08984375,0.091796875,1.0
334,0.4609375,0.166015625,0.134765625,0.126953125,0.111328125,1.0
335,0.4140625,0.140625,0.10546875,0.205078125,0.134765625,1.0
336,0.318359375,0.140625,0.095703125,0.298828125,0.146484375,1.0
337,0.232421875,0.177734375,0.099609375,0.3515625,0.138671875,1.0
338,0.212890625,0.2421875,0.111328125,0.322265625,0.111328125,1.0
339,0.271484375,0.294921875,0.12109375,0.228515625,0.083984375,1.0
340,0.357421875,0.298828125,0.123046875,0.14453125,0.076171875,1.0
341,0.41796875,0.26171875,0.119140625,0.111328125,0.08984375,1.0
342,0.419921875,0.20703125,0.111328125,0.138671875,0.123046875,1.0
343,0.361328125,0.158203125,0.10546875,0.205078125,0.169921875,1.0
344,0.26953125,0.125,0.103515625,0.283203125,0.21875,1.0
345,0.1796875,0.109375,0.119140625,0.3359375,0.255859375,1.0
346,0.115234375,0.111328125,0.158203125,0.34765625,0.267578125,1.0
347,0.080078125,0.126953125,0.220703125,0.31640625,0.255859375,1.0
348,0.072265625,0.166015625,0.294921875,0.251953125,0.21484375,1.0
349,0.09765625,0.228515625,0.34375,0.169921875,0.16015625,1.0
350,0.171875,0.294921875,0.330078125,0.09765625,0.10546875,1.0
351,0.28125,0.318359375,0.26171875,0.064453125,0.07421875,1.0
352,0.3828125,0.2890625,0.193359375,0.076171875,0.05859375,1.0
353,0.443359375,0.232421875,0.14453125,0.12890625,0.05078125,1.0
354,0.451171875,0.169921875,0.11328125,0.21875,0.046875,1.0
355,0.41015625,0.115234375,0.091796875,0.34375,0.0390625,1.0
356,0.3359375,0.072265625,0.072265625,0.48828125,0.03125,1.0
357,0.248046875,0.04296875,0.0546875,0.630859375,0.0234375,1.0
358,0.3359375,0.498046875,0.07421875,0.01953125,0.072265625,1.0
359,0.3984375,0.376953125,0.072265625,0.041015625,0.111328125,1.0
360,0.4140625,0.267578125,0.0703125,0.07421875,0.173828125,1.0
361,0.375,0.18359375,0.072265625,0.115234375,0.25390625,1.0
362,0.294921875,0.1328125,0.087890625,0.1484375,0.3359375,1.0
363,0.2109375,0.11328125,0.12109375,0.16015625,0.39453125,1.0
364,0.154296875,0.115234375,0.17578125,0.15234375,0.40234375,1.0
365,0.125,0.12890625,0.2421875,0.130859375,0.373046875,1.0
366,0.119140625,0.15234375,0.310546875,0.109375,0.30859375,1.0
367,0.1328125,0.19140625,0.357421875,0.087890625,0.23046875,1.0
368,0.1796875,0.236328125,0.357421875,0.068359375,0.158203125,1.0
369,0.259765625,0.26953125,0.306640625,0.0546875,0.109375,1.0
370,0.345703125,0.271484375,0.23828125,0.0546875,0.08984375,1.0
371,0.40234375,0.24609375,0.181640625,0.083984375,0.0859375,1.0
372,0.412109375,0.20703125,0.146484375,0.1484375,0.0859375,1.0
373,0.369140625,0.169921875,0.123046875,0.25,0.087890625,1.0
374,0.291015625,0.16015625,0.10546875,0.361328125,0.08203125,1.0
375,0.220703125,0.1953125,0.09375,0.416015625,0.07421875,1.0
376,0.20703125,0.265625,0.08984375,0.369140625,0.068359375,1.0
377,0.25390625,0.32421875,0.099609375,0.251953125,0.0703125,1.0
378,0.3203125,0.33203125,0.115234375,0.154296875,0.078125,1.0
379,0.36328125,0.291015625,0.12890625,0.12109375,0.095703125,1.0
380,0.365234375,0.23046875,0.13671875,0.15234375,0.115234375,1.0
381,0.326171875,0.169921875,0.13671875,0.228515625,0.138671875,1.0
382,0.255859375,0.12109375,0.130859375,0.326171875,0.166015625,1.0
383,0.1796875,0.091796875,0.130859375,0.408203125,0.189453125,1.0
384,0.115234375,0.087890625,0.146484375,0.4453125,0.205078125,1.0
385,0.076171875,0.119140625,0.189453125,0.412109375,0.203125,1.0
386,0.0703125,0.19921875,0.24609375,0.306640625,0.177734375,1.0
387,0.107421875,0.30859375,0.275390625,0.169921875,0.138671875,1.0
388,0.18359375,0.37890625,0.251953125,0.078125,0.107421875,1.0
389,0.26953125,0.373046875,0.208984375,0.0546875,0.09375,1.0
390,0.3359375,0.322265625,0.17578125,0.080078125,0.0859375,1.0
391,0.37109375,0.255859375,0.154296875,0.138671875,0.080078125,1.0
392,0.373046875,0.189453125,0.138671875,0.228515625,0.0703125,1.0
393,0.337890625,0.130859375,0.123046875,0.349609375,0.05859375,1.0
394,0.279296875,0.0859375,0.10546875,0.484375,0.044921875,1.0
395,0.212890625,0.052734375,0.0859375,0.615234375,0.033203125,1.0
396,0.232421875,0.61328125,0.083984375,0.01171875,0.05859375,1.0
397,0.3046875,0.505859375,0.08984375,0.02734375,0.072265625,1.0
398,0.365234375,0.396484375,0.091796875,0.052734375,0.09375,1.0
399,0.3984375,0.29296875,0.08984375,0.09765625,0.12109375,1.0
400,0.390625,0.203125,0.0859375,0.158203125,0.162109375,1.0
401,0.3359375,0.13671875,0.0859375,0.224609375,0.216796875,1.0
402,0.255859375,0.09765625,0.099609375,0.2734375,0.2734375,1.0
403,0.177734375,0.087890625,0.140625,0.279296875,0.314453125,1.0
404,0.126953125,0.107421875,0.20703125,0.2421875,0.31640625,1.0
405,0.107421875,0.158203125,0.28125,0.17578125,0.27734375,1.0
406,0.125,0.232421875,0.322265625,0.10546875,0.21484375,1.0
407,0.177734375,0.30078125,0.30859375,0.056640625,0.15625,1.0
408,0.24609375,0.330078125,0.259765625,0.0390625,0.125,1.0
409,0.3046875,0.3203125,0.212890625,0.048828125,0.11328125,1.0
410,0.3359375,0.283203125,0.18359375,0.087890625,0.109375,1.0
411,0.333984375,0.236328125,0.16796875,0.162109375,0.099609375,1.0
412,0.298828125,0.19140625,0.15625,0.265625,0.087890625,1.0
413,0.24609375,0.171875,0.138671875,0.369140625,0.07421875,1.0
414,0.203125,0.19921875,0.1171875,0.41796875,0.0625,1.0
415,0.203125,0.265625,0.103515625,0.361328125,0.06640625,1.0
416,0.23828125,0.326171875,0.109375,0.240234375,0.0859375,1.0
417,0.279296875,0.337890625,0.12890625,0.146484375,0.107421875,1.0
418,0.30078125,0.30078125,0.154296875,0.119140625,0.125,1.0
419,0.298828125,0.2421875,0.171875,0.150390625,0.13671875,1.0
420,0.26953125,0.181640625,0.181640625,0.224609375,0.142578125,1.0
421,0.22265625,0.12890625,0.1796875,0.3203125,0.1484375,1.0
422,0.16796875,0.091796875,0.171875,0.416015625,0.15234375,1.0
423,0.119140625,0.08203125,0.16796875,0.474609375,0.15625,1.0
424,0.0859375,0.125,0.1796875,0.453125,0.15625,1.0
425,0.080078125,0.2421875,0.20703125,0.322265625,0.1484375,1.0
426,0.115234375,0.373046875,0.216796875,0.15234375,0.142578125,1.0
427,0.173828125,0.41796875,0.203125,0.064453125,0.140625,1.0
428,0.23046875,0.388671875,0.189453125,0.052734375,0.138671875,1.0
429,0.275390625,0.328125,0.18359375,0.08203125,0.130859375,1.0
430,0.298828125,0.26171875,0.181640625,0.138671875,0.119140625,1.0
431,0.298828125,0.19921875,0.17578125,0.22265625,0.103515625,1.0
432,0.275390625,0.142578125,0.16796875,0.330078125,0.083984375,1.0
433,0.232421875,0.09765625,0.154296875,0.451171875,0.064453125,1.0
434,0.181640625,0.064453125,0.134765625,0.572265625,0.046875,1.0
435,0.208984375,0.59375,0.099609375,0.015625,0.08203125,1.0
436,0.26953125,0.49609375,0.107421875,0.033203125,0.09375,1.0
437,0.32421875,0.396484375,0.11328125,0.0625,0.103515625,1.0
438,0.357421875,0.302734375,0.11328125,0.11328125,0.11328125,1.0
439,0.361328125,0.21875,0.109375,0.18359375,0.126953125,1.0
440,0.33203125,0.150390625,0.103515625,0.26953125,0.14453125,1.0
441,0.271484375,0.1015625,0.1015625,0.353515625,0.171875,1.0
442,0.201171875,0.080078125,0.115234375,0.40234375,0.201171875,1.0
443,0.138671875,0.09765625,0.15625,0.380859375,0.2265625,1.0
444,0.10546875,0.169921875,0.21875,0.279296875,0.2265625,1.0
445,0.119140625,0.2734375,0.255859375,0.14453125,0.20703125,1.0
446,0.166015625,0.345703125,0.244140625,0.060546875,0.18359375,1.0
447,0.212890625,0.361328125,0.21484375,0.037109375,0.173828125,1.0
448,0.248046875,0.337890625,0.19921875,0.05078125,0.1640625,1.0
449,0.263671875,0.296875,0.1953125,0.08984375,0.154296875,1.0
450,0.2578125,0.248046875,0.201171875,0.158203125,0.134765625,1.0
451,0.234375,0.205078125,0.19921875,0.25,0.111328125,1.0
452,0.208984375,0.181640625,0.185546875,0.337890625,0.0859375,1.0
453,0.197265625,0.197265625,0.158203125,0.37109375,0.076171875,1.0
454,0.212890625,0.251953125,0.130859375,0.31640625,0.087890625,1.0
455,0.236328125,0.3046875,0.12890625,0.208984375,0.12109375,1.0
456,0.25,0.314453125,0.1484375,0.1328125,0.154296875,1.0
457,0.25,0.28515625,0.1796875,0.115234375,0.169921875,1.0
458,0.236328125,0.236328125,0.20703125,0.14453125,0.17578125,1.0
459,0.21484375,0.181640625,0.228515625,0.203125,0.171875,1.0
460,0.1875,0.1328125,0.23828125,0.283203125,0.158203125,1.0
461,0.158203125,0.095703125,0.236328125,0.365234375,0.14453125,1.0
462,0.134765625,0.083984375,0.224609375,0.421875,0.134765625,1.0
463,0.11328125,0.130859375,0.208984375,0.41015625,0.13671875,1.0
464,0.103515625,0.26171875,0.1953125,0.279296875,0.16015625,1.0
465,0.1171875,0.384765625,0.18359375,0.12109375,0.193359375,1.0
466,0.150390625,0.40625,0.18359375,0.0546875,0.205078125,1.0
467,0.1875,0.369140625,0.189453125,0.052734375,0.201171875,1.0
468,0.216796875,0.3125,0.201171875,0.080078125,0.189453125,1.0
469,0.232421875,0.25390625,0.21484375,0.12890625,0.169921875,1.0
470,0.234375,0.19921875,0.22265625,0.201171875,0.142578125,1.0
471,0.21875,0.1484375,0.22265625,0.291015625,0.119140625,1.0
472,0.189453125,0.107421875,0.216796875,0.39453125,0.091796875,1.0
473,0.154296875,0.07421875,0.205078125,0.498046875,0.068359375,1.0
474,0.13671875,0.640625,0.1015625,0.0078125,0.11328125,1.0
475,0.185546875,0.556640625,0.115234375,0.01953125,0.123046875,1.0
476,0.236328125,0.46875,0.126953125,0.037109375,0.130859375,1.0
477,0.28125,0.380859375,0.134765625,0.068359375,0.134765625,1.0
478,0.310546875,0.296875,0.138671875,0.119140625,0.134765625,1.0
479,0.318359375,0.22265625,0.138671875,0.189453125,0.130859375,1.0
480,0.30078125,0.16015625,0.1328125,0.279296875,0.126953125,1.0
481,0.259765625,0.111328125,0.125,0.375,0.12890625,1.0
482,0.205078125,0.083984375,0.12109375,0.453125,0.13671875,1.0
483,0.1484375,0.09375,0.1328125,0.46875,0.15625,1.0
484,0.109375,0.169921875,0.1640625,0.36328125,0.193359375,1.0
485,0.1171875,0.28515625,0.1875,0.177734375,0.232421875,1.0
486,0.150390625,0.34765625,0.1875,0.064453125,0.25,1.0
487,0.1796875,0.349609375,0.185546875,0.03515625,0.25,1.0
488,0.197265625,0.32421875,0.1953125,0.048828125,0.234375,1.0
489,0.203125,0.2890625,0.21484375,0.0859375,0.20703125,1.0
490,0.197265625,0.248046875,0.234375,0.142578125,0.177734375,1.0
491,0.1875,0.212890625,0.24609375,0.212890625,0.140625,1.0
492,0.1875,0.189453125,0.236328125,0.275390625,0.111328125,1.0
493,0.208984375,0.1953125,0.203125,0.294921875,0.09765625,1.0
494,0.240234375,0.228515625,0.1640625,0.248046875,0.119140625,1.0
495,0.25390625,0.263671875,0.1484375,0.171875,0.162109375,1.0
496,0.240234375,0.271484375,0.162109375,0.125,0.201171875,1.0
497,0.21484375,0.248046875,0.1953125,0.119140625,0.22265625,1.0
498,0.19140625,0.2109375,0.232421875,0.14453125,0.220703125,1.0
499,0.173828125,0.16796875,0.265625,0.1875,0.205078125,1.0
500,0.1640625,0.12890625,0.287109375,0.23828125,0.181640625,1.0
501,0.1640625,0.095703125,0.296875,0.287109375,0.15625,1.0
502,0.171875,0.083984375,0.2890625,0.322265625,0.1328125,1.0
503,0.173828125,0.12109375,0.2578125,0.30859375,0.138671875,1.0
504,0.1484375,0.236328125,0.203125,0.212890625,0.19921875,1.0
505,0.12109375,0.337890625,0.171875,0.1015625,0.267578125,1.0
506,0.125,0.3515625,0.17578125,0.0546875,0.29296875,1.0
507,0.14453125,0.322265625,0.197265625,0.052734375,0.283203125,1.0
508,0.1640625,0.279296875,0.22265625,0.07421875,0.259765625,1.0
509,0.177734375,0.234375,0.248046875,0.11328125,0.2265625,1.0
510,0.181640625,0.189453125,0.26953125,0.16796875,0.19140625,1.0
511,0.171875,0.1484375,0.287109375,0.23828125,0.154296875,1.0
512,0.154296875,0.111328125,0.294921875,0.318359375,0.12109375,1.0
513,0.12890625,0.08203125,0.296875,0.400390625,0.091796875,1.0
514,0.166015625,0.50390625,0.130859375,0.021484375,0.177734375,1.0
515,0.20703125,0.427734375,0.14453125,0.041015625,0.1796875,1.0
516,0.2421875,0.3515625,0.158203125,0.0703125,0.177734375,1.0
517,0.265625,0.28125,0.16796875,0.1171875,0.16796875,1.0
518,0.2734375,0.216796875,0.171875,0.181640625,0.15625,1.0
519,0.263671875,0.162109375,0.171875,0.26171875,0.140625,1.0
520,0.234375,0.119140625,0.166015625,0.353515625,0.126953125,1.0
521,0.1953125,0.08984375,0.158203125,0.435546875,0.12109375,1.0
522,0.150390625,0.09375,0.150390625,0.470703125,0.134765625,1.0
523,0.119140625,0.158203125,0.146484375,0.37890625,0.197265625,1.0
524,0.123046875,0.259765625,0.14453125,0.181640625,0.291015625,1.0
525,0.1484375,0.30859375,0.1484375,0.060546875,0.333984375,1.0
526,0.1640625,0.306640625,0.166015625,0.033203125,0.330078125,1.0
527,0.169921875,0.2890625,0.193359375,0.04296875,0.3046875,1.0
528,0.166015625,0.265625,0.228515625,0.07421875,0.265625,1.0
529,0.16015625,0.240234375,0.26171875,0.1171875,0.220703125,1.0
530,0.162109375,0.21875,0.283203125,0.166015625,0.169921875,1.0
531,0.18359375,0.205078125,0.275390625,0.205078125,0.130859375,1.0
532,0.23046875,0.203125,0.23828125,0.2109375,0.1171875,1.0
533,0.275390625,0.212890625,0.1875,0.181640625,0.142578125,1.0
534,0.279296875,0.22265625,0.16015625,0.146484375,0.19140625,1.0
535,0.244140625,0.21875,0.166015625,0.134765625,0.236328125,1.0
536,0.197265625,0.203125,0.1953125,0.14453125,0.259765625,1.0
537,0.166015625,0.177734375,0.236328125,0.166015625,0.25390625,1.0
538,0.154296875,0.1484375,0.27734375,0.189453125,0.23046875,1.0
539,0.166015625,0.119140625,0.30859375,0.208984375,0.197265625,1.0
540,0.197265625,0.09375,0.326171875,0.22265625,0.16015625,1.0
541,0.240234375,0.078125,0.3203125,0.228515625,0.1328125,1.0
542,0.26171875,0.09765625,0.27734375,0.21875,0.14453125,1.0
543,0.212890625,0.171875,0.201171875,0.1796875,0.234375,1.0
544,0.134765625,0.25,0.158203125,0.12109375,0.3359375,1.0
545,0.10546875,0.2734375,0.166015625,0.080078125,0.375,1.0
546,0.111328125,0.26171875,0.19921875,0.06640625,0.361328125,1.0
547,0.125,0.234375,0.236328125,0.072265625,0.33203125,1.0
548,0.13671875,0.203125,0.27734375,0.095703125,0.287109375,1.0
549,0.140625,0.169921875,0.31640625,0.130859375,0.2421875,1.0
550,0.138671875,0.13671875,0.349609375,0.1796875,0.1953125,1.0
551,0.126953125,0.107421875,0.37890625,0.234375,0.15234375,1.0
552,0.111328125,0.08203125,0.400390625,0.291015625,0.115234375,1.0
553,0.111328125,0.50390625,0.125,0.01171875,0.248046875,1.0
554,0.14453125,0.439453125,0.142578125,0.0234375,0.25,1.0
555,0.177734375,0.375,0.162109375,0.041015625,0.244140625,1.0
556,0.20703125,0.3125,0.1796875,0.068359375,0.232421875,1.0
557,0.2265625,0.255859375,0.1953125,0.109375,0.212890625,1.0
558,0.232421875,0.203125,0.208984375,0.162109375,0.193359375,1.0
559,0.2265625,0.158203125,0.216796875,0.23046875,0.16796875,1.0
560,0.208984375,0.12109375,0.220703125,0.3046875,0.14453125,1.0
561,0.1796875,0.099609375,0.216796875,0.376953125,0.126953125,1.0
562,0.146484375,0.103515625,0.201171875,0.408203125,0.140625,1.0
563,0.1328125,0.158203125,0.166015625,0.32421875,0.21875,1.0
564,0.15234375,0.228515625,0.126953125,0.1484375,0.34375,1.0
565,0.17578125,0.25390625,0.123046875,0.048828125,0.3984375,1.0
566,0.18359375,0.25,0.146484375,0.02734375,0.392578125,1.0
567,0.177734375,0.2421875,0.185546875,0.0390625,0.35546875,1.0
568,0.1640625,0.236328125,0.23046875,0.0625,0.306640625,1.0
569,0.15234375,0.232421875,0.271484375,0.095703125,0.248046875,1.0
570,0.15625,0.23046875,0.296875,0.130859375,0.185546875,1.0
571,0.189453125,0.23046875,0.2890625,0.150390625,0.140625,1.0
572,0.248046875,0.224609375,0.248046875,0.150390625,0.12890625,1.0
573,0.296875,0.212890625,0.197265625,0.140625,0.15234375,1.0
574,0.294921875,0.197265625,0.1640625,0.14453125,0.19921875,1.0
575,0.25,0.181640625,0.162109375,0.1640625,0.2421875,1.0
576,0.193359375,0.16796875,0.18359375,0.19140625,0.263671875,1.0
577,0.16015625,0.15234375,0.220703125,0.2109375,0.255859375,1.0
578,0.158203125,0.13671875,0.26171875,0.21484375,0.228515625,1.0
579,0.193359375,0.1171875,0.29296875,0.205078125,0.19140625,1.0
580,0.2578125,0.09765625,0.30859375,0.189453125,0.146484375,1.0
581,0.326171875,0.080078125,0.296875,0.1796875,0.1171875,1.0
582,0.349609375,0.080078125,0.248046875,0.193359375,0.12890625,1.0
583,0.275390625,0.111328125,0.177734375,0.216796875,0.21875,1.0
584,0.158203125,0.16015625,0.134765625,0.19921875,0.34765625,1.0
585,0.095703125,0.19140625,0.146484375,0.1484375,0.41796875,1.0
586,0.08984375,0.197265625,0.1875,0.103515625,0.421875,1.0
587,0.1015625,0.1875,0.23828125,0.08203125,0.390625,1.0
588,0.115234375,0.16796875,0.29296875,0.08203125,0.341796875,1.0
589,0.123046875,0.14453125,0.349609375,0.099609375,0.283203125,1.0
590,0.126953125,0.119140625,0.400390625,0.126953125,0.2265625,1.0
591,0.123046875,0.095703125,0.447265625,0.162109375,0.171875,1.0
592,0.11328125,0.07421875,0.486328125,0.201171875,0.125,1.0
593,0.09765625,0.416015625,0.12890625,0.01171875,0.345703125,1.0
594,0.125,0.365234375,0.15234375,0.0234375,0.333984375,1.0
595,0.15234375,0.31640625,0.17578125,0.0390625,0.31640625,1.0
596,0.17578125,0.26953125,0.19921875,0.0625,0.29296875,1.0
597,0.193359375,0.224609375,0.224609375,0.09375,0.263671875,1.0
598,0.19921875,0.18359375,0.24609375,0.13671875,0.234375,1.0
599,0.197265625,0.1484375,0.267578125,0.1875,0.19921875,1.0
600,0.18359375,0.123046875,0.283203125,0.244140625,0.166015625,1.0
601,0.162109375,0.111328125,0.2890625,0.29296875,0.14453125,1.0
602,0.14453125,0.1328125,0.267578125,0.306640625,0.1484375,1.0
603,0.15625,0.19140625,0.19921875,0.2265625,0.2265625,1.0
604,0.205078125,0.232421875,0.123046875,0.099609375,0.33984375,1.0
605,0.23828125,0.224609375,0.10546875,0.03515625,0.396484375,1.0
606,0.244140625,0.20703125,0.125,0.02734375,0.396484375,1.0
607,0.228515625,0.203125,0.1640625,0.041015625,0.36328125,1.0
608,0.19921875,0.2109375,0.2109375,0.06640625,0.3125,1.0
609,0.173828125,0.2265625,0.25390625,0.09765625,0.248046875,1.0
610,0.166015625,0.248046875,0.275390625,0.123046875,0.1875,1.0
611,0.1953125,0.259765625,0.267578125,0.134765625,0.142578125,1.0
612,0.248046875,0.25390625,0.234375,0.1328125,0.130859375,1.0
613,0.2890625,0.228515625,0.1953125,0.13671875,0.150390625,1.0
614,0.287109375,0.197265625,0.169921875,0.16015625,0.185546875,1.0
615,0.244140625,0.171875,0.162109375,0.201171875,0.220703125,1.0
616,0.19140625,0.158203125,0.173828125,0.240234375,0.236328125,1.0
617,0.1640625,0.154296875,0.197265625,0.255859375,0.228515625,1.0
618,0.177734375,0.1484375,0.2265625,0.244140625,0.203125,1.0
619,0.23828125,0.138671875,0.251953125,0.2109375,0.16015625,1.0
620,0.3203125,0.12109375,0.259765625,0.177734375,0.12109375,1.0
621,0.388671875,0.09765625,0.2421875,0.173828125,0.09765625,1.0
622,0.392578125,0.080078125,0.201171875,0.22265625,0.103515625,1.0
623,0.30078125,0.08203125,0.14453125,0.298828125,0.173828125,1.0
624,0.173828125,0.10546875,0.109375,0.322265625,0.2890625,1.0
625,0.099609375,0.1328125,0.1171875,0.263671875,0.38671875,1.0
626,0.0859375,0.1484375,0.16015625,0.177734375,0.427734375,1.0
627,0.1015625,0.1484375,0.220703125,0.115234375,0.4140625,1.0
628,0.126953125,0.13671875,0.287109375,0.0859375,0.36328125,1.0
629,0.1484375,0.119140625,0.353515625,0.08203125,0.296875,1.0
630,0.162109375,0.09765625,0.4140625,0.095703125,0.23046875,1.0
631,0.1640625,0.078125,0.462890625,0.125,0.169921875,1.0
632,0.15625,0.05859375,0.49609375,0.169921875,0.119140625,1.0
633,0.0859375,0.328125,0.12890625,0.01171875,0.4453125,1.0
634,0.109375,0.29296875,0.154296875,0.021484375,0.421875,1.0
635,0.1328125,0.2578125,0.18359375,0.033203125,0.392578125,1.0
636,0.15234375,0.224609375,0.21484375,0.052734375,0.35546875,1.0
637,0.169921875,0.19140625,0.248046875,0.076171875,0.314453125,1.0
638,0.177734375,0.16015625,0.28125,0.107421875,0.2734375,1.0
639,0.177734375,0.13671875,0.314453125,0.142578125,0.228515625,1.0
640,0.169921875,0.123046875,0.34375,0.177734375,0.185546875,1.0
641,0.154296875,0.1328125,0.35546875,0.205078125,0.15234375,1.0
642,0.146484375,0.189453125,0.3203125,0.197265625,0.146484375,1.0
643,0.181640625,0.271484375,0.216796875,0.1328125,0.197265625,1.0
644,0.25390625,0.2890625,0.123046875,0.060546875,0.2734375,1.0
645,0.306640625,0.24609375,0.09375,0.03125,0.322265625,1.0
646,0.32421875,0.203125,0.107421875,0.03515625,0.330078125,1.0
647,0.3046875,0.185546875,0.138671875,0.05859375,0.3125,1.0
648,0.259765625,0.193359375,0.177734375,0.095703125,0.2734375,1.0
649,0.208984375,0.22265625,0.2109375,0.134765625,0.22265625,1.0
650,0.1796875,0.2578125,0.228515625,0.158203125,0.17578125,1.0
651,0.1875,0.279296875,0.224609375,0.16015625,0.1484375,1.0
652,0.224609375,0.2734375,0.208984375,0.1484375,0.14453125,1.0
653,0.255859375,0.24609375,0.193359375,0.1484375,0.15625,1.0
654,0.2578125,0.208984375,0.18359375,0.17578125,0.173828125,1.0
655,0.224609375,0.18359375,0.1796875,0.22265625,0.189453125,1.0
656,0.18359375,0.17578125,0.1796875,0.265625,0.1953125,1.0
657,0.16796875,0.18359375,0.185546875,0.275390625,0.1875,1.0
658,0.19921875,0.193359375,0.197265625,0.25,0.16015625,1.0
659,0.271484375,0.1875,0.20703125,0.201171875,0.1328125,1.0
660,0.35546875,0.166015625,0.208984375,0.169921875,0.099609375,1.0
661,0.40234375,0.130859375,0.197265625,0.1875,0.08203125,1.0
662,0.37890625,0.099609375,0.169921875,0.267578125,0.083984375,1.0
663,0.28515625,0.083984375,0.1328125,0.376953125,0.12109375,1.0
664,0.173828125,0.095703125,0.1015625,0.4296875,0.19921875,1.0
665,0.107421875,0.12109375,0.095703125,0.384765625,0.291015625,1.0
666,0.103515625,0.142578125,0.125,0.275390625,0.353515625,1.0
667,0.140625,0.146484375,0.1796875,0.169921875,0.36328125,1.0
668,0.19140625,0.1328125,0.244140625,0.10546875,0.326171875,1.0
669,0.236328125,0.109375,0.3046875,0.087890625,0.26171875,1.0
670,0.263671875,0.083984375,0.353515625,0.107421875,0.19140625,1.0
671,0.265625,0.060546875,0.3828125,0.16015625,0.130859375,1.0
672,0.2421875,0.041015625,0.38671875,0.24609375,0.083984375,1.0
673,0.123046875,0.2109375,0.18359375,0.02734375,0.455078125,1.0
674,0.146484375,0.185546875,0.220703125,0.041015625,0.40625,1.0
675,0.166015625,0.162109375,0.263671875,0.05859375,0.349609375,1.0
676,0.1796875,0.138671875,0.306640625,0.078125,0.296875,1.0
677,0.185546875,0.123046875,0.349609375,0.099609375,0.2421875,1.0
678,0.1796875,0.125,0.3828125,0.12109375,0.19140625,1.0
679,0.166015625,0.16796875,0.384765625,0.134765625,0.146484375,1.0
680,0.158203125,0.271484375,0.3203125,0.125,0.125,1.0
681,0.1953125,0.369140625,0.201171875,0.0859375,0.1484375,1.0
682,0.26953125,0.3671875,0.119140625,0.05078125,0.193359375,1.0
683,0.337890625,0.302734375,0.09765625,0.0390625,0.22265625,1.0
684,0.37109375,0.236328125,0.10546875,0.0546875,0.232421875,1.0
685,0.361328125,0.1953125,0.125,0.08984375,0.228515625,1.0
686,0.30859375,0.1875,0.1484375,0.14453125,0.2109375,1.0
687,0.236328125,0.2109375,0.16796875,0.1953125,0.189453125,1.0
688,0.181640625,0.24609375,0.177734375,0.21875,0.17578125,1.0
689,0.169921875,0.271484375,0.181640625,0.205078125,0.171875,1.0
690,0.19140625,0.271484375,0.1875,0.177734375,0.171875,1.0
691,0.21484375,0.25,0.197265625,0.1640625,0.173828125,1.0
692,0.21875,0.220703125,0.208984375,0.1796875,0.171875,1.0
693,0.197265625,0.203125,0.212890625,0.21875,0.16796875,1.0
694,0.16796875,0.20703125,0.208984375,0.25390625,0.162109375,1.0
695,0.1640625,0.23046875,0.197265625,0.255859375,0.15234375,1.0
696,0.203125,0.251953125,0.1875,0.220703125,0.13671875,1.0
697,0.2734375,0.24609375,0.185546875,0.173828125,0.12109375,1.0
698,0.33984375,0.2109375,0.1875,0.158203125,0.103515625,1.0
699,0.36328125,0.1640625,0.185546875,0.19921875,0.087890625,1.0
700,0.326171875,0.12109375,0.173828125,0.296875,0.08203125,1.0
701,0.2421875,0.10546875,0.1484375,0.4140625,0.08984375,1.0
702,0.15625,0.119140625,0.119140625,0.478515625,0.126953125,1.0
703,0.11328125,0.158203125,0.099609375,0.447265625,0.181640625,1.0
704,0.1328125,0.193359375,0.10546875,0.333984375,0.234375,1.0
705,0.205078125,0.19921875,0.13671875,0.20703125,0.251953125,1.0
706,0.29296875,0.171875,0.1796875,0.12890625,0.2265625,1.0
707,0.357421875,0.12890625,0.216796875,0.119140625,0.177734375,1.0
708,0.380859375,0.087890625,0.240234375,0.1640625,0.126953125,1.0
709,0.361328125,0.0546875,0.244140625,0.255859375,0.083984375,1.0
710,0.3046875,0.03125,0.23046875,0.37890625,0.0546875,1.0
711,0.134765625,0.19921875,0.169921875,0.01953125,0.4765625,1.0
712,0.16796875,0.17578125,0.2109375,0.02734375,0.41796875,1.0
713,0.201171875,0.150390625,0.255859375,0.0390625,0.353515625,1.0
714,0.228515625,0.130859375,0.302734375,0.052734375,0.28515625,1.0
715,0.2421875,0.12109375,0.34375,0.068359375,0.224609375,1.0
716,0.236328125,0.13671875,0.369140625,0.087890625,0.169921875,1.0
717,0.20703125,0.2109375,0.34765625,0.111328125,0.123046875,1.0
718,0.17578125,0.337890625,0.26171875,0.1171875,0.107421875,1.0
719,0.189453125,0.427734375,0.1640625,0.09765625,0.12109375,1.0
720,0.248046875,0.421875,0.115234375,0.0703125,0.14453125,1.0
721,0.314453125,0.35546875,0.111328125,0.05859375,0.16015625,1.0
722,0.359375,0.27734375,0.123046875,0.076171875,0.1640625,1.0
723,0.359375,0.21484375,0.138671875,0.12109375,0.166015625,1.0
724,0.3125,0.18359375,0.1484375,0.189453125,0.166015625,1.0
725,0.234375,0.189453125,0.150390625,0.251953125,0.173828125,1.0
726,0.171875,0.216796875,0.150390625,0.271484375,0.189453125,1.0
727,0.150390625,0.2421875,0.15625,0.244140625,0.20703125,1.0
728,0.162109375,0.25,0.17578125,0.197265625,0.21484375,1.0
729,0.18359375,0.236328125,0.205078125,0.166015625,0.208984375,1.0
730,0.189453125,0.216796875,0.23828125,0.166015625,0.189453125,1.0
731,0.17578125,0.2109375,0.255859375,0.189453125,0.16796875,1.0
732,0.15625,0.23046875,0.251953125,0.2109375,0.150390625,1.0
733,0.154296875,0.267578125,0.2265625,0.20703125,0.14453125,1.0
734,0.1875,0.29296875,0.19921875,0.17578125,0.14453125,1.0
735,0.2421875,0.283203125,0.1875,0.14453125,0.142578125,1.0
736,0.287109375,0.240234375,0.193359375,0.146484375,0.1328125,1.0
737,0.294921875,0.185546875,0.205078125,0.201171875,0.11328125,1.0
738,0.2578125,0.142578125,0.208984375,0.298828125,0.091796875,1.0
739,0.193359375,0.12890625,0.193359375,0.404296875,0.080078125,1.0
740,0.130859375,0.16015625,0.162109375,0.4609375,0.0859375,1.0
741,0.111328125,0.22265625,0.12890625,0.42578125,0.111328125,1.0
742,0.15625,0.27734375,0.11328125,0.3125,0.140625,1.0
743,0.251953125,0.28125,0.12109375,0.193359375,0.15234375,1.0
744,0.3515625,0.232421875,0.140625,0.134765625,0.140625,1.0
745,0.412109375,0.1640625,0.158203125,0.150390625,0.115234375,1.0
746,0.419921875,0.10546875,0.1640625,0.2265625,0.083984375,1.0
747,0.37890625,0.060546875,0.158203125,0.33984375,0.0625,1.0
748,0.30859375,0.033203125,0.142578125,0.474609375,0.041015625,1.0
749,0.126953125,0.298828125,0.107421875,0.0078125,0.458984375,1.0
750,0.177734375,0.263671875,0.138671875,0.01171875,0.408203125,1.0
751,0.234375,0.2265625,0.17578125,0.015625,0.34765625,1.0
752,0.2890625,0.1875,0.212890625,0.025390625,0.28515625,1.0
753,0.33203125,0.15625,0.25,0.037109375,0.224609375,1.0
754,0.3515625,0.138671875,0.27734375,0.0625,0.169921875,1.0
755,0.330078125,0.154296875,0.28515625,0.103515625,0.126953125,1.0
756,0.263671875,0.228515625,0.25,0.15234375,0.10546875,1.0
757,0.189453125,0.345703125,0.181640625,0.17578125,0.107421875,1.0
758,0.16796875,0.423828125,0.126953125,0.150390625,0.130859375,1.0
759,0.205078125,0.42578125,0.115234375,0.107421875,0.146484375,1.0
760,0.259765625,0.373046875,0.130859375,0.083984375,0.15234375,1.0
761,0.302734375,0.298828125,0.154296875,0.09375,0.150390625,1.0
762,0.3125,0.228515625,0.173828125,0.138671875,0.146484375,1.0
763,0.275390625,0.18359375,0.1796875,0.208984375,0.15234375,1.0
764,0.2109375,0.169921875,0.16796875,0.2734375,0.177734375,1.0
765,0.154296875,0.185546875,0.15234375,0.291015625,0.216796875,1.0
766,0.134765625,0.20703125,0.150390625,0.255859375,0.251953125,1.0
767,0.1484375,0.21875,0.173828125,0.197265625,0.26171875,1.0
768,0.171875,0.212890625,0.21484375,0.154296875,0.24609375,1.0
769,0.185546875,0.201171875,0.26171875,0.140625,0.2109375,1.0
770,0.17578125,0.203125,0.291015625,0.15234375,0.177734375,1.0
771,0.15234375,0.23046875,0.287109375,0.16796875,0.162109375,1.0
772,0.142578125,0.271484375,0.25390625,0.1640625,0.16796875,1.0
773,0.158203125,0.296875,0.216796875,0.14453125,0.18359375,1.0
774,0.193359375,0.28515625,0.203125,0.12890625,0.189453125,1.0
775,0.220703125,0.244140625,0.216796875,0.140625,0.177734375,1.0
776,0.22265625,0.19140625,0.244140625,0.19140625,0.150390625,1.0
777,0.193359375,0.154296875,0.26171875,0.2734375,0.1171875,1.0
778,0.146484375,0.15234375,0.255859375,0.357421875,0.087890625,1.0
779,0.10546875,0.203125,0.22265625,0.390625,0.078125,1.0
780,0.10546875,0.291015625,0.17578125,0.34375,0.083984375,1.0
781,0.1640625,0.353515625,0.142578125,0.236328125,0.103515625,1.0
782,0.2578125,0.341796875,0.134765625,0.146484375,0.119140625,1.0
783,0.341796875,0.2734375,0.142578125,0.125,0.1171875,1.0
784,0.38671875,0.189453125,0.15234375,0.16796875,0.103515625,1.0
785,0.384765625,0.119140625,0.15234375,0.255859375,0.087890625,1.0
786,0.341796875,0.0703125,0.146484375,0.375,0.06640625,1.0
787,0.27734375,0.037109375,0.130859375,0.50390625,0.05078125,1.0
788,0.16015625,0.4609375,0.08203125,0.001953125,0.294921875,1.0
789,0.228515625,0.40234375,0.10546875,0.005859375,0.2578125,1.0
790,0.302734375,0.337890625,0.130859375,0.009765625,0.21875,1.0
791,0.37109375,0.271484375,0.15625,0.021484375,0.1796875,1.0
792,0.421875,0.212890625,0.1796875,0.04296875,0.142578125,1.0
793,0.43359375,0.171875,0.193359375,0.0859375,0.115234375,1.0
794,0.392578125,0.1640625,0.189453125,0.15625,0.09765625,1.0
795,0.29296875,0.208984375,0.162109375,0.234375,0.1015625,1.0
796,0.1875,0.294921875,0.123046875,0.263671875,0.130859375,1.0
797,0.140625,0.365234375,0.103515625,0.22265625,0.16796875,1.0
798,0.15625,0.384765625,0.115234375,0.15625,0.1875,1.0
799,0.19921875,0.353515625,0.1484375,0.109375,0.189453125,1.0
800,0.234375,0.296875,0.1875,0.103515625,0.177734375,1.0
801,0.24609375,0.232421875,0.21875,0.138671875,0.1640625,1.0
802,0.22265625,0.18359375,0.228515625,0.19921875,0.166015625,1.0
803,0.17578125,0.162109375,0.212890625,0.255859375,0.193359375,1.0
804,0.13671875,0.169921875,0.18359375,0.26953125,0.240234375,1.0
805,0.1328125,0.1875,0.166015625,0.234375,0.279296875,1.0
806,0.158203125,0.1953125,0.177734375,0.17578125,0.29296875,1.0
807,0.193359375,0.189453125,0.216796875,0.12890625,0.271484375,1.0
808,0.2109375,0.177734375,0.265625,0.115234375,0.23046875,1.0
809,0.19921875,0.177734375,0.30078125,0.12890625,0.193359375,1.0
810,0.166015625,0.201171875,0.296875,0.150390625,0.185546875,1.0
811,0.13671875,0.23828125,0.259765625,0.16015625,0.205078125,1.0
812,0.12890625,0.26171875,0.22265625,0.150390625,0.236328125,1.0
813,0.142578125,0.255859375,0.216796875,0.138671875,0.24609375,1.0
814,0.158203125,0.22265625,0.2421875,0.142578125,0.234375,1.0
815,0.158203125,0.181640625,0.287109375,0.177734375,0.1953125,1.0
816,0.138671875,0.15625,0.32421875,0.234375,0.146484375,1.0
817,0.107421875,0.16796875,0.330078125,0.287109375,0.107421875,1.0
818,0.083984375,0.23828125,0.294921875,0.296875,0.0859375,1.0
819,0.09765625,0.337890625,0.23046875,0.240234375,0.09375,1.0
820,0.154296875,0.392578125,0.177734375,0.15625,0.119140625,1.0
821,0.232421875,0.36328125,0.16015625,0.10546875,0.138671875,1.0
822,0.294921875,0.28515625,0.166015625,0.11328125,0.140625,1.0
823,0.328125,0.19921875,0.17578125,0.16796875,0.12890625,1.0
824,0.32421875,0.126953125,0.1796875,0.2578125,0.111328125,1.0
825,0.291015625,0.076171875,0.17578125,0.369140625,0.087890625,1.0
826,0.23828125,0.04296875,0.162109375,0.48828125,0.068359375,1.0
827,0.169921875,0.595703125,0.076171875,0.001953125,0.15625,1.0
828,0.240234375,0.517578125,0.095703125,0.00390625,0.142578125,1.0
829,0.3125,0.431640625,0.115234375,0.009765625,0.130859375,1.0
830,0.37890625,0.34375,0.1328125,0.025390625,0.119140625,1.0
831,0.423828125,0.265625,0.1484375,0.056640625,0.10546875,1.0
832,0.427734375,0.201171875,0.154296875,0.115234375,0.1015625,1.0
833,0.37890625,0.1640625,0.1484375,0.20703125,0.1015625,1.0
834,0.279296875,0.169921875,0.125,0.302734375,0.123046875,1.0
835,0.171875,0.220703125,0.099609375,0.33984375,0.16796875,1.0
836,0.115234375,0.283203125,0.091796875,0.291015625,0.21875,1.0
837,0.115234375,0.31640625,0.115234375,0.201171875,0.251953125,1.0
838,0.14453125,0.310546875,0.16015625,0.130859375,0.25390625,1.0
839,0.171875,0.2734375,0.21484375,0.10546875,0.234375,1.0
840,0.181640625,0.224609375,0.26171875,0.125,0.20703125,1.0
841,0.16796875,0.185546875,0.28515625,0.169921875,0.19140625,1.0
842,0.140625,0.171875,0.271484375,0.2109375,0.205078125,1.0
843,0.125,0.181640625,0.23046875,0.216796875,0.24609375,1.0
844,0.140625,0.19921875,0.193359375,0.18359375,0.283203125,1.0
845,0.185546875,0.203125,0.185546875,0.134765625,0.291015625,1.0
846,0.236328125,0.1875,0.2109375,0.1015625,0.263671875,1.0
847,0.259765625,0.1640625,0.25,0.103515625,0.22265625,1.0
848,0.2421875,0.150390625,0.27734375,0.134765625,0.1953125,1.0
849,0.19140625,0.158203125,0.2734375,0.17578125,0.201171875,1.0
850,0.13671875,0.181640625,0.2421875,0.19921875,0.240234375,1.0
851,0.107421875,0.203125,0.212890625,0.1953125,0.28125,1.0
852,0.103515625,0.205078125,0.216796875,0.173828125,0.30078125,1.0
853,0.109375,0.1875,0.259765625,0.158203125,0.28515625,1.0
854,0.109375,0.162109375,0.32421875,0.1640625,0.240234375,1.0
855,0.09765625,0.1484375,0.384765625,0.189453125,0.1796875,1.0
856,0.080078125,0.17578125,0.404296875,0.2109375,0.12890625,1.0
857,0.0703125,0.255859375,0.359375,0.201171875,0.11328125,1.0
858,0.08984375,0.353515625,0.2734375,0.150390625,0.1328125,1.0
859,0.138671875,0.392578125,0.20703125,0.095703125,0.166015625,1.0
860,0.1953125,0.3515625,0.185546875,0.078125,0.189453125,1.0
861,0.2421875,0.2734375,0.193359375,0.1015625,0.189453125,1.0
862,0.265625,0.1953125,0.2109375,0.158203125,0.169921875,1.0
863,0.263671875,0.12890625,0.22265625,0.240234375,0.14453125,1.0
864,0.240234375,0.080078125,0.2265625,0.337890625,0.115234375,1.0
865,0.201171875,0.048828125,0.22265625,0.439453125,0.087890625,1.0
866,0.158203125,0.646484375,0.083984375,0.001953125,0.109375,1.0
867,0.216796875,0.55859375,0.103515625,0.00390625,0.1171875,1.0
868,0.27734375,0.466796875,0.123046875,0.013671875,0.119140625,1.0
869,0.33203125,0.373046875,0.142578125,0.03125,0.12109375,1.0
870,0.365234375,0.287109375,0.158203125,0.068359375,0.12109375,1.0
871,0.365234375,0.212890625,0.1640625,0.134765625,0.123046875,1.0
872,0.322265625,0.16015625,0.158203125,0.232421875,0.126953125,1.0
873,0.240234375,0.13671875,0.13671875,0.3359375,0.150390625,1.0
874,0.150390625,0.15625,0.107421875,0.3828125,0.203125,1.0
875,0.095703125,0.203125,0.095703125,0.3359375,0.26953125,1.0
876,0.0859375,0.2421875,0.115234375,0.236328125,0.3203125,1.0
877,0.1015625,0.25390625,0.16796875,0.146484375,0.330078125,1.0
878,0.123046875,0.23828125,0.236328125,0.103515625,0.298828125,1.0
879,0.130859375,0.2109375,0.30078125,0.103515625,0.25390625,1.0
880,0.123046875,0.19140625,0.337890625,0.12890625,0.21875,1.0
881,0.111328125,0.197265625,0.328125,0.15234375,0.2109375,1.0
882,0.115234375,0.22265625,0.279296875,0.150390625,0.232421875,1.0
883,0.154296875,0.24609375,0.22265625,0.123046875,0.25390625,1.0
884,0.216796875,0.2421875,0.1953125,0.091796875,0.25390625,1.0
885,0.27734375,0.212890625,0.201171875,0.08203125,0.2265625,1.0
886,0.302734375,0.169921875,0.224609375,0.107421875,0.1953125,1.0
887,0.27734375,0.134765625,0.2421875,0.1640625,0.181640625,1.0
888,0.2109375,0.12109375,0.236328125,0.228515625,0.203125,1.0
889,0.140625,0.126953125,0.2109375,0.267578125,0.25390625,1.0
890,0.09375,0.142578125,0.193359375,0.263671875,0.306640625,1.0
891,0.076171875,0.150390625,0.208984375,0.228515625,0.3359375,1.0
892,0.076171875,0.1484375,0.265625,0.185546875,0.32421875,1.0
893,0.078125,0.13671875,0.3515625,0.158203125,0.275390625,1.0
894,0.078125,0.134765625,0.431640625,0.1484375,0.20703125,1.0
895,0.072265625,0.169921875,0.458984375,0.14453125,0.154296875,1.0
896,0.072265625,0.25,0.404296875,0.123046875,0.150390625,1.0
897,0.08984375,0.333984375,0.298828125,0.0859375,0.19140625,1.0
898,0.123046875,0.357421875,0.22265625,0.060546875,0.236328125,1.0
899,0.16015625,0.31640625,0.203125,0.0625,0.2578125,1.0
900,0.19140625,0.248046875,0.21875,0.091796875,0.25,1.0
901,0.208984375,0.1796875,0.24609375,0.140625,0.224609375,1.0
902,0.208984375,0.123046875,0.2734375,0.208984375,0.185546875,1.0
903,0.193359375,0.080078125,0.291015625,0.287109375,0.1484375,1.0
904,0.166015625,0.05078125,0.30078125,0.369140625,0.11328125,1.0
905,0.095703125,0.7109375,0.076171875,0.0,0.1171875,1.0
906,0.13671875,0.6328125,0.095703125,0.001953125,0.1328125,1.0
907,0.18359375,0.546875,0.119140625,0.005859375,0.14453125,1.0
908,0.23046875,0.45703125,0.142578125,0.015625,0.154296875,1.0
909,0.26953125,0.369140625,0.166015625,0.03515625,0.16015625,1.0
910,0.29296875,0.28515625,0.185546875,0.072265625,0.1640625,1.0
911,0.291015625,0.212890625,0.197265625,0.138671875,0.16015625,1.0
912,0.2578125,0.154296875,0.1953125,0.23046875,0.162109375,1.0
913,0.197265625,0.1171875,0.173828125,0.33203125,0.1796875,1.0
914,0.130859375,0.11328125,0.13671875,0.384765625,0.234375,1.0
915,0.083984375,0.138671875,0.111328125,0.3515625,0.314453125,1.0
916,0.0703125,0.173828125,0.12109375,0.251953125,0.3828125,1.0
917,0.078125,0.1953125,0.169921875,0.154296875,0.40234375,1.0
918,0.091796875,0.197265625,0.24609375,0.095703125,0.369140625,1.0
919,0.09765625,0.193359375,0.326171875,0.08203125,0.30078125,1.0
920,0.091796875,0.201171875,0.375,0.08984375,0.2421875,1.0
921,0.08984375,0.234375,0.369140625,0.09765625,0.208984375,1.0
922,0.109375,0.283203125,0.310546875,0.08984375,0.20703125,1.0
923,0.16015625,0.3125,0.2421875,0.0703125,0.21484375,1.0
924,0.228515625,0.298828125,0.203125,0.05859375,0.2109375,1.0
925,0.287109375,0.25,0.19921875,0.07421875,0.189453125,1.0
926,0.30859375,0.189453125,0.212890625,0.12109375,0.16796875,1.0
927,0.28125,0.134765625,0.22265625,0.1953125,0.166015625,1.0
928,0.216796875,0.099609375,0.21484375,0.27734375,0.19140625,1.0
929,0.14453125,0.087890625,0.193359375,0.330078125,0.244140625,1.0
930,0.08984375,0.095703125,0.1796875,0.33203125,0.302734375,1.0
931,0.064453125,0.107421875,0.197265625,0.287109375,0.34375,1.0
932,0.060546875,0.11328125,0.26171875,0.21875,0.345703125,1.0
933,0.072265625,0.11328125,0.361328125,0.158203125,0.294921875,1.0
934,0.087890625,0.119140625,0.451171875,0.119140625,0.22265625,1.0
935,0.099609375,0.154296875,0.474609375,0.09375,0.177734375,1.0
936,0.10546875,0.220703125,0.40625,0.07421875,0.193359375,1.0
937,0.107421875,0.283203125,0.296875,0.056640625,0.255859375,1.0
938,0.1171875,0.296875,0.224609375,0.05078125,0.310546875,1.0
939,0.1328125,0.265625,0.212890625,0.060546875,0.328125,1.0
940,0.150390625,0.212890625,0.23828125,0.083984375,0.314453125,1.0
941,0.162109375,0.16015625,0.279296875,0.123046875,0.275390625,1.0
942,0.162109375,0.11328125,0.32421875,0.171875,0.228515625,1.0
943,0.15234375,0.076171875,0.361328125,0.2265625,0.18359375,1.0
944,0.1328125,0.05078125,0.39453125,0.28515625,0.13671875,1.0
945,0.115234375,0.580078125,0.107421875,0.001953125,0.1953125,1.0
946,0.1484375,0.5,0.1328125,0.0078125,0.2109375,1.0
947,0.181640625,0.41796875,0.162109375,0.017578125,0.220703125,1.0
948,0.208984375,0.33984375,0.19140625,0.037109375,0.22265625,1.0
949,0.224609375,0.267578125,0.216796875,0.0703125,0.220703125,1.0
950,0.22265625,0.201171875,0.23828125,0.12890625,0.208984375,1.0
951,0.19921875,0.14453125,0.244140625,0.2109375,0.201171875,1.0
952,0.158203125,0.10546875,0.2265625,0.298828125,0.2109375,1.0
953,0.11328125,0.087890625,0.1875,0.353515625,0.2578125,1.0
954,0.08203125,0.095703125,0.14453125,0.33203125,0.345703125,1.0
955,0.076171875,0.12109375,0.1328125,0.2421875,0.427734375,1.0
956,0.08203125,0.142578125,0.16796875,0.146484375,0.4609375,1.0
957,0.08984375,0.158203125,0.244140625,0.0859375,0.421875,1.0
958,0.087890625,0.17578125,0.33203125,0.0625,0.341796875,1.0
959,0.078125,0.212890625,0.388671875,0.060546875,0.259765625,1.0
960,0.078125,0.27734375,0.376953125,0.060546875,0.20703125,1.0
961,0.103515625,0.33984375,0.3125,0.05078125,0.193359375,1.0
962,0.154296875,0.361328125,0.244140625,0.041015625,0.19921875,1.0
963,0.21484375,0.333984375,0.2109375,0.04296875,0.197265625,1.0
964,0.26171875,0.275390625,0.2109375,0.0703125,0.181640625,1.0
965,0.27734375,0.205078125,0.224609375,0.123046875,0.169921875,1.0
966,0.255859375,0.140625,0.236328125,0.203125,0.1640625,1.0
967,0.205078125,0.09375,0.23046875,0.291015625,0.1796875,1.0
968,0.142578125,0.0703125,0.208984375,0.359375,0.21875,1.0
969,0.08984375,0.068359375,0.189453125,0.375,0.27734375,1.0
970,0.064453125,0.08203125,0.197265625,0.33203125,0.32421875,1.0
971,0.0703125,0.09765625,0.251953125,0.24609375,0.333984375,1.0
972,0.10546875,0.109375,0.34375,0.15625,0.28515625,1.0
973,0.154296875,0.119140625,0.41796875,0.09375,0.21484375,1.0
974,0.19140625,0.140625,0.421875,0.06640625,0.1796875,1.0
975,0.19140625,0.177734375,0.349609375,0.060546875,0.220703125,1.0
976,0.16015625,0.212890625,0.259765625,0.064453125,0.302734375,1.0
977,0.130859375,0.22265625,0.20703125,0.0703125,0.369140625,1.0
978,0.119140625,0.205078125,0.208984375,0.078125,0.388671875,1.0
979,0.119140625,0.171875,0.248046875,0.091796875,0.369140625,1.0
980,0.125,0.1328125,0.3046875,0.111328125,0.326171875,1.0
981,0.123046875,0.09765625,0.369140625,0.140625,0.26953125,1.0
982,0.1171875,0.068359375,0.431640625,0.171875,0.2109375,1.0
983,0.1015625,0.046875,0.48828125,0.205078125,0.158203125,1.0
984,0.091796875,0.5,0.115234375,0.001953125,0.291015625,1.0
985,0.1171875,0.4296875,0.14453125,0.0078125,0.30078125,1.0
986,0.140625,0.361328125,0.177734375,0.017578125,0.302734375,1.0
987,0.158203125,0.296875,0.212890625,0.033203125,0.298828125,1.0
988,0.16796875,0.236328125,0.248046875,0.064453125,0.283203125,1.0
989,0.166015625,0.181640625,0.27734375,0.111328125,0.263671875,1.0
990,0.150390625,0.13671875,0.294921875,0.17578125,0.2421875,1.0
991,0.126953125,0.099609375,0.2890625,0.24609375,0.23828125,1.0
992,0.107421875,0.080078125,0.251953125,0.29296875,0.267578125,1.0
993,0.103515625,0.078125,0.1953125,0.27734375,0.345703125,1.0
994,0.119140625,0.08984375,0.154296875,0.20703125,0.4296875,1.0
995,0.13671875,0.10546875,0.1640625,0.126953125,0.466796875,1.0
996,0.140625,0.123046875,0.224609375,0.07421875,0.4375,1.0
997,0.123046875,0.15625,0.310546875,0.056640625,0.353515625,1.0
998,0.09375,0.220703125,0.365234375,0.0546875,0.265625,1.0
999,0.080078125,0.3046875,0.34765625,0.05078125,0.216796875,1.0
1000,0.09765625,0.365234375,0.283203125,0.0390625,0.21484375,1.0
1001,0.138671875,0.373046875,0.232421875,0.03125,0.224609375,1.0
1002,0.18359375,0.333984375,0.21484375,0.0390625,0.228515625,1.0
1003,0.21875,0.2734375,0.228515625,0.064453125,0.21484375,1.0
1004,0.23046875,0.205078125,0.25390625,0.11328125,0.197265625,1.0
1005,0.21875,0.142578125,0.2734375,0.18359375,0.181640625,1.0
1006,0.18359375,0.095703125,0.279296875,0.265625,0.17578125,1.0
1007,0.13671875,0.068359375,0.263671875,0.3359375,0.1953125,1.0
1008,0.09375,0.06640625,0.23828125,0.3671875,0.234375,1.0
1009,0.078125,0.08984375,0.22265625,0.333984375,0.275390625,1.0
1010,0.111328125,0.12890625,0.2421875,0.23828125,0.279296875,1.0
1011,0.193359375,0.158203125,0.287109375,0.134765625,0.2265625,1.0
1012,0.283203125,0.16015625,0.314453125,0.07421875,0.16796875,1.0
1013,0.330078125,0.150390625,0.296875,0.06640625,0.15625,1.0
1014,0.314453125,0.14453125,0.248046875,0.08984375,0.203125,1.0
1015,0.248046875,0.1484375,0.1953125,0.119140625,0.2890625,1.0
1016,0.173828125,0.150390625,0.169921875,0.138671875,0.3671875,1.0
1017,0.123046875,0.142578125,0.185546875,0.140625,0.408203125,1.0
1018,0.1015625,0.126953125,0.23828125,0.134765625,0.3984375,1.0
1019,0.095703125,0.103515625,0.314453125,0.12890625,0.357421875,1.0
1020,0.09375,0.080078125,0.400390625,0.12890625,0.296875,1.0
1021,0.0859375,0.05859375,0.48828125,0.134765625,0.232421875,1.0
1022,0.076171875,0.041015625,0.572265625,0.142578125,0.16796875,1.0
1023,0.0703125,0.40234375,0.119140625,0.00390625,0.404296875,1.0
1024,0.087890625,0.34765625,0.150390625,0.0078125,0.40625,1.0
1025,0.103515625,0.294921875,0.185546875,0.015625,0.400390625,1.0
1026,0.115234375,0.24609375,0.228515625,0.029296875,0.380859375,1.0
1027,0.123046875,0.201171875,0.271484375,0.052734375,0.3515625,1.0
1028,0.12109375,0.162109375,0.314453125,0.08984375,0.3125,1.0
1029,0.11328125,0.12890625,0.34375,0.13671875,0.27734375,1.0
1030,0.109375,0.10546875,0.349609375,0.18359375,0.251953125,1.0
1031,0.119140625,0.09375,0.314453125,0.212890625,0.259765625,1.0
1032,0.16015625,0.091796875,0.24609375,0.197265625,0.3046875,1.0
1033,0.220703125,0.09375,0.1796875,0.146484375,0.359375,1.0
1034,0.267578125,0.09375,0.15625,0.09765625,0.384765625,1.0
1035,0.271484375,0.103515625,0.185546875,0.078125,0.361328125,1.0
1036,0.2265625,0.134765625,0.24609375,0.087890625,0.3046875,1.0
1037,0.15234375,0.205078125,0.2890625,0.1015625,0.251953125,1.0
1038,0.099609375,0.2890625,0.275390625,0.091796875,0.244140625,1.0
1039,0.09375,0.33984375,0.232421875,0.064453125,0.26953125,1.0
1040,0.119140625,0.337890625,0.20703125,0.04296875,0.29296875,1.0
1041,0.15234375,0.30078125,0.212890625,0.0390625,0.294921875,1.0
1042,0.1796875,0.244140625,0.244140625,0.056640625,0.275390625,1.0
1043,0.193359375,0.1875,0.283203125,0.091796875,0.244140625,1.0
1044,0.189453125,0.134765625,0.3203125,0.14453125,0.2109375,1.0
1045,0.166015625,0.095703125,0.341796875,0.208984375,0.1875,1.0
1046,0.134765625,0.07421875,0.341796875,0.271484375,0.177734375,1.0
1047,0.103515625,0.0859375,0.31640625,0.302734375,0.19140625,1.0
1048,0.107421875,0.14453125,0.2734375,0.271484375,0.203125,1.0
1049,0.17578125,0.22265625,0.232421875,0.177734375,0.19140625,1.0
1050,0.2890625,0.2578125,0.212890625,0.09375,0.146484375,1.0
1051,0.380859375,0.234375,0.201171875,0.06640625,0.1171875,1.0
1052,0.416015625,0.1875,0.185546875,0.08984375,0.12109375,1.0
1053,0.392578125,0.14453125,0.1640625,0.142578125,0.15625,1.0
1054,0.3203125,0.115234375,0.140625,0.205078125,0.21875,1.0
1055,0.2265625,0.099609375,0.130859375,0.25390625,0.2890625,1.0
1056,0.146484375,0.08984375,0.150390625,0.265625,0.34765625,1.0
1057,0.099609375,0.083984375,0.20703125,0.2421875,0.3671875,1.0
1058,0.078125,0.07421875,0.294921875,0.201171875,0.3515625,1.0
1059,0.0703125,0.060546875,0.408203125,0.162109375,0.298828125,1.0
1060,0.0625,0.046875,0.525390625,0.130859375,0.234375,1.0
1061,0.064453125,0.263671875,0.146484375,0.005859375,0.51953125,1.0
1062,0.07421875,0.23046875,0.1875,0.013671875,0.494140625,1.0
1063,0.083984375,0.197265625,0.236328125,0.0234375,0.458984375,1.0
1064,0.087890625,0.16796875,0.2890625,0.041015625,0.4140625,1.0
1065,0.087890625,0.146484375,0.341796875,0.06640625,0.357421875,1.0
1066,0.08984375,0.1328125,0.380859375,0.095703125,0.30078125,1.0
1067,0.10546875,0.134765625,0.390625,0.12109375,0.248046875,1.0
1068,0.15625,0.14453125,0.349609375,0.12890625,0.220703125,1.0
1069,0.248046875,0.15234375,0.267578125,0.111328125,0.220703125,1.0
1070,0.349609375,0.14453125,0.189453125,0.0859375,0.23046875,1.0
1071,0.4140625,0.125,0.146484375,0.08203125,0.232421875,1.0
1072,0.41796875,0.107421875,0.140625,0.115234375,0.21875,1.0
1073,0.34765625,0.111328125,0.162109375,0.173828125,0.205078125,1.0
1074,0.228515625,0.154296875,0.18359375,0.220703125,0.212890625,1.0
1075,0.126953125,0.22265625,0.181640625,0.19921875,0.26953125,1.0
1076,0.09375,0.26953125,0.169921875,0.1328125,0.333984375,1.0
1077,0.107421875,0.2734375,0.173828125,0.07421875,0.37109375,1.0
1078,0.138671875,0.24609375,0.201171875,0.048828125,0.365234375,1.0
1079,0.166015625,0.203125,0.244140625,0.048828125,0.337890625,1.0
1080,0.18359375,0.158203125,0.296875,0.068359375,0.29296875,1.0
1081,0.185546875,0.119140625,0.349609375,0.103515625,0.2421875,1.0
1082,0.173828125,0.08984375,0.392578125,0.146484375,0.197265625,1.0
1083,0.1484375,0.083984375,0.41015625,0.193359375,0.1640625,1.0
1084,0.126953125,0.125,0.384765625,0.216796875,0.146484375,1.0
1085,0.140625,0.23046875,0.3046875,0.185546875,0.138671875,1.0
1086,0.216796875,0.330078125,0.212890625,0.111328125,0.12890625,1.0
1087,0.3125,0.34375,0.166015625,0.06640625,0.111328125,1.0
1088,0.380859375,0.29296875,0.15234375,0.0703125,0.103515625,1.0
1089,0.408203125,0.228515625,0.146484375,0.111328125,0.10546875,1.0
1090,0.390625,0.166015625,0.138671875,0.18359375,0.12109375,1.0
1091,0.333984375,0.1171875,0.126953125,0.271484375,0.150390625,1.0
1092,0.251953125,0.08203125,0.1171875,0.35546875,0.193359375,1.0
1093,0.16796875,0.0625,0.125,0.404296875,0.240234375,1.0
1094,0.107421875,0.052734375,0.1640625,0.3984375,0.27734375,1.0
1095,0.0703125,0.046875,0.248046875,0.341796875,0.29296875,1.0
1096,0.0546875,0.04296875,0.375,0.2578125,0.26953125,1.0
1097,0.044921875,0.033203125,0.525390625,0.17578125,0.220703125,1.0
1098,0.044921875,0.19140625,0.138671875,0.005859375,0.619140625,1.0
1099,0.052734375,0.171875,0.181640625,0.009765625,0.583984375,1.0
1100,0.05859375,0.15625,0.236328125,0.017578125,0.53125,1.0
1101,0.0625,0.146484375,0.296875,0.029296875,0.46484375,1.0
1102,0.06640625,0.146484375,0.35546875,0.044921875,0.38671875,1.0
1103,0.080078125,0.16796875,0.392578125,0.05859375,0.30078125,1.0
1104,0.12109375,0.205078125,0.38671875,0.06640625,0.220703125,1.0
1105,0.205078125,0.240234375,0.326171875,0.0625,0.166015625,1.0
1106,0.318359375,0.24609375,0.244140625,0.0546875,0.13671875,1.0
1107,0.416015625,0.216796875,0.1796875,0.05859375,0.12890625,1.0
1108,0.466796875,0.173828125,0.14453125,0.09375,0.12109375,1.0
1109,0.458984375,0.130859375,0.12890625,0.166015625,0.115234375,1.0
1110,0.3828125,0.103515625,0.123046875,0.26953125,0.12109375,1.0
1111,0.259765625,0.109375,0.1171875,0.353515625,0.16015625,1.0
1112,0.146484375,0.150390625,0.111328125,0.33984375,0.251953125,1.0
1113,0.099609375,0.193359375,0.115234375,0.236328125,0.35546875,1.0
1114,0.11328125,0.2109375,0.13671875,0.126953125,0.412109375,1.0
1115,0.1484375,0.197265625,0.173828125,0.06640625,0.4140625,1.0
1116,0.1875,0.16796875,0.2265625,0.044921875,0.373046875,1.0
1117,0.21484375,0.1328125,0.28515625,0.05078125,0.31640625,1.0
1118,0.2265625,0.103515625,0.34375,0.07421875,0.251953125,1.0
1119,0.21875,0.083984375,0.39453125,0.107421875,0.1953125,1.0
1120,0.19140625,0.091796875,0.419921875,0.1484375,0.1484375,1.0
1121,0.16015625,0.162109375,0.38671875,0.173828125,0.1171875,1.0
1122,0.158203125,0.294921875,0.28515625,0.1484375,0.11328125,1.0
1123,0.212890625,0.384765625,0.189453125,0.09375,0.119140625,1.0
1124,0.279296875,0.376953125,0.15234375,0.064453125,0.126953125,1.0
1125,0.330078125,0.3203125,0.1484375,0.078125,0.123046875,1.0
1126,0.3515625,0.251953125,0.15234375,0.123046875,0.12109375,1.0
1127,0.341796875,0.1875,0.154296875,0.19921875,0.1171875,1.0
1128,0.302734375,0.1328125,0.1484375,0.296875,0.119140625,1.0
1129,0.240234375,0.08984375,0.138671875,0.400390625,0.130859375,1.0
1130,0.173828125,0.05859375,0.1328125,0.484375,0.150390625,1.0
1131,0.11328125,0.041015625,0.146484375,0.5234375,0.17578125,1.0
1132,0.072265625,0.03125,0.19921875,0.49609375,0.201171875,1.0
1133,0.046875,0.02734375,0.3125,0.404296875,0.208984375,1.0
1134,0.03125,0.1328125,0.125,0.00390625,0.70703125,1.0
1135,0.037109375,0.12890625,0.169921875,0.0078125,0.65625,1.0
1136,0.041015625,0.130859375,0.228515625,0.01171875,0.587890625,1.0
1137,0.046875,0.146484375,0.29296875,0.01953125,0.494140625,1.0
1138,0.056640625,0.185546875,0.345703125,0.02734375,0.384765625,1.0
1139,0.083984375,0.25,0.36328125,0.03125,0.271484375,1.0
1140,0.146484375,0.318359375,0.330078125,0.029296875,0.17578125,1.0
1141,0.236328125,0.34765625,0.265625,0.02734375,0.123046875,1.0
1142,0.328125,0.326171875,0.208984375,0.03515625,0.1015625,1.0
1143,0.396484375,0.2734375,0.173828125,0.05859375,0.09765625,1.0
1144,0.42578125,0.2109375,0.158203125,0.11328125,0.091796875,1.0
1145,0.408203125,0.154296875,0.146484375,0.205078125,0.0859375,1.0
1146,0.341796875,0.109375,0.130859375,0.328125,0.08984375,1.0
1147,0.240234375,0.09375,0.111328125,0.43359375,0.12109375,1.0
1148,0.1484375,0.11328125,0.08984375,0.4453125,0.203125,1.0
1149,0.109375,0.15625,0.083984375,0.333984375,0.31640625,1.0
1150,0.134765625,0.185546875,0.103515625,0.185546875,0.390625,1.0
1151,0.189453125,0.18359375,0.140625,0.087890625,0.3984375,1.0
1152,0.244140625,0.16015625,0.189453125,0.048828125,0.357421875,1.0
1153,0.28515625,0.12890625,0.2421875,0.048828125,0.294921875,1.0
1154,0.3046875,0.1015625,0.294921875,0.072265625,0.2265625,1.0
1155,0.29296875,0.083984375,0.337890625,0.119140625,0.166015625,1.0
1156,0.25,0.09765625,0.353515625,0.17578125,0.123046875,1.0
1157,0.189453125,0.17578125,0.314453125,0.212890625,0.107421875,1.0
1158,0.158203125,0.3046875,0.228515625,0.18359375,0.125,1.0
1159,0.18359375,0.3828125,0.166015625,0.11328125,0.154296875,1.0
1160,0.23046875,0.373046875,0.150390625,0.076171875,0.169921875,1.0
1161,0.267578125,0.322265625,0.16015625,0.08203125,0.16796875,1.0
1162,0.28515625,0.26171875,0.173828125,0.125,0.154296875,1.0
1163,0.28125,0.201171875,0.185546875,0.193359375,0.138671875,1.0
1164,0.25390625,0.146484375,0.189453125,0.28515625,0.125,1.0
1165,0.2109375,0.1015625,0.185546875,0.388671875,0.11328125,1.0
1166,0.16015625,0.068359375,0.177734375,0.486328125,0.107421875,1.0
1167,0.11328125,0.044921875,0.173828125,0.556640625,0.111328125,1.0
1168,0.07421875,0.029296875,0.193359375,0.580078125,0.123046875,1.0
1169,0.046875,0.021484375,0.263671875,0.53125,0.13671875,1.0
1170,0.0546875,0.275390625,0.306640625,0.013671875,0.349609375,1.0
1171,0.095703125,0.373046875,0.29296875,0.013671875,0.224609375,1.0
1172,0.158203125,0.42578125,0.25,0.013671875,0.15234375,1.0
1173,0.23046875,0.416015625,0.2109375,0.017578125,0.125,1.0
1174,0.29296875,0.3671875,0.189453125,0.033203125,0.1171875,1.0
1175,0.3359375,0.298828125,0.18359375,0.06640625,0.115234375,1.0
1176,0.3515625,0.23046875,0.18359375,0.12890625,0.10546875,1.0
1177,0.33203125,0.16796875,0.1796875,0.22265625,0.09765625,1.0
1178,0.27734375,0.12109375,0.166015625,0.345703125,0.08984375,1.0
1179,0.203125,0.09765625,0.140625,0.45703125,0.1015625,1.0
1180,0.134765625,0.1171875,0.107421875,0.486328125,0.154296875,1.0
1181,0.1171875,0.171875,0.083984375,0.38671875,0.240234375,1.0
1182,0.162109375,0.21875,0.0859375,0.220703125,0.3125,1.0
1183,0.23828125,0.2265625,0.111328125,0.103515625,0.3203125,1.0
1184,0.30859375,0.19921875,0.1484375,0.05859375,0.28515625,1.0
1185,0.357421875,0.16015625,0.1875,0.064453125,0.23046875,1.0
1186,0.373046875,0.123046875,0.224609375,0.107421875,0.171875,1.0
1187,0.34765625,0.09765625,0.25,0.177734375,0.126953125,1.0
1188,0.283203125,0.1015625,0.25390625,0.26171875,0.099609375,1.0
1189,0.19921875,0.162109375,0.22265625,0.30859375,0.107421875,1.0
1190,0.14453125,0.26953125,0.173828125,0.255859375,0.15625,1.0
1191,0.150390625,0.345703125,0.146484375,0.15234375,0.205078125,1.0
1192,0.18359375,0.34765625,0.154296875,0.091796875,0.22265625,1.0
1193,0.212890625,0.30859375,0.17578125,0.083984375,0.21875,1.0
1194,0.2265625,0.2578125,0.19921875,0.1171875,0.19921875,1.0
1195,0.224609375,0.205078125,0.22265625,0.173828125,0.173828125,1.0
1196,0.20703125,0.15625,0.23828125,0.251953125,0.146484375,1.0
1197,0.177734375,0.11328125,0.248046875,0.341796875,0.119140625,1.0
1198,0.140625,0.080078125,0.248046875,0.431640625,0.099609375,1.0
1199,0.103515625,0.0546875,0.24609375,0.5078125,0.087890625,1.0
1200,0.072265625,0.037109375,0.25,0.55859375,0.08203125,1.0
1201,0.060546875,0.396484375,0.23828125,0.005859375,0.298828125,1.0
1202,0.099609375,0.470703125,0.21484375,0.005859375,0.208984375,1.0
1203,0.150390625,0.474609375,0.19140625,0.0078125,0.17578125,1.0
1204,0.19921875,0.43359375,0.181640625,0.017578125,0.16796875,1.0
1205,0.240234375,0.37109375,0.1875,0.037109375,0.1640625,1.0
1206,0.267578125,0.30078125,0.201171875,0.072265625,0.158203125,1.0
1207,0.275390625,0.234375,0.212890625,0.1328125,0.14453125,1.0
1208,0.2578125,0.173828125,0.21875,0.220703125,0.12890625,1.0
1209,0.216796875,0.12890625,0.212890625,0.33203125,0.109375,1.0
1210,0.1640625,0.111328125,0.1875,0.435546875,0.1015625,1.0
1211,0.119140625,0.140625,0.146484375,0.470703125,0.123046875,1.0
1212,0.1171875,0.220703125,0.107421875,0.376953125,0.177734375,1.0
1213,0.17578125,0.29296875,0.091796875,0.212890625,0.2265625,1.0
1214,0.26171875,0.302734375,0.10546875,0.099609375,0.23046875,1.0
1215,0.33203125,0.265625,0.12890625,0.068359375,0.205078125,1.0
1216,0.373046875,0.212890625,0.154296875,0.091796875,0.16796875,1.0
1217,0.376953125,0.16015625,0.17578125,0.154296875,0.1328125,1.0
1218,0.341796875,0.119140625,0.189453125,0.248046875,0.1015625,1.0
1219,0.271484375,0.1015625,0.185546875,0.3515625,0.08984375,1.0
1220,0.18359375,0.1328125,0.1640625,0.40234375,0.1171875,1.0
1221,0.125,0.216796875,0.13671875,0.333984375,0.1875,1.0
1222,0.1171875,0.2890625,0.1328125,0.1953125,0.265625,1.0
1223,0.140625,0.306640625,0.154296875,0.10546875,0.29296875,1.0
1224,0.1640625,0.28125,0.189453125,0.083984375,0.28125,1.0
1225,0.177734375,0.2421875,0.224609375,0.103515625,0.251953125,1.0
1226,0.177734375,0.19921875,0.26171875,0.146484375,0.21484375,1.0
1227,0.1640625,0.158203125,0.29296875,0.20703125,0.177734375,1.0
1228,0.142578125,0.12109375,0.3203125,0.275390625,0.140625,1.0
1229,0.1171875,0.08984375,0.337890625,0.34375,0.111328125,1.0
1230,0.08984375,0.064453125,0.3515625,0.40625,0.087890625,1.0
1231,0.064453125,0.044921875,0.365234375,0.455078125,0.0703125,1.0
1232,0.091796875,0.4921875,0.158203125,0.00390625,0.25390625,1.0
1233,0.126953125,0.4609375,0.158203125,0.0078125,0.24609375,1.0
1234,0.16015625,0.408203125,0.171875,0.01953125,0.240234375,1.0
1235,0.1875,0.34765625,0.1953125,0.037109375,0.232421875,1.0
1236,0.205078125,0.28515625,0.220703125,0.072265625,0.216796875,1.0
1237,0.208984375,0.2265625,0.24609375,0.126953125,0.19140625,1.0
1238,0.1953125,0.171875,0.26171875,0.203125,0.16796875,1.0
1239,0.166015625,0.1328125,0.265625,0.298828125,0.13671875,1.0
1240,0.12890625,0.123046875,0.24609375,0.38671875,0.115234375,1.0
1241,0.099609375,0.169921875,0.203125,0.412109375,0.115234375,1.0
1242,0.111328125,0.279296875,0.1484375,0.318359375,0.142578125,1.0
1243,0.169921875,0.365234375,0.115234375,0.169921875,0.1796875,1.0
1244,0.244140625,0.369140625,0.119140625,0.0859375,0.181640625,1.0
1245,0.298828125,0.3203125,0.13671875,0.07421875,0.169921875,1.0
1246,0.326171875,0.25390625,0.158203125,0.11328125,0.1484375,1.0
1247,0.32421875,0.19140625,0.173828125,0.189453125,0.12109375,1.0
1248,0.2890625,0.13671875,0.1796875,0.29296875,0.1015625,1.0
1249,0.2265625,0.103515625,0.171875,0.400390625,0.09765625,1.0
1250,0.15625,0.107421875,0.15234375,0.455078125,0.12890625,1.0
1251,0.103515625,0.162109375,0.12890625,0.390625,0.21484375,1.0
1252,0.091796875,0.228515625,0.12890625,0.234375,0.31640625,1.0
1253,0.107421875,0.2578125,0.15625,0.119140625,0.359375,1.0
1254,0.125,0.248046875,0.19921875,0.078125,0.349609375,1.0
1255,0.13671875,0.220703125,0.248046875,0.0859375,0.30859375,1.0
1256,0.13671875,0.1875,0.298828125,0.1171875,0.259765625,1.0
1257,0.12890625,0.154296875,0.349609375,0.158203125,0.208984375,1.0
1258,0.11328125,0.12109375,0.396484375,0.205078125,0.1640625,1.0
1259,0.09375,0.09375,0.439453125,0.25,0.123046875,1.0
1260,0.072265625,0.0703125,0.4765625,0.2890625,0.091796875,1.0
1261,0.052734375,0.05078125,0.509765625,0.318359375,0.068359375,1.0
1262,0.076171875,0.439453125,0.125,0.00390625,0.35546875,1.0
1263,0.099609375,0.400390625,0.142578125,0.009765625,0.34765625,1.0
1264,0.12109375,0.35546875,0.16796875,0.01953125,0.3359375,1.0
1265,0.140625,0.3046875,0.201171875,0.037109375,0.31640625,1.0
1266,0.15234375,0.255859375,0.236328125,0.06640625,0.2890625,1.0
1267,0.154296875,0.20703125,0.2734375,0.111328125,0.25390625,1.0
1268,0.14453125,0.1640625,0.3046875,0.173828125,0.212890625,1.0
1269,0.125,0.1328125,0.322265625,0.25,0.169921875,1.0
1270,0.099609375,0.1328125,0.314453125,0.31640625,0.13671875,1.0
1271,0.08203125,0.197265625,0.26953125,0.326171875,0.125,1.0
1272,0.09765625,0.322265625,0.193359375,0.234375,0.15234375,1.0
1273,0.1484375,0.404296875,0.14453125,0.119140625,0.18359375,1.0
1274,0.201171875,0.39453125,0.142578125,0.068359375,0.193359375,1.0
1275,0.236328125,0.337890625,0.16015625,0.076171875,0.189453125,1.0
1276,0.25390625,0.26953125,0.18359375,0.123046875,0.169921875,1.0
1277,0.248046875,0.203125,0.201171875,0.19921875,0.1484375,1.0
1278,0.220703125,0.146484375,0.208984375,0.296875,0.126953125,1.0
1279,0.17578125,0.10546875,0.205078125,0.3984375,0.115234375,1.0
1280,0.125,0.091796875,0.18359375,0.458984375,0.140625,1.0
1281,0.08203125,0.1171875,0.15234375,0.412109375,0.236328125,1.0
1282,0.068359375,0.171875,0.13671875,0.259765625,0.36328125,1.0
1283,0.080078125,0.20703125,0.16015625,0.126953125,0.42578125,1.0
1284,0.095703125,0.208984375,0.20703125,0.072265625,0.416015625,1.0
1285,0.103515625,0.193359375,0.267578125,0.068359375,0.3671875,1.0
1286,0.10546875,0.169921875,0.333984375,0.0859375,0.3046875,1.0
1287,0.099609375,0.142578125,0.404296875,0.11328125,0.240234375,1.0
1288,0.0859375,0.115234375,0.47265625,0.140625,0.185546875,1.0
1289,0.0703125,0.08984375,0.537109375,0.166015625,0.13671875,1.0
1290,0.0546875,0.068359375,0.59765625,0.18359375,0.095703125,1.0
1291,0.0390625,0.05078125,0.650390625,0.19140625,0.068359375,1.0
1292,0.072265625,0.3203125,0.12890625,0.0078125,0.470703125,1.0
1293,0.087890625,0.2890625,0.162109375,0.017578125,0.443359375,1.0
1294,0.1015625,0.25390625,0.201171875,0.033203125,0.41015625,1.0
1295,0.111328125,0.21875,0.248046875,0.056640625,0.365234375,1.0
1296,0.11328125,0.181640625,0.296875,0.091796875,0.31640625,1.0
1297,0.10546875,0.1484375,0.34375,0.140625,0.26171875,1.0
1298,0.091796875,0.126953125,0.37890625,0.1953125,0.20703125,1.0
1299,0.07421875,0.134765625,0.384765625,0.23828125,0.16796875,1.0
1300,0.064453125,0.212890625,0.33203125,0.232421875,0.158203125,1.0
1301,0.080078125,0.3359375,0.232421875,0.15234375,0.19921875,1.0
1302,0.1171875,0.3984375,0.169921875,0.076171875,0.23828125,1.0
1303,0.150390625,0.37890625,0.1640625,0.0546875,0.251953125,1.0
1304,0.173828125,0.32421875,0.1875,0.07421875,0.240234375,1.0
1305,0.18359375,0.26171875,0.216796875,0.119140625,0.21875,1.0
1306,0.177734375,0.201171875,0.244140625,0.1875,0.189453125,1.0
1307,0.16015625,0.1484375,0.26171875,0.271484375,0.158203125,1.0
1308,0.12890625,0.10546875,0.265625,0.359375,0.140625,1.0
1309,0.095703125,0.08203125,0.25,0.41796875,0.154296875,1.0
1310,0.064453125,0.087890625,0.2109375,0.392578125,0.244140625,1.0
1311,0.052734375,0.125,0.169921875,0.263671875,0.388671875,1.0
1312,0.05859375,0.16015625,0.169921875,0.12890625,0.482421875,1.0
1313,0.072265625,0.171875,0.21484375,0.064453125,0.4765625,1.0
1314,0.078125,0.1640625,0.283203125,0.052734375,0.421875,1.0
1315,0.080078125,0.1484375,0.365234375,0.060546875,0.345703125,1.0
1316,0.07421875,0.126953125,0.455078125,0.076171875,0.267578125,1.0
1317,0.064453125,0.10546875,0.54296875,0.08984375,0.197265625,1.0
1318,0.052734375,0.08203125,0.626953125,0.099609375,0.138671875,1.0
1319,0.0390625,0.0625,0.69921875,0.103515625,0.095703125,1.0
1320,0.02734375,0.046875,0.76171875,0.1015625,0.0625,1.0
1321,0.05078125,0.23828125,0.11328125,0.0078125,0.58984375,1.0
1322,0.0625,0.220703125,0.150390625,0.013671875,0.552734375,1.0
1323,0.072265625,0.201171875,0.197265625,0.02734375,0.501953125,1.0
1324,0.078125,0.177734375,0.251953125,0.044921875,0.447265625,1.0
1325,0.080078125,0.154296875,0.314453125,0.072265625,0.37890625,1.0
1326,0.076171875,0.12890625,0.37890625,0.10546875,0.310546875,1.0
1327,0.06640625,0.115234375,0.431640625,0.142578125,0.244140625,1.0
1328,0.0546875,0.130859375,0.447265625,0.166015625,0.201171875,1.0
1329,0.046875,0.208984375,0.380859375,0.1484375,0.21484375,1.0
1330,0.060546875,0.314453125,0.25390625,0.087890625,0.283203125,1.0
1331,0.083984375,0.35546875,0.18359375,0.046875,0.330078125,1.0
1332,0.107421875,0.33203125,0.181640625,0.044921875,0.333984375,1.0
1333,0.12109375,0.287109375,0.2109375,0.06640625,0.314453125,1.0
1334,0.126953125,0.236328125,0.25,0.10546875,0.28125,1.0
1335,0.123046875,0.185546875,0.291015625,0.16015625,0.240234375,1.0
1336,0.111328125,0.140625,0.32421875,0.2265625,0.197265625,1.0
1337,0.091796875,0.103515625,0.34375,0.294921875,0.166015625,1.0
1338,0.068359375,0.076171875,0.34375,0.34375,0.16796875,1.0
1339,0.048828125,0.068359375,0.306640625,0.337890625,0.23828125,1.0
1340,0.0390625,0.087890625,0.23828125,0.2421875,0.392578125,1.0
1341,0.04296875,0.119140625,0.19921875,0.123046875,0.515625,1.0
1342,0.052734375,0.134765625,0.2265625,0.056640625,0.529296875,1.0
1343,0.060546875,0.13671875,0.298828125,0.0390625,0.46484375,1.0
1344,0.060546875,0.126953125,0.39453125,0.041015625,0.376953125,1.0
1345,0.056640625,0.111328125,0.5,0.046875,0.28515625,1.0
1346,0.046875,0.091796875,0.60546875,0.052734375,0.203125,1.0
1347,0.037109375,0.072265625,0.69921875,0.0546875,0.13671875,1.0
1348,0.01171875,0.02734375,0.88671875,0.041015625,0.033203125,1.0
1349,0.033203125,0.166015625,0.095703125,0.005859375,0.69921875,1.0
1350,0.04296875,0.16015625,0.134765625,0.01171875,0.650390625,1.0
1351,0.05078125,0.15234375,0.185546875,0.01953125,0.591796875,1.0
1352,0.0546875,0.140625,0.25,0.033203125,0.521484375,1.0
1353,0.056640625,0.125,0.326171875,0.052734375,0.439453125,1.0
1354,0.0546875,0.109375,0.40625,0.07421875,0.35546875,1.0
1355,0.046875,0.1015625,0.474609375,0.095703125,0.28125,1.0
1356,0.0390625,0.119140625,0.4921875,0.10546875,0.244140625,1.0
1357,0.033203125,0.1875,0.40234375,0.083984375,0.29296875,1.0
1358,0.04296875,0.265625,0.25390625,0.046875,0.390625,1.0
1359,0.05859375,0.2890625,0.18359375,0.029296875,0.439453125,1.0
1360,0.072265625,0.271484375,0.189453125,0.03515625,0.431640625,1.0
1361,0.08203125,0.240234375,0.228515625,0.0546875,0.39453125,1.0
1362,0.083984375,0.201171875,0.279296875,0.0859375,0.349609375,1.0
1363,0.08203125,0.1640625,0.333984375,0.126953125,0.29296875,1.0
1364,0.07421875,0.126953125,0.38671875,0.173828125,0.23828125,1.0
1365,0.0625,0.095703125,0.4296875,0.220703125,0.19140625,1.0
1366,0.048828125,0.0703125,0.451171875,0.255859375,0.173828125,1.0
1367,0.03515625,0.056640625,0.431640625,0.255859375,0.220703125,1.0
1368,0.02734375,0.0625,0.3515625,0.19921875,0.359375,1.0
1369,0.029296875,0.083984375,0.26171875,0.107421875,0.517578125,1.0
1370,0.03515625,0.111328125,0.171875,0.013671875,0.66796875,1.0
1371,0.0390625,0.10546875,0.2421875,0.0234375,0.58984375,1.0
1372,0.0390625,0.08984375,0.42578125,0.048828125,0.396484375,1.0
1373,0.033203125,0.083984375,0.5078125,0.060546875,0.314453125,1.0
1374,0.029296875,0.205078125,0.236328125,0.0234375,0.505859375,1.0
1375,0.0390625,0.21875,0.17578125,0.01953125,0.546875,1.0
1376,0.046875,0.2109375,0.189453125,0.02734375,0.525390625,1.0
1377,0.052734375,0.189453125,0.236328125,0.04296875,0.478515625,1.0
1378,0.056640625,0.1640625,0.30078125,0.06640625,0.412109375,1.0
1379,0.0546875,0.13671875,0.373046875,0.09375,0.341796875,1.0
1380,0.048828125,0.109375,0.447265625,0.125,0.26953125,1.0
1381,0.041015625,0.083984375,0.513671875,0.15234375,0.208984375,1.0
1382,0.03125,0.0625,0.560546875,0.171875,0.173828125,1.0
1383,0.0234375,0.046875,0.56640625,0.171875,0.19140625,1.0
1384,0.017578125,0.04296875,0.498046875,0.140625,0.30078125,1.0
1385,0.0234375,0.15625,0.16015625,0.013671875,0.646484375,1.0
1386,0.029296875,0.154296875,0.181640625,0.01953125,0.615234375,1.0
1387,0.033203125,0.14453125,0.23828125,0.03125,0.552734375,1.0
1388,0.03515625,0.12890625,0.31640625,0.046875,0.47265625,1.0
1389,0.03515625,0.111328125,0.40625,0.064453125,0.3828125,1.0
1390,0.03125,0.08984375,0.5,0.08203125,0.296875,1.0
1391,0.025390625,0.0703125,0.587890625,0.09765625,0.21875,1.0
1392,0.01953125,0.05078125,0.65625,0.103515625,0.169921875,1.0
1393,0.013671875,0.037109375,0.6875,0.1015625,0.16015625,1.0
1394,0.017578125,0.109375,0.169921875,0.013671875,0.689453125,1.0
1395,0.021484375,0.10546875,0.234375,0.021484375,0.6171875,1.0
1396,0.0234375,0.09765625,0.326171875,0.03125,0.521484375,1.0
1397,0.021484375,0.0859375,0.43359375,0.04296875,0.416015625,1.0
1398,0.01953125,0.072265625,0.544921875,0.05078125,0.3125,1.0
1399,0.015625,0.0546875,0.650390625,0.056640625,0.22265625,1.0
