Row_Idx,Col_Idx,Ru_ratio,Rh_ratio,Pd_ratio,Ir_ratio,Pt_ratio,Ru_count,Rh_count,Pd_count,Ir_count,Pt_count
0,7,8.774575189932145,24.18720640259815,31.513077770689552,20.57414603027315,14.950994606506987,45,124,161,105,77
0,8,8.80856365492321,25.522129114641352,30.225463521795326,19.77822369365838,15.66562001498174,45,131,155,101,80
0,9,8.967977338167236,26.411993052236447,29.02556450578786,19.034074350395766,16.56039075341268,46,135,149,97,85
0,10,9.377303951972477,27.47422499444126,28.075739312588503,17.567962926121407,17.50476881487636,48,141,144,90,89
0,11,9.452126933354139,28.52957812408574,26.8358331220378,16.68779622008543,18.494665600436893,48,146,137,86,95
0,12,9.718059913737383,29.422134470965695,25.527388969196963,15.985615061876391,19.34680158422358,50,150,131,82,99
0,13,10.03360500297889,29.916240600918194,24.490376041151524,15.560323511430763,19.999454843520624,51,153,125,80,103
1,5,8.956513846190276,20.514146122001172,33.599851612725004,23.003974095370396,13.925514323713154,46,105,172,118,71
1,6,8.969433971212446,21.807640321547982,33.02032202224277,21.81119726826492,14.391406416731881,46,111,169,112,74
1,7,8.972412647958821,23.954503403942407,31.415897715681858,20.81504850914439,14.842137723272531,46,123,161,106,76
1,8,8.99752612632614,25.09435607922739,29.70392806736548,20.649709002680034,15.554480724400957,46,128,152,106,80
1,9,9.465386462596106,25.807437514636476,28.92803416700075,19.44280163055343,16.35634022521325,48,132,148,100,84
1,10,9.424565625336166,26.98282422218946,27.770894008996272,18.055483619065075,17.766232524413034,48,138,142,93,91
1,11,9.512052109468176,28.28964950559028,26.897564049891702,16.614081203655324,18.68665313139452,49,145,138,85,95
1,12,9.981672915443864,29.300576165207286,24.930824239665558,16.18053975060791,19.60638692907538,51,150,128,83,100
1,13,10.080139151430432,29.82582243896239,24.16485314440932,15.980969929947737,19.948215335250108,51,153,124,82,102
1,14,9.891857883928253,30.010327512731322,23.62863688702651,15.365439631533336,21.103738084780566,50,154,121,79,108
1,15,10.094690764986124,30.518529628854825,22.67407667623179,14.548195981069739,22.16450694885751,52,156,116,75,113
2,4,9.020987359885524,18.70617696160267,34.29286906749345,24.738850465060818,13.241116145957548,46,96,175,127,68
2,5,9.309964073964426,20.30381104025476,33.0623544755519,23.545555653349762,13.778314756879153,48,104,169,121,70
2,6,9.049872994732372,20.727977446097526,32.68282178987706,22.906406887393977,14.632920881899059,46,106,168,117,75
2,7,9.21740461212556,22.91604578295785,31.088754822756158,21.885445948884826,14.892348833275609,47,118,159,112,76
2,8,9.130996302539941,23.784042583152615,29.322588302507757,21.863696896788962,15.89867591501072,47,122,150,112,81
2,9,9.493213686601546,24.612525985440126,28.793071619484873,20.224096830378283,16.877091878095175,49,126,147,104,86
2,10,9.653053848933864,26.01011926273943,26.987109986748585,19.2169618118299,18.132755089748226,50,133,138,98,93
2,11,9.50072495491624,27.39847618894614,26.536563030914007,17.408557279471125,19.155678545752487,49,140,136,89,98
2,12,10.109437642214756,28.166046640420888,24.510901626515448,17.05493552930978,20.158678561539112,52,144,126,87,103
2,13,9.965011789942196,29.181613313998096,24.169984052446164,16.391835816518775,20.291555027094777,51,149,124,84,104
2,14,9.478416617581653,29.305557225113898,23.38169709937612,15.898736611811659,21.93559244611668,49,150,120,81,112
2,15,9.551446114655803,30.574480612330724,22.281100176633863,14.762745875539215,22.830227220840396,49,156,114,76,117
2,16,9.770020681737266,31.22542293552658,21.345393013013098,13.954772200864873,23.704391168858187,50,160,109,72,121
3,3,9.55351240911003,16.389640045670333,33.74436632413918,26.854155399314944,13.458325821765522,49,84,173,137,69
3,4,10.477919080702936,17.968843907012523,32.93025939370628,25.049883405053247,13.573094213525014,54,92,169,128,69
3,5,9.31275837091759,19.423890380698168,32.799750283132504,24.68115077856437,13.78245018668737,48,99,168,126,71
3,6,9.175058529232546,20.443940220005768,30.9459286103717,24.611141400211668,14.823931240178315,47,105,158,126,76
3,7,9.892136926625783,20.69210799167316,30.11003319482064,23.425255391144294,15.880466495736112,51,106,154,120,81
3,8,9.202024791228586,22.284363352726192,29.302781876590668,22.189074329458784,17.02175564999578,47,114,150,114,87
3,9,9.424519093658745,23.448627674658677,28.180368497371038,21.14823041730098,17.79825431701057,48,120,145,108,91
3,10,9.989409381757559,24.79533529575207,26.05735041255089,20.520027543661133,18.637877366278342,51,127,133,105,96
3,11,9.991219873695064,26.28600657301198,25.239238303905143,18.7065021265627,19.777033122825106,51,135,129,96,101
3,12,10.103517841887626,26.373586706720843,24.860726189091526,18.289087911955693,20.37308135034433,52,135,127,94,104
3,13,9.842181233681332,27.374578663478573,24.23979495955569,17.105363119109786,21.43808202417462,50,140,124,88,110
3,14,9.537274036154214,28.46304591265397,22.88353863381859,15.98144296912494,23.13469844824828,49,146,117,82,118
3,15,9.099839615076183,30.01563753007217,21.668003207698476,15.230954290296712,23.985565356856455,46,154,111,78,123
3,16,9.684475993264096,30.85181813054443,20.8563302205284,14.280764799252282,24.326610856410795,50,158,107,73,124
3,17,9.698645927977617,30.553676567709605,19.35846685265311,14.075464599201885,26.31374605245778,50,156,99,72,135
4,2,10.156227951700366,16.09732497429798,32.49501078476828,28.16215453464229,13.089281754591086,52,83,166,144,67
4,3,10.060825841597207,17.22333827235439,32.18977023567518,27.55973752630927,12.966328124063947,52,88,165,141,66
4,4,10.595013735386189,17.022695329968695,32.09129240401201,26.42704273941097,13.86395579122213,54,87,165,135,71
4,5,9.687362571462838,18.81461639947227,31.04305761004278,25.784192220045576,14.670771198976531,50,96,159,132,75
4,6,9.94555543082573,18.768943342367333,30.038327693763335,25.178408197956927,16.06876533508668,51,96,154,129,82
4,7,10.659965772410636,20.388314411743437,28.640296960493654,24.096704991925183,16.2147178634271,55,104,147,123,83
4,8,9.907864707231958,21.715189644137993,27.873643027060968,22.667938608672554,17.83536401289653,51,111,143,116,91
4,9,10.371393035827131,22.506973430525306,26.95950378960164,21.873025200951528,18.289104543094393,53,115,138,112,94
4,10,10.763041534781454,23.409524729987673,25.41860970836253,20.861623215019208,19.547200811849134,55,120,130,107,100
4,11,10.22308500912236,24.30414312238462,25.513208291883316,19.38773455340709,20.57182902320261,52,125,131,99,105
4,12,10.491917720833383,25.19769387239267,24.5044112513992,18.52123779834623,21.284739357028513,54,129,125,95,109
4,13,10.720818291215405,26.57400722021661,23.13357400722022,16.9338146811071,22.637785800240678,55,136,118,87,116
4,14,10.048920099850065,27.619154811816394,21.996358125680842,16.629618165958522,23.705948796694177,52,141,113,85,121
4,15,11.039863161106918,27.291890850103588,21.151406132052745,15.818383309509661,24.69845654722709,57,140,108,81,126
4,16,10.416098226466573,29.050236738624502,20.044137709654123,15.015648824331915,25.473878500922876,53,149,103,77,130
4,17,9.959690694331805,29.363562636003753,19.14451126974313,14.34513437773513,27.187101022186173,51,150,98,74,139
4,18,9.92972746195924,30.297468252303418,17.58749778129185,13.275942749261773,28.90936375518371,51,155,90,68,148
5,1,10.408747534042245,14.233989318192751,32.40869941779339,30.26993215608911,12.678631573882498,53,73,166,155,65
5,2,10.926215501676555,15.496437322672168,31.65946608202218,29.174458344080474,12.74342274954862,56,79,162,150,65
5,3,10.681163153911797,16.17088250921796,31.621234321413045,28.231117265364613,13.295602750092584,55,83,162,144,68
5,4,11.098995810867693,16.991842216030946,29.76208133731535,27.6627046962378,14.484375939548217,57,87,152,142,74
5,5,10.645510711706653,17.79467222980021,30.058573377196502,26.666131749979943,14.835111931316696,54,91,154,137,76
5,6,11.532002015371203,19.40874447172482,28.144818816529245,25.338494389750398,15.57594030662433,59,99,144,130,80
5,7,11.495770397598678,19.181287019053276,27.697876370407233,24.975521276424985,16.649544936515838,59,98,142,128,85
5,8,12.147298520977966,20.12798068216118,26.77331723513432,23.232115907032902,17.71928765469363,62,103,137,119,91
5,9,11.792036817292582,20.838411211955997,26.577883967800904,22.01100028863731,18.780667714313207,60,107,136,113,96
5,10,11.21679199507538,21.606778597206965,25.669591666767253,21.750413402696473,19.756424338253932,58,111,131,111,101
5,11,10.843098828140622,23.44638643362796,24.337079550453947,20.493540775106986,20.87989441267048,55,120,125,105,107
5,12,11.520991382926452,23.616054842459764,23.311640839415624,19.11815817543355,22.433154759764623,59,121,119,98,115
5,13,12.0909979489809,24.075038456608123,21.829733367516983,18.26688886040251,23.737341366491478,62,123,112,93,122
5,14,11.519886874303449,25.48084412860857,21.677232255203897,17.42663007657555,23.89540666530852,59,131,111,89,122
5,15,11.567804768475435,25.88285787632769,20.037384077271124,16.481083336007444,26.0308699419183,59,133,103,84,133
5,16,11.00592426547114,26.912577055479943,19.99599711792491,15.656872948522938,26.428628612601074,56,138,103,80,135
5,17,10.797833935018051,28.152827918170882,18.762936221419977,13.992779783393502,28.2936221419976,55,144,96,72,145
5,18,11.562445763826943,28.42722161455285,17.688560254117913,13.396889719445104,28.92488264805718,59,145,91,69,148
5,19,11.165598648207224,29.29623699927813,15.659745046719928,12.817028072283815,31.06139123351091,57,150,80,66,159
6,1,11.526019747165467,13.39210274319833,30.51073862767661,31.73548132709964,12.835657554859942,59,69,156,162,66
6,2,12.12904210987386,13.672146562775014,30.92919802771962,30.44979083701361,12.819822462617894,62,70,158,156,66
6,3,11.821323795362295,14.958405336977052,29.38070168388056,29.658803198971185,14.180765984808904,60,77,150,152,73
6,4,12.182845610494452,15.71866801210898,28.40928355196771,28.649848637739655,15.039354187689206,62,81,145,147,77
6,5,12.022079161088085,16.695261077661886,27.667898631476838,27.661484931814357,15.953276197958841,61,85,142,142,82
6,6,11.858453158168784,18.15957063323587,27.645291785156413,26.283494212360313,16.053190211078626,61,93,141,135,82
6,7,12.43126875173209,19.099354558854838,26.354643199974298,25.11075320210301,17.00398028733578,64,98,135,128,87
6,8,11.591303827034796,19.379529256752708,25.474037252200993,24.73737797209079,18.817751691920705,59,99,131,127,96
6,9,12.729250106347973,20.26831793628753,25.148686502235318,22.826688926166415,19.027056528962767,65,104,129,117,97
6,10,12.741516236838638,20.853347388090985,23.29935435957021,22.035624019261405,21.070157996238756,65,107,119,113,108
6,11,12.597446706491116,21.26186242582862,23.679299942061412,20.361616686312505,22.099774239306335,65,109,121,104,113
6,12,12.650861897050964,22.40014996450308,21.5534089005528,19.874285076138893,23.521294161754266,65,115,110,102,120
6,13,12.393398783064784,22.643829565397333,21.776295630096264,18.819915077182664,24.366560944258957,63,116,112,96,125
6,14,12.569294579178331,24.107293279528914,20.584200434820975,17.499538704682745,25.239673001789026,64,124,105,90,129
6,15,12.327564785943876,23.593465697315583,20.02051989066746,16.919291101902097,27.139158524170988,63,121,102,87,139
6,16,12.106128669982354,25.88119685544682,18.033049895716353,15.914487405743625,28.065137173110866,62,133,92,81,144
6,17,12.206638804050796,26.22769651181482,18.067834753255106,14.245298183571773,29.252531747307504,62,134,93,73,150
6,18,12.230870515850807,26.973146444289647,17.09825365315466,13.365170507394897,30.33255887931,63,138,88,68,155
6,19,11.318951612903225,27.20927419354839,17.030645161290323,12.360483870967743,32.08064516129033,58,140,87,63,164
7,0,11.464474400817329,12.15618304041725,29.875055157801,33.93427177788997,12.570015623074445,59,62,153,174,64
7,1,12.043127334056136,12.279243464642812,29.721720274665703,32.918925430670996,13.036983495964341,62,63,152,168,67
7,2,12.533150894420187,12.603175241966316,29.14743344668692,31.969736603819143,13.74650381310743,64,65,149,164,70
7,3,12.828491141744152,14.270897403427524,28.933753030138572,29.781588817733397,14.185269606956352,66,73,148,152,73
7,4,13.142992736544912,14.47502835401903,27.942181932256016,28.88731589996863,15.552481077211414,67,74,143,148,80
7,5,13.226382752709979,16.065522319596337,27.04183868086237,28.33345404504961,15.332802201781707,68,82,138,145,79
7,6,13.486889583834497,16.69834014914602,25.852778445994712,26.875150348809235,17.086841472215543,69,86,132,138,87
7,7,12.633287251307326,18.069363466971208,25.020135841798403,26.29560617899862,17.981607260924445,65,92,128,135,92
7,8,13.180544315857873,18.172431801058014,24.710281566054206,25.035978106176277,18.900764210853627,67,93,127,128,97
7,9,12.990952168935252,18.806052029003943,23.82887037272612,24.18108383157359,20.193041597761102,67,96,122,124,103
7,10,13.079809479091645,19.215633219397475,23.400089928415387,22.857734042680182,21.446733330415306,67,98,120,117,110
7,11,13.578027525120245,19.554502595361686,22.3463022048669,22.0129529977618,22.508214676889377,70,100,114,113,115
7,12,13.75493217879373,20.58382605149854,21.14990225590962,21.27343159712644,23.237907916671663,71,105,108,109,119
7,13,13.488212615471715,20.920663905047064,20.187864555715475,20.316642678584955,25.08661624518079,69,107,103,104,129
7,14,13.830195467082385,22.64660031178798,19.24211536155414,18.565775272814484,25.715313586761003,71,116,98,95,132
7,15,14.322112322280578,22.400759551480043,19.011621618373454,16.9120386505943,27.353467857271625,73,115,97,87,140
7,16,12.891683833893525,23.64017492500632,17.96354524317226,16.72630019155011,28.778295806377773,66,121,92,86,147
7,17,13.169157115914699,24.417283234198948,17.203443106533197,15.307800183761303,29.902316359591858,68,125,88,78,153
7,18,12.185796762081633,24.760385966328872,17.4185473777706,14.08373369938229,31.55153619443659,62,127,89,72,162
7,19,13.245996502228422,25.011081649594207,15.739166176387625,12.920800457772872,33.08295521401688,68,128,81,66,169
7,20,12.492524817605549,26.902284415739743,14.304509030020332,11.99617270661404,34.30450903002033,64,138,73,61,176
8,0,13.017291858366894,11.788817055245515,27.584517393434588,35.013921917759106,12.595451775193892,67,60,141,179,65
8,1,13.48202476854635,12.058434531682096,28.026932788265,33.30768305879524,13.124924852711315,69,62,143,171,67
8,2,14.134680297039251,11.39815797087472,27.005979361558495,33.961809239078015,13.499373131449513,73,58,138,174,69
8,3,13.99848712852165,13.095592554740998,26.85829705392421,31.396106770099863,14.65151649271327,72,67,137,161,75
8,4,13.53442448821939,14.381759366550789,26.491888760139048,30.260235612205484,15.331691772885286,69,74,136,155,78
8,5,14.013824105179207,14.596273291925465,25.97336684631559,29.27230103680789,16.144234719771855,72,75,133,150,82
8,6,14.48289059790214,15.427764953533712,24.35024937506728,27.848676577880376,17.8904184956165,74,79,125,142,92
8,7,14.617188875902592,15.488960758257416,24.53769672905426,27.394770969756156,17.96138266702957,75,79,126,140,92
8,8,14.071825314723158,17.060700587271015,23.669091082711315,25.997485397800517,19.200897617493993,72,88,121,133,98
8,9,14.314802857018355,17.76604299788853,23.47611822636681,24.320309312247705,20.1227266064786,73,91,120,125,103
8,10,13.807102972866787,17.505030181086518,23.157882204469416,23.692450561356303,21.83753408022097,71,90,118,121,112
8,11,14.257380970325388,19.448157682833468,21.34580981432045,21.667506277246027,23.281145255274673,73,100,109,111,119
8,12,14.065053906694292,19.693938827534367,21.40081844320807,21.05045475695259,23.789734065610666,72,101,109,108,122
8,13,14.735851080311285,19.867478638080822,19.934216014586884,19.906806020664753,25.55564824635626,75,102,102,102,131
8,14,15.010579248733876,20.614592589345836,18.54815251650642,18.394743448237392,27.43193219717648,77,106,95,94,140
8,15,14.165838887464755,21.51010958728531,18.371891822609587,17.92569213022302,28.026467572417328,73,110,94,92,143
8,16,13.906685852552716,21.09094270762157,18.436135919676524,16.5148677218904,30.051367798258806,71,108,94,85,154
8,17,14.980191982295954,23.07785499965674,15.49790612493791,15.34000734976396,31.104039543345436,77,118,79,79,159
8,18,14.602477996266034,23.093615886332223,15.600223068157021,14.32485512693063,32.37882792231409,75,118,80,73,166
8,19,14.03377852357115,23.05160361261592,14.930881896179645,13.275032370748946,34.70870359688434,72,118,76,68,178
8,20,13.275237121962128,23.402021524606393,15.048063104780763,12.011784242966181,36.262894005684544,68,120,77,61,186
9,0,13.504106751451214,10.498109208276126,26.432545704169375,36.87164294144567,12.693595394657612,69,54,135,189,65
9,1,14.306865959886538,9.729827596612283,26.400450622623673,36.04659116055443,13.51626466032308,73,50,135,185,69
9,2,13.955979156888937,12.167707618806935,25.59298169609011,34.12878924630251,14.1545422819115,71,62,131,175,73
9,3,15.354726253737308,11.24641400263881,25.742921816179056,32.62198443344268,15.033953494002155,79,57,132,167,77
9,4,15.434624697336563,14.027845036319611,24.922518159806295,30.46489104116223,15.150121065375306,79,72,128,156,77
9,5,15.294188570050643,13.871473354231977,24.272968410899452,29.546660236315407,17.014709428502535,79,71,124,151,87
9,6,14.373232987695397,14.785919086332171,24.06095917526763,29.06077922493392,17.71910952577089,73,76,123,149,91
9,7,15.297521450516562,15.302297075725496,23.85504385615817,26.788869609513043,18.756268008086728,78,79,122,137,96
9,8,15.935175450776587,15.449586416202166,22.429532065141927,25.810009322992084,20.375696744887232,82,79,115,132,104
9,9,14.826139684685582,16.364937672717154,21.39724447802143,25.868506332133844,21.543171832442,76,84,110,132,110
9,10,15.560741543334089,16.92047578791956,21.53785704930525,23.806065224379964,22.174860395061145,80,87,110,122,113
9,11,15.737380402507423,15.77315530680955,20.307823176573,23.842781220560234,24.338859893549785,80,81,104,122,125
9,12,15.700309715387025,18.077305912351736,19.71986818259328,21.6618352123791,24.840680977288862,80,93,101,111,127
9,13,15.477475047207983,18.27901109189292,19.276726066741777,20.21533188403497,26.751455910122342,79,94,99,103,137
9,14,15.653133117460772,18.21750939994544,18.763121374942177,19.92432599129393,27.441910116357683,80,93,96,102,141
9,15,15.868830749225166,19.556918854881747,18.02440376706728,17.964172174599817,28.585674454225984,81,100,92,92,147
9,16,15.86349484920244,19.546585568150398,17.378081763652318,17.028284309600796,30.18355350939404,81,100,89,87,155
9,17,14.89119133545023,19.0893872914049,16.68158662743319,16.494116985873543,32.84371775983814,76,98,85,85,168
9,18,14.74278141440103,20.479900405606198,16.77924581342115,14.575318260310832,33.4227541062608,75,105,86,75,171
9,19,14.332411669394041,22.438755028173894,14.827772448428469,13.151042716302166,35.250018137701424,73,115,76,67,181
9,20,15.280215988474158,21.672699976996743,13.105802874196401,12.484714941220625,37.45656621911208,78,111,67,64,192
10,0,15.38142903678561,9.923308010633118,24.927912747278373,37.05103817708731,12.716312028215574,79,51,127,190,65
10,1,15.058580566359167,9.81525826877953,25.17839349426248,36.56343415512198,13.38433351547684,77,50,129,187,69
10,2,15.681017990064467,11.301667175768875,24.639475249594053,34.42227616919342,13.95556341537917,80,58,126,176,72
10,3,15.393579701090875,12.442933346148301,24.186650007208424,32.82954490845307,15.147292037099334,79,64,124,168,77
10,4,16.0905496512853,13.038044153170079,23.557570974758747,31.258137010227095,16.055698210558784,82,67,121,160,82
10,5,15.989808122302534,13.018643776274683,23.522517729787243,30.196437642748286,17.272592728887258,82,67,120,155,88
10,6,15.753185231614857,13.571437181326166,23.445956533792987,29.425874808645027,17.80354624462097,81,69,120,151,91
10,7,16.095062930505968,13.9288590765384,21.744984192241574,28.554942478993112,19.67615132172094,83,71,111,146,101
10,8,16.767194671086184,13.750557751147374,21.529194288628254,27.379207037225907,20.573846251912293,86,71,110,140,105
10,9,16.908961198525628,14.2645951408981,20.33847251397091,26.67908525226903,21.80888589433633,86,73,104,137,112
10,10,17.662014196135853,13.83048986217653,20.056020625775854,25.09946844065315,23.352006875258617,90,71,103,128,120
10,11,16.80425442274749,15.478324463328255,19.76454409233814,23.616338827569482,24.336538194016626,86,79,101,121,125
10,12,16.744713441683746,14.123614951560606,19.78436014243371,22.854642025900656,26.492669438421295,86,72,101,117,136
10,13,16.038059796844056,15.942231521114161,18.49565578483358,21.022327988245067,28.501724908963137,82,81,95,108,146
10,14,15.75673395313296,18.24017766174223,18.435589658685686,19.270568008150786,28.296930718288337,81,93,94,99,145
10,15,15.994542450055821,19.125031508948542,17.171676756198764,18.24518163158337,29.463567653213516,82,98,88,93,151
10,16,16.338896864798965,18.773911020925393,16.391430931737794,17.381958758752333,31.113802423785497,84,96,84,89,159
10,17,15.980738025849472,20.58472120189552,14.849319049656499,16.015855204204374,32.56936651839414,82,105,76,82,167
10,18,16.02086018041237,19.64521585051546,15.18041237113402,14.388692010309276,34.76481958762887,82,100,78,74,178
10,19,16.30767869638304,20.409632352349778,13.516339448729603,13.461646733316709,36.304702769220874,83,105,69,69,186
10,20,15.709820891934129,19.743959610530112,13.83098930159875,12.056737588652483,38.65849260728453,80,101,71,62,198
11,0,15.980574100407315,8.330722325323563,23.713576438263722,39.16029982405823,12.81482731194717,82,43,121,200,66
11,1,15.381383400158462,9.578401478956087,24.16748697510264,36.86586156394805,14.006866581834771,79,49,124,189,71
11,2,16.17342379347517,9.789652118506526,23.202385198305677,36.468047078813335,14.366491810899298,83,50,119,187,73
11,3,16.924191598549324,10.271241803902104,23.26771117711578,33.94445467427766,15.592400746155139,87,52,119,174,80
11,4,16.556673518698837,12.055970283818386,23.382259247238153,32.05789366126919,15.947203288975443,85,62,120,164,81
11,5,17.02408247687152,11.56704452532508,22.935272330805365,31.616668537254082,16.856932129743942,87,59,118,162,86
11,6,17.202423293025042,11.925047354918116,22.32115026494777,29.491923688648402,19.059455398460663,88,61,114,151,98
11,7,17.021762654803414,13.24155344475171,20.930624023085247,28.786822171456052,20.01923770590357,87,68,107,147,103
11,8,17.60292167319158,13.84409512165009,20.16615622349048,27.482685422300463,20.9041415593674,90,71,103,141,107
11,9,18.20672103007695,13.780212722940858,20.07310121187855,26.237943651809886,21.702021383293758,93,71,103,134,111
11,10,18.07527295674365,11.843405579390623,19.735834229628953,25.820457765624322,24.525029468612455,92,61,101,132,126
11,11,16.79817996767048,15.543315572052924,18.941507513620305,23.715500209543197,25.001496737113094,86,80,97,121,128
11,12,16.804054054054056,15.282591414944354,18.952305246422895,22.719395866454686,26.241653418124006,86,78,97,116,135
11,13,16.596953862195495,16.28175381762175,17.98351567443656,21.51479092128356,27.622985724462623,85,83,92,110,142
11,14,17.945238826876952,17.504659209271324,16.40241201377609,19.4357867179612,28.711903232114423,92,90,84,99,147
11,15,16.703783515312704,17.470420007850613,16.371734585159135,18.82945742644055,30.624604465237,86,89,84,96,157
11,16,17.3804862950651,18.224608990308663,14.87866741163844,17.422692429827276,32.09354487316052,89,93,76,89,165
11,17,17.044168519395463,18.096411458291527,15.310094629628141,16.262811920604214,33.28651347208065,87,93,78,83,171
11,18,17.532655439893897,17.925726457939792,14.23817370684458,14.587034283187977,35.716410112133765,90,92,73,74,183
11,19,17.102483413842176,18.569681906556287,13.92836383315628,13.531899540999376,36.867571305445864,88,95,71,69,189
11,20,16.906370291346388,18.635580165039222,13.288723115443865,11.97788331017901,39.19144311799151,87,95,68,61,201
12,0,16.50566482989457,8.718179227753051,22.508016647335747,39.57795712949845,12.690182165518182,84,45,115,203,65
12,1,16.913832625906622,8.887173106850103,22.43616157332768,38.210643804982254,13.552188888933339,87,45,115,196,69
12,2,17.284689235365217,9.51266226856778,22.154452773974395,36.993017382261186,14.05517833983144,89,49,113,189,72
12,3,17.554789855362795,9.787651748868145,21.833406787130897,35.556713009335304,15.26743859930286,90,50,112,182,78
12,4,17.860850252275306,10.12601694710668,22.108490452164258,33.437945102962125,16.466697245491634,92,52,113,171,84
12,5,18.33586974901563,11.023745682054257,20.47732927506824,33.2318767060415,16.931178587820373,94,56,105,170,87
12,6,18.616316448956553,11.749140301925161,20.997449929342626,29.882664723755685,18.75442859601997,95,60,108,153,96
12,7,17.993133583021226,12.137472390281378,20.351963891289735,29.079035820608855,20.43839431479881,92,62,104,149,105
12,8,18.505047771777843,12.755721272269287,19.607320363391814,27.7963700611622,21.33554053139885,95,65,101,142,109
12,9,18.201970835455935,13.344928043810492,18.977649006622517,26.677916454406514,22.797535659704533,93,68,97,137,117
12,10,18.874594874038138,13.334261229196903,18.691666832362355,25.1987354104945,23.9007416539081,97,68,96,129,122
12,11,18.403818183263258,14.302688783093172,18.227771640213323,23.94868819494671,25.117033198483536,94,73,93,123,129
12,12,17.96840641380704,14.942173515113332,17.723550177699064,22.759743732987836,26.60612616039272,92,76,91,117,136
12,13,18.687111255770382,14.578876129764657,16.494464798180466,22.241627734357944,27.99792008192654,96,75,84,114,143
12,14,19.148450819212883,14.699008300183289,16.176152781001623,20.393478313069785,29.58290978653241,98,75,83,104,152
12,15,19.044990673107527,15.887948365678648,15.095867562155785,18.939836507431302,31.03135689162675,98,81,77,97,159
12,16,17.843192187625068,16.57047946850236,15.2685503882174,17.573040902905625,32.744737052749535,91,85,78,90,168
12,17,18.350593229519838,17.105954764493696,13.758832238623917,16.59919190784379,34.185427859518754,94,88,70,85,175
12,18,17.750673697484732,16.331390889120033,13.953871300687954,15.255482953746801,36.70858115896048,91,84,71,78,188
12,19,17.580429008209414,16.810043895901707,14.032243826888044,13.20488231564925,38.37240095335158,90,86,72,68,196
12,20,18.103823112599848,16.371827492914196,12.069215408399897,12.114306879670188,41.34082710641588,93,84,62,62,211
13,0,18.337198627820456,7.0626177706914035,21.027202009953136,40.728124849011934,12.84485674252307,94,36,108,208,66
13,1,18.263076849044797,8.908377845147008,20.942206823540737,38.75415042586978,13.132188056397673,94,46,107,198,67
13,2,18.588567735824064,8.42307645993971,21.0530752156444,37.99837037453288,13.936910214058928,95,43,108,195,71
13,3,18.703320127898326,9.231604560902527,20.36519395901623,36.260381683994616,15.439499668188308,96,47,104,186,79
13,4,19.49293899710503,8.414261541792635,20.211870183401633,35.13179736806229,16.74913190963841,100,43,103,180,86
13,5,19.50639178897868,10.098063604920833,19.497163217320825,32.77988652869283,18.118494860086827,100,51,100,168,93
13,6,19.878274100641235,9.635426101027665,19.65124563755148,31.409629388109988,19.42542477266964,102,49,101,161,99
13,7,20.084666039510818,11.70007477627421,18.805026895337335,29.669295896953468,19.740936391924162,103,60,96,152,101
13,8,19.64943095690672,11.966747672096435,18.757970212458794,28.124924809316425,21.50092634922163,101,61,96,144,110
13,9,19.61527879128635,12.095510389625925,18.380725658847034,27.066859665282976,22.84162549495771,100,62,94,139,117
13,10,19.60878889588698,12.483756009280004,18.465132224091334,25.371718315249026,24.07060455549266,100,64,95,130,123
13,11,19.54086456338834,12.929123598719281,17.138725797866,24.27562427006285,26.115661769963534,100,66,88,124,134
13,12,19.41199019318155,13.683626286745621,16.139723204944936,23.050016371317454,27.71464394381044,99,70,83,118,142
13,13,20.278404211776603,13.849987560492123,15.308620177684324,21.80605603396387,28.75693201608308,104,71,78,112,147
13,14,19.90188561082631,13.559777917839236,15.953223041626355,20.45709101273801,30.128022416970097,102,69,82,105,154
13,15,19.87003581056613,13.7886774232487,14.619563030620048,19.93642618597352,31.7852975495916,102,70,75,102,163
13,16,19.47522311463608,14.870957492589657,14.52185698945057,17.205667654712254,33.92629474861143,100,76,74,88,174
13,17,19.492548849117217,14.091974011545055,14.443397821413907,16.199309228799848,35.77277008912398,100,72,74,83,183
13,18,19.08889085512504,15.266527778894954,13.152242983888481,14.82372246040492,37.6686159216866,98,78,67,76,193
13,19,18.84775713820563,14.863305824325574,12.689384042095615,13.3426057314676,40.25694726390558,97,76,65,68,206
13,20,18.500600211080947,15.389976072122009,12.624574011263023,12.12104122523626,41.36380848029778,95,79,64,62,212
14,1,19.2217509603073,7.707666453265044,20.1696542893726,39.1205185659411,13.780409731113954,98,40,103,200,71
14,2,19.57808852198609,8.417771787527977,19.309730679438736,38.08755926737105,14.606849743676143,100,43,99,195,75
14,3,19.531159336195888,8.791362703236985,19.899316907636464,36.303537914227284,15.474623138703365,100,45,102,186,79
14,4,20.38301274967955,8.827535771831768,19.25149375776011,34.526598330848756,17.011359389879814,104,45,99,177,87
14,5,19.819078617323985,8.816907400198257,19.774931873547672,33.579618652400576,18.009463456529502,102,45,101,172,92
14,6,20.39317373213532,10.117590303322679,19.626123138153535,30.68926008562986,19.17385274075861,104,52,101,157,98
14,7,20.46600053055089,10.609811975980515,18.618316867498937,30.229342679603533,20.07652794636613,105,54,95,155,103
14,8,20.685375024101806,10.405954752876148,18.972138312230864,28.51243653191079,21.424095378880388,106,53,97,146,110
14,9,21.28750230814313,10.79368010340481,16.77197151550671,27.813325412053725,23.333520660891622,109,55,86,142,120
14,10,20.70563349364411,11.811777853165973,16.40398315739059,26.07810660334059,25.000498892458744,106,60,84,134,128
14,11,21.10385979486852,12.900996900661404,15.781065277822155,24.40729143368374,25.80678659296418,108,66,81,125,132
14,12,21.395954336070496,12.642900060084115,15.82695774083717,22.44502303224514,27.689164830763062,109,65,81,115,142
14,13,21.205408203806932,14.345224478984814,14.672702536750984,21.24273107068469,28.53393370977257,109,73,75,109,146
14,14,20.88492938922079,13.894703788988904,15.1752789810148,19.946538703080467,30.098549137695045,107,71,78,102,154
14,15,20.55796218309944,13.48690164468524,14.705633921783937,18.68159714261581,32.56790510781558,105,69,75,96,167
14,16,21.335806303660373,13.292483725870433,12.97424302163715,18.232657692091056,34.164809256740995,109,68,67,93,175
14,17,20.5465574838095,14.270553190462982,13.054909007585715,16.517324135602212,35.610656182539586,105,73,67,85,182
14,18,20.295259480836755,14.608571555272462,13.274985587757454,14.290494370154766,37.53068900597856,104,75,68,73,192
14,19,19.88804091742011,14.494673888967197,12.712994099997987,13.708141197317817,39.196149896296895,102,74,65,70,201
15,1,20.097270160025104,7.353189640607274,19.36472689531993,39.55733629407931,13.62747700996838,103,38,99,202,70
15,2,21.455340035909522,7.836230061978075,17.603300141790413,38.93171164729935,14.173418113022624,110,40,90,199,73
15,3,20.630017787606366,6.534541608576511,18.739483678669295,38.26498726022787,15.830969664919955,106,33,96,196,81
15,4,21.32808352503982,7.846157558597835,18.447257926996027,35.465163044352565,16.913337945013758,109,40,94,182,87
15,5,22.34531881929214,7.65287027908006,17.81886959496167,33.78418076822471,18.398760538441415,115,39,91,173,94
15,6,21.230683614543345,9.256137690744264,18.130786850340357,32.14907894312353,19.233312901248507,109,47,93,165,98
15,7,21.294682653774185,9.216813768401101,17.87145530329192,30.766883236827102,20.850165037705697,109,47,91,158,107
15,8,22.03911219488718,9.008398373266381,17.849952272854885,29.372648736233327,21.729888422758233,113,46,92,150,111
15,9,21.91410579749723,9.90947936579332,16.779650126102393,27.599556633628374,23.797208076978684,112,51,86,141,122
15,10,22.672144131459156,10.755858140595373,16.16838804131299,25.911021864524752,24.492587822107737,116,55,83,133,125
15,11,22.684212422106686,10.46621921788514,15.177638767154535,24.683323928104024,26.9886056647496,116,54,78,126,138
15,12,22.83131879343664,11.447467921402934,14.628320389864486,23.43508060160123,27.65781229369471,117,59,75,120,141
15,13,22.74012259537529,12.325513513081237,14.437544733716928,21.277854860830658,29.218964296995896,116,63,74,109,150
15,14,21.727197730336627,12.107688283466468,13.982172679530775,21.41451538260327,30.76842592406286,111,62,72,110,157
15,15,22.24397420848676,11.797928960782105,14.058304256242865,19.010789342509366,32.889003231978904,114,61,72,97,168
15,16,21.733757346429435,12.903550438773049,13.16399645761211,17.561387971982935,34.63730778520248,111,66,68,90,177
15,17,21.556965690295804,13.285962457173186,12.785311007093567,15.8423008251701,36.52946002026734,110,68,66,81,187
15,18,21.141420671986126,11.983230464655874,12.311714179011577,15.14077012966674,39.422864554679684,108,61,63,78,202
15,19,21.215794527124338,13.02088334133461,11.629860777724435,12.940470475276044,41.19299087854057,109,67,59,66,211
16,2,22.47159743983739,6.677475166664651,16.393026097687873,39.4308598807032,15.027041415106899,115,34,84,202,77
16,3,22.212900221587077,6.94266032949035,17.319117505379104,37.66257747519188,15.862744468351583,114,35,89,193,81
16,4,22.708250419093794,7.348312167589274,16.34043682236453,37.03703703703704,16.56596355391536,116,37,84,190,85
16,5,23.095447467991903,8.86182666010504,16.3045670536413,33.750695828257484,17.98746299000428,118,45,84,173,92
16,6,23.412521264915608,8.241738354065367,17.442660135371547,31.721824740899823,19.181255504747654,120,42,89,163,98
16,7,21.88666030695664,8.347723183558136,17.457404030768114,31.06758600702788,21.24062647168923,112,43,89,159,109
16,8,23.419396884654997,9.33275939752832,16.443260813594236,29.00843202883625,21.796150875386203,120,48,84,148,112
16,9,24.524904260555353,9.086543655986267,15.175452286341972,27.613776876072944,23.599322921043473,126,46,78,141,121
16,10,23.574298477059656,9.697015870979124,15.297570833968225,26.087270335945078,25.34384448204791,121,50,78,133,130
16,11,23.57136843118152,9.89307064073419,14.658583817462322,24.953391308531494,26.92358580209048,121,50,75,128,138
16,12,24.462081624619938,10.404909848214034,13.955552699332047,22.84621780221634,28.33123802561765,125,53,72,117,145
16,13,24.213518660938266,11.2231380333638,13.258949962351977,21.994499764448186,29.30989357889778,124,57,68,113,150
16,14,23.6194753906046,11.099237070575992,13.411728784415185,20.472542174047543,31.397016580356674,121,57,68,105,161
16,15,23.062050631381794,10.830765512657843,13.080780617485349,19.162588363240893,33.86381487523412,118,56,67,98,173
16,16,23.32892403816386,11.206712850347984,12.874471789222289,17.540417422210787,35.04947390005508,119,57,66,90,180
16,17,23.14205873142059,11.783623617836234,12.21844812218448,15.93071715930717,36.92515236925152,118,60,63,82,189
16,18,22.584541552330037,10.599765719682383,12.426990065379611,13.910900520037453,40.47780214257052,116,54,64,71,207
17,3,23.41196512676621,6.439522998296423,16.47499749473895,37.94688846577813,15.72662591442028,120,33,84,194,81
17,4,24.24835603003361,6.45730501471132,15.699310256121679,36.91817933340836,16.676849365725037,124,33,80,189,86
17,5,25.239388252206208,6.414966258036178,15.777662420636506,33.97356546739608,18.594417601725034,129,33,81,174,95
17,6,25.205751793914178,7.257353740155104,14.896631103634514,32.764941906559514,19.875321455736703,129,37,76,168,102
17,7,24.60918146627944,7.858262070965637,15.641200188511284,31.20345120659306,20.68790506765058,126,40,80,160,106
17,8,25.084829092550358,8.357579811884937,14.642186454748416,29.17234208893152,22.74306255188478,128,43,75,149,117
17,9,25.295645346379175,9.341064202452134,14.172857401703206,27.898773932475684,23.291659116989795,129,48,73,143,119
17,10,25.36863123271885,7.806379070949257,13.357955432133839,27.499389782762663,25.967644481435393,130,40,68,141,133
17,11,24.899795991839675,9.08316332653306,13.807752310092402,25.009000360014394,27.200288011520463,127,47,71,128,139
17,12,25.182239627519486,9.030963648572035,13.422405924949036,24.117148015166194,28.247242783793236,129,46,69,123,145
17,13,25.753586783247183,9.834065987150376,13.347181295589582,21.53519153664074,29.529974397372104,132,51,68,110,151
17,14,24.637862339296372,9.950720242608035,13.004694078363684,21.00479086348459,31.401932476247318,126,51,67,107,161
17,15,25.00090369067271,9.515260323159783,12.496234622197052,19.560685840974543,33.42691552299592,128,49,64,100,171
17,16,24.815606175835054,10.126872608312508,11.97141443040114,17.66800661524161,35.41810017020969,127,52,61,91,181
17,17,24.09834094734311,10.479682616013463,11.649434960327,15.561433036787687,38.211108439528736,123,54,60,80,195
18,4,25.51127901485706,6.484071342947437,14.756559749113057,35.933016092121036,17.315073800961407,131,33,75,184,89
18,5,25.375535836505325,6.528499897935902,15.178732243849137,34.391998174853796,18.525233846855823,130,33,78,176,95
18,6,26.560725070643453,7.289919108699959,14.412881161341964,32.227967126034386,19.508507533280245,136,37,74,165,100
18,7,26.92410216643242,7.084524790384335,13.391169485775215,31.7428391411816,20.85736441622643,138,36,69,162,107
18,8,26.474381380548888,7.739221618233754,14.14176720864922,29.1971506743645,22.447479118203624,136,40,72,149,115
18,9,25.450775115764046,7.459230924099054,14.081739480571775,27.899335615059396,25.108918864505736,130,38,72,143,129
18,10,26.196122025439962,8.489717249349205,13.348981721775916,26.127743633011963,25.83743537042294,134,44,68,134,132
18,11,26.479700704437597,7.839630943817786,13.232416184785272,25.23678827892996,27.21146388802938,136,40,68,129,139
18,12,27.294681129379565,8.149161820047896,12.705318870620433,23.460988911472903,28.3898492684792,140,42,65,120,145
18,13,26.551639872928373,8.89942032585138,12.827744238311373,21.76962859992869,29.95156696298017,136,46,66,111,153
18,14,26.83144764963716,7.753239069273215,11.974594588067667,20.850791504159773,32.58992718886219,137,40,61,107,167
18,15,25.667613865702243,8.867478244022152,12.10019858888871,18.974926134620667,34.38978316676623,132,45,62,97,176
18,16,25.81404330300031,9.530763474860603,11.694706606483381,16.869825484563954,36.09066113109175,132,49,60,86,185
19,5,27.618063648049596,6.433282475762564,13.004721344562045,34.97399055731088,17.969941974314928,141,33,67,179,92
19,6,28.00648647785052,6.416580459884888,13.333626236684548,32.74313308063762,19.500173744942426,143,33,68,168,100
19,7,28.080936152342804,6.486925201492416,13.754784940157963,30.82470563532699,20.852648070679823,144,33,70,158,107
19,8,27.040641422227957,6.876010792542013,14.012962343062481,29.081786980387093,22.988598461780445,138,35,72,149,118
19,9,28.37626775257183,7.277797732675224,12.923105484278457,27.621972629055495,23.800856401418997,145,37,66,142,122
19,10,27.727706457329347,7.624427676788735,13.111112893008636,25.857382267803164,25.67937070507012,142,39,67,132,132
19,11,28.05372681646949,7.2345854345445115,13.028512282306497,24.177067411267704,27.506108055411794,143,37,67,124,141
19,12,28.263953728067513,7.089936824746267,12.575634480835221,23.10443924383707,28.96603572251391,145,36,65,118,148
19,13,28.697916666666668,6.9828003875969,11.736918604651164,21.8265503875969,30.755813953488374,147,36,60,112,157
19,14,27.43453355155483,7.5298449985558875,11.661211129296237,20.89390584384327,32.480504476749786,140,39,60,107,166
19,15,28.202170607665288,7.570508451334749,11.815736300610205,18.163412637276213,34.24817200311354,144,39,61,93,175
