Row_Idx,Col_Idx,Activity
0,7,-0.06324112
0,8,-0.00000000
0,9,-0.09090908
0,10,-0.05138341
0,11,-0.02371541
0,12,-0.00790513
0,13,-0.01581028
1,5,-0.24901186
1,6,-0.17391303
1,7,-0.14624507
1,8,-0.01581028
1,9,-0.10671936
1,10,-0.02766799
1,11,-0.02766799
1,12,-0.12648220
1,13,-0.02371541
1,14,-0.15019762
1,15,-0.13438736
2,4,-0.37944664
2,5,-0.35177865
2,6,-0.24901186
2,7,-0.25296443
2,8,-0.22134386
2,9,-0.26482214
2,10,-0.31620552
2,11,-0.17391303
2,12,-0.16600790
2,13,-0.13043478
2,14,-0.17391303
2,15,-0.09881424
2,16,-0.10276679
3,3,-0.33201581
3,4,-0.39525692
3,5,-0.35177865
3,6,-0.36363636
3,7,-0.35177865
3,8,-0.36363636
3,9,-0.30039526
3,10,-0.30830039
3,11,-0.25691698
3,12,-0.23715415
3,13,-0.16600790
3,14,-0.14624507
3,15,-0.13438736
3,16,-0.09090908
3,17,-0.11067195
4,2,-0.39920948
4,3,-0.39525692
4,4,-0.49011858
4,5,-0.43873517
4,6,-0.46245059
4,7,-0.39920948
4,8,-0.37944664
4,9,-0.35177865
4,10,-0.32015810
4,11,-0.29249010
4,12,-0.19367590
4,13,-0.20158103
4,14,-0.15019762
4,15,-0.12648220
4,16,-0.01581028
4,17,-0.12648220
4,18,-0.07905138
5,1,-0.32015810
5,2,-0.46245059
5,3,-0.52173912
5,4,-0.52173912
5,5,-0.52173912
5,6,-0.47430829
5,7,-0.41501976
5,8,-0.46245059
5,9,-0.39920948
5,10,-0.37154150
5,11,-0.34387352
5,12,-0.23320157
5,13,-0.26482214
5,14,-0.23320157
5,15,-0.23320157
5,16,-0.09090908
5,17,-0.12648220
5,18,-0.12648220
5,19,-0.13438736
6,1,-0.46245059
6,2,-0.46245059
6,3,-0.53754941
6,4,-0.55731224
6,5,-0.55731224
6,6,-0.53754941
6,7,-0.52173912
6,8,-0.46245059
6,9,-0.46245059
6,10,-0.43083005
6,11,-0.43083005
6,12,-0.33201581
6,13,-0.32015810
6,14,-0.26482214
6,15,-0.23320157
6,16,-0.20158103
6,17,-0.16996048
6,18,-0.17391303
6,19,-0.10671936
7,0,-0.15019762
7,1,-0.30039526
7,2,-0.30039526
7,3,-0.46245059
7,4,-0.59683795
7,5,-0.66798419
7,6,-0.63636362
7,7,-0.52173912
7,8,-0.52173912
7,9,-0.52173912
7,10,-0.47430829
7,11,-0.47430829
7,12,-0.43083005
7,13,-0.36363636
7,14,-0.13438736
7,15,-0.22134386
7,16,-0.20158103
7,17,-0.08695653
7,18,-0.17391303
7,19,-0.10671936
7,20,-0.10276679
8,0,-0.15019762
8,1,-0.15019762
8,2,-0.67588932
8,3,-0.11857707
8,4,-0.61264820
8,5,-0.67588932
8,6,-0.69169961
8,7,-0.69169961
8,8,-0.61660079
8,9,-0.52173912
8,10,-0.55731224
8,11,-0.43083005
8,12,-0.46245059
8,13,-0.41501976
8,14,-0.05138341
8,15,-0.27272727
8,16,-0.25691698
8,17,-0.37154150
8,18,-0.17391303
8,19,-0.13438736
8,20,-0.11067195
9,0,-0.46245059
9,1,-0.43083005
9,2,-0.73517786
9,3,-0.61660079
9,4,-0.79051382
9,5,-0.77470356
9,6,-0.74308299
9,7,-0.69169961
9,8,-0.65612648
9,9,-0.55731224
9,10,-0.55731224
9,11,-0.52569171
9,12,-0.52569171
9,13,-0.46245059
9,14,-0.39920948
9,15,-0.30830039
9,16,-0.30830039
9,17,-0.19367590
9,18,-0.17391303
9,19,-0.20158103
9,20,-0.13438736
10,0,-0.46245059
10,1,-0.43083005
10,2,-0.73122529
10,3,-0.78656126
10,4,-0.71146245
10,5,-0.75889327
10,6,-0.83399210
10,7,-0.83399210
10,8,-0.65612648
10,9,-0.55731224
10,10,-0.69169961
10,11,-0.52569171
10,12,-0.53754941
10,13,-0.43083005
10,14,-0.39920948
10,15,-0.37944664
10,16,-0.30830039
10,17,-0.22134386
10,18,-0.20553360
10,19,-0.16205532
10,20,-0.10276679
11,0,-0.34387352
11,1,-0.40316205
11,2,-0.39920948
11,3,-0.87747034
11,4,-0.84189722
11,5,-0.75494070
11,6,-0.85770751
11,7,-0.81422923
11,8,-0.65612648
11,9,-0.70355731
11,10,-0.58893279
11,11,-0.53754941
11,12,-0.58893279
11,13,-0.56916995
11,14,-0.39920948
11,15,-0.34387352
11,16,-0.33201581
11,17,-0.20553360
11,18,-0.20553360
11,19,-0.17391303
11,20,-0.16996048
12,0,-0.05138341
12,1,-0.41501976
12,2,-0.93675888
12,3,-0.81027669
12,4,-0.98023713
12,5,-0.98023713
12,6,-0.83399210
12,7,-0.81422923
12,8,-0.83003952
12,9,-0.71146245
12,10,-0.72727273
12,11,-0.65612648
12,12,-0.65612648
12,13,-0.47430829
12,14,-0.46245059
12,15,-0.43083005
12,16,-0.30434781
12,17,-0.29249010
12,18,-0.22134386
12,19,-0.17391303
12,20,-0.16996048
13,0,-0.05533596
13,1,-0.41501976
13,2,-0.39920948
13,3,-1.00000000
13,4,-0.83003952
13,5,-0.91699605
13,6,-0.92885376
13,7,-0.82213439
13,8,-0.80237153
13,9,-0.82213439
13,10,-0.49802371
13,11,-0.43873517
13,12,-0.58498024
13,13,-0.55731224
13,14,-0.47430829
13,15,-0.41501976
13,16,-0.37944664
13,17,-0.27272727
13,18,-0.24901186
13,19,-0.23320157
13,20,-0.17391303
14,1,-0.28063240
14,2,-0.26482214
14,3,-0.94071146
14,4,-0.94071146
14,5,-0.94071146
14,6,-0.81027669
14,7,-0.84584981
14,8,-0.82213439
14,9,-0.73122529
14,10,-0.68379445
14,11,-0.71146245
14,12,-0.66798419
14,13,-0.58498024
14,14,-0.47430829
14,15,-0.49011858
14,16,-0.37944664
14,17,-0.33201581
14,18,-0.29249010
14,19,-0.20553360
15,1,-0.37944664
15,2,-0.47035572
15,3,-1.00000000
15,4,-0.88932805
15,5,-0.96837943
15,6,-0.98023713
15,7,-0.87747034
15,8,-0.86956522
15,9,-0.71541502
15,10,-0.86956522
15,11,-0.74308299
15,12,-0.56916995
15,13,-0.56916995
15,14,-0.47035572
15,15,-0.47430829
15,16,-0.22529644
15,17,-0.31225297
15,18,-0.28063240
15,19,-0.24110673
16,2,-0.93675888
16,3,-0.93675888
16,4,-0.96047429
16,5,-0.93675888
16,6,-0.93675888
16,7,-0.77470356
16,8,-0.88932805
16,9,-0.69169961
16,10,-0.70355731
16,11,-0.76679841
16,12,-0.66798419
16,13,-0.65612648
16,14,-0.47430829
16,15,-0.47826088
16,16,-0.40711463
16,17,-0.40316205
16,18,-0.24505927
17,3,-0.93675888
17,4,-0.96047429
17,5,-0.94071146
17,6,-0.99604743
17,7,-0.91699605
17,8,-0.89328064
17,9,-0.86956522
17,10,-0.75494070
17,11,-0.76679841
17,12,-0.55731224
17,13,-0.55731224
17,14,-0.46245059
17,15,-0.46245059
17,16,-0.39130434
17,17,-0.33201581
18,4,-0.96837943
18,5,-0.94071146
18,6,-0.90909089
18,7,-0.74308299
18,8,-0.75494070
18,9,-0.86956522
18,10,-0.86956522
18,11,-0.76679841
18,12,-0.44268776
18,13,-0.58893279
18,14,-0.49802371
18,15,-0.44268776
18,16,-0.37944664
19,5,-0.96047429
19,6,-0.89723318
19,7,-0.90909089
19,8,-0.77470356
19,9,-0.77470356
19,10,-0.63636362
19,11,-0.72727273
19,12,-0.44268776
19,13,-0.47430829
19,14,-0.46245059
19,15,-0.41106718
