element,bin_index,bin_left_eV,bin_center_eV,bin_right_eV,site_count,raw_probability,smoothed_probability
Pt,0,0.09800000000000002,0.10447500000000001,0.11095000000000002,0,0.0,0.0
Pt,1,0.11095000000000002,0.11742500000000002,0.12390000000000001,0,0.0,0.0
Pt,2,0.12390000000000001,0.13037500000000002,0.13685000000000003,0,0.0,0.0
Pt,3,0.13685000000000003,0.14332500000000004,0.14980000000000002,0,0.0,0.0
Pt,4,0.14980000000000002,0.156275,0.16275,0,0.0,0.0
Pt,5,0.16275,0.16922500000000001,0.17570000000000002,0,0.0,0.0
Pt,6,0.17570000000000002,0.18217500000000003,0.18865,0,0.0,0.0
Pt,7,0.18865,0.195125,0.2016,0,0.0,0.0
Pt,8,0.2016,0.208075,0.21455000000000002,0,0.0,0.0
Pt,9,0.21455000000000002,0.22102500000000003,0.22750000000000004,0,0.0,0.0
Pt,10,0.22750000000000004,0.23397500000000002,0.24045,0,0.0,0.0
Pt,11,0.24045,0.246925,0.2534,0,0.0,0.0
Pt,12,0.2534,0.259875,0.26635000000000003,0,0.0,0.0
Pt,13,0.26635000000000003,0.272825,0.2793,0,0.0,0.0
Pt,14,0.2793,0.285775,0.29225,0,0.0,0.0
Pt,15,0.29225,0.298725,0.3052,0,0.0,0.0
Pt,16,0.3052,0.31167500000000004,0.31815,0,0.0,0.0
Pt,17,0.31815,0.324625,0.3311,0,0.0,0.0
Pt,18,0.3311,0.337575,0.34405,0,0.0,0.0
Pt,19,0.34405,0.35052500000000003,0.35700000000000004,0,0.0,0.0
Pt,20,0.35700000000000004,0.363475,0.36995,0,0.0,0.0
Pt,21,0.36995,0.376425,0.3829,0,0.0,0.0
Pt,22,0.3829,0.389375,0.39585000000000004,0,0.0,0.0
Pt,23,0.39585000000000004,0.40232500000000004,0.4088,0,0.0,0.0
Pt,24,0.4088,0.415275,0.42175,0,0.0,0.0
Pt,25,0.42175,0.428225,0.43470000000000003,0,0.0,0.0
Pt,26,0.43470000000000003,0.44117500000000004,0.44765000000000005,0,0.0,0.0
Pt,27,0.44765000000000005,0.454125,0.4606,0,0.0,0.0
Pt,28,0.4606,0.467075,0.47355,0,0.0,0.0
Pt,29,0.47355,0.48002500000000003,0.48650000000000004,0,0.0,0.0
Pt,30,0.48650000000000004,0.49297500000000005,0.49945,0,0.0,0.0
Pt,31,0.49945,0.505925,0.5124,0,0.0,0.0
Pt,32,0.5124,0.518875,0.52535,0,0.0,0.0
Pt,33,0.52535,0.531825,0.5383,0,0.0,0.0
Pt,34,0.5383,0.544775,0.55125,0,0.0,0.0
Pt,35,0.55125,0.557725,0.5642,0,0.0,0.0
Pt,36,0.5642,0.570675,0.5771499999999999,0,0.0,0.0
Pt,37,0.5771499999999999,0.583625,0.5901,0,0.0,0.0
Pt,38,0.5901,0.596575,0.60305,0,0.0,0.0
Pt,39,0.60305,0.609525,0.616,0,0.0,0.0
Pt,40,0.616,0.622475,0.62895,0,0.0,0.0
Pt,41,0.62895,0.6354249999999999,0.6418999999999999,0,0.0,0.0
Pt,42,0.6418999999999999,0.6483749999999999,0.6548499999999999,0,0.0,0.0
Pt,43,0.6548499999999999,0.6613249999999999,0.6678,0,0.0,0.0
Pt,44,0.6678,0.674275,0.68075,0,0.0,0.0
Pt,45,0.68075,0.687225,0.6937,0,0.0,0.0
Pt,46,0.6937,0.700175,0.70665,0,0.0,0.0
Pt,47,0.70665,0.713125,0.7195999999999999,0,0.0,0.0
Pt,48,0.7195999999999999,0.7260749999999999,0.7325499999999999,0,0.0,0.0
Pt,49,0.7325499999999999,0.7390249999999999,0.7454999999999999,0,0.0,0.0
Pt,50,0.7454999999999999,0.751975,0.75845,0,0.0,0.0
Pt,51,0.75845,0.764925,0.7714,0,0.0,4.6228532971705864e-07
Pt,52,0.7714,0.777875,0.78435,0,0.0,5.558586074904685e-06
Pt,53,0.78435,0.790825,0.7973,0,0.0,4.2259642590591086e-05
Pt,54,0.7973,0.8037749999999999,0.8102499999999999,0,0.0,0.0002111567502811073
Pt,55,0.8102499999999999,0.8167249999999999,0.8231999999999999,0,0.0,0.0007070283684852266
Pt,56,0.8231999999999999,0.8296749999999999,0.83615,0,0.0,0.0016899969434131129
Pt,57,0.83615,0.842625,0.8491,2,0.0051813471502590676,0.003257968057024878
Pt,58,0.8491,0.855575,0.86205,1,0.0025906735751295338,0.005821625816488826
Pt,59,0.86205,0.868525,0.875,1,0.0025906735751295338,0.009917804083293425
Pt,60,0.875,0.881475,0.8879499999999999,10,0.025906735751295335,0.015488594582878226
Pt,61,0.8879499999999999,0.8944249999999999,0.9008999999999999,4,0.010362694300518135,0.022692182369179678
Pt,62,0.9008999999999999,0.9073749999999999,0.9138499999999999,11,0.02849740932642487,0.03238138568342677
Pt,63,0.9138499999999999,0.920325,0.9268,19,0.04922279792746114,0.04422216001619097
Pt,64,0.9268,0.933275,0.93975,20,0.05181347150259067,0.05620336238979993
Pt,65,0.93975,0.946225,0.9527,31,0.08031088082901554,0.06637886401054702
Pt,66,0.9527,0.959175,0.96565,26,0.06735751295336788,0.07416006077169739
Pt,67,0.96565,0.9721249999999999,0.9785999999999999,32,0.08290155440414508,0.07980464411799
Pt,68,0.9785999999999999,0.9850749999999999,0.9915499999999999,36,0.09326424870466321,0.08289579938877104
Pt,69,0.9915499999999999,0.9980249999999999,1.0045,31,0.08031088082901554,0.0828211535905785
Pt,70,1.0045,1.010975,1.01745,33,0.08549222797927461,0.07978600086369363
Pt,71,1.01745,1.023925,1.0304,28,0.07253886010362694,0.07374647551040382
Pt,72,1.0304,1.036875,1.04335,32,0.08290155440414508,0.06440085819584584
Pt,73,1.04335,1.049825,1.0563,14,0.03626943005181347,0.053457903477476046
Pt,74,1.0563,1.062775,1.06925,15,0.038860103626943004,0.04386590433872761
Pt,75,1.06925,1.075725,1.0822,18,0.046632124352331605,0.035830016405613556
Pt,76,1.0822,1.088675,1.09515,10,0.025906735751295335,0.02752787303869887
Pt,77,1.09515,1.101625,1.1081,6,0.015544041450777202,0.01902126274718625
Pt,78,1.1081,1.114575,1.12105,3,0.007772020725388601,0.011883734203433145
Pt,79,1.12105,1.127525,1.1340000000000001,3,0.007772020725388601,0.006751842411302512
Pt,80,1.1340000000000001,1.1404750000000001,1.1469500000000001,0,0.0,0.0033127255838119353
Pt,81,1.1469500000000001,1.1534250000000001,1.1599000000000002,0,0.0,0.001278442816790481
Pt,82,1.1599000000000002,1.1663750000000002,1.1728500000000002,0,0.0,0.0003570897434355043
Pt,83,1.1728500000000002,1.179325,1.1858,0,0.0,6.842518843528462e-05
Pt,84,1.1858,1.192275,1.19875,0,0.0,8.684593109644821e-06
Pt,85,1.19875,1.205225,1.2117,0,0.0,6.934279945755879e-07
Pt,86,1.2117,1.218175,1.22465,0,0.0,0.0
Pt,87,1.22465,1.231125,1.2376,0,0.0,0.0
Pt,88,1.2376,1.244075,1.25055,0,0.0,0.0
Pt,89,1.25055,1.257025,1.2635,0,0.0,0.0
Pt,90,1.2635,1.269975,1.27645,0,0.0,0.0
Pt,91,1.27645,1.282925,1.2894,0,0.0,0.0
Pt,92,1.2894,1.295875,1.3023500000000001,0,0.0,0.0
Pt,93,1.3023500000000001,1.3088250000000001,1.3153000000000001,0,0.0,0.0
Pt,94,1.3153000000000001,1.3217750000000001,1.3282500000000002,0,0.0,0.0
Pt,95,1.3282500000000002,1.3347250000000002,1.3412,0,0.0,0.0
Pt,96,1.3412,1.347675,1.35415,0,0.0,0.0
Pt,97,1.35415,1.360625,1.3671,0,0.0,0.0
Pt,98,1.3671,1.373575,1.38005,0,0.0,0.0
Pt,99,1.38005,1.386525,1.393,0,0.0,0.0
Pd,0,0.09800000000000002,0.10447500000000001,0.11095000000000002,0,0.0,0.0
Pd,1,0.11095000000000002,0.11742500000000002,0.12390000000000001,0,0.0,0.0
Pd,2,0.12390000000000001,0.13037500000000002,0.13685000000000003,0,0.0,0.0
Pd,3,0.13685000000000003,0.14332500000000004,0.14980000000000002,0,0.0,0.0
Pd,4,0.14980000000000002,0.156275,0.16275,0,0.0,0.0
Pd,5,0.16275,0.16922500000000001,0.17570000000000002,0,0.0,0.0
Pd,6,0.17570000000000002,0.18217500000000003,0.18865,0,0.0,0.0
Pd,7,0.18865,0.195125,0.2016,0,0.0,0.0
Pd,8,0.2016,0.208075,0.21455000000000002,0,0.0,0.0
Pd,9,0.21455000000000002,0.22102500000000003,0.22750000000000004,0,0.0,0.0
Pd,10,0.22750000000000004,0.23397500000000002,0.24045,0,0.0,0.0
Pd,11,0.24045,0.246925,0.2534,0,0.0,0.0
Pd,12,0.2534,0.259875,0.26635000000000003,0,0.0,0.0
Pd,13,0.26635000000000003,0.272825,0.2793,0,0.0,0.0
Pd,14,0.2793,0.285775,0.29225,0,0.0,0.0
Pd,15,0.29225,0.298725,0.3052,0,0.0,0.0
Pd,16,0.3052,0.31167500000000004,0.31815,0,0.0,0.0
Pd,17,0.31815,0.324625,0.3311,0,0.0,0.0
Pd,18,0.3311,0.337575,0.34405,0,0.0,0.0
Pd,19,0.34405,0.35052500000000003,0.35700000000000004,0,0.0,0.0
Pd,20,0.35700000000000004,0.363475,0.36995,0,0.0,0.0
Pd,21,0.36995,0.376425,0.3829,0,0.0,0.0
Pd,22,0.3829,0.389375,0.39585000000000004,0,0.0,0.0
Pd,23,0.39585000000000004,0.40232500000000004,0.4088,0,0.0,0.0
Pd,24,0.4088,0.415275,0.42175,0,0.0,0.0
Pd,25,0.42175,0.428225,0.43470000000000003,0,0.0,0.0
Pd,26,0.43470000000000003,0.44117500000000004,0.44765000000000005,0,0.0,0.0
Pd,27,0.44765000000000005,0.454125,0.4606,0,0.0,0.0
Pd,28,0.4606,0.467075,0.47355,0,0.0,0.0
Pd,29,0.47355,0.48002500000000003,0.48650000000000004,0,0.0,0.0
Pd,30,0.48650000000000004,0.49297500000000005,0.49945,0,0.0,0.0
Pd,31,0.49945,0.505925,0.5124,0,0.0,0.0
Pd,32,0.5124,0.518875,0.52535,0,0.0,0.0
Pd,33,0.52535,0.531825,0.5383,0,0.0,0.0
Pd,34,0.5383,0.544775,0.55125,0,0.0,0.0
Pd,35,0.55125,0.557725,0.5642,0,0.0,0.0
Pd,36,0.5642,0.570675,0.5771499999999999,0,0.0,0.0
Pd,37,0.5771499999999999,0.583625,0.5901,0,0.0,0.0
Pd,38,0.5901,0.596575,0.60305,0,0.0,0.0
Pd,39,0.60305,0.609525,0.616,0,0.0,0.0
Pd,40,0.616,0.622475,0.62895,0,0.0,0.0
Pd,41,0.62895,0.6354249999999999,0.6418999999999999,0,0.0,0.0
Pd,42,0.6418999999999999,0.6483749999999999,0.6548499999999999,0,0.0,0.0
Pd,43,0.6548499999999999,0.6613249999999999,0.6678,0,0.0,0.0
Pd,44,0.6678,0.674275,0.68075,0,0.0,0.0
Pd,45,0.68075,0.687225,0.6937,0,0.0,0.0
Pd,46,0.6937,0.700175,0.70665,0,0.0,0.0
Pd,47,0.70665,0.713125,0.7195999999999999,0,0.0,0.0
Pd,48,0.7195999999999999,0.7260749999999999,0.7325499999999999,0,0.0,0.0
Pd,49,0.7325499999999999,0.7390249999999999,0.7454999999999999,0,0.0,0.0
Pd,50,0.7454999999999999,0.751975,0.75845,0,0.0,0.0
Pd,51,0.75845,0.764925,0.7714,0,0.0,0.0
Pd,52,0.7714,0.777875,0.78435,0,0.0,0.0
Pd,53,0.78435,0.790825,0.7973,0,0.0,0.0
Pd,54,0.7973,0.8037749999999999,0.8102499999999999,0,0.0,0.0
Pd,55,0.8102499999999999,0.8167249999999999,0.8231999999999999,0,0.0,0.0
Pd,56,0.8231999999999999,0.8296749999999999,0.83615,0,0.0,0.0
Pd,57,0.83615,0.842625,0.8491,0,0.0,0.0
Pd,58,0.8491,0.855575,0.86205,0,0.0,0.0
Pd,59,0.86205,0.868525,0.875,0,0.0,0.0
Pd,60,0.875,0.881475,0.8879499999999999,0,0.0,0.0
Pd,61,0.8879499999999999,0.8944249999999999,0.9008999999999999,0,0.0,0.0
Pd,62,0.9008999999999999,0.9073749999999999,0.9138499999999999,0,0.0,0.0
Pd,63,0.9138499999999999,0.920325,0.9268,0,0.0,0.0
Pd,64,0.9268,0.933275,0.93975,0,0.0,0.0
Pd,65,0.93975,0.946225,0.9527,0,0.0,0.0
Pd,66,0.9527,0.959175,0.96565,0,0.0,0.0
Pd,67,0.96565,0.9721249999999999,0.9785999999999999,0,0.0,6.880802208385011e-07
Pd,68,0.9785999999999999,0.9850749999999999,0.9915499999999999,0,0.0,8.846976886782245e-06
Pd,69,0.9915499999999999,0.9980249999999999,1.0045,0,0.0,7.031130654376192e-05
Pd,70,1.0045,1.010975,1.01745,0,0.0,0.0003705351757806079
Pd,71,1.01745,1.023925,1.0304,0,0.0,0.001332506884526077
Pd,72,1.0304,1.036875,1.04335,0,0.0,0.003406674461633337
Pd,73,1.04335,1.049825,1.0563,3,0.007712082262210797,0.006624930690940882
Pd,74,1.0563,1.062775,1.06925,4,0.010282776349614395,0.010884369571696667
Pd,75,1.06925,1.075725,1.0822,5,0.012853470437017995,0.01700869344452371
Pd,76,1.0822,1.088675,1.09515,7,0.017994858611825194,0.026650988270561265
Pd,77,1.09515,1.101625,1.1081,13,0.033419023136246784,0.04011722934584706
Pd,78,1.1081,1.114575,1.12105,27,0.06940874035989718,0.05490065911706502
Pd,79,1.12105,1.127525,1.1340000000000001,24,0.061696658097686374,0.067752819851795
Pd,80,1.1340000000000001,1.1404750000000001,1.1469500000000001,37,0.09511568123393316,0.0776830555008619
Pd,81,1.1469500000000001,1.1534250000000001,1.1599000000000002,25,0.06426735218508997,0.08583121667552868
Pd,82,1.1599000000000002,1.1663750000000002,1.1728500000000002,43,0.11053984575835475,0.09216802433517013
Pd,83,1.1728500000000002,1.179325,1.1858,40,0.10282776349614396,0.09369649621744032
Pd,84,1.1858,1.192275,1.19875,38,0.09768637532133675,0.08787724554652636
Pd,85,1.19875,1.205225,1.2117,31,0.07969151670951156,0.07604044373830728
Pd,86,1.2117,1.218175,1.22465,20,0.05141388174807198,0.06215704968414217
Pd,87,1.22465,1.231125,1.2376,21,0.05398457583547558,0.0495443308265617
Pd,88,1.2376,1.244075,1.25055,12,0.030848329048843187,0.039433131663263746
Pd,89,1.25055,1.257025,1.2635,12,0.030848329048843187,0.03162722709754352
Pd,90,1.2635,1.269975,1.27645,11,0.028277634961439587,0.025118682344348307
Pd,91,1.27645,1.282925,1.2894,7,0.017994858611825194,0.01909060091692164
Pd,92,1.2894,1.295875,1.3023500000000001,3,0.007712082262210797,0.013665041439235076
Pd,93,1.3023500000000001,1.3088250000000001,1.3153000000000001,6,0.015424164524421594,0.00900101544946188
Pd,94,1.3153000000000001,1.3217750000000001,1.3282500000000002,0,0.0,0.005025114572212172
Pd,95,1.3282500000000002,1.3347250000000002,1.3412,0,0.0,0.0021326291118448346
Pd,96,1.3412,1.347675,1.35415,0,0.0,0.0006347997502159523
Pd,97,1.35415,1.360625,1.3671,0,0.0,0.0001267186385461338
Pd,98,1.3671,1.373575,1.38005,0,0.0,1.654715340550032e-05
Pd,99,1.38005,1.386525,1.393,0,0.0,1.3761604416770021e-06
Ir,0,0.09800000000000002,0.10447500000000001,0.11095000000000002,0,0.0,0.0
Ir,1,0.11095000000000002,0.11742500000000002,0.12390000000000001,0,0.0,0.0
Ir,2,0.12390000000000001,0.13037500000000002,0.13685000000000003,0,0.0,0.0
Ir,3,0.13685000000000003,0.14332500000000004,0.14980000000000002,0,0.0,0.0
Ir,4,0.14980000000000002,0.156275,0.16275,0,0.0,0.0
Ir,5,0.16275,0.16922500000000001,0.17570000000000002,0,0.0,0.0
Ir,6,0.17570000000000002,0.18217500000000003,0.18865,0,0.0,0.0
Ir,7,0.18865,0.195125,0.2016,0,0.0,0.0
Ir,8,0.2016,0.208075,0.21455000000000002,0,0.0,0.0
Ir,9,0.21455000000000002,0.22102500000000003,0.22750000000000004,0,0.0,0.0
Ir,10,0.22750000000000004,0.23397500000000002,0.24045,0,0.0,0.0
Ir,11,0.24045,0.246925,0.2534,0,0.0,0.0
Ir,12,0.2534,0.259875,0.26635000000000003,0,0.0,0.0
Ir,13,0.26635000000000003,0.272825,0.2793,0,0.0,4.083344102306284e-07
Ir,14,0.2793,0.285775,0.29225,0,0.0,6.13487559891433e-06
Ir,15,0.29225,0.298725,0.3052,0,0.0,5.266985794190838e-05
Ir,16,0.3052,0.31167500000000004,0.31815,0,0.0,0.00030514718381134513
Ir,17,0.31815,0.324625,0.3311,0,0.0,0.0012264021825593773
Ir,18,0.3311,0.337575,0.34405,0,0.0,0.003516960872487227
Ir,19,0.34405,0.35052500000000003,0.35700000000000004,2,0.004576659038901602,0.0074678308420937315
Ir,20,0.35700000000000004,0.363475,0.36995,7,0.016018306636155607,0.012350828659094785
Ir,21,0.36995,0.376425,0.3829,7,0.016018306636155607,0.016964547194407518
Ir,22,0.3829,0.389375,0.39585000000000004,11,0.02517162471395881,0.02101365562718317
Ir,23,0.39585000000000004,0.40232500000000004,0.4088,9,0.020594965675057208,0.02619661168761769
Ir,24,0.4088,0.415275,0.42175,9,0.020594965675057208,0.03545957344723988
Ir,25,0.42175,0.428225,0.43470000000000003,20,0.04576659038901602,0.049537849361056235
Ir,26,0.43470000000000003,0.44117500000000004,0.44765000000000005,36,0.08237986270022883,0.06510737866205865
Ir,27,0.44765000000000005,0.454125,0.4606,30,0.06864988558352403,0.07780309603784101
Ir,28,0.4606,0.467075,0.47355,47,0.10755148741418764,0.08500663312405665
Ir,29,0.47355,0.48002500000000003,0.48650000000000004,39,0.08924485125858124,0.08643874684966824
Ir,30,0.48650000000000004,0.49297500000000005,0.49945,32,0.07322654462242563,0.0843063620732755
Ir,31,0.49945,0.505925,0.5124,39,0.08924485125858124,0.08025762909406915
Ir,32,0.5124,0.518875,0.52535,38,0.08695652173913043,0.07322570940005198
Ir,33,0.52535,0.531825,0.5383,24,0.05491990846681922,0.06303159023943218
Ir,34,0.5383,0.544775,0.55125,22,0.05034324942791762,0.05224618712910525
Ir,35,0.55125,0.557725,0.5642,18,0.041189931350114416,0.042928927279664506
Ir,36,0.5642,0.570675,0.5771499999999999,15,0.034324942791762014,0.034863924747331
Ir,37,0.5771499999999999,0.583625,0.5901,14,0.032036613272311214,0.027196356893870437
Ir,38,0.5901,0.596575,0.60305,5,0.011441647597254004,0.02004520019733086
Ir,39,0.60305,0.609525,0.616,7,0.016018306636155607,0.014021974083714918
Ir,40,0.616,0.622475,0.62895,4,0.009153318077803204,0.00912734505210717
Ir,41,0.62895,0.6354249999999999,0.6418999999999999,1,0.002288329519450801,0.005253839977155956
Ir,42,0.6418999999999999,0.6483749999999999,0.6548499999999999,0,0.0,0.0026750120653003476
Ir,43,0.6548499999999999,0.6613249999999999,0.6678,1,0.002288329519450801,0.0013246103378448633
Ir,44,0.6678,0.674275,0.68075,0,0.0,0.0006567390544578944
Ir,45,0.68075,0.687225,0.6937,0,0.0,0.0002784345788195213
Ir,46,0.6937,0.700175,0.70665,0,0.0,8.553645063246982e-05
Ir,47,0.70665,0.713125,0.7195999999999999,0,0.0,1.7589526922728425e-05
Ir,48,0.7195999999999999,0.7260749999999999,0.7325499999999999,0,0.0,2.352852581553565e-06
Ir,49,0.7325499999999999,0.7390249999999999,0.7454999999999999,0,0.0,2.041672051153142e-07
Ir,50,0.7454999999999999,0.751975,0.75845,0,0.0,0.0
Ir,51,0.75845,0.764925,0.7714,0,0.0,0.0
Ir,52,0.7714,0.777875,0.78435,0,0.0,0.0
Ir,53,0.78435,0.790825,0.7973,0,0.0,0.0
Ir,54,0.7973,0.8037749999999999,0.8102499999999999,0,0.0,0.0
Ir,55,0.8102499999999999,0.8167249999999999,0.8231999999999999,0,0.0,0.0
Ir,56,0.8231999999999999,0.8296749999999999,0.83615,0,0.0,0.0
Ir,57,0.83615,0.842625,0.8491,0,0.0,0.0
Ir,58,0.8491,0.855575,0.86205,0,0.0,0.0
Ir,59,0.86205,0.868525,0.875,0,0.0,0.0
Ir,60,0.875,0.881475,0.8879499999999999,0,0.0,0.0
Ir,61,0.8879499999999999,0.8944249999999999,0.9008999999999999,0,0.0,0.0
Ir,62,0.9008999999999999,0.9073749999999999,0.9138499999999999,0,0.0,0.0
Ir,63,0.9138499999999999,0.920325,0.9268,0,0.0,0.0
Ir,64,0.9268,0.933275,0.93975,0,0.0,0.0
Ir,65,0.93975,0.946225,0.9527,0,0.0,0.0
Ir,66,0.9527,0.959175,0.96565,0,0.0,0.0
Ir,67,0.96565,0.9721249999999999,0.9785999999999999,0,0.0,0.0
Ir,68,0.9785999999999999,0.9850749999999999,0.9915499999999999,0,0.0,0.0
Ir,69,0.9915499999999999,0.9980249999999999,1.0045,0,0.0,0.0
Ir,70,1.0045,1.010975,1.01745,0,0.0,0.0
Ir,71,1.01745,1.023925,1.0304,0,0.0,0.0
Ir,72,1.0304,1.036875,1.04335,0,0.0,0.0
Ir,73,1.04335,1.049825,1.0563,0,0.0,0.0
Ir,74,1.0563,1.062775,1.06925,0,0.0,0.0
Ir,75,1.06925,1.075725,1.0822,0,0.0,0.0
Ir,76,1.0822,1.088675,1.09515,0,0.0,0.0
Ir,77,1.09515,1.101625,1.1081,0,0.0,0.0
Ir,78,1.1081,1.114575,1.12105,0,0.0,0.0
Ir,79,1.12105,1.127525,1.1340000000000001,0,0.0,0.0
Ir,80,1.1340000000000001,1.1404750000000001,1.1469500000000001,0,0.0,0.0
Ir,81,1.1469500000000001,1.1534250000000001,1.1599000000000002,0,0.0,0.0
Ir,82,1.1599000000000002,1.1663750000000002,1.1728500000000002,0,0.0,0.0
Ir,83,1.1728500000000002,1.179325,1.1858,0,0.0,0.0
Ir,84,1.1858,1.192275,1.19875,0,0.0,0.0
Ir,85,1.19875,1.205225,1.2117,0,0.0,0.0
Ir,86,1.2117,1.218175,1.22465,0,0.0,0.0
Ir,87,1.22465,1.231125,1.2376,0,0.0,0.0
Ir,88,1.2376,1.244075,1.25055,0,0.0,0.0
Ir,89,1.25055,1.257025,1.2635,0,0.0,0.0
Ir,90,1.2635,1.269975,1.27645,0,0.0,0.0
Ir,91,1.27645,1.282925,1.2894,0,0.0,0.0
Ir,92,1.2894,1.295875,1.3023500000000001,0,0.0,0.0
Ir,93,1.3023500000000001,1.3088250000000001,1.3153000000000001,0,0.0,0.0
Ir,94,1.3153000000000001,1.3217750000000001,1.3282500000000002,0,0.0,0.0
Ir,95,1.3282500000000002,1.3347250000000002,1.3412,0,0.0,0.0
Ir,96,1.3412,1.347675,1.35415,0,0.0,0.0
Ir,97,1.35415,1.360625,1.3671,0,0.0,0.0
Ir,98,1.3671,1.373575,1.38005,0,0.0,0.0
Ir,99,1.38005,1.386525,1.393,0,0.0,0.0
Rh,0,0.09800000000000002,0.10447500000000001,0.11095000000000002,0,0.0,0.0
Rh,1,0.11095000000000002,0.11742500000000002,0.12390000000000001,0,0.0,0.0
Rh,2,0.12390000000000001,0.13037500000000002,0.13685000000000003,0,0.0,0.0
Rh,3,0.13685000000000003,0.14332500000000004,0.14980000000000002,0,0.0,0.0
Rh,4,0.14980000000000002,0.156275,0.16275,0,0.0,0.0
Rh,5,0.16275,0.16922500000000001,0.17570000000000002,0,0.0,0.0
Rh,6,0.17570000000000002,0.18217500000000003,0.18865,0,0.0,0.0
Rh,7,0.18865,0.195125,0.2016,0,0.0,0.0
Rh,8,0.2016,0.208075,0.21455000000000002,0,0.0,0.0
Rh,9,0.21455000000000002,0.22102500000000003,0.22750000000000004,0,0.0,0.0
Rh,10,0.22750000000000004,0.23397500000000002,0.24045,0,0.0,0.0
Rh,11,0.24045,0.246925,0.2534,0,0.0,0.0
Rh,12,0.2534,0.259875,0.26635000000000003,0,0.0,0.0
Rh,13,0.26635000000000003,0.272825,0.2793,0,0.0,0.0
Rh,14,0.2793,0.285775,0.29225,0,0.0,0.0
Rh,15,0.29225,0.298725,0.3052,0,0.0,0.0
Rh,16,0.3052,0.31167500000000004,0.31815,0,0.0,0.0
Rh,17,0.31815,0.324625,0.3311,0,0.0,0.0
Rh,18,0.3311,0.337575,0.34405,0,0.0,0.0
Rh,19,0.34405,0.35052500000000003,0.35700000000000004,0,0.0,0.0
Rh,20,0.35700000000000004,0.363475,0.36995,0,0.0,0.0
Rh,21,0.36995,0.376425,0.3829,0,0.0,0.0
Rh,22,0.3829,0.389375,0.39585000000000004,0,0.0,0.0
Rh,23,0.39585000000000004,0.40232500000000004,0.4088,0,0.0,0.0
Rh,24,0.4088,0.415275,0.42175,0,0.0,0.0
Rh,25,0.42175,0.428225,0.43470000000000003,0,0.0,0.0
Rh,26,0.43470000000000003,0.44117500000000004,0.44765000000000005,0,0.0,0.0
Rh,27,0.44765000000000005,0.454125,0.4606,0,0.0,0.0
Rh,28,0.4606,0.467075,0.47355,0,0.0,0.0
Rh,29,0.47355,0.48002500000000003,0.48650000000000004,0,0.0,0.0
Rh,30,0.48650000000000004,0.49297500000000005,0.49945,0,0.0,0.0
Rh,31,0.49945,0.505925,0.5124,0,0.0,0.0
Rh,32,0.5124,0.518875,0.52535,0,0.0,0.0
Rh,33,0.52535,0.531825,0.5383,0,0.0,4.5175224625515094e-07
Rh,34,0.5383,0.544775,0.55125,0,0.0,6.335439239126018e-06
Rh,35,0.55125,0.557725,0.5642,0,0.0,5.261238639763382e-05
Rh,36,0.5642,0.570675,0.5771499999999999,0,0.0,0.00029278991502002335
Rh,37,0.5771499999999999,0.583625,0.5901,0,0.0,0.0011242009511147311
Rh,38,0.5901,0.596575,0.60305,0,0.0,0.003073240895037878
Rh,39,0.60305,0.609525,0.616,2,0.005063291139240506,0.006284517907830424
Rh,40,0.616,0.622475,0.62895,5,0.012658227848101266,0.010406722405042776
Rh,41,0.62895,0.6354249999999999,0.6418999999999999,5,0.012658227848101266,0.01543032058888538
Rh,42,0.6418999999999999,0.6483749999999999,0.6548499999999999,6,0.015189873417721518,0.021865052910205234
Rh,43,0.6548499999999999,0.6613249999999999,0.6678,14,0.035443037974683546,0.02969780300313076
Rh,44,0.6678,0.674275,0.68075,15,0.0379746835443038,0.03884886578379427
Rh,45,0.68075,0.687225,0.6937,13,0.03291139240506329,0.05010419423158281
Rh,46,0.6937,0.700175,0.70665,31,0.07848101265822785,0.06301506518527174
Rh,47,0.70665,0.713125,0.7195999999999999,28,0.07088607594936709,0.07467260669571309
Rh,48,0.7195999999999999,0.7260749999999999,0.7325499999999999,39,0.09873417721518987,0.08248830919970719
Rh,49,0.7325499999999999,0.7390249999999999,0.7454999999999999,32,0.0810126582278481,0.08639327516518143
Rh,50,0.7454999999999999,0.751975,0.75845,34,0.08607594936708861,0.08743988286804032
Rh,51,0.75845,0.764925,0.7714,41,0.10379746835443038,0.08529540895012908
Rh,52,0.7714,0.777875,0.78435,29,0.07341772151898734,0.07912005460022233
Rh,53,0.78435,0.790825,0.7973,29,0.07341772151898734,0.06950312608232165
Rh,54,0.7973,0.8037749999999999,0.8102499999999999,26,0.06582278481012659,0.057735066886127985
Rh,55,0.8102499999999999,0.8167249999999999,0.8231999999999999,13,0.03291139240506329,0.04540388592860051
Rh,56,0.8231999999999999,0.8296749999999999,0.83615,15,0.0379746835443038,0.03407812593285083
Rh,57,0.83615,0.842625,0.8491,9,0.02278481012658228,0.024189338440683324
Rh,58,0.8491,0.855575,0.86205,5,0.012658227848101266,0.015769944728822677
Rh,59,0.86205,0.868525,0.875,2,0.005063291139240506,0.00930322470995272
Rh,60,0.875,0.881475,0.8879499999999999,2,0.005063291139240506,0.004957382063552308
Rh,61,0.8879499999999999,0.8944249999999999,0.9008999999999999,0,0.0,0.00230265465748615
Rh,62,0.9008999999999999,0.9073749999999999,0.9138499999999999,0,0.0,0.0008588611196765681
Rh,63,0.9138499999999999,0.920325,0.9268,0,0.0,0.00023576575455449265
Rh,64,0.9268,0.933275,0.93975,0,0.0,4.4803298462401615e-05
Rh,65,0.93975,0.946225,0.9527,0,0.0,5.657810869743292e-06
Rh,66,0.9527,0.959175,0.96565,0,0.0,4.5175224625515094e-07
Rh,67,0.96565,0.9721249999999999,0.9785999999999999,0,0.0,0.0
Rh,68,0.9785999999999999,0.9850749999999999,0.9915499999999999,0,0.0,0.0
Rh,69,0.9915499999999999,0.9980249999999999,1.0045,0,0.0,0.0
Rh,70,1.0045,1.010975,1.01745,0,0.0,0.0
Rh,71,1.01745,1.023925,1.0304,0,0.0,0.0
Rh,72,1.0304,1.036875,1.04335,0,0.0,0.0
Rh,73,1.04335,1.049825,1.0563,0,0.0,0.0
Rh,74,1.0563,1.062775,1.06925,0,0.0,0.0
Rh,75,1.06925,1.075725,1.0822,0,0.0,0.0
Rh,76,1.0822,1.088675,1.09515,0,0.0,0.0
Rh,77,1.09515,1.101625,1.1081,0,0.0,0.0
Rh,78,1.1081,1.114575,1.12105,0,0.0,0.0
Rh,79,1.12105,1.127525,1.1340000000000001,0,0.0,0.0
Rh,80,1.1340000000000001,1.1404750000000001,1.1469500000000001,0,0.0,0.0
Rh,81,1.1469500000000001,1.1534250000000001,1.1599000000000002,0,0.0,0.0
Rh,82,1.1599000000000002,1.1663750000000002,1.1728500000000002,0,0.0,0.0
Rh,83,1.1728500000000002,1.179325,1.1858,0,0.0,0.0
Rh,84,1.1858,1.192275,1.19875,0,0.0,0.0
Rh,85,1.19875,1.205225,1.2117,0,0.0,0.0
Rh,86,1.2117,1.218175,1.22465,0,0.0,0.0
Rh,87,1.22465,1.231125,1.2376,0,0.0,0.0
Rh,88,1.2376,1.244075,1.25055,0,0.0,0.0
Rh,89,1.25055,1.257025,1.2635,0,0.0,0.0
Rh,90,1.2635,1.269975,1.27645,0,0.0,0.0
Rh,91,1.27645,1.282925,1.2894,0,0.0,0.0
Rh,92,1.2894,1.295875,1.3023500000000001,0,0.0,0.0
Rh,93,1.3023500000000001,1.3088250000000001,1.3153000000000001,0,0.0,0.0
Rh,94,1.3153000000000001,1.3217750000000001,1.3282500000000002,0,0.0,0.0
Rh,95,1.3282500000000002,1.3347250000000002,1.3412,0,0.0,0.0
Rh,96,1.3412,1.347675,1.35415,0,0.0,0.0
Rh,97,1.35415,1.360625,1.3671,0,0.0,0.0
Rh,98,1.3671,1.373575,1.38005,0,0.0,0.0
Rh,99,1.38005,1.386525,1.393,0,0.0,0.0
Ru,0,0.09800000000000002,0.10447500000000001,0.11095000000000002,0,0.0,2.2702561993738503e-07
Ru,1,0.11095000000000002,0.11742500000000002,0.12390000000000001,0,0.0,2.6162762802516744e-06
Ru,2,0.12390000000000001,0.13037500000000002,0.13685000000000003,0,0.0,1.9331812205081245e-05
Ru,3,0.13685000000000003,0.14332500000000004,0.14980000000000002,0,0.0,9.295082566290379e-05
Ru,4,0.14980000000000002,0.156275,0.16275,0,0.0,0.0002955086562437957
Ru,5,0.16275,0.16922500000000001,0.17570000000000002,0,0.0,0.0006802933766153817
Ru,6,0.17570000000000002,0.18217500000000003,0.18865,1,0.002544529262086514,0.0014139231144137832
Ru,7,0.18865,0.195125,0.2016,0,0.0,0.0032673114699389313
Ru,8,0.2016,0.208075,0.21455000000000002,0,0.0,0.007654805933589169
Ru,9,0.21455000000000002,0.22102500000000003,0.22750000000000004,6,0.015267175572519083,0.01571383885614759
Ru,10,0.22750000000000004,0.23397500000000002,0.24045,7,0.017811704834605598,0.02748512017157363
Ru,11,0.24045,0.246925,0.2534,18,0.04580152671755725,0.041411449110545506
Ru,12,0.2534,0.259875,0.26635000000000003,23,0.058524173027989825,0.05424863262478222
Ru,13,0.26635000000000003,0.272825,0.2793,30,0.07633587786259542,0.06280530005478015
Ru,14,0.2793,0.285775,0.29225,26,0.06615776081424936,0.06672440287572684
Ru,15,0.29225,0.298725,0.3052,26,0.06615776081424936,0.06915818014345843
Ru,16,0.3052,0.31167500000000004,0.31815,24,0.061068702290076333,0.07372942745346112
Ru,17,0.31815,0.324625,0.3311,33,0.08396946564885496,0.08023975332521574
Ru,18,0.3311,0.337575,0.34405,41,0.10432569974554708,0.08432117267796455
Ru,19,0.34405,0.35052500000000003,0.35700000000000004,32,0.08142493638676845,0.08224142646329481
Ru,20,0.35700000000000004,0.363475,0.36995,33,0.08396946564885496,0.07434390696741876
Ru,21,0.36995,0.376425,0.3829,23,0.058524173027989825,0.06360159606957515
Ru,22,0.3829,0.389375,0.39585000000000004,19,0.04834605597964377,0.052811932764261584
Ru,23,0.39585000000000004,0.40232500000000004,0.4088,18,0.04580152671755725,0.04269537442451571
Ru,24,0.4088,0.415275,0.42175,15,0.03816793893129771,0.03255447497551195
Ru,25,0.42175,0.428225,0.43470000000000003,5,0.01272264631043257,0.022898492040097928
Ru,26,0.43470000000000003,0.44117500000000004,0.44765000000000005,5,0.01272264631043257,0.015371779434448982
Ru,27,0.44765000000000005,0.454125,0.4606,4,0.010178117048346057,0.010301663511656763
Ru,28,0.4606,0.467075,0.47355,3,0.007633587786259542,0.0066665278560556806
Ru,29,0.47355,0.48002500000000003,0.48650000000000004,0,0.0,0.0038784287360523854
Ru,30,0.48650000000000004,0.49297500000000005,0.49945,1,0.002544529262086514,0.0019909198071824626
Ru,31,0.49945,0.505925,0.5124,0,0.0,0.0009082118824153683
Ru,32,0.5124,0.518875,0.52535,0,0.0,0.0003478174890586613
Ru,33,0.52535,0.531825,0.5383,0,0.0,0.00010034560326378404
Ru,34,0.5383,0.544775,0.55125,0,0.0,2.00128890648934e-05
Ru,35,0.55125,0.557725,0.5642,0,0.0,2.6162762802516744e-06
Ru,36,0.5642,0.570675,0.5771499999999999,0,0.0,2.2702561993738503e-07
Ru,37,0.5771499999999999,0.583625,0.5901,0,0.0,0.0
Ru,38,0.5901,0.596575,0.60305,0,0.0,0.0
Ru,39,0.60305,0.609525,0.616,0,0.0,0.0
Ru,40,0.616,0.622475,0.62895,0,0.0,0.0
Ru,41,0.62895,0.6354249999999999,0.6418999999999999,0,0.0,0.0
Ru,42,0.6418999999999999,0.6483749999999999,0.6548499999999999,0,0.0,0.0
Ru,43,0.6548499999999999,0.6613249999999999,0.6678,0,0.0,0.0
Ru,44,0.6678,0.674275,0.68075,0,0.0,0.0
Ru,45,0.68075,0.687225,0.6937,0,0.0,0.0
Ru,46,0.6937,0.700175,0.70665,0,0.0,0.0
Ru,47,0.70665,0.713125,0.7195999999999999,0,0.0,0.0
Ru,48,0.7195999999999999,0.7260749999999999,0.7325499999999999,0,0.0,0.0
Ru,49,0.7325499999999999,0.7390249999999999,0.7454999999999999,0,0.0,0.0
Ru,50,0.7454999999999999,0.751975,0.75845,0,0.0,0.0
Ru,51,0.75845,0.764925,0.7714,0,0.0,0.0
Ru,52,0.7714,0.777875,0.78435,0,0.0,0.0
Ru,53,0.78435,0.790825,0.7973,0,0.0,0.0
Ru,54,0.7973,0.8037749999999999,0.8102499999999999,0,0.0,0.0
Ru,55,0.8102499999999999,0.8167249999999999,0.8231999999999999,0,0.0,0.0
Ru,56,0.8231999999999999,0.8296749999999999,0.83615,0,0.0,0.0
Ru,57,0.83615,0.842625,0.8491,0,0.0,0.0
Ru,58,0.8491,0.855575,0.86205,0,0.0,0.0
Ru,59,0.86205,0.868525,0.875,0,0.0,0.0
Ru,60,0.875,0.881475,0.8879499999999999,0,0.0,0.0
Ru,61,0.8879499999999999,0.8944249999999999,0.9008999999999999,0,0.0,0.0
Ru,62,0.9008999999999999,0.9073749999999999,0.9138499999999999,0,0.0,0.0
Ru,63,0.9138499999999999,0.920325,0.9268,0,0.0,0.0
Ru,64,0.9268,0.933275,0.93975,0,0.0,0.0
Ru,65,0.93975,0.946225,0.9527,0,0.0,0.0
Ru,66,0.9527,0.959175,0.96565,0,0.0,0.0
Ru,67,0.96565,0.9721249999999999,0.9785999999999999,0,0.0,0.0
Ru,68,0.9785999999999999,0.9850749999999999,0.9915499999999999,0,0.0,0.0
Ru,69,0.9915499999999999,0.9980249999999999,1.0045,0,0.0,0.0
Ru,70,1.0045,1.010975,1.01745,0,0.0,0.0
Ru,71,1.01745,1.023925,1.0304,0,0.0,0.0
Ru,72,1.0304,1.036875,1.04335,0,0.0,0.0
Ru,73,1.04335,1.049825,1.0563,0,0.0,0.0
Ru,74,1.0563,1.062775,1.06925,0,0.0,0.0
Ru,75,1.06925,1.075725,1.0822,0,0.0,0.0
Ru,76,1.0822,1.088675,1.09515,0,0.0,0.0
Ru,77,1.09515,1.101625,1.1081,0,0.0,0.0
Ru,78,1.1081,1.114575,1.12105,0,0.0,0.0
Ru,79,1.12105,1.127525,1.1340000000000001,0,0.0,0.0
Ru,80,1.1340000000000001,1.1404750000000001,1.1469500000000001,0,0.0,0.0
Ru,81,1.1469500000000001,1.1534250000000001,1.1599000000000002,0,0.0,0.0
Ru,82,1.1599000000000002,1.1663750000000002,1.1728500000000002,0,0.0,0.0
Ru,83,1.1728500000000002,1.179325,1.1858,0,0.0,0.0
Ru,84,1.1858,1.192275,1.19875,0,0.0,0.0
Ru,85,1.19875,1.205225,1.2117,0,0.0,0.0
Ru,86,1.2117,1.218175,1.22465,0,0.0,0.0
Ru,87,1.22465,1.231125,1.2376,0,0.0,0.0
Ru,88,1.2376,1.244075,1.25055,0,0.0,0.0
Ru,89,1.25055,1.257025,1.2635,0,0.0,0.0
Ru,90,1.2635,1.269975,1.27645,0,0.0,0.0
Ru,91,1.27645,1.282925,1.2894,0,0.0,0.0
Ru,92,1.2894,1.295875,1.3023500000000001,0,0.0,0.0
Ru,93,1.3023500000000001,1.3088250000000001,1.3153000000000001,0,0.0,0.0
Ru,94,1.3153000000000001,1.3217750000000001,1.3282500000000002,0,0.0,0.0
Ru,95,1.3282500000000002,1.3347250000000002,1.3412,0,0.0,0.0
Ru,96,1.3412,1.347675,1.35415,0,0.0,0.0
Ru,97,1.35415,1.360625,1.3671,0,0.0,0.0
Ru,98,1.3671,1.373575,1.38005,0,0.0,0.0
Ru,99,1.38005,1.386525,1.393,0,0.0,0.0
