run,slab,OH_site,top_element,OH_BE_eV,BE_shift_eV,site_activity
0,1,0,Pd,1.2519999999999998,0.0,0.002687663450168951
0,1,1,Pt,1.045,0.0,0.11744636956709828
0,1,2,Ir,0.508,0.0,9.72952545562778e-11
0,1,3,Ru,0.311,0.0,4.5334226903811795e-14
0,1,4,Rh,0.6509999999999999,0.0,2.54981520947048e-08
0,1,5,Rh,0.706,0.0,2.171046426440394e-07
0,1,6,Ir,0.473,0.0,2.489839783684855e-11
0,1,7,Rh,0.79,0.0,5.7184420800917e-06
0,1,8,Pd,1.2119999999999997,0.0,0.012760132340892905
0,1,9,Pd,1.156,0.0,0.11296075575567341
0,1,10,Pt,0.949,0.0,0.002794389190554526
0,1,11,Ru,0.406,0.0,1.8325967442056578e-12
0,1,12,Ir,0.438,0.0,6.371638757401067e-12
0,1,13,Ru,0.264,0.0,7.270459663617847e-15
0,1,14,Ru,0.306,0.0,3.731351629226012e-14
0,1,15,Pt,0.953,0.0,0.0032653889742445146
0,1,16,Rh,0.759,0.0,1.7100369685989734e-06
0,1,17,Ir,0.5549999999999999,0.0,6.066748666237108e-10
0,1,18,Ir,0.479,0.0,3.145165086082526e-11
0,1,19,Rh,0.699,0.0,1.6530464578845249e-07
0,1,20,Pd,1.228,0.0,0.006843260324866574
0,1,21,Pt,0.984,0.0,0.010919610547066702
0,1,22,Pd,1.246,0.0,0.003395055899581267
0,1,23,Pd,1.166,0.0,0.07652573614183278
0,1,24,Rh,0.715,0.0,3.0823161135057155e-07
0,1,25,Rh,0.741,0.0,8.48377940211883e-07
0,1,26,Pt,1.0310000000000001,0.0,0.06808814368631662
0,1,27,Pt,1.0950000000000002,0.0,0.8230760474074114
0,1,28,Rh,0.75,0.0,1.2044740101414266e-06
0,1,29,Ir,0.47,0.0,2.2153144483737873e-11
0,1,30,Pd,1.2679999999999998,0.0,0.0014413941927696597
0,1,31,Ir,0.43199999999999994,0.0,5.0440467292626065e-12
0,1,32,Ir,0.498,0.0,6.591307687539283e-11
0,1,33,Pt,1.023,0.0,0.049862659132290696
0,1,34,Pd,1.202,0.0,0.01883541753976962
0,1,35,Pt,0.997,0.0,0.018116038904467294
0,1,36,Pt,1.1309999999999998,0.0,0.29903895932641356
0,1,37,Pt,1.069,0.0,0.29903895932640834
0,1,38,Ru,0.394,0.0,1.1484783763163552e-12
0,1,39,Ir,0.53,0.0,2.2916897378907495e-10
0,1,40,Rh,0.762,0.0,1.9219475046150045e-06
0,1,41,Pd,1.286,0.0,0.0007150997661162599
0,1,42,Pt,1.0979999999999999,0.0,0.925072957176526
0,1,43,Pt,1.035,0.0,0.07956453396742208
0,1,44,Ru,0.41100000000000003,0.0,2.226521777639041e-12
0,1,45,Ir,0.571,0.0,1.1312227240402354e-09
0,1,46,Pt,1.075,0.0,0.3777459499261165
0,1,47,Pt,1.0359999999999998,0.0,0.08272400089977752
0,1,48,Pt,1.082,0.0,0.49611672483721597
0,1,49,Pd,1.312,0.0,0.0002598091519581267
0,1,50,Ir,0.46099999999999997,0.0,1.5603690015796216e-11
0,1,51,Pt,1.02,0.0,0.044364890437497646
0,1,52,Ir,0.5,0.0,7.125176059255893e-11
0,1,53,Ru,0.38100000000000006,0.0,6.922559979714784e-13
0,1,54,Pt,0.973,0.0,0.00711500269081528
0,1,55,Rh,0.794,0.0,6.682296718476002e-06
0,1,56,Ru,0.32700000000000007,0.0,8.453145246611405e-14
0,1,57,Pd,1.2259999999999998,0.0,0.007397535807071177
0,1,58,Pt,1.005,0.0,0.024737699140386562
0,1,59,Pt,0.97,0.0,0.006330515065453112
0,1,60,Ru,0.35100000000000003,0.0,2.152318344874396e-13
0,1,61,Ru,0.31,0.0,4.360278271290488e-14
0,1,62,Pd,1.1669999999999998,0.0,0.07360299872361717
0,1,63,Ru,0.332,0.0,1.0270187394272752e-13
0,1,64,Rh,0.7020000000000001,0.0,1.8578946380011922e-07
0,1,65,Pd,1.1209999999999998,0.0,0.4414157713333789
0,1,66,Rh,0.741,0.0,8.48377940211883e-07
0,1,67,Rh,0.7859999999999999,0.0,4.893613857784707e-06
0,1,68,Pt,0.9849999999999999,0.0,0.011353222694556728
0,1,69,Rh,0.721,0.0,3.8935810601116183e-07
0,1,70,Pd,1.156,0.0,0.11296075575567341
0,1,71,Rh,0.724,0.0,4.3760798976344776e-07
0,1,72,Pt,0.9269999999999999,0.0,0.0011863770349408221
0,1,73,Rh,0.741,0.0,8.48377940211883e-07
0,1,74,Pd,1.16,0.0,0.09666729364563816
0,1,75,Pt,0.8949999999999999,0.0,0.0003412231569323492
0,1,76,Ir,0.473,0.0,2.489839783684855e-11
0,1,77,Ir,0.483,0.0,3.675288835566468e-11
0,1,78,Rh,0.8029999999999999,0.0,9.487107507118216e-06
0,1,79,Ir,0.357,0.0,2.718808076243149e-13
0,1,80,Rh,0.766,0.0,2.24589552946316e-06
0,1,81,Pt,1.033,0.0,0.07360299872361589
0,1,82,Rh,0.8260000000000001,0.0,2.323325133830845e-05
0,1,83,Ir,0.41600000000000004,0.0,2.7051227947312045e-12
0,1,84,Ru,0.28700000000000003,0.0,1.7804838469799956e-14
0,1,85,Pd,1.18,0.0,0.04436489043749804
0,1,86,Rh,0.8,0.0,8.441075795925477e-06
0,1,87,Ir,0.483,0.0,3.675288835566468e-11
0,1,88,Pd,1.2009999999999998,0.0,0.01958336233258887
0,1,89,Rh,0.75,0.0,1.2044740101414266e-06
0,1,90,Ir,0.506,0.0,9.000520885161975e-11
0,1,91,Pt,1.082,0.0,0.49611672483721597
0,1,92,Rh,0.789,0.0,5.500038370646721e-06
0,1,93,Ru,0.26,0.0,6.221768387968834e-15
0,1,94,Pd,1.082,0.0,0.49611672483721597
0,1,95,Pt,0.88,0.0,0.0001902647727219665
0,1,96,Ru,0.397,0.0,1.2907996669065928e-12
0,1,97,Ir,0.445,0.0,8.368260606860148e-12
0,1,98,Pd,1.185,0.0,0.036515678664958424
0,1,99,Ir,0.45299999999999996,0.0,1.142697442374155e-11
1,2,0,Ru,0.30100000000000005,0.0,3.0711861504705384e-14
1,2,1,Pt,0.9510000000000001,0.0,0.0030207230347360343
1,2,2,Ru,0.45600000000000007,0.0,1.284302350317203e-11
1,2,3,Pt,1.035,0.0,0.07956453396742208
1,2,4,Ir,0.551,0.0,5.19168069361976e-10
1,2,5,Ir,0.631,0.0,1.1702228141268422e-08
1,2,6,Ir,0.482,0.0,3.534919010406571e-11
1,2,7,Ru,0.223,0.0,1.4728874735961394e-15
1,2,8,Pd,1.077,0.0,0.4083417929317225
1,2,9,Pd,1.2,0.0,0.020361007630423263
1,2,10,Ir,0.537,0.0,3.0098154787041096e-10
1,2,11,Ir,0.522,0.0,1.6782620005600264e-10
1,2,12,Pd,1.2959999999999998,0.0,0.00048444732554076643
1,2,13,Ir,0.496,0.0,6.0974404941724e-11
1,2,14,Rh,0.819,0.0,1.7689922869544818e-05
1,2,15,Rh,0.735,0.0,6.716102618864999e-07
1,2,16,Pd,1.0949999999999998,0.0,0.8230760474073971
1,2,17,Rh,0.678,0.0,7.296807772570009e-08
1,2,18,Pt,0.886,0.0,0.00024034242050343058
1,2,19,Pd,1.2189999999999999,0.0,0.009715633581744496
1,2,20,Pt,1.009,0.0,0.028907286892691723
1,2,21,Ru,0.35400000000000004,0.0,2.4190371015531897e-13
1,2,22,Pt,0.968,0.0,0.005856188292049313
1,2,23,Ru,0.419,0.0,3.040345969403468e-12
1,2,24,Pt,0.943,0.0,0.0022121514093263782
1,2,25,Ru,0.31,0.0,4.360278271290488e-14
1,2,26,Ru,0.26,0.0,6.221768387968834e-15
1,2,27,Pd,1.1789999999999998,0.0,0.04612659753619446
1,2,28,Rh,0.747,0.0,1.0716708339393915e-06
1,2,29,Ir,0.45199999999999996,0.0,1.09905454861177e-11
1,2,30,Ru,0.353,0.0,2.3266471343445255e-13
1,2,31,Ru,0.347,0.0,1.8418678953678805e-13
1,2,32,Ir,0.493,0.0,5.425147478705896e-11
1,2,33,Ir,0.547,0.0,4.442832546287442e-10
1,2,34,Rh,0.835,0.0,3.298511910987097e-05
1,2,35,Pt,0.8849999999999999,0.0,0.00023116305391376326
1,2,36,Pd,1.1460000000000001,0.0,0.1667430198546952
1,2,37,Pt,0.922,0.0,0.0009764785206540157
1,2,38,Pt,0.963,0.0,0.004820088312293484
1,2,39,Ru,0.341,0.0,1.458097059029388e-13
1,2,40,Pt,0.953,0.0,0.0032653889742445146
1,2,41,Ru,0.35100000000000003,0.0,2.152318344874396e-13
1,2,42,Rh,0.775,0.0,3.1885821949302318e-06
1,2,43,Pt,0.977,0.0,0.00831425036170348
1,2,44,Ir,0.43299999999999994,0.0,5.244343243949519e-12
1,2,45,Pd,1.125,0.0,0.37774594992611976
1,2,46,Rh,0.664,0.0,4.230238004814049e-08
1,2,47,Ru,0.341,0.0,1.458097059029388e-13
1,2,48,Pd,1.2349999999999999,0.0,0.005210495318126266
1,2,49,Pt,0.968,0.0,0.005856188292049313
1,2,50,Pt,0.977,0.0,0.00831425036170348
1,2,51,Pd,1.1309999999999998,0.0,0.29903895932641356
1,2,52,Ru,0.268,0.0,8.495909912447112e-15
1,2,53,Pd,1.214,0.0,0.01180405335855362
1,2,54,Rh,0.75,0.0,1.2044740101414266e-06
1,2,55,Pd,1.145,0.0,0.1733642998542466
1,2,56,Ru,0.349,0.0,1.9910514960782652e-13
1,2,57,Ir,0.429,0.0,4.487899049098982e-12
1,2,58,Rh,0.735,0.0,6.716102618864999e-07
1,2,59,Ru,0.36500000000000005,0.0,3.7125696497577857e-13
1,2,60,Pd,1.172,0.0,0.06058086526676705
1,2,61,Ru,0.29400000000000004,0.0,2.3384176983553363e-14
1,2,62,Ru,0.33,0.0,9.500672623577046e-14
1,2,63,Pt,0.981,0.0,0.009715633581744366
1,2,64,Ir,0.53,0.0,2.2916897378907495e-10
1,2,65,Ir,0.529,0.0,2.2041635318643121e-10
1,2,66,Ir,0.579,0.0,1.544700116600837e-09
1,2,67,Ru,0.364,0.0,3.5707759633439885e-13
1,2,68,Rh,0.715,0.0,3.0823161135057155e-07
1,2,69,Pt,0.969,0.0,0.0060887345326388065
1,2,70,Rh,0.765,0.0,2.160118335641729e-06
1,2,71,Ir,0.393,0.0,1.1046146921010199e-12
1,2,72,Ru,0.38100000000000006,0.0,6.922559979714784e-13
1,2,73,Pt,1.018,0.0,0.041040760391828884
1,2,74,Ru,0.389,0.0,9.452850425113434e-13
1,2,75,Ir,0.548,0.0,4.6192551533970013e-10
1,2,76,Pt,1.0239999999999998,0.0,0.051842679812764865
1,2,77,Rh,0.754,0.0,1.4074904690349892e-06
1,2,78,Pd,1.2319999999999998,0.0,0.005856188292049412
1,2,79,Pt,0.958,0.0,0.003967299236237165
1,2,80,Pd,1.123,0.0,0.40834179293172607
1,2,81,Pd,1.115,0.0,0.5575963086224196
1,2,82,Ru,0.327,0.0,8.453145246611375e-14
1,2,83,Ru,0.316,0.0,5.50790258647538e-14
1,2,84,Pd,1.182,0.0,0.04104076039182925
1,2,85,Pt,1.034,0.0,0.07652573614183214
1,2,86,Rh,0.8130000000000001,0.0,1.4004057823804095e-05
1,2,87,Ir,0.443,0.0,7.741251586012004e-12
1,2,88,Ir,0.517,0.0,1.3813372539349958e-10
1,2,89,Pd,1.077,0.0,0.4083417929317225
1,2,90,Pd,1.1039999999999999,0.0,0.855759976099345
1,2,91,Pd,1.1789999999999998,0.0,0.04612659753619446
1,2,92,Pt,0.9520000000000001,0.0,0.0031406744008052653
1,2,93,Pd,1.251,0.0,0.0027943891905545613
1,2,94,Ir,0.554,0.0,5.835042128963714e-10
1,2,95,Ir,0.58,0.0,1.6060393678406535e-09
1,2,96,Rh,0.783,0.0,4.354052640234005e-06
1,2,97,Pd,1.162,0.0,0.08942429919502286
1,2,98,Rh,0.714,0.0,2.9645936178603774e-07
1,2,99,Ru,0.246,0.0,3.606996636375182e-15
2,3,0,Pd,1.111,0.0,0.6515802610493824
2,3,1,Ir,0.356,0.0,2.6149689954578846e-13
2,3,2,Rh,0.7969999999999999,0.0,7.510377693000494e-06
2,3,3,Pt,1.049,0.0,0.13724218571477684
2,3,4,Ru,0.428,0.0,4.3164933084777145e-12
2,3,5,Ru,0.427,0.0,4.151634044859746e-12
2,3,6,Ir,0.515,0.0,1.2778377383557577e-10
2,3,7,Rh,0.775,0.0,3.1885821949302318e-06
2,3,8,Pd,1.178,0.0,0.04795826112235143
2,3,9,Pd,1.0979999999999999,0.0,0.925072957176526
2,3,10,Ru,0.334,0.0,1.1102029644903866e-13
2,3,11,Pt,0.951,0.0,0.003020723034736021
2,3,12,Ir,0.54,0.0,3.3827966616337866e-10
2,3,13,Ir,0.49200000000000005,0.0,5.217945531560093e-11
2,3,14,Pt,1.012,0.0,0.032489524454034344
2,3,15,Ir,0.567,0.0,9.680551312876968e-10
2,3,16,Ir,0.533,0.0,2.5756796221192473e-10
2,3,17,Pd,1.19,0.0,0.03005518046395312
2,3,18,Rh,0.628,0.0,1.0411961142797589e-08
2,3,19,Ru,0.305,0.0,3.588840605130168e-14
2,3,20,Pd,1.16,0.0,0.09666729364563816
2,3,21,Pd,1.1729999999999998,0.0,0.05826710821365107
2,3,22,Ir,0.44999999999999996,0.0,1.0167056413826094e-11
2,3,23,Ru,0.33,0.0,9.500672623577046e-14
2,3,24,Rh,0.747,0.0,1.0716708339393915e-06
2,3,25,Ir,0.5609999999999999,0.0,7.663515627036721e-10
2,3,26,Ir,0.522,0.0,1.6782620005600264e-10
2,3,27,Ru,0.253,0.0,4.7372880055691005e-15
2,3,28,Pd,1.109,0.0,0.7043555386573036
2,3,29,Ir,0.452,0.0,1.09905454861177e-11
2,3,30,Pd,1.131,0.0,0.29903895932641095
2,3,31,Pd,1.123,0.0,0.40834179293172607
2,3,32,Pd,1.178,0.0,0.04795826112235143
2,3,33,Ru,0.277,0.0,1.2061962242311166e-14
2,3,34,Rh,0.777,0.0,3.446844024780788e-06
2,3,35,Pt,1.081,0.0,0.47716860373979647
2,3,36,Rh,0.795,0.0,6.947647301976682e-06
2,3,37,Rh,0.695,0.0,1.4146109972903545e-07
2,3,38,Ir,0.465,0.0,1.823372259932026e-11
2,3,39,Ru,0.306,0.0,3.731351629226012e-14
2,3,40,Pt,0.906,0.0,0.0005236855339706053
2,3,41,Ru,0.375,0.0,5.480178232522271e-13
2,3,42,Ir,0.501,0.0,7.408113154766944e-11
2,3,43,Ru,0.42000000000000004,0.0,3.161076552167705e-12
2,3,44,Pt,1.028,0.0,0.060580865266766544
2,3,45,Ir,0.496,0.0,6.0974404941724e-11
2,3,46,Pd,1.122,0.0,0.4245568365891776
2,3,47,Ru,0.28200000000000003,0.0,1.4654736072450313e-14
2,3,48,Ru,0.336,0.0,1.2001247640822791e-13
2,3,49,Pd,1.255,0.0,0.0023913264269212185
2,3,50,Ir,0.511,0.0,1.0935223924341559e-10
2,3,51,Pt,1.065,0.0,0.255905572685938
2,3,52,Pt,1.1139999999999999,0.0,0.5797381727275716
2,3,53,Ir,0.519,0.0,1.4932197976590387e-10
2,3,54,Ru,0.369,0.0,4.3383305523122795e-13
2,3,55,Ru,0.257,0.0,5.5357671986043e-15
2,3,56,Ru,0.23800000000000002,0.0,2.641494304786595e-15
2,3,57,Rh,0.673,0.0,6.005827700138577e-08
2,3,58,Ru,0.278,0.0,1.2540936591102191e-14
2,3,59,Ir,0.557,0.0,6.558129949829873e-10
2,3,60,Pd,1.3019999999999998,0.0,0.00038350808024945754
2,3,61,Pt,1.0139999999999998,0.0,0.03512104013200983
2,3,62,Ir,0.484,0.0,3.821232674659192e-11
2,3,63,Ru,0.354,0.0,2.419037101553181e-13
2,3,64,Pd,1.133,0.0,0.27663285441507623
2,3,65,Rh,0.645,0.0,2.0185367622441473e-08
2,3,66,Rh,0.696,0.0,1.4707844761662047e-07
2,3,67,Ru,0.356,0.0,2.6149689954578846e-13
2,3,68,Pt,1.02,0.0,0.044364890437497646
2,3,69,Ir,0.45599999999999996,0.0,1.2843023503171986e-11
2,3,70,Ru,0.34500000000000003,0.0,1.703862180696482e-13
2,3,71,Pd,1.2179999999999997,0.0,0.01010143641999124
2,3,72,Ru,0.306,0.0,3.731351629226012e-14
2,3,73,Ir,0.394,0.0,1.1484783763163552e-12
2,3,74,Rh,0.685,0.0,9.583341329277556e-08
2,3,75,Pd,1.17,0.0,0.06548766213171904
2,3,76,Ir,0.45199999999999996,0.0,1.09905454861177e-11
2,3,77,Pt,1.017,0.0,0.039473296005116856
2,3,78,Ir,0.569,0.0,1.0464635505531934e-09
2,3,79,Pd,1.141,0.0,0.20258519292344457
2,3,80,Pt,0.911,0.0,0.0006362541293968555
2,3,81,Ru,0.267,0.0,8.17142673783408e-15
2,3,82,Rh,0.759,0.0,1.7100369685989734e-06
2,3,83,Rh,0.781,0.0,4.027816351603569e-06
2,3,84,Ru,0.35400000000000004,0.0,2.4190371015531897e-13
2,3,85,Ir,0.54,0.0,3.3827966616337866e-10
2,3,86,Rh,0.8360000000000001,0.0,3.4294941311935754e-05
2,3,87,Rh,0.747,0.0,1.0716708339393915e-06
2,3,88,Pd,1.163,0.0,0.08600892864738585
2,3,89,Rh,0.688,0.0,1.0770924425551507e-07
2,3,90,Pd,1.14,0.0,0.2106297472758737
2,3,91,Rh,0.704,0.0,2.0083763378747627e-07
2,3,92,Pt,0.979,0.0,0.008987669888307907
2,3,93,Ir,0.541,0.0,3.5171257861617076e-10
2,3,94,Pt,1.035,0.0,0.07956453396742208
2,3,95,Pt,1.0419999999999998,0.0,0.10449694037179519
2,3,96,Rh,0.732,0.0,5.975597010629127e-07
2,3,97,Ru,0.23600000000000002,0.0,2.443574947893905e-15
2,3,98,Pd,1.1039999999999999,0.0,0.855759976099345
2,3,99,Pt,0.847,0.0,5.26334871727131e-05
3,4,0,Pt,0.983,0.0,0.010502559291537383
3,4,1,Ru,0.40700000000000003,0.0,1.905368223217042e-12
3,4,2,Ir,0.46199999999999997,0.0,1.6223304562245084e-11
3,4,3,Pd,1.209,0.0,0.014341388497132124
3,4,4,Ru,0.26,0.0,6.221768387968834e-15
3,4,5,Pd,1.145,0.0,0.1733642998542466
3,4,6,Ir,0.487,0.0,4.294765983703628e-11
3,4,7,Ir,0.6,0.0,3.499422125165126e-09
3,4,8,Ir,0.5359999999999999,0.0,2.8948619903086406e-10
3,4,9,Ir,0.492,0.0,5.217945531560093e-11
3,4,10,Ir,0.505,0.0,8.65676516975479e-11
3,4,11,Ru,0.291,0.0,2.0805878946286536e-14
3,4,12,Rh,0.6839999999999999,0.0,9.217326028977737e-08
3,4,13,Rh,0.754,0.0,1.4074904690349892e-06
3,4,14,Pt,0.944,0.0,0.002299994809879604
3,4,15,Ru,0.35600000000000004,0.0,2.614968995457903e-13
3,4,16,Pt,1.01,0.0,0.030055180463952866
3,4,17,Rh,0.79,0.0,5.7184420800917e-06
3,4,18,Ru,0.326,0.0,8.13029537727993e-14
3,4,19,Ru,0.41100000000000003,0.0,2.226521777639041e-12
3,4,20,Ru,0.299,0.0,2.841071254255383e-14
3,4,21,Pd,1.143,0.0,0.18740608349786952
3,4,22,Ir,0.45099999999999996,0.0,1.057078502175124e-11
3,4,23,Ir,0.511,0.0,1.0935223924341559e-10
3,4,24,Pd,1.255,0.0,0.0023913264269212185
3,4,25,Ru,0.406,0.0,1.8325967442056578e-12
3,4,26,Pt,1.013,0.0,0.03377966684590088
3,4,27,Pt,0.952,0.0,0.0031406744008052514
3,4,28,Ru,0.383,0.0,7.483258402497782e-13
3,4,29,Ir,0.43899999999999995,0.0,6.624653272224575e-12
3,4,30,Pd,1.224,0.0,0.007996705286520902
3,4,31,Pt,0.961,0.0,0.004458933348905385
3,4,32,Rh,0.8360000000000001,0.0,3.4294941311935754e-05
3,4,33,Pt,0.992,0.0,0.01491087769616777
3,4,34,Ir,0.492,0.0,5.217945531560093e-11
3,4,35,Ir,0.516,0.0,1.3285800211033012e-10
3,4,36,Pd,1.2269999999999999,0.0,0.007115002690815374
3,4,37,Rh,0.747,0.0,1.0716708339393915e-06
3,4,38,Ir,0.433,0.0,5.2443432439495374e-12
3,4,39,Pt,0.9929999999999999,0.0,0.015502981019901546
3,4,40,Pt,0.988,0.0,0.012760132340892677
3,4,41,Rh,0.751,0.0,1.2523030567802481e-06
3,4,42,Rh,0.703,0.0,1.9316706834307892e-07
3,4,43,Rh,0.761,0.0,1.8485428152805055e-06
3,4,44,Pd,1.2819999999999998,0.0,0.0008356312354964082
3,4,45,Ir,0.476,0.0,2.798384740807605e-11
3,4,46,Ru,0.28099999999999997,0.0,1.4095029656903404e-14
3,4,47,Pd,1.198,0.0,0.022010164141613445
3,4,48,Pd,1.2919999999999998,0.0,0.0005661018732716839
3,4,49,Ru,0.43700000000000006,0.0,6.128287592806025e-12
3,4,50,Ir,0.48,0.0,3.2700579823363496e-11
3,4,51,Ru,0.306,0.0,3.731351629226012e-14
3,4,52,Ru,0.24300000000000002,0.0,3.2092955603640505e-15
3,4,53,Ru,0.28200000000000003,0.0,1.4654736072450313e-14
3,4,54,Ir,0.467,0.0,1.9710577914819202e-11
3,4,55,Ru,0.405,0.0,1.762604616761585e-12
3,4,56,Pt,0.956,0.0,0.003670041236470121
3,4,57,Pt,0.946,0.0,0.0024862847757430345
3,4,58,Ir,0.512,0.0,1.1369456071054194e-10
3,4,59,Pd,1.3039999999999998,0.0,0.00035477295389746107
3,4,60,Ir,0.523,0.0,1.744904925871069e-10
3,4,61,Rh,0.805,0.0,1.0255523560081556e-05
3,4,62,Rh,0.749,0.0,1.1584716920169157e-06
3,4,63,Ru,0.334,0.0,1.1102029644903866e-13
3,4,64,Ru,0.346,0.0,1.7715216760616723e-13
3,4,65,Pt,1.01,0.0,0.030055180463952866
3,4,66,Ru,0.397,0.0,1.2907996669065928e-12
3,4,67,Pd,1.237,0.0,0.0048200883122935054
3,4,68,Pt,0.9819999999999999,0.0,0.010101436419991025
3,4,69,Pt,1.035,0.0,0.07956453396742208
3,4,70,Pt,1.103,0.0,0.8897417668759521
3,4,71,Ir,0.51,0.0,1.0517576349138788e-10
3,4,72,Ir,0.434,0.0,5.452593430747155e-12
3,4,73,Rh,0.714,0.0,2.9645936178603774e-07
3,4,74,Pd,1.2369999999999999,0.0,0.004820088312293548
3,4,75,Ir,0.5,0.0,7.125176059255893e-11
3,4,76,Ru,0.36900000000000005,0.0,4.3383305523122795e-13
3,4,77,Pt,1.009,0.0,0.028907286892691723
3,4,78,Ir,0.509,0.0,1.0115879933078215e-10
3,4,79,Pt,1.088,0.0,0.6266945414738069
3,4,80,Pt,1.048,0.0,0.13200051288979633
3,4,81,Pd,1.19,0.0,0.03005518046395312
3,4,82,Pd,1.165,0.0,0.07956453396742275
3,4,83,Rh,0.769,0.0,2.5242105216088984e-06
3,4,84,Ir,0.474,0.0,2.5887100474965857e-11
3,4,85,Rh,0.782,0.0,4.1877588779772394e-06
3,4,86,Pt,0.973,0.0,0.00711500269081528
3,4,87,Pd,1.287,0.0,0.0006877880544025496
3,4,88,Rh,0.849,0.0,5.689657963125269e-05
3,4,89,Pt,1.07,0.0,0.31091364338934585
3,4,90,Ru,0.37000000000000005,0.0,4.510603438712562e-13
3,4,91,Rh,0.73,0.0,5.527863197517936e-07
3,4,92,Ir,0.46299999999999997,0.0,1.686752368528977e-11
3,4,93,Pt,0.941,0.0,0.002046401445947791
3,4,94,Rh,0.718,0.0,3.4642816918984384e-07
3,4,95,Rh,0.728,0.0,5.11367675499525e-07
3,4,96,Pt,1.034,0.0,0.07652573614183214
3,4,97,Ir,0.5499999999999999,0.0,4.993395512820585e-10
3,4,98,Ir,0.5459999999999999,0.0,4.2731480247058875e-10
3,4,99,Pd,1.2289999999999999,0.0,0.006581896579511573
4,5,0,Pt,1.134,0.0,0.2660674520358269
4,5,1,Ir,0.594,0.0,2.7702839719601647e-09
4,5,2,Pt,1.033,0.0,0.07360299872361589
4,5,3,Rh,0.794,0.0,6.682296718476002e-06
4,5,4,Rh,0.7999999999999999,0.0,8.441075795925432e-06
4,5,5,Pt,0.965,0.0,0.005210495318126196
4,5,6,Ru,0.31,0.0,4.360278271290488e-14
4,5,7,Pd,1.0599999999999998,0.0,0.21062974727587003
4,5,8,Rh,0.733,0.0,6.212884910334501e-07
4,5,9,Pt,1.067,0.0,0.27663285441507385
4,5,10,Ir,0.5599999999999999,0.0,7.370823978351267e-10
4,5,11,Rh,0.844,0.0,4.683021187389231e-05
4,5,12,Ir,0.428,0.0,4.3164933084777145e-12
4,5,13,Ru,0.384,0.0,7.780414764635801e-13
4,5,14,Ir,0.45299999999999996,0.0,1.142697442374155e-11
4,5,15,Pd,1.111,0.0,0.6515802610493824
4,5,16,Ru,0.269,0.0,8.833278147892845e-15
4,5,17,Ru,0.394,0.0,1.1484783763163552e-12
4,5,18,Pt,1.066,0.0,0.2660674520358246
4,5,19,Pd,1.2469999999999999,0.0,0.003265388974244555
4,5,20,Ir,0.43899999999999995,0.0,6.624653272224575e-12
4,5,21,Pt,1.014,0.0,0.03512104013201013
4,5,22,Ru,0.461,0.0,1.560369001579627e-11
4,5,23,Pt,0.982,0.0,0.010101436419991061
4,5,24,Rh,0.71,0.0,2.536980563564448e-07
4,5,25,Rh,0.723,0.0,4.2089448512206313e-07
4,5,26,Ir,0.45799999999999996,0.0,1.388325472443914e-11
4,5,27,Pt,1.013,0.0,0.03377966684590088
4,5,28,Pd,1.2839999999999998,0.0,0.0007730198581297427
4,5,29,Rh,0.81,0.0,1.24599951515844e-05
4,5,30,Ru,0.35700000000000004,0.0,2.718808076243149e-13
4,5,31,Pt,1.0299999999999998,0.0,0.0654876621317179
4,5,32,Ir,0.577,0.0,1.4289603048148712e-09
4,5,33,Rh,0.799,0.0,8.118686893543366e-06
4,5,34,Ru,0.3,0.0,2.9538887400457594e-14
4,5,35,Pt,0.951,0.0,0.003020723034736021
4,5,36,Rh,0.8119999999999999,0.0,1.3469202677391181e-05
4,5,37,Pt,0.972,0.0,0.006843260324866513
4,5,38,Ir,0.44499999999999995,0.0,8.368260606860119e-12
4,5,39,Pt,0.946,0.0,0.0024862847757430345
4,5,40,Ru,0.361,0.0,3.1770685147438403e-13
4,5,41,Ir,0.522,0.0,1.6782620005600264e-10
4,5,42,Pt,1.054,0.0,0.1667430198546952
4,5,43,Ru,0.364,0.0,3.5707759633439885e-13
4,5,44,Ir,0.41000000000000003,0.0,2.1414845229837352e-12
4,5,45,Ru,0.35400000000000004,0.0,2.4190371015531897e-13
4,5,46,Rh,0.732,0.0,5.975597010629127e-07
4,5,47,Rh,0.8130000000000001,0.0,1.4004057823804095e-05
4,5,48,Pt,1.0239999999999998,0.0,0.051842679812764865
4,5,49,Ru,0.31000000000000005,0.0,4.360278271290488e-14
4,5,50,Rh,0.753,0.0,1.3537343698841553e-06
4,5,51,Ru,0.38,0.0,6.658167553027673e-13
4,5,52,Pt,0.974,0.0,0.007397535807071046
4,5,53,Ru,0.36000000000000004,0.0,3.0557271530473543e-13
4,5,54,Pd,1.264,0.0,0.0016843440135395258
4,5,55,Ir,0.44699999999999995,0.0,9.046054737565085e-12
4,5,56,Rh,0.772,0.0,2.837014755946413e-06
4,5,57,Pt,1.002,0.0,0.02201016414161326
4,5,58,Ru,0.41800000000000004,0.0,2.9242264339751773e-12
4,5,59,Ru,0.387,0.0,8.74457629650716e-13
4,5,60,Ir,0.441,0.0,7.1612224969196754e-12
4,5,61,Ru,0.359,0.0,2.9390201660865496e-13
4,5,62,Ru,0.382,0.0,7.197451294381624e-13
4,5,63,Pt,0.941,0.0,0.002046401445947791
4,5,64,Ir,0.502,0.0,7.70228553756778e-11
4,5,65,Pt,0.975,0.0,0.00769128816880711
4,5,66,Ru,0.36800000000000005,0.0,4.172637261700468e-13
4,5,67,Pt,0.9540000000000001,0.0,0.0033950558995812516
4,5,68,Ru,0.341,0.0,1.458097059029388e-13
4,5,69,Pt,0.965,0.0,0.005210495318126196
4,5,70,Rh,0.8280000000000001,0.0,2.5115047584160244e-05
4,5,71,Pt,0.992,0.0,0.01491087769616777
4,5,72,Ru,0.338,0.0,1.2973298535774383e-13
4,5,73,Pd,1.2099999999999997,0.0,0.013793649724491784
4,5,74,Pd,1.2129999999999999,0.0,0.012272786277537199
4,5,75,Rh,0.7010000000000001,0.0,1.7869363114125472e-07
4,5,76,Pd,1.174,0.0,0.05604172018064138
4,5,77,Pd,1.24,0.0,0.004288633891478149
4,5,78,Pt,0.969,0.0,0.0060887345326388065
4,5,79,Pd,1.234,0.0,0.0054174014211087
4,5,80,Ir,0.5319999999999999,0.0,2.4773070276374055e-10
4,5,81,Ir,0.495,0.0,5.864561747934232e-11
4,5,82,Pd,1.2049999999999998,0.0,0.016758657681680927
4,5,83,Ir,0.44799999999999995,0.0,9.40526894251874e-12
4,5,84,Ru,0.35300000000000004,0.0,2.3266471343445255e-13
4,5,85,Pd,1.1829999999999998,0.0,0.039473296005117536
4,5,86,Pt,0.917,0.0,0.0008037160811581403
4,5,87,Pt,0.9349999999999999,0.0,0.0016200140832217445
4,5,88,Pd,1.21,0.0,0.013793649724491661
4,5,89,Pt,1.099,0.0,0.9618071309657285
4,5,90,Ir,0.579,0.0,1.544700116600837e-09
4,5,91,Pd,1.3039999999999998,0.0,0.00035477295389746107
4,5,92,Pt,1.002,0.0,0.02201016414161326
4,5,93,Ir,0.496,0.0,6.0974404941724e-11
4,5,94,Ir,0.487,0.0,4.294765983703628e-11
4,5,95,Rh,0.767,0.0,2.335078891760866e-06
4,5,96,Rh,0.738,0.0,7.548372875026996e-07
4,5,97,Pd,1.1589999999999998,0.0,0.10050590241369574
4,5,98,Ir,0.47600000000000003,0.0,2.798384740807605e-11
4,5,99,Pt,1.0779999999999998,0.0,0.42455683658917387
5,6,0,Ir,0.379,0.0,6.403873031666674e-13
5,6,1,Rh,0.76,0.0,1.7779416616322601e-06
5,6,2,Ir,0.46299999999999997,0.0,1.686752368528977e-11
5,6,3,Pt,0.9889999999999999,0.0,0.01326683066705942
5,6,4,Pt,1.073,0.0,0.3494425629596115
5,6,5,Ir,0.591,0.0,2.4648373559599607e-09
5,6,6,Ir,0.5329999999999999,0.0,2.5756796221192385e-10
5,6,7,Pt,0.996,0.0,0.017424135403169286
5,6,8,Ru,0.279,0.0,1.3038930766202656e-14
5,6,9,Rh,0.702,0.0,1.8578946380011855e-07
5,6,10,Ru,0.34500000000000003,0.0,1.703862180696482e-13
5,6,11,Rh,0.868,0.0,0.0001192378944996108
5,6,12,Ir,0.5309999999999999,0.0,2.3826915647731785e-10
5,6,13,Ir,0.5509999999999999,0.0,5.191680693619742e-10
5,6,14,Pt,1.0990000000000002,0.0,0.9618071309657368
5,6,15,Pt,1.046,0.0,0.12211010480778309
5,6,16,Pd,1.194,0.0,0.0257200205154938
5,6,17,Rh,0.652,0.0,2.65106706675201e-08
5,6,18,Pd,1.137,0.0,0.2367313248825372
5,6,19,Ru,0.35000000000000003,0.0,2.0701151322085704e-13
5,6,20,Ir,0.442,0.0,7.445590978026102e-12
5,6,21,Ir,0.47000000000000003,0.0,2.2153144483737873e-11
5,6,22,Pd,1.2759999999999998,0.0,0.0010555691992493134
5,6,23,Rh,0.851,0.0,6.150496475965522e-05
5,6,24,Pt,1.084,0.0,0.5363001058332103
5,6,25,Pt,0.989,0.0,0.013266830667059479
5,6,26,Pd,1.148,0.0,0.15424945846552973
5,6,27,Ir,0.39,0.0,9.828218278670909e-13
5,6,28,Ru,0.36600000000000005,0.0,3.859993890906256e-13
5,6,29,Rh,0.74,0.0,8.159759526498099e-07
5,6,30,Rh,0.814,0.0,1.4560151794406862e-05
5,6,31,Ir,0.5159999999999999,0.0,1.3285800211032963e-10
5,6,32,Ir,0.5389999999999999,0.0,3.253597951766437e-10
5,6,33,Pt,1.088,0.0,0.6266945414738069
5,6,34,Pt,1.048,0.0,0.13200051288979633
5,6,35,Pd,1.176,0.0,0.05184267981276577
5,6,36,Rh,0.72,0.0,3.744874028608469e-07
5,6,37,Pt,0.988,0.0,0.012760132340892677
5,6,38,Ir,0.466,0.0,1.895777439392871e-11
5,6,39,Ru,0.296,0.0,2.527819757581664e-14
5,6,40,Pt,1.069,0.0,0.29903895932640834
5,6,41,Ir,0.604,0.0,4.089256594022946e-09
5,6,42,Ir,0.564,0.0,8.613190829452447e-10
5,6,43,Ir,0.496,0.0,6.0974404941724e-11
5,6,44,Ru,0.34800000000000003,0.0,1.9150075270480714e-13
5,6,45,Rh,0.714,0.0,2.9645936178603774e-07
5,6,46,Rh,0.699,0.0,1.6530464578845249e-07
5,6,47,Rh,0.748,0.0,1.1142263344038086e-06
5,6,48,Ru,0.264,0.0,7.270459663617847e-15
5,6,49,Ir,0.471,0.0,2.3032834515891275e-11
5,6,50,Pt,1.076,0.0,0.39274604831306503
5,6,51,Pd,1.276,0.0,0.001055569199249305
5,6,52,Rh,0.728,0.0,5.11367675499525e-07
5,6,53,Pd,1.2189999999999999,0.0,0.009715633581744496
5,6,54,Ir,0.46,0.0,1.5007740326571597e-11
5,6,55,Ru,0.312,0.0,4.7134425857596554e-14
5,6,56,Ru,0.253,0.0,4.7372880055691005e-15
5,6,57,Ru,0.273,0.0,1.0322144520191289e-14
5,6,58,Ru,0.276,0.0,1.160128129809429e-14
5,6,59,Pd,1.2249999999999999,0.0,0.007691288168807205
5,6,60,Ir,0.47400000000000003,0.0,2.5887100474965857e-11
5,6,61,Rh,0.722,0.0,4.048193171745505e-07
5,6,62,Ru,0.27999999999999997,0.0,1.3556700035183266e-14
5,6,63,Ir,0.45099999999999996,0.0,1.057078502175124e-11
5,6,64,Ru,0.368,0.0,4.172637261700453e-13
5,6,65,Ir,0.44299999999999995,0.0,7.741251586011976e-12
5,6,66,Ru,0.365,0.0,3.7125696497577857e-13
5,6,67,Pt,0.936,0.0,0.0016843440135395184
5,6,68,Pd,1.2029999999999998,0.0,0.018116038904467533
5,6,69,Pd,1.21,0.0,0.013793649724491661
5,6,70,Pt,0.9480000000000001,0.0,0.002687663450168915
5,6,71,Pd,1.2329999999999999,0.0,0.005632523659571135
5,6,72,Ir,0.486,0.0,4.130736548955206e-11
5,6,73,Pd,1.1909999999999998,0.0,0.028907286892692223
5,6,74,Ru,0.343,0.0,1.576196826118156e-13
5,6,75,Ir,0.462,0.0,1.6223304562245084e-11
5,6,76,Pd,1.2229999999999999,0.0,0.008314250361703591
5,6,77,Pt,0.98,0.0,0.009344565660771876
5,6,78,Ru,0.36500000000000005,0.0,3.7125696497577857e-13
5,6,79,Rh,0.77,0.0,2.6244456298368127e-06
5,6,80,Ru,0.34700000000000003,0.0,1.8418678953678805e-13
5,6,81,Pt,1.018,0.0,0.041040760391828884
5,6,82,Ir,0.481,0.0,3.3999103115953685e-11
5,6,83,Pd,1.1059999999999999,0.0,0.7916404117235412
5,6,84,Ru,0.32600000000000007,0.0,8.13029537727993e-14
5,6,85,Pd,1.1709999999999998,0.0,0.06298650042856221
5,6,86,Pd,1.168,0.0,0.07079188903283642
5,6,87,Ir,0.532,0.0,2.4773070276374143e-10
5,6,88,Ir,0.476,0.0,2.798384740807605e-11
5,6,89,Pt,0.903,0.0,0.0004659448922823808
5,6,90,Rh,0.7899999999999999,0.0,5.71844208009168e-06
5,6,91,Ir,0.517,0.0,1.3813372539349958e-10
5,6,92,Rh,0.785,0.0,4.7067127046100735e-06
5,6,93,Pd,1.182,0.0,0.04104076039182925
5,6,94,Pt,0.988,0.0,0.012760132340892677
5,6,95,Pd,1.1969999999999998,0.0,0.022884176497541188
5,6,96,Rh,0.8250000000000001,0.0,2.2345906812704246e-05
5,6,97,Pt,1.018,0.0,0.041040760391828884
5,6,98,Pd,1.2069999999999999,0.0,0.015502981019901807
5,6,99,Pd,1.122,0.0,0.4245568365891776
6,7,0,Pd,1.058,0.0,0.1948478831818368
6,7,1,Rh,0.621,0.0,7.927723367460365e-09
6,7,2,Ru,0.266,0.0,7.859336506612868e-15
6,7,3,Pd,1.235,0.0,0.00521049531812622
6,7,4,Pt,1.06,0.0,0.21062974727587186
6,7,5,Ir,0.586,0.0,2.028748588445651e-09
6,7,6,Pt,0.941,0.0,0.002046401445947791
6,7,7,Pd,1.1059999999999999,0.0,0.7916404117235412
6,7,8,Pd,1.11,0.0,0.6774541798158014
6,7,9,Pd,1.0699999999999998,0.0,0.3109136433893432
6,7,10,Rh,0.6900000000000001,0.0,1.1643324282688027e-07
6,7,11,Ir,0.443,0.0,7.741251586012004e-12
6,7,12,Pt,1.057,0.0,0.1874060834978679
6,7,13,Ir,0.605,0.0,4.251638880985409e-09
6,7,14,Pt,1.0859999999999999,0.0,0.5797381727275616
6,7,15,Rh,0.812,0.0,1.3469202677391228e-05
6,7,16,Ru,0.327,0.0,8.453145246611375e-14
6,7,17,Ir,0.433,0.0,5.2443432439495374e-12
6,7,18,Rh,0.677,0.0,7.018121748944014e-08
6,7,19,Rh,0.614,0.0,6.036211327435909e-09
6,7,20,Pd,1.131,0.0,0.29903895932641095
6,7,21,Rh,0.8330000000000001,0.0,3.051364167778866e-05
6,7,22,Ir,0.535,0.0,2.7842989054405123e-10
6,7,23,Ru,0.468,0.0,2.049327487833046e-11
6,7,24,Ir,0.503,0.0,8.008139355167873e-11
6,7,25,Pt,0.96,0.0,0.004288633891478115
6,7,26,Pt,0.981,0.0,0.009715633581744366
6,7,27,Pd,1.18,0.0,0.04436489043749804
6,7,28,Pd,1.0859999999999999,0.0,0.5797381727275616
6,7,29,Rh,0.687,0.0,1.0359551919588457e-07
6,7,30,Ru,0.277,0.0,1.2061962242311166e-14
6,7,31,Pt,0.953,0.0,0.0032653889742445146
6,7,32,Rh,0.838,0.0,3.7072688208948434e-05
6,7,33,Ir,0.482,0.0,3.534919010406571e-11
6,7,34,Rh,0.8069999999999999,0.0,1.108617810143641e-05
6,7,35,Pd,1.228,0.0,0.006843260324866574
6,7,36,Ru,0.28200000000000003,0.0,1.4654736072450313e-14
6,7,37,Rh,0.711,0.0,2.6377227636242516e-07
6,7,38,Rh,0.736,0.0,6.98279561737235e-07
6,7,39,Pd,1.14,0.0,0.2106297472758737
6,7,40,Pd,1.1809999999999998,0.0,0.04267046798729924
6,7,41,Rh,0.763,0.0,1.998267056603345e-06
6,7,42,Pt,0.9289999999999999,0.0,0.0012824686158395852
6,7,43,Rh,0.766,0.0,2.24589552946316e-06
6,7,44,Ir,0.398,0.0,1.3420566612045448e-12
6,7,45,Pd,1.16,0.0,0.09666729364563816
6,7,46,Ru,0.28600000000000003,0.0,1.7124820605946592e-14
6,7,47,Ir,0.47200000000000003,0.0,2.394745658910269e-11
6,7,48,Ir,0.437,0.0,6.128287592806025e-12
6,7,49,Rh,0.73,0.0,5.527863197517936e-07
6,7,50,Ir,0.367,0.0,4.013272273236821e-13
6,7,51,Pd,1.168,0.0,0.07079188903283642
6,7,52,Pd,1.1380000000000001,0.0,0.22768987639498886
6,7,53,Pd,1.1119999999999999,0.0,0.6266945414738122
6,7,54,Rh,0.6920000000000001,0.0,1.2586384881712736e-07
6,7,55,Ru,0.24200000000000002,0.0,3.0867233553348087e-15
6,7,56,Ru,0.333,0.0,1.0678011280661455e-13
6,7,57,Ru,0.367,0.0,4.013272273236821e-13
6,7,58,Ru,0.309,0.0,4.193746734322111e-14
6,7,59,Ru,0.285,0.0,1.6470774575308282e-14
6,7,60,Rh,0.751,0.0,1.2523030567802481e-06
6,7,61,Pt,0.969,0.0,0.0060887345326388065
6,7,62,Ru,0.34700000000000003,0.0,1.8418678953678805e-13
6,7,63,Rh,0.6589999999999999,0.0,3.4818075765949225e-08
6,7,64,Rh,0.658,0.0,3.348827355819534e-08
6,7,65,Ru,0.323,0.0,7.23386337420436e-14
6,7,66,Ir,0.515,0.0,1.2778377383557577e-10
6,7,67,Rh,0.846,0.0,5.062326329030894e-05
6,7,68,Pt,0.938,0.0,0.0018207688382550825
6,7,69,Pd,1.193,0.0,0.02674134936977302
6,7,70,Ir,0.54,0.0,3.3827966616337866e-10
6,7,71,Pt,1.091,0.0,0.7043555386572975
6,7,72,Ir,0.47,0.0,2.2153144483737873e-11
6,7,73,Rh,0.727,0.0,4.918370768408145e-07
6,7,74,Pd,1.1229999999999998,0.0,0.40834179293172956
6,7,75,Ir,0.469,0.0,2.1307052337773257e-11
6,7,76,Ir,0.583,0.0,1.8050623536307158e-09
6,7,77,Pt,1.0719999999999998,0.0,0.33609634891749485
6,7,78,Pd,1.237,0.0,0.0048200883122935054
6,7,79,Ru,0.37300000000000005,0.0,5.069564683413842e-13
6,7,80,Ir,0.5,0.0,7.125176059255893e-11
6,7,81,Ru,0.382,0.0,7.197451294381624e-13
6,7,82,Pt,0.939,0.0,0.0018930706371732573
6,7,83,Rh,0.728,0.0,5.11367675499525e-07
6,7,84,Pd,1.1969999999999998,0.0,0.022884176497541188
6,7,85,Pd,1.275,0.0,0.0010974853120390487
6,7,86,Ir,0.525,0.0,1.886234931347237e-10
6,7,87,Pt,0.97,0.0,0.006330515065453112
6,7,88,Pt,0.914,0.0,0.0007150997661162567
6,7,89,Rh,0.7020000000000001,0.0,1.8578946380011922e-07
6,7,90,Pd,1.115,0.0,0.5575963086224196
6,7,91,Ru,0.251,0.0,4.3823370243087266e-15
6,7,92,Pd,1.182,0.0,0.04104076039182925
6,7,93,Pt,0.9329999999999999,0.0,0.0014986312186335703
6,7,94,Ir,0.486,0.0,4.130736548955206e-11
6,7,95,Rh,0.811,0.0,1.2954775183537638e-05
6,7,96,Pd,1.168,0.0,0.07079188903283642
6,7,97,Pd,1.134,0.0,0.2660674520358269
6,7,98,Pd,1.1369999999999998,0.0,0.23673132488253926
6,7,99,Ru,0.276,0.0,1.160128129809429e-14
7,8,0,Ir,0.507,0.0,9.357926964135445e-11
7,8,1,Ru,0.342,0.0,1.515997347166002e-13
7,8,2,Pt,0.946,0.0,0.0024862847757430345
7,8,3,Ir,0.523,0.0,1.744904925871069e-10
7,8,4,Ru,0.377,0.0,5.92404976278696e-13
7,8,5,Pt,0.982,0.0,0.010101436419991061
7,8,6,Pt,1.013,0.0,0.03377966684590088
7,8,7,Ir,0.622,0.0,8.24252920593372e-09
7,8,8,Pt,1.077,0.0,0.4083417929317225
7,8,9,Ru,0.36100000000000004,0.0,3.1770685147438403e-13
7,8,10,Pd,1.145,0.0,0.1733642998542466
7,8,11,Pd,1.2389999999999999,0.0,0.00445893334890544
7,8,12,Rh,0.741,0.0,8.48377940211883e-07
7,8,13,Ru,0.262,0.0,6.725705621055662e-15
7,8,14,Pd,1.1929999999999998,0.0,0.026741349369773258
7,8,15,Ru,0.437,0.0,6.128287592806025e-12
7,8,16,Ir,0.5780000000000001,0.0,1.4857035873502932e-09
7,8,17,Pt,1.017,0.0,0.039473296005116856
7,8,18,Ir,0.552,0.0,5.397839677490115e-10
7,8,19,Rh,0.71,0.0,2.536980563564448e-07
7,8,20,Pt,0.982,0.0,0.010101436419991061
7,8,21,Ir,0.46699999999999997,0.0,1.9710577914819134e-11
7,8,22,Rh,0.747,0.0,1.0716708339393915e-06
7,8,23,Ru,0.295,0.0,2.431275068638104e-14
7,8,24,Ir,0.426,0.0,3.993071229506195e-12
7,8,25,Pt,0.971,0.0,0.00658189657951149
7,8,26,Pd,1.1729999999999998,0.0,0.05826710821365107
7,8,27,Rh,0.742,0.0,8.820665941206352e-07
7,8,28,Pt,0.9500000000000001,0.0,0.002905352955481567
7,8,29,Pd,1.194,0.0,0.0257200205154938
7,8,30,Ir,0.497,0.0,6.339566736264532e-11
7,8,31,Ru,0.374,0.0,5.270874503003102e-13
7,8,32,Pt,0.973,0.0,0.00711500269081528
7,8,33,Rh,0.73,0.0,5.527863197517936e-07
7,8,34,Pd,1.137,0.0,0.2367313248825372
7,8,35,Pd,1.136,0.0,0.24613180466320797
7,8,36,Rh,0.6619999999999999,0.0,3.913278780673874e-08
7,8,37,Pd,1.166,0.0,0.07652573614183278
7,8,38,Pd,1.145,0.0,0.1733642998542466
7,8,39,Ir,0.439,0.0,6.624653272224598e-12
7,8,40,Pd,1.17,0.0,0.06548766213171904
7,8,41,Ir,0.46799999999999997,0.0,2.049327487833046e-11
7,8,42,Ru,0.35700000000000004,0.0,2.718808076243149e-13
7,8,43,Pd,1.117,0.0,0.515817266128061
7,8,44,Rh,0.716,0.0,3.204713309217016e-07
7,8,45,Ir,0.388,0.0,9.091818946826584e-13
7,8,46,Ru,0.338,0.0,1.2973298535774383e-13
7,8,47,Ir,0.383,0.0,7.483258402497782e-13
7,8,48,Pd,1.194,0.0,0.0257200205154938
7,8,49,Pd,1.182,0.0,0.04104076039182925
7,8,50,Pd,1.166,0.0,0.07652573614183278
7,8,51,Pt,0.975,0.0,0.00769128816880711
7,8,52,Ru,0.37600000000000006,0.0,5.697793306044372e-13
7,8,53,Ir,0.389,0.0,9.452850425113434e-13
7,8,54,Pd,1.189,0.0,0.031248656301575913
7,8,55,Rh,0.743,0.0,9.170930072383318e-07
7,8,56,Ru,0.275,0.0,1.1158195080846473e-14
7,8,57,Ru,0.28200000000000003,0.0,1.4654736072450313e-14
7,8,58,Pt,0.956,0.0,0.003670041236470121
7,8,59,Ru,0.32200000000000006,0.0,6.957581377741635e-14
7,8,60,Ru,0.333,0.0,1.0678011280661455e-13
7,8,61,Pt,0.9359999999999999,0.0,0.0016843440135395108
7,8,62,Rh,0.761,0.0,1.8485428152805055e-06
7,8,63,Rh,0.7859999999999999,0.0,4.893613857784707e-06
7,8,64,Ir,0.443,0.0,7.741251586012004e-12
7,8,65,Ru,0.29700000000000004,0.0,2.6281981867232778e-14
7,8,66,Ru,0.279,0.0,1.3038930766202656e-14
7,8,67,Ru,0.363,0.0,3.4343977846252793e-13
7,8,68,Pt,0.946,0.0,0.0024862847757430345
7,8,69,Pt,0.878,0.0,0.0001760087959484308
7,8,70,Rh,0.772,0.0,2.837014755946413e-06
7,8,71,Rh,0.77,0.0,2.6244456298368127e-06
7,8,72,Ir,0.399,0.0,1.395349044518948e-12
7,8,73,Ir,0.482,0.0,3.534919010406571e-11
7,8,74,Ru,0.343,0.0,1.576196826118156e-13
7,8,75,Rh,0.765,0.0,2.160118335641729e-06
7,8,76,Pt,0.9359999999999999,0.0,0.0016843440135395108
7,8,77,Rh,0.786,0.0,4.893613857784724e-06
7,8,78,Pd,1.206,0.0,0.016118596463654287
7,8,79,Rh,0.725,0.0,4.549851791221939e-07
7,8,80,Ir,0.462,0.0,1.6223304562245084e-11
7,8,81,Rh,0.775,0.0,3.1885821949302318e-06
7,8,82,Rh,0.752,0.0,1.3020313703879824e-06
7,8,83,Rh,0.798,0.0,7.808610948288051e-06
7,8,84,Rh,0.782,0.0,4.1877588779772394e-06
7,8,85,Pt,0.954,0.0,0.003395055899581237
7,8,86,Rh,0.806,0.0,1.0662765153117737e-05
7,8,87,Ir,0.469,0.0,2.1307052337773257e-11
7,8,88,Pd,1.163,0.0,0.08600892864738585
7,8,89,Ru,0.368,0.0,4.172637261700453e-13
7,8,90,Ir,0.506,0.0,9.000520885161975e-11
7,8,91,Pd,1.192,0.0,0.027803234670263507
7,8,92,Pt,1.0199999999999998,0.0,0.04436489043749727
7,8,93,Ir,0.513,0.0,1.1820931354125334e-10
7,8,94,Ir,0.49,0.0,4.826980303266388e-11
7,8,95,Rh,0.85,0.0,5.915591369563244e-05
7,8,96,Pt,1.079,0.0,0.4414157713333713
7,8,97,Pt,1.05,0.0,0.14269200268558532
7,8,98,Pd,1.17,0.0,0.06548766213171904
7,8,99,Ru,0.406,0.0,1.8325967442056578e-12
8,9,0,Rh,0.773,0.0,2.9496711602645545e-06
8,9,1,Ir,0.442,0.0,7.445590978026102e-12
8,9,2,Rh,0.721,0.0,3.8935810601116183e-07
8,9,3,Ru,0.266,0.0,7.859336506612868e-15
8,9,4,Ru,0.233,0.0,2.174150691632922e-15
8,9,5,Rh,0.6639999999999999,0.0,4.2302380048140184e-08
8,9,6,Ir,0.369,0.0,4.3383305523122795e-13
8,9,7,Ru,0.262,0.0,6.725705621055662e-15
8,9,8,Rh,0.72,0.0,3.744874028608469e-07
8,9,9,Ir,0.44599999999999995,0.0,8.700559953696444e-12
8,9,10,Rh,0.735,0.0,6.716102618864999e-07
8,9,11,Rh,0.721,0.0,3.8935810601116183e-07
8,9,12,Ir,0.379,0.0,6.403873031666674e-13
8,9,13,Rh,0.6639999999999999,0.0,4.2302380048140184e-08
8,9,14,Rh,0.692,0.0,1.258638488171267e-07
8,9,15,Ru,0.31200000000000006,0.0,4.7134425857596554e-14
8,9,16,Pd,1.196,0.0,0.023792895436908972
8,9,17,Pt,0.9179999999999999,0.0,0.0008356312354963933
8,9,18,Pd,1.2069999999999999,0.0,0.015502981019901807
8,9,19,Pd,1.2119999999999997,0.0,0.012760132340892905
8,9,20,Ru,0.334,0.0,1.1102029644903866e-13
8,9,21,Rh,0.771,0.0,2.728661022924266e-06
8,9,22,Rh,0.737,0.0,7.260078858389269e-07
8,9,23,Rh,0.751,0.0,1.2523030567802481e-06
8,9,24,Pt,0.9989999999999999,0.0,0.019583362332588533
8,9,25,Pt,0.994,0.0,0.01611859646365416
8,9,26,Ir,0.508,0.0,9.72952545562778e-11
8,9,27,Ru,0.42800000000000005,0.0,4.31649330847773e-12
8,9,28,Pt,0.99,0.0,0.013793649724491552
8,9,29,Ir,0.492,0.0,5.217945531560093e-11
8,9,30,Pt,1.033,0.0,0.07360299872361589
8,9,31,Pt,0.991,0.0,0.01434138849713206
8,9,32,Ir,0.558,0.0,6.818549934481127e-10
8,9,33,Ir,0.581,0.0,1.6698143693612047e-09
8,9,34,Ir,0.566,0.0,9.310823284404747e-10
8,9,35,Rh,0.876,0.0,0.0001628209773570961
8,9,36,Pt,1.003,0.0,0.022884176497540792
8,9,37,Ir,0.45899999999999996,0.0,1.4434551665778544e-11
8,9,38,Rh,0.81,0.0,1.24599951515844e-05
8,9,39,Pt,1.0370000000000001,0.0,0.08600892864738585
8,9,40,Rh,0.783,0.0,4.354052640234005e-06
8,9,41,Pt,1.036,0.0,0.08272400089977826
8,9,42,Pt,1.128,0.0,0.3360963489175007
8,9,43,Ru,0.487,0.0,4.294765983703628e-11
8,9,44,Ir,0.572,0.0,1.1761429995891092e-09
8,9,45,Ir,0.544,0.0,3.9529736796677634e-10
8,9,46,Rh,0.781,0.0,4.027816351603569e-06
8,9,47,Ru,0.32,0.0,6.43627037990383e-14
8,9,48,Pt,1.026,0.0,0.05604172018064088
8,9,49,Rh,0.724,0.0,4.3760798976344776e-07
8,9,50,Rh,0.796,0.0,7.2235348213738765e-06
8,9,51,Pt,1.045,0.0,0.11744636956709828
8,9,52,Ir,0.522,0.0,1.6782620005600264e-10
8,9,53,Ir,0.5259999999999999,0.0,1.9611363553244799e-10
8,9,54,Ir,0.5399999999999999,0.0,3.3827966616337747e-10
8,9,55,Rh,0.748,0.0,1.1142263344038086e-06
8,9,56,Pd,1.109,0.0,0.7043555386573036
8,9,57,Ru,0.37400000000000005,0.0,5.270874503003121e-13
8,9,58,Pt,1.014,0.0,0.03512104013201013
8,9,59,Pt,0.9189999999999999,0.0,0.0008688137242831128
8,9,60,Ir,0.46099999999999997,0.0,1.5603690015796216e-11
8,9,61,Ru,0.4,0.0,1.4507576411061747e-12
8,9,62,Rh,0.84,0.0,4.0075420993929034e-05
8,9,63,Pt,1.004,0.0,0.02379289543690877
8,9,64,Rh,0.768,0.0,2.4278036797421726e-06
8,9,65,Pd,1.1179999999999999,0.0,0.49611672483722025
8,9,66,Rh,0.697,0.0,1.529188575145433e-07
8,9,67,Ir,0.431,0.0,4.851400113129187e-12
8,9,68,Pd,1.178,0.0,0.04795826112235143
8,9,69,Ru,0.354,0.0,2.419037101553181e-13
8,9,70,Ru,0.345,0.0,1.703862180696482e-13
8,9,71,Pt,0.9349999999999999,0.0,0.0016200140832217445
8,9,72,Ir,0.45399999999999996,0.0,1.1880733731167022e-11
8,9,73,Rh,0.781,0.0,4.027816351603569e-06
8,9,74,Ir,0.378,0.0,6.159290747656149e-13
8,9,75,Rh,0.716,0.0,3.204713309217016e-07
8,9,76,Ru,0.277,0.0,1.2061962242311166e-14
8,9,77,Pd,1.095,0.0,0.8230760474074043
8,9,78,Ru,0.246,0.0,3.606996636375182e-15
8,9,79,Ir,0.49,0.0,4.826980303266388e-11
8,9,80,Rh,0.745,0.0,9.913737074721558e-07
8,9,81,Pd,1.174,0.0,0.05604172018064138
8,9,82,Ru,0.234,0.0,2.2604851031307068e-15
8,9,83,Pd,1.116,0.0,0.5363001058332103
8,9,84,Rh,0.738,0.0,7.548372875026996e-07
8,9,85,Ir,0.385,0.0,8.089371053865692e-13
8,9,86,Rh,0.6779999999999999,0.0,7.296807772569983e-08
8,9,87,Pd,1.1089999999999998,0.0,0.7043555386573096
8,9,88,Ru,0.323,0.0,7.23386337420436e-14
8,9,89,Ir,0.47,0.0,2.2153144483737873e-11
8,9,90,Rh,0.733,0.0,6.212884910334501e-07
8,9,91,Ru,0.275,0.0,1.1158195080846473e-14
8,9,92,Pd,1.087,0.0,0.6027592789268049
8,9,93,Pd,1.069,0.0,0.29903895932640834
8,9,94,Pd,1.115,0.0,0.5575963086224196
8,9,95,Ru,0.28800000000000003,0.0,1.851185949507617e-14
8,9,96,Ru,0.262,0.0,6.725705621055662e-15
8,9,97,Rh,0.703,0.0,1.9316706834307892e-07
8,9,98,Pt,0.983,0.0,0.010502559291537383
8,9,99,Pd,1.2189999999999999,0.0,0.009715633581744496
9,10,0,Pd,1.109,0.0,0.7043555386573036
9,10,1,Rh,0.7070000000000001,0.0,2.2572575691557785e-07
9,10,2,Rh,0.692,0.0,1.258638488171267e-07
9,10,3,Ir,0.45299999999999996,0.0,1.142697442374155e-11
9,10,4,Ir,0.568,0.0,1.0064961052177802e-09
9,10,5,Ru,0.47200000000000003,0.0,2.394745658910269e-11
9,10,6,Rh,0.726,0.0,4.7305240777883606e-07
9,10,7,Ru,0.326,0.0,8.13029537727993e-14
9,10,8,Ir,0.483,0.0,3.675288835566468e-11
9,10,9,Ir,0.399,0.0,1.395349044518948e-12
9,10,10,Ru,0.275,0.0,1.1158195080846473e-14
9,10,11,Pd,1.183,0.0,0.03947329600511719
9,10,12,Pt,1.022,0.0,0.047958261122351006
9,10,13,Ir,0.534,0.0,2.677958541992777e-10
9,10,14,Ir,0.442,0.0,7.445590978026102e-12
9,10,15,Pd,1.1789999999999998,0.0,0.04612659753619446
9,10,16,Ir,0.511,0.0,1.0935223924341559e-10
9,10,17,Ir,0.509,0.0,1.0115879933078215e-10
9,10,18,Rh,0.696,0.0,1.4707844761662047e-07
9,10,19,Ru,0.266,0.0,7.859336506612868e-15
9,10,20,Rh,0.6659999999999999,0.0,4.572869601253252e-08
9,10,21,Rh,0.701,0.0,1.7869363114125377e-07
9,10,22,Ru,0.335,0.0,1.1542885561428988e-13
9,10,23,Ru,0.405,0.0,1.762604616761585e-12
9,10,24,Rh,0.8,0.0,8.441075795925477e-06
9,10,25,Ru,0.359,0.0,2.9390201660865496e-13
9,10,26,Ir,0.494,0.0,5.6405773091520024e-11
9,10,27,Rh,0.719,0.0,3.601846545283994e-07
9,10,28,Ru,0.28,0.0,1.3556700035183266e-14
9,10,29,Pd,1.083,0.0,0.5158172661280566
9,10,30,Pt,0.876,0.0,0.0001628209773570961
9,10,31,Pd,1.2269999999999999,0.0,0.007115002690815374
9,10,32,Pt,0.978,0.0,0.00864440498934053
9,10,33,Pt,0.981,0.0,0.009715633581744366
9,10,34,Ir,0.456,0.0,1.2843023503171986e-11
9,10,35,Ru,0.35000000000000003,0.0,2.0701151322085704e-13
9,10,36,Ru,0.271,0.0,9.548736755696967e-15
9,10,37,Pd,1.067,0.0,0.27663285441507385
9,10,38,Rh,0.623,0.0,8.56983582317336e-09
9,10,39,Pd,1.163,0.0,0.08600892864738585
9,10,40,Ir,0.436,0.0,5.8942307073696344e-12
9,10,41,Ir,0.43999999999999995,0.0,6.887714863969544e-12
9,10,42,Rh,0.79,0.0,5.7184420800917e-06
9,10,43,Rh,0.8150000000000001,0.0,1.5138327972040867e-05
9,10,44,Rh,0.778,0.0,3.583716437327594e-06
9,10,45,Rh,0.765,0.0,2.160118335641729e-06
9,10,46,Rh,0.706,0.0,2.171046426440394e-07
9,10,47,Pd,1.082,0.0,0.49611672483721597
9,10,48,Rh,0.653,0.0,2.756339583477744e-08
9,10,49,Pd,1.1749999999999998,0.0,0.053901326101327314
9,10,50,Pd,1.1600000000000001,0.0,0.09666729364563734
9,10,51,Rh,0.733,0.0,6.212884910334501e-07
9,10,52,Pt,0.989,0.0,0.013266830667059479
9,10,53,Pt,1.057,0.0,0.1874060834978679
9,10,54,Ir,0.5399999999999999,0.0,3.3827966616337747e-10
9,10,55,Ir,0.525,0.0,1.886234931347237e-10
9,10,56,Ir,0.43399999999999994,0.0,5.452593430747155e-12
9,10,57,Rh,0.8069999999999999,0.0,1.108617810143641e-05
9,10,58,Pt,0.948,0.0,0.0026876634501689033
9,10,59,Pd,1.087,0.0,0.6027592789268049
9,10,60,Ru,0.17800000000000002,0.0,2.553461056240853e-16
9,10,61,Rh,0.757,0.0,1.581908955423049e-06
9,10,62,Pt,1.117,0.0,0.515817266128061
9,10,63,Ir,0.599,0.0,3.3657691542430744e-09
9,10,64,Ir,0.5,0.0,7.125176059255893e-11
9,10,65,Rh,0.841,0.0,4.166679545585195e-05
9,10,66,Pt,1.0410000000000001,0.0,0.10050590241369484
9,10,67,Pt,1.0710000000000002,0.0,0.3232598650803977
9,10,68,Pt,0.988,0.0,0.012760132340892677
9,10,69,Pd,1.128,0.0,0.3360963489175007
9,10,70,Ru,0.256,0.0,5.32434036698381e-15
9,10,71,Ir,0.486,0.0,4.130736548955206e-11
9,10,72,Pt,1.064,0.0,0.2461318046632059
9,10,73,Ru,0.43000000000000005,0.0,4.666111223975611e-12
9,10,74,Pd,1.172,0.0,0.06058086526676705
9,10,75,Pt,0.9759999999999999,0.0,0.007996705286520796
9,10,76,Ir,0.622,0.0,8.24252920593372e-09
9,10,77,Pt,1.084,0.0,0.5363001058332103
9,10,78,Rh,0.8250000000000001,0.0,2.2345906812704246e-05
9,10,79,Ru,0.29000000000000004,0.0,2.0011242736548325e-14
9,10,80,Ru,0.30400000000000005,0.0,3.451772485913581e-14
9,10,81,Ru,0.35400000000000004,0.0,2.4190371015531897e-13
9,10,82,Pt,0.976,0.0,0.007996705286520831
9,10,83,Pt,0.942,0.0,0.0021276630002660065
9,10,84,Rh,0.791,0.0,5.945518489086188e-06
9,10,85,Ir,0.607,0.0,4.59600385894111e-09
9,10,86,Ir,0.615,0.0,6.275906190646627e-09
9,10,87,Ir,0.513,0.0,1.1820931354125334e-10
9,10,88,Ir,0.465,0.0,1.823372259932026e-11
9,10,89,Ru,0.22400000000000003,0.0,1.5313750815272512e-15
9,10,90,Pd,1.1089999999999998,0.0,0.7043555386573096
9,10,91,Rh,0.707,0.0,2.2572575691557703e-07
9,10,92,Rh,0.777,0.0,3.446844024780788e-06
9,10,93,Ru,0.399,0.0,1.395349044518948e-12
9,10,94,Ir,0.548,0.0,4.6192551533970013e-10
9,10,95,Ir,0.553,0.0,5.612185129122767e-10
9,10,96,Ru,0.351,0.0,2.152318344874396e-13
9,10,97,Rh,0.8,0.0,8.441075795925477e-06
9,10,98,Ru,0.322,0.0,6.957581377741635e-14
9,10,99,Ru,0.28700000000000003,0.0,1.7804838469799956e-14
10,11,0,Pd,1.111,0.0,0.6515802610493824
10,11,1,Ru,0.271,0.0,9.548736755696967e-15
10,11,2,Rh,0.701,0.0,1.7869363114125377e-07
10,11,3,Rh,0.634,0.0,1.3152387104808107e-08
10,11,4,Rh,0.702,0.0,1.8578946380011855e-07
10,11,5,Pt,1.031,0.0,0.06808814368631602
10,11,6,Pt,1.0199999999999998,0.0,0.04436489043749727
10,11,7,Ru,0.314,0.0,5.095211733511054e-14
10,11,8,Rh,0.712,0.0,2.7424653849007807e-07
10,11,9,Ru,0.253,0.0,4.7372880055691005e-15
10,11,10,Ru,0.253,0.0,4.7372880055691005e-15
10,11,11,Ru,0.28500000000000003,0.0,1.64707745753084e-14
10,11,12,Pd,1.147,0.0,0.16037462553500725
10,11,13,Pd,1.2599999999999998,0.0,0.001968243503531205
10,11,14,Pt,1.006,0.0,0.02572002051549358
10,11,15,Pd,1.2109999999999999,0.0,0.013266830667059656
10,11,16,Rh,0.6769999999999999,0.0,7.018121748943989e-08
10,11,17,Rh,0.698,0.0,1.5899118710109805e-07
10,11,18,Ru,0.271,0.0,9.548736755696967e-15
10,11,19,Rh,0.631,0.0,1.1702228141268422e-08
10,11,20,Ru,0.32,0.0,6.43627037990383e-14
10,11,21,Ir,0.503,0.0,8.008139355167873e-11
10,11,22,Pt,1.0199999999999998,0.0,0.04436489043749727
10,11,23,Ir,0.486,0.0,4.130736548955206e-11
10,11,24,Pd,1.2099999999999997,0.0,0.013793649724491784
10,11,25,Ir,0.363,0.0,3.4343977846252793e-13
10,11,26,Ru,0.251,0.0,4.3823370243087266e-15
10,11,27,Ru,0.24600000000000002,0.0,3.606996636375182e-15
10,11,28,Pd,1.0999999999999999,0.0,0.9999999999999913
10,11,29,Pd,1.091,0.0,0.7043555386572975
10,11,30,Pt,0.951,0.0,0.003020723034736021
10,11,31,Pt,1.07,0.0,0.31091364338934585
10,11,32,Ru,0.394,0.0,1.1484783763163552e-12
10,11,33,Pd,1.1239999999999999,0.0,0.3927460483130684
10,11,34,Ru,0.222,0.0,1.4166336752148682e-15
10,11,35,Pd,1.096,0.0,0.8557599760993375
10,11,36,Ru,0.256,0.0,5.32434036698381e-15
10,11,37,Ru,0.31,0.0,4.360278271290488e-14
10,11,38,Rh,0.672,0.0,5.776447909344805e-08
10,11,39,Pd,1.18,0.0,0.04436489043749804
10,11,40,Ru,0.385,0.0,8.089371053865692e-13
10,11,41,Ir,0.432,0.0,5.0440467292626065e-12
10,11,42,Pd,1.121,0.0,0.44141577133337506
10,11,43,Rh,0.617,0.0,6.784228359460048e-09
10,11,44,Ru,0.245,0.0,3.4692350862350596e-15
10,11,45,Pd,1.172,0.0,0.06058086526676705
10,11,46,Pt,0.962,0.0,0.004635995310648457
10,11,47,Pt,0.939,0.0,0.0018930706371732573
10,11,48,Rh,0.698,0.0,1.5899118710109805e-07
10,11,49,Ir,0.424,0.0,3.693882210495843e-12
10,11,50,Rh,0.792,0.0,6.181611986091648e-06
10,11,51,Pd,1.206,0.0,0.016118596463654287
10,11,52,Ru,0.30000000000000004,0.0,2.9538887400457594e-14
10,11,53,Pd,1.167,0.0,0.07360299872361654
10,11,54,Ir,0.44599999999999995,0.0,8.700559953696444e-12
10,11,55,Pt,1.034,0.0,0.07652573614183214
10,11,56,Ru,0.459,0.0,1.4434551665778647e-11
10,11,57,Ru,0.365,0.0,3.7125696497577857e-13
10,11,58,Pt,0.936,0.0,0.0016843440135395184
10,11,59,Pd,1.156,0.0,0.11296075575567341
10,11,60,Ir,0.40199999999999997,0.0,1.5682629460211533e-12
10,11,61,Ir,0.476,0.0,2.798384740807605e-11
10,11,62,Ir,0.445,0.0,8.368260606860148e-12
10,11,63,Pd,1.244,0.0,0.00367004123647015
10,11,64,Ir,0.572,0.0,1.1761429995891092e-09
10,11,65,Pt,1.082,0.0,0.49611672483721597
10,11,66,Ir,0.507,0.0,9.357926964135445e-11
10,11,67,Rh,0.746,0.0,1.0307406501309015e-06
10,11,68,Pd,1.142,0.0,0.1948478831818385
10,11,69,Ru,0.227,0.0,1.7211455486732986e-15
10,11,70,Pd,1.198,0.0,0.022010164141613445
10,11,71,Rh,0.787,0.0,5.087936760118571e-06
10,11,72,Pd,1.148,0.0,0.15424945846552973
10,11,73,Pt,0.974,0.0,0.007397535807071046
10,11,74,Ir,0.595,0.0,2.8802905309909436e-09
10,11,75,Ir,0.607,0.0,4.59600385894111e-09
10,11,76,Rh,0.833,0.0,3.05136416777885e-05
10,11,77,Pd,1.121,0.0,0.44141577133337506
10,11,78,Rh,0.604,0.0,4.089256594022946e-09
10,11,79,Ru,0.24100000000000002,0.0,2.9688325344794903e-15
10,11,80,Ir,0.376,0.0,5.697793306044351e-13
10,11,81,Pd,1.131,0.0,0.29903895932641095
10,11,82,Pd,1.131,0.0,0.29903895932641095
10,11,83,Pd,1.2049999999999998,0.0,0.016758657681680927
10,11,84,Ir,0.553,0.0,5.612185129122767e-10
10,11,85,Ir,0.586,0.0,2.028748588445651e-09
10,11,86,Ir,0.495,0.0,5.864561747934232e-11
10,11,87,Ru,0.29,0.0,2.0011242736548325e-14
10,11,88,Rh,0.6619999999999999,0.0,3.913278780673874e-08
10,11,89,Pd,1.159,0.0,0.10050590241369484
10,11,90,Pd,1.14,0.0,0.2106297472758737
10,11,91,Pt,0.875,0.0,0.00015660237709286503
10,11,92,Pd,1.098,0.0,0.925072957176534
10,11,93,Ru,0.277,0.0,1.2061962242311166e-14
10,11,94,Ru,0.42300000000000004,0.0,3.5528022510023753e-12
10,11,95,Pt,1.09,0.0,0.6774541798158014
10,11,96,Ru,0.406,0.0,1.8325967442056578e-12
10,11,97,Ir,0.364,0.0,3.5707759633439885e-13
10,11,98,Rh,0.727,0.0,4.918370768408145e-07
10,11,99,Pt,0.882,0.0,0.0002056754240256725
11,12,0,Pd,1.163,0.0,0.08600892864738585
11,12,1,Ru,0.278,0.0,1.2540936591102191e-14
11,12,2,Pd,1.1029999999999998,0.0,0.8897417668759597
11,12,3,Ru,0.265,0.0,7.559165896719561e-15
11,12,4,Ru,0.358,0.0,2.8267705537941334e-13
11,12,5,Ir,0.46699999999999997,0.0,1.9710577914819134e-11
11,12,6,Ru,0.39,0.0,9.828218278670909e-13
11,12,7,Pt,0.991,0.0,0.01434138849713206
11,12,8,Rh,0.765,0.0,2.160118335641729e-06
11,12,9,Ir,0.407,0.0,1.905368223217042e-12
11,12,10,Rh,0.76,0.0,1.7779416616322601e-06
11,12,11,Ru,0.30000000000000004,0.0,2.9538887400457594e-14
11,12,12,Pt,0.973,0.0,0.00711500269081528
11,12,13,Ir,0.471,0.0,2.3032834515891275e-11
11,12,14,Ru,0.40800000000000003,0.0,1.9810294204243407e-12
11,12,15,Ir,0.518,0.0,1.4361894494876758e-10
11,12,16,Pt,0.976,0.0,0.007996705286520831
11,12,17,Ru,0.26,0.0,6.221768387968834e-15
11,12,18,Rh,0.626,0.0,9.631823684374952e-09
11,12,19,Pt,0.965,0.0,0.005210495318126196
11,12,20,Ru,0.343,0.0,1.576196826118156e-13
11,12,21,Ru,0.332,0.0,1.0270187394272752e-13
11,12,22,Ru,0.391,0.0,1.0218491797625357e-12
11,12,23,Rh,0.8099999999999999,0.0,1.2459995151584356e-05
11,12,24,Ir,0.473,0.0,2.489839783684855e-11
11,12,25,Pd,1.204,0.0,0.017424135403169443
11,12,26,Ru,0.266,0.0,7.859336506612868e-15
11,12,27,Pd,1.055,0.0,0.17336429985424506
11,12,28,Pd,1.141,0.0,0.20258519292344457
11,12,29,Pt,0.9249999999999999,0.0,0.001097485312039034
11,12,30,Rh,0.765,0.0,2.160118335641729e-06
11,12,31,Ir,0.518,0.0,1.4361894494876758e-10
11,12,32,Ir,0.497,0.0,6.339566736264532e-11
11,12,33,Pt,0.948,0.0,0.0026876634501689033
11,12,34,Pd,1.181,0.0,0.042670467987298864
11,12,35,Ru,0.224,0.0,1.5313750815272512e-15
11,12,36,Pd,1.054,0.0,0.1667430198546952
11,12,37,Pd,1.1199999999999999,0.0,0.45894416574990415
11,12,38,Ru,0.329,0.0,9.13781467832728e-14
11,12,39,Ru,0.263,0.0,6.992779949866362e-15
11,12,40,Pt,0.979,0.0,0.008987669888307907
11,12,41,Ir,0.501,0.0,7.408113154766944e-11
11,12,42,Pd,1.2149999999999999,0.0,0.01135322269455693
11,12,43,Rh,0.716,0.0,3.204713309217016e-07
11,12,44,Pt,0.941,0.0,0.002046401445947791
11,12,45,Rh,0.703,0.0,1.9316706834307892e-07
11,12,46,Ru,0.264,0.0,7.270459663617847e-15
11,12,47,Pt,0.9099999999999999,0.0,0.0006119537587602871
11,12,48,Rh,0.728,0.0,5.11367675499525e-07
11,12,49,Rh,0.708,0.0,2.3468921122359548e-07
11,12,50,Pd,1.176,0.0,0.05184267981276577
11,12,51,Pd,1.145,0.0,0.1733642998542466
11,12,52,Pd,1.143,0.0,0.18740608349786952
11,12,53,Ru,0.331,0.0,9.877939472165868e-14
11,12,54,Ir,0.482,0.0,3.534919010406571e-11
11,12,55,Ru,0.293,0.0,2.2491068174546287e-14
11,12,56,Pd,1.145,0.0,0.1733642998542466
11,12,57,Pt,0.9309999999999999,0.0,0.0013863432131384305
11,12,58,Pd,1.127,0.0,0.3494425629596145
11,12,59,Pt,0.847,0.0,5.26334871727131e-05
11,12,60,Pd,1.174,0.0,0.05604172018064138
11,12,61,Ir,0.45999999999999996,0.0,1.5007740326571597e-11
11,12,62,Ir,0.412,0.0,2.3149358181649426e-12
11,12,63,Pd,1.2579999999999998,0.0,0.002127663000266042
11,12,64,Ir,0.472,0.0,2.394745658910269e-11
11,12,65,Rh,0.706,0.0,2.171046426440394e-07
11,12,66,Pd,1.2439999999999998,0.0,0.0036700412364701826
11,12,67,Pt,1.001,0.0,0.0211695328251298
11,12,68,Ru,0.322,0.0,6.957581377741635e-14
11,12,69,Rh,0.736,0.0,6.98279561737235e-07
11,12,70,Pt,1.016,0.0,0.03796569758044272
11,12,71,Ru,0.41900000000000004,0.0,3.040345969403468e-12
11,12,72,Rh,0.793,0.0,6.42708063505913e-06
11,12,73,Pt,0.997,0.0,0.018116038904467294
11,12,74,Rh,0.8,0.0,8.441075795925477e-06
11,12,75,Ir,0.446,0.0,8.700559953696444e-12
11,12,76,Pt,1.018,0.0,0.041040760391828884
11,12,77,Pt,1.035,0.0,0.07956453396742208
11,12,78,Ru,0.35100000000000003,0.0,2.152318344874396e-13
11,12,79,Ir,0.53,0.0,2.2916897378907495e-10
11,12,80,Ir,0.52,0.0,1.5525147917750674e-10
11,12,81,Pd,1.2049999999999998,0.0,0.016758657681680927
11,12,82,Ir,0.454,0.0,1.1880733731167022e-11
11,12,83,Ru,0.334,0.0,1.1102029644903866e-13
11,12,84,Ru,0.29900000000000004,0.0,2.841071254255393e-14
11,12,85,Pd,1.23,0.0,0.006330515065453168
11,12,86,Rh,0.791,0.0,5.945518489086188e-06
11,12,87,Ir,0.488,0.0,4.465308943375514e-11
11,12,88,Pd,1.214,0.0,0.01180405335855362
11,12,89,Pt,0.969,0.0,0.0060887345326388065
11,12,90,Ru,0.312,0.0,4.7134425857596554e-14
11,12,91,Ru,0.275,0.0,1.1158195080846473e-14
11,12,92,Rh,0.709,0.0,2.4400859971577474e-07
11,12,93,Pd,1.099,0.0,0.9618071309657285
11,12,94,Ru,0.329,0.0,9.13781467832728e-14
11,12,95,Pt,0.9049999999999999,0.0,0.0005036844809565235
11,12,96,Pd,1.2449999999999999,0.0,0.0035298718321753017
11,12,97,Pt,0.945,0.0,0.002391326426921189
11,12,98,Ru,0.339,0.0,1.3488461582467263e-13
11,12,99,Pd,1.119,0.0,0.4771686037398006
12,13,0,Pt,1.015,0.0,0.03651567866495812
12,13,1,Ir,0.517,0.0,1.3813372539349958e-10
12,13,2,Ru,0.375,0.0,5.480178232522271e-13
12,13,3,Rh,0.771,0.0,2.728661022924266e-06
12,13,4,Pt,0.96,0.0,0.004288633891478115
12,13,5,Ru,0.286,0.0,1.7124820605946592e-14
12,13,6,Pd,1.135,0.0,0.2559055726859402
12,13,7,Pd,1.117,0.0,0.515817266128061
12,13,8,Ru,0.273,0.0,1.0322144520191289e-14
12,13,9,Rh,0.8400000000000001,0.0,4.0075420993929176e-05
12,13,10,Pt,1.054,0.0,0.1667430198546952
12,13,11,Pt,1.0419999999999998,0.0,0.10449694037179519
12,13,12,Rh,0.781,0.0,4.027816351603569e-06
12,13,13,Pd,1.17,0.0,0.06548766213171904
12,13,14,Ru,0.285,0.0,1.6470774575308282e-14
12,13,15,Ir,0.362,0.0,3.303228279825506e-13
12,13,16,Ru,0.29300000000000004,0.0,2.2491068174546366e-14
12,13,17,Pd,1.14,0.0,0.2106297472758737
12,13,18,Pd,1.17,0.0,0.06548766213171904
12,13,19,Ru,0.406,0.0,1.8325967442056578e-12
12,13,20,Ir,0.545,0.0,4.109944241834284e-10
12,13,21,Ir,0.46499999999999997,0.0,1.8233722599320195e-11
12,13,22,Pd,1.1589999999999998,0.0,0.10050590241369574
12,13,23,Ir,0.446,0.0,8.700559953696444e-12
12,13,24,Pd,1.2469999999999999,0.0,0.003265388974244555
12,13,25,Pd,1.2229999999999999,0.0,0.008314250361703591
12,13,26,Pt,0.902,0.0,0.0004481491200342541
12,13,27,Pd,1.144,0.0,0.1802485074946112
12,13,28,Ir,0.408,0.0,1.9810294204243335e-12
12,13,29,Rh,0.791,0.0,5.945518489086188e-06
12,13,30,Rh,0.75,0.0,1.2044740101414266e-06
12,13,31,Pd,1.1749999999999998,0.0,0.053901326101327314
12,13,32,Rh,0.734,0.0,6.459595391121984e-07
12,13,33,Pt,1.0059999999999998,0.0,0.025720020515493356
12,13,34,Pt,0.951,0.0,0.003020723034736021
12,13,35,Pd,1.179,0.0,0.046126597536194074
12,13,36,Ru,0.276,0.0,1.160128129809429e-14
12,13,37,Ru,0.34,0.0,1.4024081490146373e-13
12,13,38,Pt,1.0050000000000001,0.0,0.024737699140386774
12,13,39,Ru,0.316,0.0,5.50790258647538e-14
12,13,40,Pt,0.946,0.0,0.0024862847757430345
12,13,41,Pt,0.952,0.0,0.0031406744008052514
12,13,42,Rh,0.773,0.0,2.9496711602645545e-06
12,13,43,Pt,1.036,0.0,0.08272400089977826
12,13,44,Pd,1.267,0.0,0.0014986312186335902
12,13,45,Rh,0.721,0.0,3.8935810601116183e-07
12,13,46,Ru,0.29100000000000004,0.0,2.0805878946286684e-14
12,13,47,Pt,1.042,0.0,0.10449694037179606
12,13,48,Ir,0.547,0.0,4.442832546287442e-10
12,13,49,Rh,0.72,0.0,3.744874028608469e-07
12,13,50,Pt,0.987,0.0,0.012272786277537046
12,13,51,Ru,0.35600000000000004,0.0,2.614968995457903e-13
12,13,52,Ru,0.38100000000000006,0.0,6.922559979714784e-13
12,13,53,Ir,0.5820000000000001,0.0,1.7361218435598228e-09
12,13,54,Ir,0.49,0.0,4.826980303266388e-11
12,13,55,Ru,0.326,0.0,8.13029537727993e-14
12,13,56,Rh,0.784,0.0,4.526949842700984e-06
12,13,57,Ir,0.483,0.0,3.675288835566468e-11
12,13,58,Ru,0.34,0.0,1.4024081490146373e-13
12,13,59,Pd,1.16,0.0,0.09666729364563816
12,13,60,Pt,0.9259999999999999,0.0,0.0011410658922200651
12,13,61,Pd,1.1809999999999998,0.0,0.04267046798729924
12,13,62,Ir,0.477,0.0,2.9095071669907467e-11
12,13,63,Pt,1.077,0.0,0.4083417929317225
12,13,64,Pd,1.273,0.0,0.0011863770349408369
12,13,65,Ir,0.456,0.0,1.2843023503171986e-11
12,13,66,Rh,0.7979999999999999,0.0,7.808610948288009e-06
12,13,67,Rh,0.721,0.0,3.8935810601116183e-07
12,13,68,Pd,1.107,0.0,0.7614053931563471
12,13,69,Ru,0.246,0.0,3.606996636375182e-15
12,13,70,Rh,0.6759999999999999,0.0,6.750079544120023e-08
12,13,71,Rh,0.6749999999999999,0.0,6.492274640120557e-08
12,13,72,Rh,0.768,0.0,2.4278036797421726e-06
12,13,73,Ir,0.414,0.0,2.502435943247642e-12
12,13,74,Rh,0.804,0.0,9.863835691873512e-06
12,13,75,Pt,0.998,0.0,0.018835417539769462
12,13,76,Ir,0.416,0.0,2.705122794731195e-12
12,13,77,Ru,0.299,0.0,2.841071254255383e-14
12,13,78,Rh,0.685,0.0,9.583341329277556e-08
12,13,79,Ru,0.30500000000000005,0.0,3.588840605130181e-14
12,13,80,Ru,0.28200000000000003,0.0,1.4654736072450313e-14
12,13,81,Ru,0.278,0.0,1.2540936591102191e-14
12,13,82,Pd,1.154,0.0,0.12211010480778417
12,13,83,Pd,1.1869999999999998,0.0,0.03377966684590146
12,13,84,Ir,0.44699999999999995,0.0,9.046054737565085e-12
12,13,85,Rh,0.8079999999999999,0.0,1.1526404561281402e-05
12,13,86,Ru,0.376,0.0,5.697793306044351e-13
12,13,87,Ir,0.385,0.0,8.089371053865692e-13
12,13,88,Pd,1.153,0.0,0.12695903458854074
12,13,89,Ir,0.46699999999999997,0.0,1.9710577914819134e-11
12,13,90,Rh,0.8049999999999999,0.0,1.025552356008152e-05
12,13,91,Ir,0.404,0.0,1.6952856894744198e-12
12,13,92,Rh,0.709,0.0,2.4400859971577474e-07
12,13,93,Ir,0.495,0.0,5.864561747934232e-11
12,13,94,Ru,0.405,0.0,1.762604616761585e-12
12,13,95,Ir,0.387,0.0,8.74457629650716e-13
12,13,96,Ru,0.3,0.0,2.9538887400457594e-14
12,13,97,Rh,0.692,0.0,1.258638488171267e-07
12,13,98,Ru,0.339,0.0,1.3488461582467263e-13
12,13,99,Pt,0.956,0.0,0.003670041236470121
13,14,0,Pd,1.118,0.0,0.49611672483721597
13,14,1,Rh,0.767,0.0,2.335078891760866e-06
13,14,2,Pt,0.965,0.0,0.005210495318126196
13,14,3,Ru,0.335,0.0,1.1542885561428988e-13
13,14,4,Pt,1.005,0.0,0.024737699140386562
13,14,5,Ru,0.341,0.0,1.458097059029388e-13
13,14,6,Ru,0.34700000000000003,0.0,1.8418678953678805e-13
13,14,7,Pt,1.043,0.0,0.10864646040508369
13,14,8,Ir,0.517,0.0,1.3813372539349958e-10
13,14,9,Ru,0.219,0.0,1.2604381492016426e-15
13,14,10,Pt,0.966,0.0,0.005417401421108652
13,14,11,Pd,1.289,0.0,0.0006362541293968611
13,14,12,Pt,1.062,0.0,0.22768987639498886
13,14,13,Ir,0.5509999999999999,0.0,5.191680693619742e-10
13,14,14,Rh,0.816,0.0,1.573946322984808e-05
13,14,15,Pt,1.008,0.0,0.02780323467026327
13,14,16,Rh,0.8330000000000001,0.0,3.051364167778866e-05
13,14,17,Ir,0.44199999999999995,0.0,7.445590978026102e-12
13,14,18,Pd,1.141,0.0,0.20258519292344457
13,14,19,Rh,0.753,0.0,1.3537343698841553e-06
13,14,20,Pt,1.011,0.0,0.03124865630157565
13,14,21,Ir,0.568,0.0,1.0064961052177802e-09
13,14,22,Ir,0.662,0.0,3.913278780673888e-08
13,14,23,Ir,0.613,0.0,5.805671098743985e-09
13,14,24,Ir,0.568,0.0,1.0064961052177802e-09
13,14,25,Ru,0.41100000000000003,0.0,2.226521777639041e-12
13,14,26,Pd,1.17,0.0,0.06548766213171904
13,14,27,Ru,0.232,0.0,2.0911136390066225e-15
13,14,28,Pd,1.129,0.0,0.3232598650803977
13,14,29,Pd,1.1969999999999998,0.0,0.022884176497541188
13,14,30,Pt,1.0539999999999998,0.0,0.16674301985469375
13,14,31,Pt,1.105,0.0,0.8230760474074114
13,14,32,Ir,0.566,0.0,9.310823284404747e-10
13,14,33,Pt,1.086,0.0,0.5797381727275666
13,14,34,Pt,1.06,0.0,0.21062974727587186
13,14,35,Pt,0.966,0.0,0.005417401421108652
13,14,36,Pd,1.1169999999999998,0.0,0.5158172661280654
13,14,37,Rh,0.675,0.0,6.492274640120603e-08
13,14,38,Ir,0.387,0.0,8.74457629650716e-13
13,14,39,Rh,0.708,0.0,2.3468921122359548e-07
13,14,40,Ir,0.538,0.0,3.1293337113044813e-10
13,14,41,Ru,0.446,0.0,8.700559953696444e-12
13,14,42,Ru,0.383,0.0,7.483258402497782e-13
13,14,43,Pd,1.283,0.0,0.0008037160811581475
13,14,44,Ir,0.532,0.0,2.4773070276374143e-10
13,14,45,Pd,1.1959999999999997,0.0,0.023792895436909184
13,14,46,Pd,1.1189999999999998,0.0,0.47716860373980474
13,14,47,Pd,1.188,0.0,0.032489524454034614
13,14,48,Ru,0.267,0.0,8.17142673783408e-15
13,14,49,Pd,1.2229999999999999,0.0,0.008314250361703591
13,14,50,Ir,0.52,0.0,1.5525147917750674e-10
13,14,51,Ir,0.478,0.0,3.025042207858624e-11
13,14,52,Ir,0.46599999999999997,0.0,1.895777439392871e-11
13,14,53,Ir,0.51,0.0,1.0517576349138788e-10
13,14,54,Pt,1.031,0.0,0.06808814368631602
13,14,55,Pd,1.218,0.0,0.01010143641999115
13,14,56,Pt,0.888,0.0,0.0002598091519581253
13,14,57,Ru,0.328,0.0,8.788815319058577e-14
13,14,58,Pd,1.1480000000000001,0.0,0.1542494584655284
13,14,59,Pt,0.9899999999999999,0.0,0.01379364972449149
13,14,60,Rh,0.747,0.0,1.0716708339393915e-06
13,14,61,Ru,0.322,0.0,6.957581377741635e-14
13,14,62,Pd,1.173,0.0,0.05826710821365058
13,14,63,Rh,0.8059999999999999,0.0,1.0662765153117682e-05
13,14,64,Ir,0.478,0.0,3.025042207858624e-11
13,14,65,Rh,0.757,0.0,1.581908955423049e-06
13,14,66,Ru,0.37,0.0,4.510603438712546e-13
13,14,67,Pt,0.945,0.0,0.002391326426921189
13,14,68,Pt,0.9859999999999999,0.0,0.011804053358553472
13,14,69,Rh,0.768,0.0,2.4278036797421726e-06
13,14,70,Ru,0.228,0.0,1.789491357737314e-15
13,14,71,Rh,0.631,0.0,1.1702228141268422e-08
13,14,72,Rh,0.6719999999999999,0.0,5.776447909344784e-08
13,14,73,Pt,0.929,0.0,0.0012824686158395908
13,14,74,Pd,1.2399999999999998,0.0,0.004288633891478187
13,14,75,Ir,0.46499999999999997,0.0,1.8233722599320195e-11
13,14,76,Ru,0.401,0.0,1.5083664847124776e-12
13,14,77,Ru,0.458,0.0,1.388325472443914e-11
13,14,78,Ir,0.5619999999999999,0.0,7.967829911327369e-10
13,14,79,Pd,1.144,0.0,0.1802485074946112
13,14,80,Rh,0.675,0.0,6.492274640120603e-08
13,14,81,Rh,0.732,0.0,5.975597010629127e-07
13,14,82,Ru,0.327,0.0,8.453145246611375e-14
13,14,83,Pd,1.1689999999999998,0.0,0.0680881436863172
13,14,84,Pt,0.986,0.0,0.011804053358553524
13,14,85,Pt,1.038,0.0,0.08942429919502211
13,14,86,Pt,0.9989999999999999,0.0,0.019583362332588533
13,14,87,Ir,0.57,0.0,1.0880180826923787e-09
13,14,88,Ir,0.46599999999999997,0.0,1.895777439392871e-11
13,14,89,Pd,1.144,0.0,0.1802485074946112
13,14,90,Pt,0.9239999999999999,0.0,0.0010555691992492954
13,14,91,Ir,0.471,0.0,2.3032834515891275e-11
13,14,92,Pd,1.19,0.0,0.03005518046395312
13,14,93,Pd,1.1809999999999998,0.0,0.04267046798729924
13,14,94,Ir,0.512,0.0,1.1369456071054194e-10
13,14,95,Pd,1.234,0.0,0.0054174014211087
13,14,96,Pt,1.016,0.0,0.03796569758044272
13,14,97,Ru,0.445,0.0,8.368260606860148e-12
13,14,98,Rh,0.749,0.0,1.1584716920169157e-06
13,14,99,Pt,0.9139999999999999,0.0,0.0007150997661162535
14,15,0,Ru,0.277,0.0,1.2061962242311166e-14
14,15,1,Ru,0.24400000000000002,0.0,3.3367350449373968e-15
14,15,2,Pd,1.258,0.0,0.002127663000266025
14,15,3,Pt,0.992,0.0,0.01491087769616777
14,15,4,Rh,0.744,0.0,9.535103012986551e-07
14,15,5,Rh,0.724,0.0,4.3760798976344776e-07
14,15,6,Ir,0.46199999999999997,0.0,1.6223304562245084e-11
14,15,7,Pt,0.959,0.0,0.004124838658924968
14,15,8,Pd,1.131,0.0,0.29903895932641095
14,15,9,Ru,0.335,0.0,1.1542885561428988e-13
14,15,10,Pt,0.98,0.0,0.009344565660771876
14,15,11,Ir,0.513,0.0,1.1820931354125334e-10
14,15,12,Ir,0.481,0.0,3.3999103115953685e-11
14,15,13,Pd,1.146,0.0,0.16674301985469664
14,15,14,Pd,1.162,0.0,0.08942429919502286
14,15,15,Ir,0.526,0.0,1.9611363553244868e-10
14,15,16,Rh,0.735,0.0,6.716102618864999e-07
14,15,17,Rh,0.632,0.0,1.2166917632975333e-08
14,15,18,Rh,0.678,0.0,7.296807772570009e-08
14,15,19,Ir,0.5,0.0,7.125176059255893e-11
14,15,20,Rh,0.795,0.0,6.947647301976682e-06
14,15,21,Ru,0.34,0.0,1.4024081490146373e-13
14,15,22,Rh,0.754,0.0,1.4074904690349892e-06
14,15,23,Ru,0.262,0.0,6.725705621055662e-15
14,15,24,Rh,0.711,0.0,2.6377227636242516e-07
14,15,25,Ir,0.43,0.0,4.666111223975594e-12
14,15,26,Pd,1.1059999999999999,0.0,0.7916404117235412
14,15,27,Rh,0.658,0.0,3.348827355819534e-08
14,15,28,Ru,0.318,0.0,5.954019673525383e-14
14,15,29,Pd,1.2319999999999998,0.0,0.005856188292049412
14,15,30,Ru,0.29000000000000004,0.0,2.0011242736548325e-14
14,15,31,Pd,1.192,0.0,0.027803234670263507
14,15,32,Pt,0.912,0.0,0.0006615194553174137
14,15,33,Rh,0.691,0.0,1.210567473231055e-07
14,15,34,Rh,0.716,0.0,3.204713309217016e-07
14,15,35,Ru,0.325,0.0,7.819776070725536e-14
14,15,36,Pd,1.159,0.0,0.10050590241369484
14,15,37,Pd,1.1600000000000001,0.0,0.09666729364563734
14,15,38,Ir,0.45999999999999996,0.0,1.5007740326571597e-11
14,15,39,Rh,0.8280000000000001,0.0,2.5115047584160244e-05
14,15,40,Pt,0.975,0.0,0.00769128816880711
14,15,41,Rh,0.78,0.0,3.873982489192691e-06
14,15,42,Rh,0.6880000000000001,0.0,1.0770924425551546e-07
14,15,43,Pd,1.155,0.0,0.11744636956709927
14,15,44,Pt,0.977,0.0,0.00831425036170348
14,15,45,Pt,1.0390000000000001,0.0,0.09297529235953284
14,15,46,Ir,0.519,0.0,1.4932197976590387e-10
14,15,47,Pd,1.3099999999999998,0.0,0.00028085260729176066
14,15,48,Pt,1.026,0.0,0.05604172018064088
14,15,49,Ir,0.519,0.0,1.4932197976590387e-10
14,15,50,Ir,0.43999999999999995,0.0,6.887714863969544e-12
14,15,51,Pd,1.148,0.0,0.15424945846552973
14,15,52,Pd,1.1460000000000001,0.0,0.1667430198546952
14,15,53,Pt,0.964,0.0,0.005011491552837341
14,15,54,Ir,0.574,0.0,1.2714056664015793e-09
14,15,55,Ir,0.586,0.0,2.028748588445651e-09
14,15,56,Ir,0.56,0.0,7.370823978351293e-10
14,15,57,Ir,0.559,0.0,7.08931106347148e-10
14,15,58,Ir,0.53,0.0,2.2916897378907495e-10
14,15,59,Rh,0.759,0.0,1.7100369685989734e-06
14,15,60,Pd,1.1729999999999998,0.0,0.05826710821365107
14,15,61,Pt,0.8809999999999999,0.0,0.00019782008949229178
14,15,62,Ru,0.359,0.0,2.9390201660865496e-13
14,15,63,Pd,1.3079999999999998,0.0,0.0003036004945479827
14,15,64,Pt,1.0490000000000002,0.0,0.13724218571477803
14,15,65,Ru,0.45899999999999996,0.0,1.4434551665778544e-11
14,15,66,Pt,0.989,0.0,0.013266830667059479
14,15,67,Ru,0.33199999999999996,0.0,1.0270187394272716e-13
14,15,68,Ru,0.339,0.0,1.3488461582467263e-13
14,15,69,Pt,0.9249999999999999,0.0,0.001097485312039034
14,15,70,Rh,0.755,0.0,1.46338119537724e-06
14,15,71,Ir,0.508,0.0,9.72952545562778e-11
14,15,72,Pt,1.057,0.0,0.1874060834978679
14,15,73,Pt,1.061,0.0,0.21899374676540562
14,15,74,Pt,1.021,0.0,0.046126597536193664
14,15,75,Ir,0.514,0.0,1.2290334489676912e-10
14,15,76,Rh,0.767,0.0,2.335078891760866e-06
14,15,77,Ru,0.24600000000000002,0.0,3.606996636375182e-15
14,15,78,Ru,0.327,0.0,8.453145246611375e-14
14,15,79,Ru,0.36500000000000005,0.0,3.7125696497577857e-13
14,15,80,Ru,0.367,0.0,4.013272273236821e-13
14,15,81,Ir,0.531,0.0,2.382691564773187e-10
14,15,82,Pt,1.082,0.0,0.49611672483721597
14,15,83,Pd,1.251,0.0,0.0027943891905545613
14,15,84,Ru,0.379,0.0,6.403873031666674e-13
14,15,85,Ir,0.482,0.0,3.534919010406571e-11
14,15,86,Pd,1.134,0.0,0.2660674520358269
14,15,87,Rh,0.704,0.0,2.0083763378747627e-07
14,15,88,Ir,0.483,0.0,3.675288835566468e-11
14,15,89,Ir,0.443,0.0,7.741251586012004e-12
14,15,90,Rh,0.734,0.0,6.459595391121984e-07
14,15,91,Ru,0.34700000000000003,0.0,1.8418678953678805e-13
14,15,92,Ir,0.486,0.0,4.130736548955206e-11
14,15,93,Pd,1.2069999999999999,0.0,0.015502981019901807
14,15,94,Ir,0.436,0.0,5.8942307073696344e-12
14,15,95,Rh,0.77,0.0,2.6244456298368127e-06
14,15,96,Rh,0.697,0.0,1.529188575145433e-07
14,15,97,Pd,1.2189999999999999,0.0,0.009715633581744496
14,15,98,Ir,0.45199999999999996,0.0,1.09905454861177e-11
14,15,99,Pd,1.1729999999999998,0.0,0.05826710821365107
15,16,0,Ru,0.389,0.0,9.452850425113434e-13
15,16,1,Pd,1.198,0.0,0.022010164141613445
15,16,2,Pt,0.956,0.0,0.003670041236470121
15,16,3,Pt,0.9999999999999999,0.0,0.020361007630423
15,16,4,Ru,0.337,0.0,1.2477811043855047e-13
15,16,5,Pd,1.171,0.0,0.06298650042856167
15,16,6,Rh,0.708,0.0,2.3468921122359548e-07
15,16,7,Rh,0.743,0.0,9.170930072383318e-07
15,16,8,Ir,0.46599999999999997,0.0,1.895777439392871e-11
15,16,9,Ir,0.454,0.0,1.1880733731167022e-11
15,16,10,Ru,0.41400000000000003,0.0,2.5024359432476512e-12
15,16,11,Ir,0.503,0.0,8.008139355167873e-11
15,16,12,Pd,1.208,0.0,0.014910877696167902
15,16,13,Ru,0.301,0.0,3.071186150470517e-14
15,16,14,Pt,0.9229999999999999,0.0,0.001015253983065761
15,16,15,Pd,1.16,0.0,0.09666729364563816
15,16,16,Ru,0.29600000000000004,0.0,2.527819757581664e-14
15,16,17,Pd,1.1340000000000001,0.0,0.2660674520358246
15,16,18,Pd,1.164,0.0,0.08272400089977895
15,16,19,Pt,0.984,0.0,0.010919610547066702
15,16,20,Pt,1.0250000000000001,0.0,0.053901326101326856
15,16,21,Pt,1.031,0.0,0.06808814368631602
15,16,22,Rh,0.8320000000000001,0.0,2.9348238157430298e-05
15,16,23,Ir,0.532,0.0,2.4773070276374143e-10
15,16,24,Pd,1.2209999999999999,0.0,0.008987669888308018
15,16,25,Pt,0.862,0.0,9.439353589471936e-05
15,16,26,Pd,1.136,0.0,0.24613180466320797
15,16,27,Rh,0.666,0.0,4.572869601253269e-08
15,16,28,Rh,0.763,0.0,1.998267056603345e-06
15,16,29,Ru,0.39,0.0,9.828218278670909e-13
15,16,30,Ir,0.5209999999999999,0.0,1.614164359767443e-10
15,16,31,Ir,0.5459999999999999,0.0,4.2731480247058875e-10
15,16,32,Ir,0.5609999999999999,0.0,7.663515627036721e-10
15,16,33,Pt,0.964,0.0,0.005011491552837341
15,16,34,Rh,0.732,0.0,5.975597010629127e-07
15,16,35,Rh,0.742,0.0,8.820665941206352e-07
15,16,36,Rh,0.695,0.0,1.4146109972903545e-07
15,16,37,Ir,0.358,0.0,2.8267705537941334e-13
15,16,38,Rh,0.721,0.0,3.8935810601116183e-07
15,16,39,Ir,0.485,0.0,3.97297186892591e-11
15,16,40,Ru,0.384,0.0,7.780414764635801e-13
15,16,41,Ir,0.489,0.0,4.642624076712743e-11
15,16,42,Rh,0.854,0.0,6.912675907708682e-05
15,16,43,Rh,0.8260000000000001,0.0,2.323325133830845e-05
15,16,44,Pt,1.0050000000000001,0.0,0.024737699140386774
15,16,45,Ir,0.478,0.0,3.025042207858624e-11
15,16,46,Pd,1.2029999999999998,0.0,0.018116038904467533
15,16,47,Pd,1.1159999999999999,0.0,0.5363001058332149
15,16,48,Pd,1.19,0.0,0.03005518046395312
15,16,49,Ru,0.41700000000000004,0.0,2.812541836755819e-12
15,16,50,Pd,1.19,0.0,0.03005518046395312
15,16,51,Pt,1.004,0.0,0.02379289543690877
15,16,52,Pt,1.073,0.0,0.3494425629596115
15,16,53,Ir,0.5529999999999999,0.0,5.612185129122748e-10
15,16,54,Ir,0.587,0.0,2.109309156825052e-09
15,16,55,Ir,0.522,0.0,1.6782620005600264e-10
15,16,56,Pd,1.126,0.0,0.3633187483323681
15,16,57,Rh,0.659,0.0,3.481807576594935e-08
15,16,58,Pt,0.992,0.0,0.01491087769616777
15,16,59,Ir,0.42,0.0,3.1610765521676823e-12
15,16,60,Pd,1.19,0.0,0.03005518046395312
15,16,61,Pt,1.04,0.0,0.09666729364563734
15,16,62,Pt,1.113,0.0,0.6027592789268101
15,16,63,Pd,1.313,0.0,0.0002498862950434866
15,16,64,Pt,1.051,0.0,0.14835822909974716
15,16,65,Ru,0.385,0.0,8.089371053865692e-13
15,16,66,Ru,0.272,0.0,9.927912206378906e-15
15,16,67,Pd,1.185,0.0,0.036515678664958424
15,16,68,Ir,0.45699999999999996,0.0,1.3353013394979253e-11
15,16,69,Rh,0.669,0.0,5.139546969127332e-08
15,16,70,Rh,0.763,0.0,1.998267056603345e-06
15,16,71,Ir,0.561,0.0,7.663515627036774e-10
15,16,72,Ir,0.5,0.0,7.125176059255893e-11
15,16,73,Ru,0.358,0.0,2.8267705537941334e-13
15,16,74,Ir,0.518,0.0,1.4361894494876758e-10
15,16,75,Ru,0.41300000000000003,0.0,2.4068607350005487e-12
15,16,76,Ir,0.471,0.0,2.3032834515891275e-11
15,16,77,Pd,1.168,0.0,0.07079188903283642
15,16,78,Pd,1.15,0.0,0.14269200268558657
15,16,79,Rh,0.717,0.0,3.331970834941949e-07
15,16,80,Ir,0.544,0.0,3.9529736796677634e-10
15,16,81,Rh,0.849,0.0,5.689657963125269e-05
15,16,82,Ru,0.28400000000000003,0.0,1.5841708439060694e-14
15,16,83,Ru,0.377,0.0,5.92404976278696e-13
15,16,84,Ir,0.577,0.0,1.4289603048148712e-09
15,16,85,Ir,0.584,0.0,1.876740456081135e-09
15,16,86,Ir,0.502,0.0,7.70228553756778e-11
15,16,87,Pd,1.148,0.0,0.15424945846552973
15,16,88,Pd,1.1079999999999999,0.0,0.7323251366935452
15,16,89,Pt,1.041,0.0,0.10050590241369399
15,16,90,Ir,0.475,0.0,2.6915063988944463e-11
15,16,91,Rh,0.735,0.0,6.716102618864999e-07
15,16,92,Ru,0.381,0.0,6.922559979714784e-13
15,16,93,Ir,0.542,0.0,3.6567890514912583e-10
15,16,94,Ir,0.546,0.0,4.2731480247059025e-10
15,16,95,Pt,0.969,0.0,0.0060887345326388065
15,16,96,Pd,1.1889999999999998,0.0,0.03124865630157619
15,16,97,Ir,0.418,0.0,2.924226433975167e-12
15,16,98,Pd,1.2659999999999998,0.0,0.0015581410975076145
15,16,99,Ir,0.45699999999999996,0.0,1.3353013394979253e-11
16,17,0,Pt,1.097,0.0,0.8897417668759444
16,17,1,Ir,0.515,0.0,1.2778377383557577e-10
16,17,2,Ir,0.477,0.0,2.9095071669907467e-11
16,17,3,Rh,0.861,0.0,9.078837594061088e-05
16,17,4,Ir,0.469,0.0,2.1307052337773257e-11
16,17,5,Pd,1.128,0.0,0.3360963489175007
16,17,6,Rh,0.696,0.0,1.4707844761662047e-07
16,17,7,Ru,0.30000000000000004,0.0,2.9538887400457594e-14
16,17,8,Ru,0.324,0.0,7.52111638737904e-14
16,17,9,Rh,0.794,0.0,6.682296718476002e-06
16,17,10,Rh,0.83,0.0,2.714926146021511e-05
16,17,11,Pt,1.084,0.0,0.5363001058332103
16,17,12,Ir,0.576,0.0,1.374384211037914e-09
16,17,13,Pd,1.2029999999999998,0.0,0.018116038904467533
16,17,14,Rh,0.6579999999999999,0.0,3.348827355819511e-08
16,17,15,Rh,0.696,0.0,1.4707844761662047e-07
16,17,16,Ru,0.342,0.0,1.515997347166002e-13
16,17,17,Ir,0.519,0.0,1.4932197976590387e-10
16,17,18,Pt,1.0199999999999998,0.0,0.04436489043749727
16,17,19,Pd,1.2029999999999998,0.0,0.018116038904467533
16,17,20,Pt,1.053,0.0,0.16037462553500587
16,17,21,Ir,0.616,0.0,6.5251192142286245e-09
16,17,22,Ir,0.489,0.0,4.642624076712743e-11
16,17,23,Rh,0.766,0.0,2.24589552946316e-06
16,17,24,Pt,0.993,0.0,0.0155029810199016
16,17,25,Rh,0.839,0.0,3.8544825688414744e-05
16,17,26,Pt,1.005,0.0,0.024737699140386562
16,17,27,Rh,0.797,0.0,7.510377693000534e-06
16,17,28,Ru,0.31,0.0,4.360278271290488e-14
16,17,29,Pt,0.9999999999999999,0.0,0.020361007630423
16,17,30,Ir,0.493,0.0,5.425147478705896e-11
16,17,31,Pd,1.267,0.0,0.0014986312186335902
16,17,32,Rh,0.7899999999999999,0.0,5.71844208009168e-06
16,17,33,Pt,1.019,0.0,0.042670467987298503
16,17,34,Ir,0.535,0.0,2.7842989054405123e-10
16,17,35,Ir,0.498,0.0,6.591307687539283e-11
16,17,36,Ru,0.35000000000000003,0.0,2.0701151322085704e-13
16,17,37,Pd,1.16,0.0,0.09666729364563816
16,17,38,Ir,0.395,0.0,1.1940838649877654e-12
16,17,39,Ru,0.302,0.0,3.19314138104468e-14
16,17,40,Rh,0.769,0.0,2.5242105216088984e-06
16,17,41,Ir,0.45699999999999996,0.0,1.3353013394979253e-11
16,17,42,Ir,0.473,0.0,2.489839783684855e-11
16,17,43,Ru,0.383,0.0,7.483258402497782e-13
16,17,44,Rh,0.758,0.0,1.6447257506135163e-06
16,17,45,Rh,0.764,0.0,2.077617218950044e-06
16,17,46,Pt,0.9219999999999999,0.0,0.0009764785206540114
16,17,47,Rh,0.742,0.0,8.820665941206352e-07
16,17,48,Ru,0.369,0.0,4.3383305523122795e-13
16,17,49,Rh,0.739,0.0,7.848114899551437e-07
16,17,50,Ir,0.476,0.0,2.798384740807605e-11
16,17,51,Ru,0.35800000000000004,0.0,2.8267705537941435e-13
16,17,52,Ru,0.372,0.0,4.875943463399468e-13
16,17,53,Rh,0.759,0.0,1.7100369685989734e-06
16,17,54,Ru,0.316,0.0,5.50790258647538e-14
16,17,55,Ir,0.436,0.0,5.8942307073696344e-12
16,17,56,Ru,0.34,0.0,1.4024081490146373e-13
16,17,57,Ir,0.42,0.0,3.1610765521676823e-12
16,17,58,Ru,0.329,0.0,9.13781467832728e-14
16,17,59,Ir,0.425,0.0,3.8405643829931885e-12
16,17,60,Pd,1.265,0.0,0.001620014083221766
16,17,61,Ir,0.486,0.0,4.130736548955206e-11
16,17,62,Ir,0.522,0.0,1.6782620005600264e-10
16,17,63,Pt,1.003,0.0,0.022884176497540792
16,17,64,Ru,0.325,0.0,7.819776070725536e-14
16,17,65,Pd,1.1949999999999998,0.0,0.02473769914038698
16,17,66,Pd,1.252,0.0,0.002687663450168927
16,17,67,Ir,0.471,0.0,2.3032834515891275e-11
16,17,68,Pd,1.185,0.0,0.036515678664958424
16,17,69,Ru,0.342,0.0,1.515997347166002e-13
16,17,70,Ir,0.43,0.0,4.666111223975594e-12
16,17,71,Ru,0.438,0.0,6.371638757401067e-12
16,17,72,Pt,1.002,0.0,0.02201016414161326
16,17,73,Rh,0.744,0.0,9.535103012986551e-07
16,17,74,Ru,0.324,0.0,7.52111638737904e-14
16,17,75,Ir,0.502,0.0,7.70228553756778e-11
16,17,76,Ir,0.52,0.0,1.5525147917750674e-10
16,17,77,Pd,1.2019999999999997,0.0,0.01883541753976978
16,17,78,Pd,1.152,0.0,0.1320005128897975
16,17,79,Pd,1.188,0.0,0.032489524454034614
16,17,80,Rh,0.795,0.0,6.947647301976682e-06
16,17,81,Ir,0.478,0.0,3.025042207858624e-11
16,17,82,Ru,0.294,0.0,2.3384176983553363e-14
16,17,83,Rh,0.768,0.0,2.4278036797421726e-06
16,17,84,Ir,0.494,0.0,5.6405773091520024e-11
16,17,85,Ru,0.397,0.0,1.2907996669065928e-12
16,17,86,Ir,0.45799999999999996,0.0,1.388325472443914e-11
16,17,87,Pd,1.1999999999999997,0.0,0.020361007630423443
16,17,88,Ir,0.378,0.0,6.159290747656149e-13
16,17,89,Ir,0.464,0.0,1.7537324420077187e-11
16,17,90,Pt,1.067,0.0,0.27663285441507385
16,17,91,Rh,0.8039999999999999,0.0,9.863835691873477e-06
16,17,92,Ru,0.315,0.0,5.297539984336601e-14
16,17,93,Ir,0.46099999999999997,0.0,1.5603690015796216e-11
16,17,94,Ru,0.348,0.0,1.9150075270480646e-13
16,17,95,Ru,0.327,0.0,8.453145246611375e-14
16,17,96,Pt,0.963,0.0,0.004820088312293484
16,17,97,Ru,0.311,0.0,4.5334226903811795e-14
16,17,98,Rh,0.73,0.0,5.527863197517936e-07
16,17,99,Pt,1.014,0.0,0.03512104013201013
17,18,0,Rh,0.697,0.0,1.529188575145433e-07
17,18,1,Pd,1.176,0.0,0.05184267981276577
17,18,2,Ir,0.424,0.0,3.693882210495843e-12
17,18,3,Ru,0.36100000000000004,0.0,3.1770685147438403e-13
17,18,4,Rh,0.808,0.0,1.1526404561281462e-05
17,18,5,Pt,0.995,0.0,0.016758657681680705
17,18,6,Ru,0.421,0.0,3.2866012845982097e-12
17,18,7,Ir,0.5599999999999999,0.0,7.370823978351267e-10
17,18,8,Pt,1.029,0.0,0.06298650042856112
17,18,9,Pd,1.046,0.0,0.12211010480778309
17,18,10,Rh,0.6429999999999999,0.0,1.8672937718187306e-08
17,18,11,Pd,1.195,0.0,0.024737699140386774
17,18,12,Pt,0.9259999999999999,0.0,0.0011410658922200651
17,18,13,Pd,1.155,0.0,0.11744636956709927
17,18,14,Rh,0.728,0.0,5.11367675499525e-07
17,18,15,Pt,0.9289999999999999,0.0,0.0012824686158395852
17,18,16,Ru,0.40700000000000003,0.0,1.905368223217042e-12
17,18,17,Ru,0.34700000000000003,0.0,1.8418678953678805e-13
17,18,18,Pd,1.111,0.0,0.6515802610493824
17,18,19,Rh,0.718,0.0,3.4642816918984384e-07
17,18,20,Ru,0.28200000000000003,0.0,1.4654736072450313e-14
17,18,21,Ir,0.428,0.0,4.3164933084777145e-12
17,18,22,Pd,1.2019999999999997,0.0,0.01883541753976978
17,18,23,Rh,0.704,0.0,2.0083763378747627e-07
17,18,24,Ru,0.24200000000000002,0.0,3.0867233553348087e-15
17,18,25,Rh,0.772,0.0,2.837014755946413e-06
17,18,26,Ir,0.486,0.0,4.130736548955206e-11
17,18,27,Ir,0.443,0.0,7.741251586012004e-12
17,18,28,Ru,0.301,0.0,3.071186150470517e-14
17,18,29,Ir,0.46699999999999997,0.0,1.9710577914819134e-11
17,18,30,Ru,0.33999999999999997,0.0,1.4024081490146274e-13
17,18,31,Rh,0.72,0.0,3.744874028608469e-07
17,18,32,Ir,0.358,0.0,2.8267705537941334e-13
17,18,33,Ru,0.28099999999999997,0.0,1.4095029656903404e-14
17,18,34,Pd,1.144,0.0,0.1802485074946112
17,18,35,Pt,0.967,0.0,0.00563252365957106
17,18,36,Pd,1.216,0.0,0.0109196105470668
17,18,37,Rh,0.717,0.0,3.331970834941949e-07
17,18,38,Pt,0.9159999999999999,0.0,0.0007730198581297296
17,18,39,Ir,0.43,0.0,4.666111223975594e-12
17,18,40,Pd,1.139,0.0,0.2189937467654075
17,18,41,Rh,0.725,0.0,4.549851791221939e-07
17,18,42,Pd,1.189,0.0,0.031248656301575913
17,18,43,Pt,0.886,0.0,0.00024034242050343058
17,18,44,Rh,0.755,0.0,1.46338119537724e-06
17,18,45,Pt,0.939,0.0,0.0018930706371732573
17,18,46,Ru,0.326,0.0,8.13029537727993e-14
17,18,47,Rh,0.771,0.0,2.728661022924266e-06
17,18,48,Pd,1.277,0.0,0.0010152539830657736
17,18,49,Pd,1.145,0.0,0.1733642998542466
17,18,50,Ir,0.421,0.0,3.2866012845982097e-12
17,18,51,Ru,0.41400000000000003,0.0,2.5024359432476512e-12
17,18,52,Ir,0.45799999999999996,0.0,1.388325472443914e-11
17,18,53,Rh,0.762,0.0,1.9219475046150045e-06
17,18,54,Pd,1.18,0.0,0.04436489043749804
17,18,55,Pt,0.9259999999999999,0.0,0.0011410658922200651
17,18,56,Ir,0.463,0.0,1.6867523685289828e-11
17,18,57,Pt,1.013,0.0,0.03377966684590088
17,18,58,Ru,0.34600000000000003,0.0,1.7715216760616787e-13
17,18,59,Pd,1.2069999999999999,0.0,0.015502981019901807
17,18,60,Pt,1.0,0.0,0.02036100763042309
17,18,61,Ir,0.524,0.0,1.8141942076464305e-10
17,18,62,Ru,0.389,0.0,9.452850425113434e-13
17,18,63,Ir,0.372,0.0,4.875943463399468e-13
17,18,64,Rh,0.695,0.0,1.4146109972903545e-07
17,18,65,Pd,1.196,0.0,0.023792895436908972
17,18,66,Pt,1.043,0.0,0.10864646040508369
17,18,67,Pt,0.949,0.0,0.002794389190554526
17,18,68,Rh,0.701,0.0,1.7869363114125377e-07
17,18,69,Ru,0.41100000000000003,0.0,2.226521777639041e-12
17,18,70,Rh,0.82,0.0,1.8392380655134786e-05
17,18,71,Ir,0.455,0.0,1.2352511588511357e-11
17,18,72,Rh,0.779,0.0,3.7260239833419136e-06
17,18,73,Rh,0.722,0.0,4.048193171745505e-07
17,18,74,Pd,1.149,0.0,0.14835822909974844
17,18,75,Pt,0.9359999999999999,0.0,0.0016843440135395108
17,18,76,Rh,0.757,0.0,1.581908955423049e-06
17,18,77,Rh,0.69,0.0,1.1643324282687965e-07
17,18,78,Pt,0.9490000000000001,0.0,0.0027943891905545387
17,18,79,Ir,0.506,0.0,9.000520885161975e-11
17,18,80,Rh,0.8089999999999999,0.0,1.1984112188592281e-05
17,18,81,Pd,1.246,0.0,0.003395055899581267
17,18,82,Pt,0.888,0.0,0.0002598091519581253
17,18,83,Rh,0.752,0.0,1.3020313703879824e-06
17,18,84,Pt,0.987,0.0,0.012272786277537046
17,18,85,Ru,0.367,0.0,4.013272273236821e-13
17,18,86,Pd,1.141,0.0,0.20258519292344457
17,18,87,Pd,1.2399999999999998,0.0,0.004288633891478187
17,18,88,Ir,0.5810000000000001,0.0,1.6698143693612107e-09
17,18,89,Ir,0.527,0.0,2.0390120765223974e-10
17,18,90,Pt,0.971,0.0,0.00658189657951149
17,18,91,Pt,1.006,0.0,0.02572002051549358
17,18,92,Rh,0.8119999999999999,0.0,1.3469202677391181e-05
17,18,93,Pt,0.972,0.0,0.006843260324866513
17,18,94,Pt,1.047,0.0,0.1269590345885397
17,18,95,Ir,0.505,0.0,8.65676516975479e-11
17,18,96,Pt,0.9969999999999999,0.0,0.018116038904467228
17,18,97,Ir,0.616,0.0,6.5251192142286245e-09
17,18,98,Ir,0.608,0.0,4.7785088205016226e-09
17,18,99,Rh,0.776,0.0,3.315199162360792e-06
18,19,0,Pt,1.069,0.0,0.29903895932640834
18,19,1,Ru,0.38,0.0,6.658167553027673e-13
18,19,2,Ir,0.44699999999999995,0.0,9.046054737565085e-12
18,19,3,Pt,1.029,0.0,0.06298650042856112
18,19,4,Rh,0.76,0.0,1.7779416616322601e-06
18,19,5,Rh,0.742,0.0,8.820665941206352e-07
18,19,6,Rh,0.797,0.0,7.510377693000534e-06
18,19,7,Ru,0.337,0.0,1.2477811043855047e-13
18,19,8,Pd,1.148,0.0,0.15424945846552973
18,19,9,Ir,0.488,0.0,4.465308943375514e-11
18,19,10,Rh,0.8,0.0,8.441075795925477e-06
18,19,11,Ir,0.505,0.0,8.65676516975479e-11
18,19,12,Pd,1.1849999999999998,0.0,0.03651567866495875
18,19,13,Ir,0.408,0.0,1.9810294204243335e-12
18,19,14,Rh,0.795,0.0,6.947647301976682e-06
18,19,15,Pt,0.905,0.0,0.0005036844809565258
18,19,16,Ru,0.37200000000000005,0.0,4.875943463399502e-13
18,19,17,Ir,0.481,0.0,3.3999103115953685e-11
18,19,18,Pt,1.029,0.0,0.06298650042856112
18,19,19,Pd,1.208,0.0,0.014910877696167902
18,19,20,Pt,1.012,0.0,0.032489524454034344
18,19,21,Pd,1.2209999999999999,0.0,0.008987669888308018
18,19,22,Rh,0.725,0.0,4.549851791221939e-07
18,19,23,Ir,0.442,0.0,7.445590978026102e-12
18,19,24,Rh,0.782,0.0,4.1877588779772394e-06
18,19,25,Rh,0.8109999999999999,0.0,1.2954775183537569e-05
18,19,26,Pt,1.014,0.0,0.03512104013201013
18,19,27,Rh,0.828,0.0,2.511504758416011e-05
18,19,28,Pd,1.166,0.0,0.07652573614183278
18,19,29,Ir,0.535,0.0,2.7842989054405123e-10
18,19,30,Ir,0.509,0.0,1.0115879933078215e-10
18,19,31,Ir,0.44599999999999995,0.0,8.700559953696444e-12
18,19,32,Rh,0.772,0.0,2.837014755946413e-06
18,19,33,Ru,0.365,0.0,3.7125696497577857e-13
18,19,34,Pt,0.979,0.0,0.008987669888307907
18,19,35,Pt,1.029,0.0,0.06298650042856112
18,19,36,Ir,0.511,0.0,1.0935223924341559e-10
18,19,37,Rh,0.671,0.0,5.5558287908599275e-08
18,19,38,Ru,0.30500000000000005,0.0,3.588840605130181e-14
18,19,39,Ru,0.358,0.0,2.8267705537941334e-13
18,19,40,Pd,1.261,0.0,0.0018930706371732826
18,19,41,Pt,0.955,0.0,0.003529871832175255
18,19,42,Ru,0.335,0.0,1.1542885561428988e-13
18,19,43,Ir,0.45899999999999996,0.0,1.4434551665778544e-11
18,19,44,Pd,1.232,0.0,0.0058561882920493595
18,19,45,Pt,1.011,0.0,0.03124865630157565
18,19,46,Rh,0.758,0.0,1.6447257506135163e-06
18,19,47,Pd,1.152,0.0,0.1320005128897975
18,19,48,Pt,1.005,0.0,0.024737699140386562
18,19,49,Ru,0.263,0.0,6.992779949866362e-15
18,19,50,Pt,0.898,0.0,0.00038350808024945244
18,19,51,Pd,1.1949999999999998,0.0,0.02473769914038698
18,19,52,Pt,0.956,0.0,0.003670041236470121
18,19,53,Rh,0.749,0.0,1.1584716920169157e-06
18,19,54,Rh,0.791,0.0,5.945518489086188e-06
18,19,55,Pt,1.02,0.0,0.044364890437497646
18,19,56,Ru,0.30200000000000005,0.0,3.19314138104468e-14
18,19,57,Pt,0.917,0.0,0.0008037160811581403
18,19,58,Ru,0.322,0.0,6.957581377741635e-14
18,19,59,Ru,0.28500000000000003,0.0,1.64707745753084e-14
18,19,60,Ru,0.233,0.0,2.174150691632922e-15
18,19,61,Ru,0.26,0.0,6.221768387968834e-15
18,19,62,Pd,1.187,0.0,0.03377966684590116
18,19,63,Ru,0.337,0.0,1.2477811043855047e-13
18,19,64,Ir,0.512,0.0,1.1369456071054194e-10
18,19,65,Ir,0.475,0.0,2.6915063988944463e-11
18,19,66,Pd,1.142,0.0,0.1948478831818385
18,19,67,Ru,0.313,0.0,4.9006109790711836e-14
18,19,68,Rh,0.727,0.0,4.918370768408145e-07
18,19,69,Rh,0.669,0.0,5.139546969127332e-08
18,19,70,Rh,0.656,0.0,3.097909625121646e-08
18,19,71,Pd,1.162,0.0,0.08942429919502286
18,19,72,Pt,0.924,0.0,0.0010555691992493001
18,19,73,Ru,0.383,0.0,7.483258402497782e-13
18,19,74,Ru,0.41100000000000003,0.0,2.226521777639041e-12
18,19,75,Rh,0.734,0.0,6.459595391121984e-07
18,19,76,Ru,0.273,0.0,1.0322144520191289e-14
18,19,77,Pt,0.907,0.0,0.0005444808185657579
18,19,78,Ru,0.276,0.0,1.160128129809429e-14
18,19,79,Ru,0.28200000000000003,0.0,1.4654736072450313e-14
18,19,80,Pd,1.188,0.0,0.032489524454034614
18,19,81,Pt,0.9339999999999999,0.0,0.001558141097507588
18,19,82,Pd,1.1929999999999998,0.0,0.026741349369773258
18,19,83,Ir,0.44699999999999995,0.0,9.046054737565085e-12
18,19,84,Ir,0.46499999999999997,0.0,1.8233722599320195e-11
18,19,85,Pd,1.165,0.0,0.07956453396742275
18,19,86,Ru,0.337,0.0,1.2477811043855047e-13
18,19,87,Rh,0.728,0.0,5.11367675499525e-07
18,19,88,Rh,0.642,0.0,1.7959764653431663e-08
18,19,89,Ir,0.46199999999999997,0.0,1.6223304562245084e-11
18,19,90,Ir,0.491,0.0,5.018657221245275e-11
18,19,91,Pd,1.1999999999999997,0.0,0.020361007630423443
18,19,92,Pd,1.2369999999999999,0.0,0.004820088312293548
18,19,93,Pt,1.002,0.0,0.02201016414161326
18,19,94,Pd,1.1959999999999997,0.0,0.023792895436909184
18,19,95,Pt,0.903,0.0,0.0004659448922823808
18,19,96,Ir,0.441,0.0,7.1612224969196754e-12
18,19,97,Ru,0.267,0.0,8.17142673783408e-15
18,19,98,Pd,1.126,0.0,0.3633187483323681
18,19,99,Pd,1.259,0.0,0.002046401445947816
19,20,0,Pt,1.002,0.0,0.02201016414161326
19,20,1,Rh,0.883,0.0,0.0002138426898739644
19,20,2,Ru,0.336,0.0,1.2001247640822791e-13
19,20,3,Rh,0.718,0.0,3.4642816918984384e-07
19,20,4,Ru,0.333,0.0,1.0678011280661455e-13
19,20,5,Ir,0.49,0.0,4.826980303266388e-11
19,20,6,Pt,1.0319999999999998,0.0,0.07079188903283519
19,20,7,Pt,0.994,0.0,0.01611859646365416
19,20,8,Pd,1.246,0.0,0.003395055899581267
19,20,9,Pt,0.9869999999999999,0.0,0.012272786277536992
19,20,10,Pt,0.952,0.0,0.0031406744008052514
19,20,11,Pt,0.9179999999999999,0.0,0.0008356312354963933
19,20,12,Pd,1.165,0.0,0.07956453396742275
19,20,13,Pd,1.1569999999999998,0.0,0.10864646040508558
19,20,14,Pd,1.2219999999999998,0.0,0.008644404989340682
19,20,15,Ru,0.398,0.0,1.3420566612045448e-12
19,20,16,Ru,0.41900000000000004,0.0,3.040345969403468e-12
19,20,17,Pt,1.0150000000000001,0.0,0.036515678664958424
19,20,18,Pt,1.04,0.0,0.09666729364563734
19,20,19,Pd,1.175,0.0,0.053901326101326856
19,20,20,Rh,0.76,0.0,1.7779416616322601e-06
19,20,21,Ru,0.332,0.0,1.0270187394272752e-13
19,20,22,Pt,0.872,0.0,0.00013933567569157922
19,20,23,Pd,1.1320000000000001,0.0,0.2876178035167125
19,20,24,Ir,0.427,0.0,4.151634044859746e-12
19,20,25,Ir,0.508,0.0,9.72952545562778e-11
19,20,26,Ir,0.583,0.0,1.8050623536307158e-09
19,20,27,Ir,0.5329999999999999,0.0,2.5756796221192385e-10
19,20,28,Rh,0.767,0.0,2.335078891760866e-06
19,20,29,Rh,0.725,0.0,4.549851791221939e-07
19,20,30,Pt,0.887,0.0,0.0002498862950434844
19,20,31,Pd,1.1769999999999998,0.0,0.049862659132291556
19,20,32,Pd,1.172,0.0,0.06058086526676705
19,20,33,Rh,0.717,0.0,3.331970834941949e-07
19,20,34,Rh,0.7989999999999999,0.0,8.118686893543337e-06
19,20,35,Ir,0.5549999999999999,0.0,6.066748666237108e-10
19,20,36,Pt,1.028,0.0,0.060580865266766544
19,20,37,Pd,1.186,0.0,0.03512104013201044
19,20,38,Ir,0.372,0.0,4.875943463399468e-13
19,20,39,Ru,0.259,0.0,5.984141202765592e-15
19,20,40,Pd,1.2039999999999997,0.0,0.017424135403169595
19,20,41,Pt,0.9359999999999999,0.0,0.0016843440135395108
19,20,42,Pt,0.909,0.0,0.0005885814889969305
19,20,43,Pd,1.2009999999999998,0.0,0.01958336233258887
19,20,44,Ir,0.488,0.0,4.465308943375514e-11
19,20,45,Pt,0.9839999999999999,0.0,0.010919610547066654
19,20,46,Pd,1.157,0.0,0.1086464604050846
19,20,47,Pd,1.139,0.0,0.2189937467654075
19,20,48,Pd,1.1289999999999998,0.0,0.32325986508040055
19,20,49,Pd,1.158,0.0,0.10449694037179695
19,20,50,Ir,0.521,0.0,1.6141643597674488e-10
19,20,51,Rh,0.864,0.0,0.00010203901774712237
19,20,52,Pd,1.261,0.0,0.0018930706371732826
19,20,53,Pt,1.028,0.0,0.060580865266766544
19,20,54,Rh,0.855,0.0,7.187174730933618e-05
19,20,55,Rh,0.8109999999999999,0.0,1.2954775183537569e-05
19,20,56,Ir,0.408,0.0,1.9810294204243335e-12
19,20,57,Rh,0.667,0.0,4.754455913278308e-08
19,20,58,Rh,0.64,0.0,1.6614092598144596e-08
19,20,59,Pt,1.003,0.0,0.022884176497540792
19,20,60,Pt,1.0779999999999998,0.0,0.42455683658917387
19,20,61,Pt,1.033,0.0,0.07360299872361589
19,20,62,Ir,0.525,0.0,1.886234931347237e-10
19,20,63,Ir,0.525,0.0,1.886234931347237e-10
19,20,64,Ir,0.46299999999999997,0.0,1.686752368528977e-11
19,20,65,Pt,0.997,0.0,0.018116038904467294
19,20,66,Rh,0.749,0.0,1.1584716920169157e-06
19,20,67,Ru,0.24700000000000003,0.0,3.7502286271816955e-15
19,20,68,Pd,1.141,0.0,0.20258519292344457
19,20,69,Ru,0.393,0.0,1.1046146921010199e-12
19,20,70,Pt,0.987,0.0,0.012272786277537046
19,20,71,Rh,0.799,0.0,8.118686893543366e-06
19,20,72,Rh,0.733,0.0,6.212884910334501e-07
19,20,73,Ru,0.35700000000000004,0.0,2.718808076243149e-13
19,20,74,Rh,0.78,0.0,3.873982489192691e-06
19,20,75,Rh,0.722,0.0,4.048193171745505e-07
19,20,76,Pt,0.9339999999999999,0.0,0.001558141097507588
19,20,77,Ru,0.37200000000000005,0.0,4.875943463399502e-13
19,20,78,Pt,0.951,0.0,0.003020723034736021
19,20,79,Ru,0.304,0.0,3.451772485913581e-14
19,20,80,Ru,0.33,0.0,9.500672623577046e-14
19,20,81,Ru,0.316,0.0,5.50790258647538e-14
19,20,82,Pd,1.169,0.0,0.06808814368631662
19,20,83,Ir,0.437,0.0,6.128287592806025e-12
19,20,84,Ru,0.321,0.0,6.691851383386262e-14
19,20,85,Pd,1.2279999999999998,0.0,0.006843260324866629
19,20,86,Pt,0.963,0.0,0.004820088312293484
19,20,87,Rh,0.767,0.0,2.335078891760866e-06
19,20,88,Rh,0.777,0.0,3.446844024780788e-06
19,20,89,Rh,0.782,0.0,4.1877588779772394e-06
19,20,90,Ir,0.51,0.0,1.0517576349138788e-10
19,20,91,Ir,0.453,0.0,1.1426974423741632e-11
19,20,92,Pd,1.189,0.0,0.031248656301575913
19,20,93,Ir,0.423,0.0,3.5528022510023753e-12
19,20,94,Rh,0.785,0.0,4.7067127046100735e-06
19,20,95,Ir,0.497,0.0,6.339566736264532e-11
19,20,96,Pd,1.268,0.0,0.001441394192769647
19,20,97,Ir,0.46199999999999997,0.0,1.6223304562245084e-11
19,20,98,Pt,0.9249999999999999,0.0,0.001097485312039034
19,20,99,Rh,0.781,0.0,4.027816351603569e-06
