trial,composition_index,row_idx,col_idx,run,composition_sample_seed,random_slab_seed,cemc_seed,base_random_seed,seed_role,shuffle_algorithm,n_metal_sites,count_Ir,count_Pd,count_Pt,count_Rh,count_Ru,sampled_Ir,sampled_Pd,sampled_Pt,sampled_Rh,sampled_Ru,be_shift_Ir,be_shift_Pd,be_shift_Pt,be_shift_Rh,be_shift_Ru
0,0,0,0,0,16468964694737400880,16582454730871751806,14000401405610412978,20260805,initial_random_slab,mt19937_64_deterministic_fisher_yates_v1,1000,200,200,200,200,200,0.2,0.2,0.2,0.2,0.2,0,0,0,0,0
0,0,0,0,12,16468964694737400880,1443515807283142263,7286628132880246249,20260805,initial_random_slab,mt19937_64_deterministic_fisher_yates_v1,1000,200,200,200,200,200,0.2,0.2,0.2,0.2,0.2,0,0,0,0,0
0,0,0,0,1,16468964694737400880,9125889833822395313,4908332169525490625,20260805,initial_random_slab,mt19937_64_deterministic_fisher_yates_v1,1000,200,200,200,200,200,0.2,0.2,0.2,0.2,0.2,0,0,0,0,0
0,0,0,0,13,16468964694737400880,4130645873508720292,9557175574206631953,20260805,initial_random_slab,mt19937_64_deterministic_fisher_yates_v1,1000,200,200,200,200,200,0.2,0.2,0.2,0.2,0.2,0,0,0,0,0
0,0,0,0,2,16468964694737400880,10068114346831118066,5215093385384893585,20260805,initial_random_slab,mt19937_64_deterministic_fisher_yates_v1,1000,200,200,200,200,200,0.2,0.2,0.2,0.2,0.2,0,0,0,0,0
0,0,0,0,14,16468964694737400880,15132215127164468071,12344826843890631196,20260805,initial_random_slab,mt19937_64_deterministic_fisher_yates_v1,1000,200,200,200,200,200,0.2,0.2,0.2,0.2,0.2,0,0,0,0,0
0,0,0,0,3,16468964694737400880,14928777061427065097,17067637345272659072,20260805,initial_random_slab,mt19937_64_deterministic_fisher_yates_v1,1000,200,200,200,200,200,0.2,0.2,0.2,0.2,0.2,0,0,0,0,0
0,0,0,0,15,16468964694737400880,15284137876636972976,283117587075450821,20260805,initial_random_slab,mt19937_64_deterministic_fisher_yates_v1,1000,200,200,200,200,200,0.2,0.2,0.2,0.2,0.2,0,0,0,0,0
0,0,0,0,4,16468964694737400880,13191878672307107068,2902766269291827708,20260805,initial_random_slab,mt19937_64_deterministic_fisher_yates_v1,1000,200,200,200,200,200,0.2,0.2,0.2,0.2,0.2,0,0,0,0,0
0,0,0,0,16,16468964694737400880,6101781308464598779,3383654325499478088,20260805,initial_random_slab,mt19937_64_deterministic_fisher_yates_v1,1000,200,200,200,200,200,0.2,0.2,0.2,0.2,0.2,0,0,0,0,0
0,0,0,0,5,16468964694737400880,2750251450765359218,9945646346880872019,20260805,initial_random_slab,mt19937_64_deterministic_fisher_yates_v1,1000,200,200,200,200,200,0.2,0.2,0.2,0.2,0.2,0,0,0,0,0
0,0,0,0,17,16468964694737400880,13083072541570483286,16468964694737400880,20260805,initial_random_slab,mt19937_64_deterministic_fisher_yates_v1,1000,200,200,200,200,200,0.2,0.2,0.2,0.2,0.2,0,0,0,0,0
0,0,0,0,6,16468964694737400880,11144428548055082441,1305473602938290949,20260805,initial_random_slab,mt19937_64_deterministic_fisher_yates_v1,1000,200,200,200,200,200,0.2,0.2,0.2,0.2,0.2,0,0,0,0,0
0,0,0,0,18,16468964694737400880,17299290343490075020,1616872209106170686,20260805,initial_random_slab,mt19937_64_deterministic_fisher_yates_v1,1000,200,200,200,200,200,0.2,0.2,0.2,0.2,0.2,0,0,0,0,0
0,0,0,0,7,16468964694737400880,17508827008325013145,16746822247891688333,20260805,initial_random_slab,mt19937_64_deterministic_fisher_yates_v1,1000,200,200,200,200,200,0.2,0.2,0.2,0.2,0.2,0,0,0,0,0
0,0,0,0,19,16468964694737400880,10359292687749202231,6889628677011257898,20260805,initial_random_slab,mt19937_64_deterministic_fisher_yates_v1,1000,200,200,200,200,200,0.2,0.2,0.2,0.2,0.2,0,0,0,0,0
0,0,0,0,8,16468964694737400880,14252531318492484158,4714456352547182147,20260805,initial_random_slab,mt19937_64_deterministic_fisher_yates_v1,1000,200,200,200,200,200,0.2,0.2,0.2,0.2,0.2,0,0,0,0,0
0,0,0,0,9,16468964694737400880,15137841599792593762,740783770500429275,20260805,initial_random_slab,mt19937_64_deterministic_fisher_yates_v1,1000,200,200,200,200,200,0.2,0.2,0.2,0.2,0.2,0,0,0,0,0
0,0,0,0,10,16468964694737400880,10493875185197564679,15897779423375889081,20260805,initial_random_slab,mt19937_64_deterministic_fisher_yates_v1,1000,200,200,200,200,200,0.2,0.2,0.2,0.2,0.2,0,0,0,0,0
0,0,0,0,11,16468964694737400880,254234427026677142,18052297976954337309,20260805,initial_random_slab,mt19937_64_deterministic_fisher_yates_v1,1000,200,200,200,200,200,0.2,0.2,0.2,0.2,0.2,0,0,0,0,0
