0,-0.016293881562500445
1,-0.0441601437500001
2,-0.09934110593749956
3,-0.06480919312499989
4,-0.08179055812500025
5,-0.06552986999999977
6,-0.039672683437499856
7,-0.05482924593749949
8,-0.04628044906249951
9,-0.047911678437499994
10,-0.030938490312499844
11,-0.07859456812499932
12,-0.062314022187499596
13,-0.06589383656250014
14,-0.01903361312499996
15,-0.038047401562500305
16,-0.08394191062499967
17,-0.05982214062499924
18,-0.06378767343750003
19,-0.07840717187500079
20,-0.06736782156249976
21,-0.06021188625000029
22,-0.05515911531250062
23,-0.017894730937499936
24,-0.09403398531249962
25,-0.04951499406250015
26,-0.015516788750000288
27,-0.06887171593750008
28,-0.08108494218750018
29,-0.07640145281250099
30,-0.04644959937500026
31,-0.06981380156249983
32,-0.06413692187499986
33,-0.03592679062500004
34,-0.04936735531250047
35,-0.011054286250000267
36,-0.05796405625000034
37,-0.035781518124999856
38,-0.07991054656250007
39,-0.0730100231250006
40,-0.07499691156249977
41,-0.042270926562499866
42,-0.06319021906249933
43,-0.07207819781250002
44,-0.073868198125
45,-0.03532404937500022
46,-0.025731218124999344
47,-0.044173648437499935
48,-0.05732168062499987
49,-0.0738456921874997
50,-0.04724037250000013
51,-0.0777362356250002
52,-0.08444608031249956
53,-0.047406650312500354
54,-0.03433525312500052
55,-0.007787431875000195
56,-0.08693871843749967
57,-0.05049891281250041
58,-0.04884450750000102
59,-0.03848152250000059
60,-0.07172862999999996
61,-0.04255067031250004
62,-0.059259407499999917
63,-0.0547174253125009
64,-0.04259203406250034
65,-0.06609437375000038
66,-0.06428017812499931
67,-0.08734775500000058
68,-0.052382383437500124
69,-0.03324211187500037
70,-0.04762734562500004
71,-0.04258431312500033
72,-0.08051037187500043
73,-0.04820241125000013
74,-0.030837225312500216
75,-0.08857482281250029
76,-0.09877437437499914
77,-0.04028899124999974
78,-0.07330644624999927
79,-0.04061212062500008
80,-0.06962603156249969
81,-0.05427357687499956
82,-0.060069478437500656
83,-0.058915228750000104
84,-0.04711728968750073
85,-0.05828124468750051
86,-0.07812288843750004
87,-0.05791641312499962
88,-0.06452935999999987
89,-0.06060132718750033
90,-0.05742121812500045
91,-0.02976612062500017
92,-0.05048008468749998
93,-0.0961186103124998
94,-0.023760709374999855
95,-0.0691946200000002
96,-0.04985998343749998
97,0.0052435315624999035
98,-0.03750854281249971
99,-0.02126124281249986
100,-0.09115338062499934
101,-0.04737205781249987
102,-0.06341876968749993
103,-0.0709313615624998
104,-0.05707994187499921
105,-0.052902303437500464
106,-0.0205748271874997
107,-0.04701455031250035
108,-0.04679115843750026
109,-0.044100378125000006
110,-0.0641135703125002
111,-0.05826016843750015
112,-0.012546739374999838
113,-0.021614503124999906
114,-0.08085933999999995
115,-0.06275473781249996
116,-0.03930973281250072
117,-0.038155279062500824
118,-0.057428832187500056
119,-0.07523573874999911
120,-0.019112432500000054
121,-0.04433955968749981
122,-0.07195963375000058
123,-0.06688848593749963
124,-0.05898219875000077
125,-0.050354244062499554
126,-0.03721220531250058
127,-0.057136852500000224
128,-0.033985734999999906
129,-0.08266319281250034
130,-0.048538950937500935
131,-0.04715061406249976
132,-0.026254107187499542
133,-0.05733846843750001
134,-0.010416655312499579
135,-0.08920591187500015
136,-0.059014318124999576
137,-0.02658202500000062
138,-0.009858586250000023
139,-0.03365230718749945
140,-0.03850590500000006
141,-0.07239317999999972
142,-0.06459044343749998
143,-0.05785555937499964
144,-0.025322019687499697
145,-0.09215117687499941
146,-0.07234278562499963
147,-0.03517046437499971
148,-0.06527140125000042
149,-0.03380017968750071
150,-0.06747517031250005
151,-0.0684769812499999
152,-0.06281496812500009
153,-0.04066885000000031
154,-0.041553459687500016
155,-0.060298961562499365
156,-0.047056339374999645
157,-0.07264534937499967
158,-0.05018349031250047
159,-0.06674751531249967
160,-0.03443909875000006
161,-0.08940841343749995
162,-0.01607183687499969
163,-0.05697351687500074
164,-0.05286143656250086
165,-0.059406122812499795
166,-0.0689134100000004
167,-0.06659720906250044
168,-0.04303169781249938
169,-0.0719383931249995
170,-0.057992242812499484
171,-0.035425653437499705
172,-0.06572960593750032
173,-0.047874512500000854
174,-0.044715005312499834
175,-0.05270821406250015
176,-0.0733985537499997
177,-0.047893242187499574
178,-0.06769725250000036
179,-0.06277815781249974
180,-0.02343367062499979
181,-0.0599583640625001
182,-0.038387722499999555
183,-0.029697257812499878
184,-0.049636841562500145
185,-0.06820089718749944
186,-0.05787831687499967
187,-0.03486132843749967
188,-0.05033182249999957
189,-0.0683598475000009
190,-0.02993036062500032
191,-0.049187855312499806
192,-0.07884777624999995
193,-0.02938450281249949
194,-0.02934471843750064
195,-0.06465122593749939
196,-0.03313848750000048
197,-0.0541795374999996
198,0.0005168578124994383
199,-0.07095918437500082
200,-0.07042810906250008
201,-0.02806645468750002
202,-0.09355057468749983
203,-0.04120211843749999
204,-0.04968769187499955
205,-0.05134548843749975
206,-0.08256476812499969
207,-0.04939905906249997
208,-0.07923076750000035
209,-0.021543581562499803
210,-0.08356283250000018
211,-0.055982368125000015
212,-0.04756790843749936
213,-0.05960887062499953
214,-0.0862403374999996
215,-0.05408988000000026
216,-0.06051711812500038
217,-0.07102169062499986
218,-0.025240541874999245
219,-0.05888239999999989
220,-0.05512096906250008
221,-0.03671034406249962
222,-0.061005353125000106
223,-0.044534381874999696
224,-0.0557930187500002
225,-0.0563616549999999
226,-0.05671663812500061
227,-0.04688981781249968
228,-0.03429318249999991
229,-0.035679471875000424
230,-0.08155222187499955
231,-0.07461611749999975
232,-0.05672253375000036
233,-0.07729272312500068
234,-0.06222309500000023
235,-0.0537932315624996
236,-0.061464028750000566
237,-0.08148696062499994
238,-0.028821134687500027
239,-0.07418195093750057
240,-0.06265092031250052
241,-0.01973811093750033
242,-0.09178050500000001
243,-0.08801816250000005
244,-0.07412082593750036
245,-0.038228507812500645
246,-0.07481773968750005
247,-0.016077273125000957
248,-0.01602918375000062
249,-0.041487174374999825
250,-0.06313283656250057
251,-0.04559538812500019
252,-0.08217524968750034
253,-0.054721927812500404
254,-0.051434308437499965
255,-0.09036879687500043
256,-0.023544238749999558
257,-0.06554774093750027
258,-0.08499370656249994
259,-0.05084637812500059
260,-0.05874438593750053
261,-0.07130611593750036
262,-0.06671510312499951
263,-0.04683609000000111
264,0.003572420937500098
265,-0.0419091762499999
266,0.0013965428124995682
267,-0.008444954999999865
268,-0.08305908812500018
269,-0.025647071562500123
270,-0.051902264999999836
271,-0.03597875781249904
272,-0.09916888718750005
273,-0.0781497134374991
274,-0.05966733312499972
275,-0.02502221593749976
276,-0.09958423874999944
277,-0.05563430593749974
278,-0.05994647250000007
279,-0.056790954062500454
280,-0.015247065625000111
281,-0.08690733937500017
282,-0.09208458218749982
283,-0.05873671843750028
284,-0.06671470937500068
285,-0.02016696906250015
286,-0.05143065906249955
287,-0.042097439375000434
288,-0.04665974624999958
289,-0.09141901906249927
290,-0.08292812000000005
291,-0.06023163906250062
292,-0.07094459312499968
293,-0.09092645656250031
294,-0.03229067937500041
295,-0.053289648437499615
296,-0.044887830625000014
297,-0.08035675843749956
298,-0.0400204903125001
299,-0.04864110031250046
300,-0.0649054056249998
301,-0.05975913750000039
302,-0.05701669406249987
303,-0.006658480625000074
304,-0.04305080593749988
305,-0.037365646562499855
306,-0.056517801562499415
307,0.008220630000000284
308,-0.043025134687500355
309,-0.06796716187499996
310,-0.04551343031249999
311,-0.059032392812500056
312,-0.08293697593750071
313,-0.03379143312499977
314,-0.08732065031249991
315,-0.07703059906249976
316,-0.049309554375000175
317,-0.05553066031250076
318,-0.04719344562500005
319,-0.06828527562499964
320,-0.07096816656250038
321,-0.04246079687499993
322,-0.06973323906250073
323,-0.043836019375000035
324,-0.037347791562500454
325,-0.06208196749999928
326,-0.059404537187500495
327,-0.06992458781250033
328,-0.07947027812500007
329,-0.006647380312499784
330,-0.052405383437499786
331,-0.09505767656249997
332,-0.06294961187500014
333,-0.012492215312500221
334,-0.0628015253125005
335,-0.05895570125000038
336,-0.06215817968750059
337,-0.050555411562499764
338,-0.06665838968750037
339,-0.06673309812499983
340,-0.07731984124999958
341,-0.06537869875000002
342,-0.058828085937500774
343,-0.04212213968749978
344,-0.04541103624999998
345,-0.06780749812500009
346,-0.07512312375000008
347,-0.09452156156249991
348,-0.051177655000000044
349,-0.05907415500000024
350,-0.016650904062499805
351,-0.046315934687500615
352,-0.08528145562500011
353,-0.04982878593749973
354,-0.03988868562499981
355,-0.06339628937500041
356,-0.05975202937500068
357,-0.0682966943750003
358,-0.02888600187499968
359,-0.017859027187500764
360,-0.04916592906250017
361,-0.018980289374999515
362,-0.05885949812499991
363,-0.028753543125000114
364,-0.050510147187500465
365,-0.08094512531249975
366,-0.08884482062499988
367,-0.07589802843749993
368,-0.06835071375000012
369,-0.058140894375000585
370,-0.0322569009375
371,-0.03624070437500038
372,-0.04017919937500025
373,-0.07865861312499955
374,-0.06352934593749993
375,-0.0612199468750001
376,-0.06563809562500023
377,-0.04906953437499961
378,-0.042639406562500426
379,-0.07182188906249998
380,-0.05440227874999959
381,-0.022196651875000306
382,-0.04597678062499977
383,-0.06755464812500023
384,-0.04712575562500021
385,0.018205829374999816
386,-0.014796186250000787
387,-0.03685210843750042
388,-0.020631724687500075
389,-0.05250899531250042
390,-0.04934961468750032
391,-0.03987120187500004
392,-0.07468689812499996
393,-0.03750130093749959
394,-0.08093916656249966
395,-0.09287013218749962
396,-0.08722151312499982
397,-0.04738829468749994
398,-0.04926908687500031
399,-0.056367848749999894
400,-0.08933352156249974
401,-0.042799304687499706
402,-0.04197381156250035
403,-0.09214955687500037
404,-0.07844231656249967
405,-0.07101986124999993
406,-0.06784954500000051
407,-0.04202907937500022
408,-0.0689076959374999
409,-0.04207365375000016
410,-0.02264879281249943
411,-0.07860898343750033
412,-0.02824335843749992
413,-0.013202585937500011
414,-0.052298219374999455
415,-0.06314003312500027
416,-0.06689828187499991
417,-0.06566584718749979
418,-0.059563442812500256
419,-0.0541273987499995
420,-0.04455342218750058
421,-0.049975569062500114
422,-0.08778860687499979
423,-0.04219492406250058
424,-0.02449158406249996
425,-0.043324580624999776
426,-0.053187682187500585
427,-0.06204627531249951
428,-0.09624199062499983
429,-0.06451730906250042
430,-0.08009826218749971
431,-0.06648231937499993
432,-0.06481470125000044
433,-0.05235882187499996
434,-0.07500587250000024
435,-0.0412266056250008
436,-0.035965736250000546
437,-0.06875429906249941
438,-0.05707181718749954
439,-0.0611595856250009
440,-0.03667559750000038
441,-0.046068228749999385
442,-0.026071883750000246
443,-0.05320944375000014
444,-0.06139413343750011
445,-0.08572819187499992
446,-0.06152551000000006
447,-0.019874878124999995
448,-0.029238929062499253
449,-0.08134656406249974
450,-0.06289473750000063
451,-0.07741700249999983
452,-0.03680753062500042
453,0.011735248749999982
454,-0.029962043437500085
455,-0.04178973374999995
456,-0.10215285750000014
457,-0.04897606125000031
458,-0.054851359375000186
459,-0.05952124750000021
460,-0.05150331624999982
461,-0.052703000937499134
462,-0.03215281843749995
463,-0.04191613406249939
464,-0.057486314687499984
465,-0.05749961093749967
466,-0.055691283750000764
467,-0.023677981875000143
468,-0.04165615437499959
469,-0.07454260500000043
470,-0.05295671343750019
471,-0.0672629656249999
472,-0.048391367812500086
473,-0.08045758281250048
474,-0.05800222000000055
475,-0.09027290000000043
476,-0.060960623749999776
477,-0.06493980750000006
478,-0.06206040625000053
479,-0.02566790937499963
480,-0.05287285562499999
481,-0.07055242062499989
482,-0.0640706196875005
483,-0.07662289000000033
484,-0.049860121250000056
485,-0.07397434718749984
486,-0.02639248281249973
487,-0.03368847468749969
488,-0.03757845062499943
489,-0.06124358718750056
490,-0.08318485937499975
491,-0.00910673843749965
492,-0.046615033124999705
493,0.03236904968749954
494,-0.04091407968750005
495,0.010853810000000408
496,-0.01559340624999983
497,-0.05204491468750039
498,-0.059872861562499935
499,-0.047576200000000846
500,-0.029979675937500616
501,-0.08144266250000065
502,-0.049222020937500055
503,-0.05221755749999968
504,-0.0786314109374997
505,-0.047182700000000466
506,-0.0451746306249996
507,-0.0409750193750007
508,-0.051842612187500414
509,-0.05187743468750039
510,-0.04301937281250012
511,-0.05079773718749969
512,-0.04159497875000007
513,-0.05270344406249983
514,-0.04865791656249918
515,-0.05406209906250048
516,-0.05702682062500042
517,-0.0539800124999994
518,-0.05339093593750022
519,-0.0919631196874997
520,-0.047452924062500124
521,-0.05645097562500023
522,-0.06816925531250018
523,-0.06350899250000008
524,-0.05284002124999976
525,-0.04365032624999987
526,-0.055443081875000466
527,-0.06447665124999968
528,-0.033053074687500406
529,-0.09322490343750012
530,-0.0548028381249992
531,-0.03143984468750105
532,-0.08445635937500029
533,-0.08171472968750049
534,-0.048793294374999796
535,-0.05733038218749975
536,-0.0677115421875003
537,-0.06767662187500001
538,-0.07197658374999971
539,-0.07028168718750027
540,-0.08645465499999982
541,-0.04894835062500036
542,-0.005628976875000191
543,-0.06556251624999998
544,-0.04352592125000054
545,-0.050100659062500164
546,-0.042364967499999295
547,-0.0963440750000002
548,-0.08514734656249967
549,-0.06416080468749996
550,-0.049935212500000326
551,-0.057995311562499374
552,-0.08585929375000045
553,-0.06331580687499994
554,-0.09625450375
555,-0.05880418906250018
556,-0.06648083718750009
557,-0.04648815406249973
558,-0.04238599468749982
559,-0.08144305937500018
560,-0.03322671687500023
561,-0.05748474593749986
562,-0.034215873750000014
563,-0.0708382137500001
564,-0.03817428656250055
565,-0.08289919593749939
566,-0.0746668003124995
567,-0.07349492062499952
568,-0.04006343156250036
569,-0.038192739687500143
570,-0.04316847312500016
571,-0.03619747937499973
572,-0.004731292812500065
573,-0.06342467468750002
574,-0.05687446875000024
575,-0.06016201781249997
576,-0.044177330000000126
577,-0.017648290312499704
578,-0.004291834062500222
579,-0.0425222084375001
580,-0.023837979687500344
581,-0.005399680312500266
582,-0.0701064315625004
583,-0.0698336968750004
584,-0.049530987499999846
585,-0.07472370687499996
586,-0.03335471125000122
587,-0.0547744315625005
588,-0.05192851249999997
589,-0.03894379906250034
590,-0.03604708406250001
591,-0.06425738125000002
592,-0.05552663250000034
593,-0.06292387437500047
594,-0.09312406312499988
595,-0.06888830562500026
596,-0.06275764812500029
597,-0.023576868125000594
598,-0.05377853968750035
599,-0.06301814500000003
600,-0.07614817999999968
601,-0.05744740874999987
602,-0.03801140062499986
603,-0.05650812562500018
604,-0.05250786281250086
605,0.018888651562499525
606,-0.08921055281249934
607,-0.06684823124999983
608,-0.030816559999999882
609,-0.07624336281249988
610,-0.06973112281249971
611,-0.05347899312499926
612,-0.06061717499999997
613,-0.08142450125000078
614,-0.05924285187500011
615,-0.0443278818749997
616,-0.08505502187500014
617,-0.08061083312500017
618,-0.043640678437500746
619,-0.08815493343750003
620,-0.03682107875000007
621,-0.06840010937500018
622,-0.09690125156249962
623,-0.061825165000000126
624,-0.056661683125000195
625,-0.03975834562500058
626,-0.0671462231250004
627,-0.03072723156249957
628,-0.05407958031250004
629,-0.05845597874999964
630,-0.02723411218750016
631,-0.05854863687499989
632,-0.051025175624999974
633,-0.05257784218749961
634,-0.06697622343750087
635,-0.041768505625000785
636,-0.008473500937500766
637,-0.043979333437500046
638,-0.04143092343749988
639,-0.04668988968750032
640,-0.05081258656249954
641,-0.07636644687499938
642,-0.05104654093749961
643,-0.04115994687500013
644,-0.05176462406249982
645,-0.06862436843749986
646,-0.027224479999999218
647,-0.05913164531250015
648,-0.043184262812499874
649,-0.08146421124999925
650,-0.04855950625000016
651,-0.06350790968749997
652,-0.08964516656249977
653,0.0012852243749996717
654,-0.06020423843750056
655,-0.03602417843750061
656,-0.06334538187500005
657,-0.06278978906250021
658,-0.06302443781250044
659,-0.03931289156250006
660,-0.0626247668750004
661,-0.062036718124999446
662,-0.06813084125000035
663,-0.06702037375000014
664,-0.06343548968750046
665,-0.03918637187500007
666,-0.05582110624999981
667,-0.03573391875000009
668,-0.06502825281250058
669,-0.08521530437499969
670,-0.04532249499999974
671,-0.05520950062500063
672,-0.04793403937499985
673,-0.07646097312500011
674,-0.06415309031249983
675,-0.06900065625000007
676,-0.043037486562499616
677,-0.0328856043750001
678,-0.028959349999999162
679,-0.045844188124999796
680,-0.04390684812500023
681,-0.07927175500000061
682,0.005924917812500041
683,-0.06394109625000066
684,-0.0686271634375002
685,-0.04203105624999992
686,-0.03029653812500044
687,-0.08845009218749933
688,-0.08738289156250012
689,-0.06376544968749975
690,-0.06538902093750032
691,-0.07358365218749974
692,-0.05529438374999973
693,-0.05787891843749993
694,-0.04278763750000092
695,-0.049766010312500164
696,-0.043009250312500136
697,-0.07277687031249958
698,-0.0724206221874999
699,-0.025824765624999912
700,-0.06231961624999993
701,-0.05824840125000019
702,-0.02648463281250013
703,-0.0447950903124994
704,-0.052114297187499936
705,-0.04239961781249946
706,-0.038372022499999936
707,-0.07635262281249933
708,-0.0330884593749996
709,-0.059290518437499884
710,-0.06396889593750021
711,-0.08123767687500028
712,-0.0623083387500003
713,-0.06255584406250048
714,-0.08192034750000055
715,-0.04798995781249982
716,-0.03800267562500004
717,-0.05380303656249996
718,-0.06861445249999942
719,-0.04097753812499949
720,-0.039611692500000295
721,-0.05599475250000019
722,-0.05081410906249939
723,-0.049960154062500095
724,-0.06780881062499944
725,-0.04436630343750014
726,-0.003360420937499775
727,-0.09655963656249966
728,-0.04504109874999962
729,-0.04311862593749982
730,-0.04417961812499982
731,-0.05539232781250014
732,-0.03968800031250019
733,0.007391895000000481
734,-0.06111598593749967
735,-0.07702297999999974
736,-0.052631266562499945
737,-0.03883329656250023
738,-0.054282020000000486
739,-0.0954328237499995
740,0.009936847812499927
741,-0.07388755781250023
742,-0.0592590528125001
743,-0.03606218843749964
744,-0.07679293093749973
745,-0.053444204062500056
746,-0.05948536624999967
747,-0.08207641937499943
748,-0.03654357437500089
749,-0.04257612968750024
750,-0.026735890312500565
751,-0.0687527628125002
752,-0.06244773218750055
753,-0.08263537437500013
754,-0.05324581218749991
755,-0.0720082721874995
756,-0.042537837187500926
757,-0.045016018437499916
758,-0.040111274375000505
759,-0.023868201875000494
760,-0.03699858562500058
761,-0.07405179406250006
762,-0.013021489062500002
763,-0.07663176093750046
764,-0.07138972781249997
765,2.877500000053601e-06
766,-0.05631379750000054
767,-0.044126724375000315
768,-0.06906679812500016
769,-0.06897365593750049
770,-0.04778670343749969
771,-0.05664347000000003
772,-0.06847063187499991
773,-0.05308071968750028
774,-0.07794270156249983
775,-0.06859278187500006
776,-0.07044825687499934
777,-0.02979233875000009
778,-0.05941022562499931
779,0.0005152293749999259
780,-0.08648502250000067
781,-0.03862500906250066
782,-0.03806492218750002
783,-0.04628461500000025
784,-0.04702848749999955
785,-0.05917344468749963
786,-0.07756967906250001
787,-0.007098821875000105
788,-0.04151883187499994
789,-0.04650137468750071
790,-0.05141274906250004
791,-0.0703575959374998
792,-0.0613333490625001
793,-0.09042950437499986
794,-0.05811635500000012
795,-0.00873829343750021
796,-0.09732665468750046
797,-0.058639093437499845
798,-0.08529691531250005
799,-0.07978936968750006
800,-0.016000336250000302
801,-0.08000131531249988
802,-0.09956964437500027
803,-0.013254695937500394
804,-0.0014325896875009292
805,-0.03632522187499987
806,-0.030626025312499472
807,-0.07431552312499967
808,-0.06616642593750033
809,-0.04499602593749952
810,-0.06099202031249984
811,-0.061911583125000114
812,-0.06866568281250007
813,-0.051737386875000624
814,-0.07157482937499982
815,-0.04459532281249956
816,-0.06320637562499964
817,-0.09263088812499998
818,-0.052391703749999685
819,-0.06464327531250014
820,-0.07898487031249957
821,-0.0754684878124996
822,-0.041040136562500606
823,-0.0660472599999995
824,-0.059657982812499455
825,-0.06492509812500025
826,-0.060272550000000535
827,-0.009179475625000322
828,-0.051677120937499765
829,-0.07510054687500034
830,-0.09017374718750037
831,-0.03705261062499954
832,-0.06032615687499998
833,-0.034512395625000636
834,-0.06105118031250001
835,-0.08197830000000028
836,-0.046193819375000444
837,-0.06335645249999988
838,-0.04287022468750035
839,-0.054876350312500044
840,-0.07152830000000066
841,-0.04583966625000091
842,-0.06332735968749947
843,-0.089114816875
844,-0.023477190624999977
845,-0.058657119374999844
846,-0.035776046875000134
847,-0.06000225312499996
848,-0.08546637593750006
849,-0.06287423593750052
850,-0.047095431875000315
851,-0.05461605531249969
852,-0.0382535609375001
853,-0.07660698125000032
854,-0.06395675343750007
855,-0.06052641249999979
856,-0.03223642374999969
857,-0.054198822812500325
858,-0.05599303093750052
859,-0.08645547874999959
860,-0.04136065281250012
861,-0.08712461312499986
862,-0.05583239687500008
863,0.0048733131250005
864,-0.06294967843749966
865,-0.07085342593749999
866,-0.05408190125000001
867,-0.05317084249999926
868,-0.03381897124999966
869,-0.07719197718749982
870,-0.09696636999999964
871,-0.05300773562500005
872,-0.03930809218750042
873,-0.05023420687500035
874,-0.07511255624999968
875,-0.049097952500000375
876,-0.04555080468750017
877,-0.03887971000000068
878,-0.05795108812499983
879,-0.05489375593750001
880,-0.0735606712500001
881,-0.06631138687500027
882,-0.061950886250000003
883,-0.10106205343749952
884,-0.04192329375000092
885,-0.057758940624999866
886,-0.07209361687499971
887,-0.05171517812499982
888,-0.01311274625000003
889,-0.06790300843749986
890,-0.08208608718750021
891,-0.09964113812500042
892,-0.026945162499999675
893,-0.07817207156249939
894,-0.03824518374999997
895,-0.05743602062500042
896,-0.062335448750000744
897,-0.01890136406249976
898,-0.05542670562499996
899,-0.04497596093749934
900,-0.058853618750000614
901,-0.045414090625000014
902,-0.05434014062499948
903,-0.05589170156250045
904,-0.06750435718749959
905,-0.011726424999999985
906,-0.04670256749999968
907,-0.01821049250000062
908,-0.03585966718750022
909,-0.09765169656250006
910,-0.060556390624999956
911,-0.07778724531249992
912,-0.06937939281250038
913,-0.030194034374999568
914,-0.03276429437500017
915,-0.07694808968749989
916,-0.04007954312499962
917,-0.040069560937499915
918,-0.04356997968749976
919,-0.05487097937499996
920,0.033607987812500184
921,-0.05324908687499974
922,-0.04652781968749942
923,-0.07128386500000072
924,-0.07632026593749952
925,-0.06164853406249993
926,-0.04683504843749997
927,-0.075332805625
928,-0.0186176909374991
929,-0.05539232906249936
930,-0.02432469375000057
931,-0.016342387812500192
932,-0.07291189156249978
933,-0.06476744718750016
934,-0.054170247187499854
935,0.004996840937500302
936,0.04022233781249973
937,-0.04898678531249967
938,-0.04621898343749997
939,0.00016533187500034074
940,-0.08146325593749992
941,-0.09354081406250003
942,-0.05583744031249971
943,-0.07242438656250005
944,-0.06673499281249917
945,-0.06365842281249989
946,-0.08472608593749964
947,-0.035229373750000015
948,-0.0062486249999995636
949,-0.024191676875000567
950,-0.050527014062500264
951,-0.0783052624999998
952,-0.060915096875000074
953,-0.05668255124999977
954,-0.07556830937499992
955,-0.04285234249999981
956,-0.0680111753124999
957,-0.050506489062500215
958,-0.05294256562499999
959,-0.07458874999999932
960,-0.08284194468749995
961,-0.0813221390625003
962,-0.03664812093750047
963,-0.07773431562500033
964,-0.01058470593750016
965,-0.08180300687499908
966,-0.028104717499999765
967,-0.054187054687499625
968,-0.039572081562499584
969,-0.07016092718749967
970,-0.037964620312500585
971,-0.02527655281250052
972,-0.02573754718749921
973,-0.06973488593749977
974,-0.02525670937500024
975,-0.05163706281249958
976,-0.0759977843750006
977,-0.06079089031250007
978,-0.00037790687500027786
979,-0.0599669406250003
980,-0.026642178124999916
981,-0.04862359343750011
982,-0.07675435250000007
983,-0.028273041875000793
984,-0.05204110093750014
985,-0.05694318124999942
986,-0.04242956406250009
987,-0.0385828221875002
988,-0.047156448750000024
989,-0.0496728412499996
990,-0.06221944968750037
991,-0.06806009781250033
992,-0.05633538187499987
993,-0.05871981468749965
994,-0.06203982343750081
995,-0.06988203781250046
996,-0.01616323093749994
997,-0.03277979187499991
998,-0.06802061968750017
999,-0.08570475593749993
1000,-0.08645422749999998
1001,-0.08479348000000009
1002,-0.025062073437500665
1003,-0.04992712906249963
1004,-0.013168891562499674
1005,-0.029754172187499428
1006,-0.021489377500000018
1007,-0.07158881343749979
1008,-0.0495046959374994
1009,-0.014344610937500057
1010,-0.051199440937500285
1011,-0.04036552874999977
1012,-0.06224663468749991
1013,-0.05935680656249964
1014,-0.06909339968749961
1015,-0.026589637187499626
1016,-0.05386775687500034
1017,-0.04580726687500025
1018,-0.06051392218749996
1019,-0.06319972125000017
1020,-0.04941646874999961
1021,-0.06024016406250077
1022,-0.055888620000000166
1023,0.003285907499999574
1024,-0.03798334656250013
1025,-0.061070662187500346
1026,-0.07532158031250002
1027,-0.01631288281250054
1028,-0.025815960937499938
1029,-0.09296024125000013
1030,-0.08883255624999986
1031,-0.05868672218749982
1032,-0.06877942312500007
1033,-0.033829096562500105
1034,-0.04171622500000005
1035,-0.05116227062499945
1036,-0.09022476375000021
1037,-0.053157235937500324
1038,-0.04047975562499939
1039,-0.017260486875000147
1040,-0.032111121875000315
1041,-0.0596202143750002
1042,-0.0808489553124998
1043,-0.07519720500000027
1044,-0.06373926531249996
1045,-0.048132910625000136
1046,0.003722308750000458
1047,-0.011398970937499975
1048,-0.03757095250000031
1049,-0.030909614062499813
1050,-0.01528207218750044
1051,-0.07981947499999986
1052,-0.024949784999999558
1053,-0.09843703468749965
1054,-0.06083396156250043
1055,-0.07339812312500005
1056,-0.03814367468750035
1057,-0.05397518812500035
1058,-0.051900709062500106
1059,-0.04057931281250049
1060,-0.06398658874999974
1061,-0.07040687718749972
1062,-0.05454938031249945
1063,-0.08927404968749997
1064,-0.03958619750000025
1065,-0.056928389687500136
1066,-0.06226416968749948
1067,-0.06788483062500017
1068,-0.08436621062500027
1069,-0.07803556999999994
1070,-0.05094994156249921
1071,-0.06140717843750032
1072,-0.07371643093749913
1073,-0.04246761062499971
1074,-0.06265903999999978
1075,-0.03628061625000001
1076,-0.008225192500000311
1077,0.005798704999999238
1078,-0.05460013187500046
1079,-0.07762312781250014
1080,-0.09629357156250062
1081,-0.07421953187499941
1082,-0.051209706249999876
1083,-0.06886268000000051
1084,-0.09505195562499935
1085,-0.09734173937499957
1086,-0.06070272937499954
1087,-0.03352447874999953
1088,-0.05593206312500065
1089,-0.0403662143750001
1090,-0.018203280937500566
1091,-0.05257308437499919
1092,-0.0385955393750006
1093,-0.045074498750000025
1094,-0.0404326553124994
1095,-0.05870388906250046
1096,-0.053493000312500705
1097,-0.0410600087500006
1098,-0.047639635312499706
1099,-0.07184248812500016
1100,0.11820261759259172
1101,0.1365178155555561
1102,0.09151507166666623
1103,0.15596316388888876
1104,0.1286849709259267
1105,0.09582697074074005
1106,0.0974801253703706
1107,0.09387008296296265
1108,0.13132985685185275
1109,0.11454059166666647
1110,0.14337608166666704
1111,0.12715083314814726
1112,0.07994632796296354
1113,0.0982914053703715
1114,0.10746304333333283
1115,0.10916645407407352
1116,0.08930593870370326
1117,0.10593070814814853
1118,0.10005430166666605
1119,0.1132447025925924
1120,0.11828910555555518
1121,0.13311802944444492
1122,0.1100889055555559
1123,0.11383955500000054
1124,0.1313299168518519
1125,0.08732184648148215
1126,0.07154131814814735
1127,0.15360568333333322
1128,0.14652740259259223
1129,0.13735916574074
1130,0.0751250583333337
1131,0.13826076648148147
1132,0.10454866851851871
1133,0.19062364259259243
1134,0.09304042111111138
1135,0.10142943796296322
1136,0.12083767037037037
1137,0.14341255907407385
1138,0.08720950333333298
1139,0.12885400296296354
1140,0.09797056092592614
1141,0.1387078390740747
1142,0.13671835203703714
1143,0.14502060259259245
1144,0.10110193833333335
1145,0.08251578685185156
1146,0.0903851374074078
1147,0.09362628999999995
1148,0.08799205666666673
1149,0.13185341055555633
1150,0.07668660870370382
1151,0.17006504277777826
1152,0.13923014074074067
1153,0.11420049944444528
1154,0.10918536148148161
1155,0.1348760346296295
1156,0.1409986912962956
1157,0.13843190962962934
1158,0.10709948796296363
1159,0.15092822259259298
1160,0.1508808057407407
1161,0.07078331722222284
1162,0.10966804648148178
1163,0.08944322444444479
1164,0.11929847240740746
1165,0.12204974740740752
1166,0.13753920111111134
1167,0.12935256925925914
1168,0.09996588555555545
1169,0.1400101074074074
1170,0.12354455981481485
1171,0.13399914129629703
1172,0.10031521333333318
1173,0.09086224388888947
1174,0.17994660388888897
1175,0.09981526148148082
1176,0.09505240666666631
1177,0.09194844685185162
1178,0.08976065166666664
1179,0.10251309685185211
1180,0.14157318185185216
1181,0.10015438851851854
1182,0.09156388166666758
1183,0.08112239759259304
1184,0.10934817925926016
1185,0.05598284537037065
1186,0.0992583148148143
1187,0.11324092833333284
1188,0.17227365611111095
1189,0.10068216648148075
1190,0.17000322740740667
1191,0.09789678870370301
1192,0.07460463462962884
1193,0.12566338648148156
1194,0.10044109629629677
1195,0.05564370407407392
1196,0.11222942166666725
1197,0.12223452888888965
1198,0.11831505962962928
1199,0.09064493629629654
1200,0.15994640129629703
1201,0.0944067105555546
1202,0.11441917555555497
1203,0.0976377666666666
1204,0.053565787407407056
1205,0.1003152277777775
1206,0.12060713814814769
1207,0.09069755111111093
1208,0.09698472777777759
1209,0.10015650185185253
1210,0.16448282074074005
1211,0.1328801875925931
1212,0.17992738055555593
1213,0.14353634870370355
1214,0.1006461144444449
1215,0.09516924851851838
1216,0.11836998796296375
1217,0.15628942851851788
1218,0.11595668907407407
1219,0.10842560925925893
1220,0.1249692053703705
1221,0.14567322018518464
1222,0.196201286296296
1223,0.1555078814814808
1224,0.11483161055555566
1225,0.130311167777778
1226,0.08796440388888876
1227,0.1352364970370369
1228,0.08062349425925938
1229,0.12817775333333417
1230,0.1400887807407411
1231,0.12064021833333316
1232,0.10643008796296272
1233,0.10514079537037026
1234,0.1092696787037034
1235,0.10123923611111094
1236,0.08632694055555555
1237,0.09058275537036993
1238,0.1122875520370367
1239,0.17772185092592577
1240,0.10523780111111171
1241,0.12824105814814857
1242,0.13285926407407353
1243,0.11570420166666677
1244,0.11090970814814859
1245,0.1332231398148146
1246,0.07499582055555509
1247,0.12714718055555616
1248,0.12834004407407337
1249,0.12221881907407385
1250,0.12155819129629701
1251,0.12849631425925903
1252,0.1377810596296298
1253,0.15059056574074037
1254,0.11540319333333413
1255,0.13186090481481524
1256,0.14656449814814912
1257,0.15916751296296217
1258,0.14940146055555467
1259,0.14282951759259244
1260,0.13640871037037
1261,0.0900091588888893
1262,0.12474502740740769
1263,0.14405697314814733
1264,0.15894322148148132
1265,0.07784814574074096
1266,0.12593217833333337
1267,0.12347263314814814
1268,0.09837462314814827
1269,0.14027395351851835
1270,0.12005926981481496
1271,0.13642484629629706
1272,0.11288386777777794
1273,0.13144795259259257
1274,0.13778840370370335
1275,0.11994410185185121
1276,0.1364169070370367
1277,0.12487411388888893
1278,0.08313686481481485
1279,0.11663837759259313
1280,0.14167870629629598
1281,0.10698978685185155
1282,0.10954762092592635
1283,0.1572157238888889
1284,0.09726009648148158
1285,0.12292374925925953
1286,0.10783917055555615
1287,0.06216474037037019
1288,0.18356430944444396
1289,0.15861086888888934
1290,0.14914488166666656
1291,0.14115918944444442
1292,0.08394668148148055
1293,0.1424876170370371
1294,0.1188255940740743
1295,0.11264964851851868
1296,0.09683559722222307
1297,0.13539782296296335
1298,0.07103381240740755
1299,0.11301442481481495
1300,0.11552264277777782
1301,0.13960000925925864
1302,0.1708923564814808
1303,0.13757771925925985
1304,0.07412806870370311
1305,0.12750977092592616
1306,0.08836272074074082
1307,0.10904567500000019
1308,0.09929883592592621
1309,0.11242391407407443
1310,0.14278820666666653
1311,0.1113094694444446
1312,0.10624645259259245
1313,0.1055900607407407
1314,0.11689076981481447
1315,0.088013229814815
1316,0.13061019425925927
1317,0.12096541277777764
1318,0.10502916592592568
1319,0.14491041740740757
1320,0.14287239555555528
1321,0.11095053055555582
1322,0.13654426296296224
1323,0.10376009370370369
1324,0.1273032290740751
1325,0.18819231037037054
1326,0.1365788631481482
1327,0.18604313259259206
1328,0.13674768296296289
1329,0.09587288962963056
1330,0.13655608111111162
1331,0.10927200611111074
1332,0.08929010074074081
1333,0.14935853240740682
1334,0.11827785222222234
1335,0.1441184346296293
1336,0.13219096629629656
1337,0.16590867370370407
1338,0.13769596055555594
1339,0.11647870407407439
1340,0.1517656707407403
1341,0.15429387462962954
1342,0.12253608962962896
1343,0.11893903129629596
1344,0.13934030907407402
1345,0.10487159574074036
1346,0.11888351703703709
1347,0.15508947851851876
1348,0.11854694944444465
1349,0.09397713611111123
1350,0.16347723388888843
1351,0.0638985646296301
1352,0.1476333448148142
1353,0.10406428851851922
1354,0.13160894296296252
1355,0.1236167029629632
1356,0.08203259055555581
1357,0.10444427833333289
1358,0.12361547037037074
1359,0.1446469098148142
1360,0.14598743870370376
1361,0.12959074981481494
1362,0.10414467259259284
1363,0.16549559685185183
1364,0.0826681505555558
1365,0.08633879611111149
1366,0.11560432777777775
1367,0.17802825833333327
1368,0.13990385611111097
1369,0.12648952796296356
1370,0.14540352462963016
1371,0.1509882411111105
1372,0.10715961296296289
1373,0.11677764703703618
1374,0.09102243000000006
1375,0.1149897377777778
1376,0.09958101425925958
1377,0.1156506398148146
1378,0.1176778655555558
1379,0.17259698388888906
1380,0.09461892703703677
1381,0.10982343537037098
1382,0.15251093648148148
1383,0.14404353351851865
1384,0.1394857168518513
1385,0.1701699127777774
1386,0.18728247407407525
1387,0.1036984688888883
1388,0.13046874592592628
1389,0.1350716257407414
1390,0.11003412611111159
1391,0.08590554944444445
1392,0.09309333981481469
1393,0.12728935925925994
1394,0.14083398870370392
1395,0.1141047674074074
1396,0.13209411648148156
1397,0.1266762642592596
1398,0.14770322574074052
1399,0.11805503592592635
1400,0.11688220537036985
1401,0.1355891316666676
1402,0.11105639629629611
1403,0.10720657388888968
1404,0.08533091111111078
1405,0.07242523148148115
1406,0.15302759574074096
1407,0.12095752333333268
1408,0.09515221555555534
1409,0.12149735166666649
1410,0.12981412481481572
1411,0.14080707537037065
1412,0.0664661796296297
1413,0.08415231129629636
1414,0.15525051222222272
1415,0.12457169685185195
1416,0.12098489907407384
1417,0.14130957796296298
1418,0.07327556611111129
1419,0.09650209740740723
1420,0.09321196796296215
1421,0.10238424018518483
1422,0.13386115000000026
1423,0.10253496537037078
1424,0.1192479155555559
1425,0.15614639555555612
1426,0.11114204944444463
1427,0.13612921833333336
1428,0.08337679296296217
1429,0.13785253722222202
1430,0.15447327796296353
1431,0.14779946629629612
1432,0.0969622698148153
1433,0.14252945000000047
1434,0.12103429314814838
1435,0.11160053333333264
1436,0.12342486907407399
1437,0.11743712203703761
1438,0.10090973555555525
1439,0.09989977907407403
1440,0.12210342592592521
1441,0.08119508037037067
1442,0.1412973575925923
1443,0.10373540888888834
1444,0.1620883559259259
1445,0.12166573129629628
1446,0.15420121648148105
1447,0.18039791000000008
1448,0.16341369074074005
1449,0.1276006583333324
1450,0.16143159777777782
1451,0.14856528611111197
1452,0.11181884592592597
1453,0.1325027714814816
1454,0.1083182307407408
1455,0.09659428259259231
1456,0.15403876240740735
1457,0.11126760703703764
1458,0.09352641333333306
1459,0.09570219870370364
1460,0.0955547599999999
1461,0.11833712444444418
1462,0.0941487351851846
1463,0.1024219918518512
1464,0.09648430351851887
1465,0.11015026703703644
1466,0.07411181185185212
1467,0.12099287037037032
1468,0.06635624481481484
1469,0.1349151179629631
1470,0.1715598833333329
1471,0.12254967722222221
1472,0.15335421907407412
1473,0.11174809870370352
1474,0.1225341133333323
1475,0.09627717925925838
1476,0.12911119370370358
1477,0.1145643042592589
1478,0.18031337092592623
1479,0.18024172129629631
1480,0.1650933444444444
1481,0.11779936203703721
1482,0.11114911814814832
1483,0.12705957000000012
1484,0.1413554409259253
1485,0.08552400925925899
1486,0.12906126000000082
1487,0.15163706611111105
1488,0.11193045388888992
1489,0.055338050740739726
1490,0.15267087777777777
1491,0.10074680222222211
1492,0.11974030314814854
1493,0.1142409875925923
1494,0.16426791185185152
1495,0.10321919870370337
1496,0.10094543111111104
1497,0.14339832277777706
1498,0.1563624364814818
1499,0.11476483018518445
1500,0.1028964688888889
1501,0.13136081888888876
1502,0.082531402962963
1503,0.08210599129629646
1504,0.09709655907407413
1505,0.16911966518518565
1506,0.11886704685185194
1507,0.09041377203703649
1508,0.0850697016666665
1509,0.09730119074074052
1510,0.11997258462962969
1511,0.0973040811111111
1512,0.12731075240740694
1513,0.131816741296296
1514,0.11184414259259327
1515,0.09868460611111084
1516,0.11760237814814795
1517,0.19411407611111103
1518,0.06970526092592666
1519,0.09501821296296216
1520,0.11670294759259213
1521,0.12488672759259233
1522,0.11473206518518576
1523,0.09337867018518548
1524,0.16011893555555531
1525,0.11643147000000066
1526,0.14747182259259262
1527,0.11485117277777696
1528,0.11006512796296243
1529,0.09583202925925868
1530,0.16018398629629538
1531,0.13335700092592565
1532,0.09898563833333343
1533,0.17853073037037104
1534,0.11555240462962922
1535,0.11478080907407409
1536,0.1422661525925927
1537,0.16100822574074097
1538,0.10741800111111072
1539,0.15421937999999963
1540,0.15084860796296262
1541,0.08428633370370323
1542,0.057401975000000556
1543,0.11759855962963085
1544,0.10233752777777791
1545,0.1577889377777787
1546,0.11739027259259337
1547,0.11333902629629557
1548,0.1161301290740737
1549,0.10991044129629565
1550,0.17442050592592612
1551,0.10548037111111078
1552,0.0926567264814819
1553,0.11999918666666708
1554,0.10962702777777728
1555,0.10271244907407448
1556,0.11864772907407393
1557,0.1332313529629632
1558,0.1029108040740741
1559,0.10694226129629669
1560,0.054166509074073485
1561,0.11819373351851865
1562,0.1616394059259255
1563,0.14245074259259305
1564,0.08672576370370343
1565,0.14189885481481476
1566,0.09790837629629605
1567,0.10438838222222137
1568,0.09938668833333332
1569,0.10527246796296355
1570,0.13141195851851936
1571,0.10443389611111166
1572,0.145732748148148
1573,0.13228327018518582
1574,0.07989239259259236
1575,0.1340704127777778
1576,0.09995444074074082
1577,0.16964450092592642
1578,0.129265997037038
1579,0.12660668259259203
1580,0.16834766333333298
1581,0.06790907222222237
1582,0.1851321387037038
1583,0.18205677851851845
1584,0.10514904962962995
1585,0.1339530387037034
1586,0.10348910481481519
1587,0.11624072055555613
1588,0.17770733148148143
1589,0.08482446425925984
1590,0.1469020994444442
1591,0.11644127648148128
1592,0.135827728333333
1593,0.09978927759259246
1594,0.12849698240740773
1595,0.07157961333333286
1596,0.12656831314814732
1597,0.1411361311111113
1598,0.08484974907407326
1599,0.08609443148148127
1600,0.13900284092592638
1601,0.09817025851851811
1602,0.18469963092592653
1603,0.14584322037037026
1604,0.1332879138888885
1605,0.1172436537037032
1606,0.11994499000000074
1607,0.11061114740740698
1608,0.09962192814814823
1609,0.09726628833333259
1610,0.15504675629629597
1611,0.09334595648148168
1612,0.08416194222222215
1613,0.13113605574074078
1614,0.18708223629629592
1615,0.12463379222222144
1616,0.12668442407407468
1617,0.12593181962962932
1618,0.08797726833333391
1619,0.10918045870370305
1620,0.09898809148148126
1621,0.14658739240740748
1622,0.09303050055555567
1623,0.11540987518518435
1624,0.07510376888888846
1625,0.12049126074074092
1626,0.11372356703703683
1627,0.11273752148148185
1628,0.13203291851851873
1629,0.10148970518518488
1630,0.07250906185185226
1631,0.11692780851851863
1632,0.12273607425925935
1633,0.15391770740740712
1634,0.09196219611111137
1635,0.14625962462962938
1636,0.10113199925925924
1637,0.09392653574074138
1638,0.11725667074074092
1639,0.0823774803703701
1640,0.09896963759259249
1641,0.1309311137037041
1642,0.13658609000000024
1643,0.11290347259259298
1644,0.0845957646296298
1645,0.1214543175925929
1646,0.11772521722222277
1647,0.1453622070370365
1648,0.1331715635185194
1649,0.0854412388888898
1650,0.1133733646296304
1651,0.17894890796296287
1652,0.14558886962962939
1653,0.1377184359259268
1654,0.10453361351851927
1655,0.0960750294444442
1656,0.15112878703703708
1657,0.12783705222222214
1658,0.16909010185185236
1659,0.15774691703703703
1660,0.11411051444444441
1661,0.11230379666666632
1662,0.058487167037035895
1663,0.1187068846296292
1664,0.11331166999999953
1665,0.12930007666666601
1666,0.09268969370370322
1667,0.08558369129629652
1668,0.11976617777777834
1669,0.1250830325925931
1670,0.18637774888888872
1671,0.12072963166666652
1672,0.11704723055555527
1673,0.11235347555555529
1674,0.08307003870370346
1675,0.11239523814814827
1676,0.08961950814814815
1677,0.17649328462963004
1678,0.12841396111111147
1679,0.13429596703703708
1680,0.14410119037036975
1681,0.10257856351851855
1682,0.1385597294444444
1683,0.129925205555555
1684,0.12159990592592686
1685,0.11606312462962963
1686,0.11372654888888986
1687,0.12642719666666624
1688,0.14083465333333342
1689,0.10316552944444492
1690,0.1128689974074072
1691,0.07686045574074021
1692,0.10630702592592595
1693,0.10170679074074045
1694,0.13364046240740712
1695,0.13115119722222188
1696,0.14956518481481482
1697,0.04930365203703799
1698,0.10719025388888886
1699,0.13008260240740738
1700,0.13429360888888883
1701,0.11369428555555475
1702,0.13044041777777798
1703,0.07838947296296321
1704,0.11487358000000035
1705,0.1327761079629618
1706,0.13643328555555614
1707,0.12825971111111142
1708,0.1071577635185187
1709,0.0838291709259259
1710,0.11507859166666608
1711,0.09859866314814815
1712,0.15372532870370353
1713,0.08461737925925925
1714,0.13912639388888798
1715,0.06338630481481447
1716,0.11174239574074081
1717,0.13153978037036987
1718,0.17585483833333362
1719,0.15303336462962924
1720,0.13603960629629658
1721,0.11060332759259318
1722,0.0973141825925931
1723,0.12091465185185223
1724,0.08837544537037077
1725,0.08415948462962951
1726,0.10417855092592593
1727,0.1348655288888886
1728,0.11085805314814828
1729,0.1696742227777777
1730,0.1297654031481483
1731,0.13662159444444383
1732,0.11567510166666697
1733,0.10702031074074132
1734,0.08962483796296354
1735,0.1240028275925919
1736,0.14133847851851905
1737,0.11067909185185146
1738,0.10944371537037038
1739,0.1089590648148144
1740,0.15928140333333354
1741,0.12095702537037048
1742,0.09157083648148151
1743,0.15096091092592628
1744,0.10512166074074074
1745,0.1332362116666664
1746,0.08079402148148115
1747,0.15039819074074132
1748,0.10970755999999972
1749,0.13692431592592572
1750,0.14213979944444463
1751,0.09641867740740782
1752,0.14866255537037046
1753,0.0914454446296302
1754,0.14364053018518538
1755,0.07439582037036985
1756,0.07174537481481445
1757,0.16347178555555522
1758,0.1880849455555554
1759,0.11215168703703664
1760,0.15000703203703783
1761,0.15800051499999979
1762,0.10783295314814828
1763,0.17425502351851893
1764,0.12395962333333285
1765,0.0906805881481487
1766,0.09721091407407424
1767,0.11843848222222235
1768,0.16594027314814785
1769,0.09344738796296202
1770,0.12019187481481532
1771,0.1387320981481484
1772,0.11109170685185177
1773,0.20316870037037107
1774,0.0889289877777786
1775,0.14113636851851863
1776,0.13940625629629722
1777,0.18442973777777744
1778,0.1378581031481474
1779,0.11991982111111152
1780,0.10974631166666671
1781,0.15053911462962966
1782,0.13782615648148172
1783,0.11485791481481485
1784,0.129142393148148
1785,0.15466434203703674
1786,0.1334004150000007
1787,0.1348785083333334
1788,0.131211706481481
1789,0.07349618462963028
1790,0.11968948796296187
1791,0.111126337407408
1792,0.1284462818518511
1793,0.16653795388888978
1794,0.12406157259259329
1795,0.16372085740740805
1796,0.19153748240740734
1797,0.12520980388888944
1798,0.11961855018518534
1799,0.08662852074074105
