identifier,kind,split
0,bulk,fit
1,bulk,fit
2,bulk,fit
3,bulk,fit
4,bulk,fit
5,bulk,fit
6,bulk,fit
7,bulk,fit
8,bulk,fit
9,bulk,fit
10,bulk,fit
11,bulk,fit
12,bulk,fit
13,bulk,holdout
14,bulk,holdout
15,bulk,fit
16,bulk,fit
17,bulk,fit
18,bulk,fit
19,bulk,fit
20,bulk,holdout
21,bulk,holdout
22,bulk,fit
23,bulk,fit
24,bulk,fit
25,bulk,fit
26,bulk,fit
27,bulk,holdout
28,bulk,fit
29,bulk,fit
30,bulk,fit
31,bulk,fit
32,bulk,holdout
33,bulk,fit
34,bulk,holdout
35,bulk,fit
36,bulk,fit
37,bulk,fit
38,bulk,fit
39,bulk,fit
40,bulk,holdout
41,bulk,fit
42,bulk,fit
43,bulk,fit
44,bulk,fit
45,bulk,fit
46,bulk,fit
47,bulk,holdout
48,bulk,fit
49,bulk,fit
50,bulk,fit
51,bulk,fit
52,bulk,fit
53,bulk,fit
54,bulk,fit
55,bulk,fit
56,bulk,fit
57,bulk,fit
58,bulk,fit
59,bulk,fit
60,bulk,fit
61,bulk,fit
62,bulk,fit
63,bulk,fit
64,bulk,holdout
65,bulk,fit
66,bulk,fit
67,bulk,fit
68,bulk,fit
69,bulk,fit
70,bulk,fit
71,bulk,fit
72,bulk,fit
73,bulk,fit
74,bulk,fit
75,bulk,fit
76,bulk,fit
77,bulk,fit
78,bulk,fit
79,bulk,fit
80,bulk,fit
81,bulk,fit
82,bulk,fit
83,bulk,fit
84,bulk,fit
85,bulk,fit
86,bulk,fit
87,bulk,holdout
88,bulk,fit
89,bulk,fit
90,bulk,fit
91,bulk,holdout
92,bulk,fit
93,bulk,fit
94,bulk,fit
95,bulk,fit
96,bulk,fit
97,bulk,fit
98,bulk,holdout
99,bulk,fit
100,bulk,fit
101,bulk,fit
102,bulk,fit
103,bulk,fit
104,bulk,fit
105,bulk,fit
106,bulk,fit
107,bulk,fit
108,bulk,fit
109,bulk,fit
110,bulk,fit
111,bulk,fit
112,bulk,fit
113,bulk,fit
114,bulk,fit
115,bulk,fit
116,bulk,fit
117,bulk,fit
118,bulk,fit
119,bulk,fit
120,bulk,fit
121,bulk,holdout
122,bulk,fit
123,bulk,fit
124,bulk,fit
125,bulk,fit
126,bulk,fit
127,bulk,fit
128,bulk,fit
129,bulk,fit
130,bulk,holdout
131,bulk,fit
132,bulk,fit
133,bulk,fit
134,bulk,holdout
135,bulk,fit
136,bulk,fit
137,bulk,fit
138,bulk,fit
139,bulk,fit
140,bulk,fit
141,bulk,fit
142,bulk,fit
143,bulk,fit
144,bulk,fit
145,bulk,fit
146,bulk,fit
147,bulk,fit
148,bulk,fit
149,bulk,fit
150,bulk,fit
151,bulk,fit
152,bulk,fit
153,bulk,fit
154,bulk,fit
155,bulk,fit
156,bulk,fit
157,bulk,fit
158,bulk,fit
159,bulk,fit
160,bulk,fit
161,bulk,holdout
162,bulk,fit
163,bulk,fit
164,bulk,fit
165,bulk,fit
166,bulk,holdout
167,bulk,fit
168,bulk,fit
169,bulk,fit
170,bulk,fit
171,bulk,fit
172,bulk,fit
173,bulk,fit
174,bulk,fit
175,bulk,fit
176,bulk,fit
177,bulk,fit
178,bulk,fit
179,bulk,fit
180,bulk,fit
181,bulk,fit
182,bulk,fit
183,bulk,fit
184,bulk,fit
185,bulk,fit
186,bulk,fit
187,bulk,holdout
188,bulk,fit
189,bulk,holdout
190,bulk,fit
191,bulk,fit
192,bulk,fit
193,bulk,fit
194,bulk,fit
195,bulk,fit
196,bulk,fit
197,bulk,fit
198,bulk,fit
199,bulk,fit
200,bulk,holdout
201,bulk,holdout
202,bulk,fit
203,bulk,fit
204,bulk,fit
205,bulk,holdout
206,bulk,fit
207,bulk,fit
208,bulk,fit
209,bulk,fit
210,bulk,fit
211,bulk,fit
212,bulk,fit
213,bulk,fit
214,bulk,fit
215,bulk,fit
216,bulk,holdout
217,bulk,fit
218,bulk,fit
219,bulk,fit
220,bulk,fit
221,bulk,fit
222,bulk,fit
223,bulk,fit
224,bulk,fit
225,bulk,fit
226,bulk,fit
227,bulk,fit
228,bulk,fit
229,bulk,fit
230,bulk,holdout
231,bulk,fit
232,bulk,fit
233,bulk,fit
234,bulk,fit
235,bulk,fit
236,bulk,fit
237,bulk,fit
238,bulk,fit
239,bulk,fit
240,bulk,fit
241,bulk,holdout
242,bulk,fit
243,bulk,fit
244,bulk,fit
245,bulk,fit
246,bulk,fit
247,bulk,fit
248,bulk,fit
249,bulk,fit
250,bulk,fit
251,bulk,fit
252,bulk,holdout
253,bulk,fit
254,bulk,fit
255,bulk,fit
256,bulk,fit
257,bulk,fit
258,bulk,fit
259,bulk,fit
260,bulk,fit
261,bulk,fit
262,bulk,fit
263,bulk,fit
264,bulk,fit
265,bulk,fit
266,bulk,fit
267,bulk,fit
268,bulk,fit
269,bulk,holdout
270,bulk,fit
271,bulk,fit
272,bulk,fit
273,bulk,fit
274,bulk,fit
275,bulk,fit
276,bulk,holdout
277,bulk,fit
278,bulk,fit
279,bulk,fit
280,bulk,fit
281,bulk,fit
282,bulk,fit
283,bulk,fit
284,bulk,fit
285,bulk,fit
286,bulk,fit
287,bulk,fit
288,bulk,holdout
289,bulk,fit
290,bulk,fit
291,bulk,fit
292,bulk,fit
293,bulk,fit
294,bulk,fit
295,bulk,holdout
296,bulk,fit
297,bulk,fit
298,bulk,fit
299,bulk,fit
300,bulk,fit
301,bulk,fit
302,bulk,fit
303,bulk,fit
304,bulk,fit
305,bulk,fit
306,bulk,fit
307,bulk,fit
308,bulk,fit
309,bulk,fit
310,bulk,fit
311,bulk,fit
312,bulk,fit
313,bulk,fit
314,bulk,fit
315,bulk,holdout
316,bulk,fit
317,bulk,fit
318,bulk,fit
319,bulk,fit
320,bulk,fit
321,bulk,fit
322,bulk,fit
323,bulk,fit
324,bulk,fit
325,bulk,fit
326,bulk,fit
327,bulk,fit
328,bulk,fit
329,bulk,fit
330,bulk,holdout
331,bulk,fit
332,bulk,fit
333,bulk,fit
334,bulk,fit
335,bulk,fit
336,bulk,fit
337,bulk,holdout
338,bulk,fit
339,bulk,fit
340,bulk,fit
341,bulk,fit
342,bulk,fit
343,bulk,holdout
344,bulk,fit
345,bulk,fit
346,bulk,fit
347,bulk,fit
348,bulk,fit
349,bulk,fit
350,bulk,fit
351,bulk,fit
352,bulk,fit
353,bulk,fit
354,bulk,fit
355,bulk,fit
356,bulk,fit
357,bulk,fit
358,bulk,fit
359,bulk,fit
360,bulk,fit
361,bulk,fit
362,bulk,fit
363,bulk,fit
364,bulk,fit
365,bulk,fit
366,bulk,fit
367,bulk,fit
368,bulk,fit
369,bulk,fit
370,bulk,fit
371,bulk,fit
372,bulk,fit
373,bulk,fit
374,bulk,fit
375,bulk,fit
376,bulk,fit
377,bulk,fit
378,bulk,holdout
379,bulk,holdout
380,bulk,fit
381,bulk,fit
382,bulk,fit
383,bulk,fit
384,bulk,fit
385,bulk,holdout
386,bulk,fit
387,bulk,holdout
388,bulk,fit
389,bulk,fit
390,bulk,fit
391,bulk,holdout
392,bulk,fit
393,bulk,fit
394,bulk,fit
395,bulk,fit
396,bulk,fit
397,bulk,fit
398,bulk,fit
399,bulk,fit
400,bulk,fit
401,bulk,holdout
402,bulk,fit
403,bulk,fit
404,bulk,fit
405,bulk,fit
406,bulk,holdout
407,bulk,fit
408,bulk,fit
409,bulk,fit
410,bulk,fit
411,bulk,fit
412,bulk,fit
413,bulk,fit
414,bulk,fit
415,bulk,fit
416,bulk,fit
417,bulk,fit
418,bulk,holdout
419,bulk,fit
420,bulk,fit
421,bulk,fit
422,bulk,fit
423,bulk,fit
424,bulk,fit
425,bulk,fit
426,bulk,fit
427,bulk,fit
428,bulk,fit
429,bulk,fit
430,bulk,fit
431,bulk,fit
432,bulk,fit
433,bulk,fit
434,bulk,fit
435,bulk,fit
436,bulk,fit
437,bulk,fit
438,bulk,fit
439,bulk,fit
440,bulk,fit
441,bulk,fit
442,bulk,fit
443,bulk,fit
444,bulk,fit
445,bulk,fit
446,bulk,fit
447,bulk,fit
448,bulk,fit
449,bulk,fit
450,bulk,fit
451,bulk,fit
452,bulk,fit
453,bulk,fit
454,bulk,fit
455,bulk,holdout
456,bulk,fit
457,bulk,fit
458,bulk,fit
459,bulk,holdout
460,bulk,fit
461,bulk,holdout
462,bulk,fit
463,bulk,fit
464,bulk,fit
465,bulk,fit
466,bulk,holdout
467,bulk,fit
468,bulk,fit
469,bulk,fit
470,bulk,fit
471,bulk,fit
472,bulk,fit
473,bulk,fit
474,bulk,holdout
475,bulk,fit
476,bulk,fit
477,bulk,fit
478,bulk,fit
479,bulk,fit
480,bulk,fit
481,bulk,fit
482,bulk,fit
483,bulk,fit
484,bulk,fit
485,bulk,fit
486,bulk,fit
487,bulk,fit
488,bulk,fit
489,bulk,holdout
490,bulk,fit
491,bulk,fit
492,bulk,holdout
493,bulk,fit
494,bulk,fit
495,bulk,fit
496,bulk,fit
497,bulk,fit
498,bulk,fit
499,bulk,fit
500,bulk,fit
501,bulk,fit
502,bulk,holdout
503,bulk,fit
504,bulk,fit
505,bulk,fit
506,bulk,fit
507,bulk,fit
508,bulk,holdout
509,bulk,fit
510,bulk,holdout
511,bulk,fit
512,bulk,fit
513,bulk,fit
514,bulk,fit
515,bulk,fit
516,bulk,fit
517,bulk,fit
518,bulk,fit
519,bulk,fit
520,bulk,holdout
521,bulk,fit
522,bulk,fit
523,bulk,fit
524,bulk,fit
525,bulk,fit
526,bulk,fit
527,bulk,fit
528,bulk,fit
529,bulk,fit
530,bulk,fit
531,bulk,fit
532,bulk,fit
533,bulk,fit
534,bulk,fit
535,bulk,fit
536,bulk,fit
537,bulk,fit
538,bulk,fit
539,bulk,fit
540,bulk,fit
541,bulk,fit
542,bulk,fit
543,bulk,fit
544,bulk,fit
545,bulk,fit
546,bulk,holdout
547,bulk,fit
548,bulk,fit
549,bulk,fit
550,bulk,fit
551,bulk,fit
552,bulk,fit
553,bulk,fit
554,bulk,fit
555,bulk,fit
556,bulk,fit
557,bulk,fit
558,bulk,fit
559,bulk,fit
560,bulk,fit
561,bulk,fit
562,bulk,holdout
563,bulk,fit
564,bulk,holdout
565,bulk,holdout
566,bulk,fit
567,bulk,fit
568,bulk,fit
569,bulk,fit
570,bulk,fit
571,bulk,fit
572,bulk,fit
573,bulk,holdout
574,bulk,fit
575,bulk,fit
576,bulk,fit
577,bulk,fit
578,bulk,fit
579,bulk,fit
580,bulk,fit
581,bulk,fit
582,bulk,fit
583,bulk,fit
584,bulk,fit
585,bulk,fit
586,bulk,fit
587,bulk,fit
588,bulk,fit
589,bulk,fit
590,bulk,fit
591,bulk,fit
592,bulk,holdout
593,bulk,fit
594,bulk,fit
595,bulk,fit
596,bulk,fit
597,bulk,fit
598,bulk,fit
599,bulk,fit
600,bulk,holdout
601,bulk,fit
602,bulk,fit
603,bulk,fit
604,bulk,fit
605,bulk,fit
606,bulk,fit
607,bulk,fit
608,bulk,fit
609,bulk,fit
610,bulk,fit
611,bulk,fit
612,bulk,holdout
613,bulk,fit
614,bulk,fit
615,bulk,fit
616,bulk,fit
617,bulk,fit
618,bulk,fit
619,bulk,fit
620,bulk,fit
621,bulk,fit
622,bulk,fit
623,bulk,fit
624,bulk,fit
625,bulk,fit
626,bulk,fit
627,bulk,fit
628,bulk,fit
629,bulk,fit
630,bulk,fit
631,bulk,fit
632,bulk,fit
633,bulk,fit
634,bulk,fit
635,bulk,fit
636,bulk,fit
637,bulk,fit
638,bulk,fit
639,bulk,fit
640,bulk,fit
641,bulk,fit
642,bulk,holdout
643,bulk,fit
644,bulk,fit
645,bulk,fit
646,bulk,holdout
647,bulk,holdout
648,bulk,fit
649,bulk,fit
650,bulk,fit
651,bulk,fit
652,bulk,fit
653,bulk,fit
654,bulk,fit
655,bulk,fit
656,bulk,fit
657,bulk,fit
658,bulk,fit
659,bulk,fit
660,bulk,fit
661,bulk,fit
662,bulk,fit
663,bulk,fit
664,bulk,fit
665,bulk,fit
666,bulk,fit
667,bulk,fit
668,bulk,fit
669,bulk,fit
670,bulk,fit
671,bulk,fit
672,bulk,fit
673,bulk,fit
674,bulk,holdout
675,bulk,fit
676,bulk,fit
677,bulk,fit
678,bulk,fit
679,bulk,fit
680,bulk,fit
681,bulk,fit
682,bulk,fit
683,bulk,holdout
684,bulk,fit
685,bulk,fit
686,bulk,holdout
687,bulk,fit
688,bulk,fit
689,bulk,fit
690,bulk,fit
691,bulk,fit
692,bulk,fit
693,bulk,fit
694,bulk,fit
695,bulk,fit
696,bulk,fit
697,bulk,fit
698,bulk,fit
699,bulk,holdout
700,bulk,fit
701,bulk,fit
702,bulk,holdout
703,bulk,fit
704,bulk,fit
705,bulk,fit
706,bulk,fit
707,bulk,fit
708,bulk,fit
709,bulk,fit
710,bulk,fit
711,bulk,fit
712,bulk,fit
713,bulk,fit
714,bulk,fit
715,bulk,fit
716,bulk,fit
717,bulk,fit
718,bulk,fit
719,bulk,holdout
720,bulk,fit
721,bulk,fit
722,bulk,fit
723,bulk,fit
724,bulk,fit
725,bulk,holdout
726,bulk,fit
727,bulk,holdout
728,bulk,fit
729,bulk,holdout
730,bulk,fit
731,bulk,fit
732,bulk,fit
733,bulk,fit
734,bulk,fit
735,bulk,fit
736,bulk,fit
737,bulk,fit
738,bulk,holdout
739,bulk,fit
740,bulk,fit
741,bulk,fit
742,bulk,fit
743,bulk,fit
744,bulk,fit
745,bulk,fit
746,bulk,fit
747,bulk,holdout
748,bulk,fit
749,bulk,fit
750,bulk,fit
751,bulk,fit
752,bulk,fit
753,bulk,fit
754,bulk,fit
755,bulk,fit
756,bulk,fit
757,bulk,fit
758,bulk,fit
759,bulk,fit
760,bulk,fit
761,bulk,fit
762,bulk,fit
763,bulk,holdout
764,bulk,fit
765,bulk,fit
766,bulk,fit
767,bulk,fit
768,bulk,fit
769,bulk,holdout
770,bulk,fit
771,bulk,fit
772,bulk,holdout
773,bulk,fit
774,bulk,fit
775,bulk,holdout
776,bulk,holdout
777,bulk,fit
778,bulk,fit
779,bulk,holdout
780,bulk,fit
781,bulk,fit
782,bulk,fit
783,bulk,fit
784,bulk,fit
785,bulk,fit
786,bulk,fit
787,bulk,fit
788,bulk,fit
789,bulk,fit
790,bulk,fit
791,bulk,holdout
792,bulk,fit
793,bulk,fit
794,bulk,fit
795,bulk,fit
796,bulk,fit
797,bulk,fit
798,bulk,fit
799,bulk,fit
800,bulk,fit
801,bulk,fit
802,bulk,fit
803,bulk,fit
804,bulk,holdout
805,bulk,holdout
806,bulk,fit
807,bulk,fit
808,bulk,fit
809,bulk,fit
810,bulk,fit
811,bulk,fit
812,bulk,fit
813,bulk,fit
814,bulk,fit
815,bulk,holdout
816,bulk,fit
817,bulk,fit
818,bulk,fit
819,bulk,fit
820,bulk,fit
821,bulk,fit
822,bulk,fit
823,bulk,fit
824,bulk,fit
825,bulk,fit
826,bulk,fit
827,bulk,fit
828,bulk,fit
829,bulk,fit
830,bulk,fit
831,bulk,holdout
832,bulk,fit
833,bulk,fit
834,bulk,fit
835,bulk,fit
836,bulk,fit
837,bulk,fit
838,bulk,fit
839,bulk,holdout
840,bulk,holdout
841,bulk,fit
842,bulk,fit
843,bulk,fit
844,bulk,fit
845,bulk,fit
846,bulk,fit
847,bulk,fit
848,bulk,fit
849,bulk,fit
850,bulk,fit
851,bulk,fit
852,bulk,fit
853,bulk,fit
854,bulk,fit
855,bulk,fit
856,bulk,holdout
857,bulk,fit
858,bulk,fit
859,bulk,fit
860,bulk,holdout
861,bulk,fit
862,bulk,fit
863,bulk,fit
864,bulk,fit
865,bulk,fit
866,bulk,fit
867,bulk,fit
868,bulk,fit
869,bulk,fit
870,bulk,fit
871,bulk,holdout
872,bulk,fit
873,bulk,fit
874,bulk,fit
875,bulk,fit
876,bulk,fit
877,bulk,fit
878,bulk,holdout
879,bulk,fit
880,bulk,fit
881,bulk,fit
882,bulk,fit
883,bulk,fit
884,bulk,fit
885,bulk,fit
886,bulk,fit
887,bulk,fit
888,bulk,fit
889,bulk,fit
890,bulk,fit
891,bulk,fit
892,bulk,fit
893,bulk,fit
894,bulk,fit
895,bulk,fit
896,bulk,fit
897,bulk,holdout
898,bulk,fit
899,bulk,fit
900,bulk,fit
901,bulk,fit
902,bulk,fit
903,bulk,fit
904,bulk,fit
905,bulk,fit
906,bulk,fit
907,bulk,fit
908,bulk,fit
909,bulk,fit
910,bulk,fit
911,bulk,fit
912,bulk,fit
913,bulk,fit
914,bulk,fit
915,bulk,fit
916,bulk,fit
917,bulk,fit
918,bulk,fit
919,bulk,fit
920,bulk,fit
921,bulk,fit
922,bulk,fit
923,bulk,fit
924,bulk,fit
925,bulk,fit
926,bulk,fit
927,bulk,fit
928,bulk,fit
929,bulk,holdout
930,bulk,fit
931,bulk,fit
932,bulk,fit
933,bulk,fit
934,bulk,fit
935,bulk,fit
936,bulk,fit
937,bulk,fit
938,bulk,fit
939,bulk,fit
940,bulk,fit
941,bulk,fit
942,bulk,holdout
943,bulk,fit
944,bulk,fit
945,bulk,fit
946,bulk,fit
947,bulk,fit
948,bulk,fit
949,bulk,fit
950,bulk,fit
951,bulk,fit
952,bulk,fit
953,bulk,fit
954,bulk,fit
955,bulk,holdout
956,bulk,fit
957,bulk,holdout
958,bulk,fit
959,bulk,fit
960,bulk,holdout
961,bulk,fit
962,bulk,fit
963,bulk,fit
964,bulk,fit
965,bulk,fit
966,bulk,fit
967,bulk,fit
968,bulk,fit
969,bulk,fit
970,bulk,fit
971,bulk,fit
972,bulk,fit
973,bulk,fit
974,bulk,fit
975,bulk,holdout
976,bulk,fit
977,bulk,fit
978,bulk,fit
979,bulk,fit
980,bulk,fit
981,bulk,fit
982,bulk,fit
983,bulk,fit
984,bulk,fit
985,bulk,fit
986,bulk,holdout
987,bulk,fit
988,bulk,fit
989,bulk,fit
990,bulk,fit
991,bulk,fit
992,bulk,fit
993,bulk,fit
994,bulk,fit
995,bulk,holdout
996,bulk,fit
997,bulk,fit
998,bulk,fit
999,bulk,fit
1000,bulk,fit
1001,bulk,fit
1002,bulk,fit
1003,bulk,fit
1004,bulk,fit
1005,bulk,fit
1006,bulk,fit
1007,bulk,fit
1008,bulk,fit
1009,bulk,fit
1010,bulk,fit
1011,bulk,fit
1012,bulk,fit
1013,bulk,fit
1014,bulk,fit
1015,bulk,fit
1016,bulk,holdout
1017,bulk,fit
1018,bulk,fit
1019,bulk,fit
1020,bulk,fit
1021,bulk,holdout
1022,bulk,fit
1023,bulk,fit
1024,bulk,fit
1025,bulk,holdout
1026,bulk,fit
1027,bulk,fit
1028,bulk,fit
1029,bulk,fit
1030,bulk,fit
1031,bulk,fit
1032,bulk,fit
1033,bulk,fit
1034,bulk,fit
1035,bulk,fit
1036,bulk,fit
1037,bulk,fit
1038,bulk,fit
1039,bulk,fit
1040,bulk,fit
1041,bulk,fit
1042,bulk,fit
1043,bulk,fit
1044,bulk,holdout
1045,bulk,fit
1046,bulk,fit
1047,bulk,fit
1048,bulk,fit
1049,bulk,fit
1050,bulk,fit
1051,bulk,fit
1052,bulk,fit
1053,bulk,fit
1054,bulk,fit
1055,bulk,fit
1056,bulk,fit
1057,bulk,fit
1058,bulk,fit
1059,bulk,fit
1060,bulk,fit
1061,bulk,fit
1062,bulk,fit
1063,bulk,fit
1064,bulk,fit
1065,bulk,fit
1066,bulk,fit
1067,bulk,fit
1068,bulk,fit
1069,bulk,fit
1070,bulk,fit
1071,bulk,fit
1072,bulk,fit
1073,bulk,fit
1074,bulk,holdout
1075,bulk,fit
1076,bulk,fit
1077,bulk,fit
1078,bulk,fit
1079,bulk,fit
1080,bulk,fit
1081,bulk,fit
1082,bulk,fit
1083,bulk,fit
1084,bulk,fit
1085,bulk,fit
1086,bulk,holdout
1087,bulk,fit
1088,bulk,fit
1089,bulk,fit
1090,bulk,fit
1091,bulk,fit
1092,bulk,holdout
1093,bulk,fit
1094,bulk,fit
1095,bulk,holdout
1096,bulk,fit
1097,bulk,fit
1098,bulk,fit
1099,bulk,fit
1100,slab111,holdout
1101,slab111,fit
1102,slab111,fit
1103,slab111,fit
1104,slab111,fit
1105,slab111,fit
1106,slab111,fit
1107,slab111,fit
1108,slab111,fit
1109,slab111,fit
1110,slab111,holdout
1111,slab111,fit
1112,slab111,fit
1113,slab111,fit
1114,slab111,fit
1115,slab111,fit
1116,slab111,fit
1117,slab111,fit
1118,slab111,fit
1119,slab111,fit
1120,slab111,fit
1121,slab111,fit
1122,slab111,holdout
1123,slab111,fit
1124,slab111,holdout
1125,slab111,fit
1126,slab111,fit
1127,slab111,fit
1128,slab111,holdout
1129,slab111,fit
1130,slab111,fit
1131,slab111,fit
1132,slab111,fit
1133,slab111,fit
1134,slab111,fit
1135,slab111,fit
1136,slab111,fit
1137,slab111,fit
1138,slab111,fit
1139,slab111,fit
1140,slab111,fit
1141,slab111,fit
1142,slab111,fit
1143,slab111,fit
1144,slab111,fit
1145,slab111,fit
1146,slab111,fit
1147,slab111,fit
1148,slab111,fit
1149,slab111,fit
1150,slab111,holdout
1151,slab111,fit
1152,slab111,fit
1153,slab111,fit
1154,slab111,fit
1155,slab111,fit
1156,slab111,fit
1157,slab111,fit
1158,slab111,fit
1159,slab111,fit
1160,slab111,fit
1161,slab111,fit
1162,slab111,holdout
1163,slab111,fit
1164,slab111,fit
1165,slab111,fit
1166,slab111,fit
1167,slab111,fit
1168,slab111,fit
1169,slab111,fit
1170,slab111,fit
1171,slab111,fit
1172,slab111,fit
1173,slab111,fit
1174,slab111,holdout
1175,slab111,fit
1176,slab111,fit
1177,slab111,fit
1178,slab111,fit
1179,slab111,fit
1180,slab111,fit
1181,slab111,fit
1182,slab111,fit
1183,slab111,fit
1184,slab111,fit
1185,slab111,fit
1186,slab111,fit
1187,slab111,fit
1188,slab111,fit
1189,slab111,fit
1190,slab111,fit
1191,slab111,fit
1192,slab111,fit
1193,slab111,fit
1194,slab111,fit
1195,slab111,fit
1196,slab111,fit
1197,slab111,fit
1198,slab111,fit
1199,slab111,fit
1200,slab111,fit
1201,slab111,fit
1202,slab111,fit
1203,slab111,fit
1204,slab111,fit
1205,slab111,holdout
1206,slab111,fit
1207,slab111,fit
1208,slab111,fit
1209,slab111,fit
1210,slab111,fit
1211,slab111,fit
1212,slab111,fit
1213,slab111,fit
1214,slab111,fit
1215,slab111,fit
1216,slab111,holdout
1217,slab111,fit
1218,slab111,fit
1219,slab111,fit
1220,slab111,fit
1221,slab111,fit
1222,slab111,fit
1223,slab111,fit
1224,slab111,fit
1225,slab111,fit
1226,slab111,holdout
1227,slab111,fit
1228,slab111,fit
1229,slab111,fit
1230,slab111,fit
1231,slab111,fit
1232,slab111,holdout
1233,slab111,holdout
1234,slab111,fit
1235,slab111,fit
1236,slab111,holdout
1237,slab111,fit
1238,slab111,fit
1239,slab111,fit
1240,slab111,holdout
1241,slab111,fit
1242,slab111,fit
1243,slab111,fit
1244,slab111,fit
1245,slab111,fit
1246,slab111,fit
1247,slab111,fit
1248,slab111,fit
1249,slab111,fit
1250,slab111,fit
1251,slab111,fit
1252,slab111,fit
1253,slab111,fit
1254,slab111,fit
1255,slab111,holdout
1256,slab111,fit
1257,slab111,fit
1258,slab111,fit
1259,slab111,fit
1260,slab111,holdout
1261,slab111,fit
1262,slab111,fit
1263,slab111,fit
1264,slab111,fit
1265,slab111,fit
1266,slab111,fit
1267,slab111,fit
1268,slab111,fit
1269,slab111,fit
1270,slab111,fit
1271,slab111,fit
1272,slab111,fit
1273,slab111,fit
1274,slab111,fit
1275,slab111,fit
1276,slab111,holdout
1277,slab111,fit
1278,slab111,holdout
1279,slab111,holdout
1280,slab111,fit
1281,slab111,holdout
1282,slab111,fit
1283,slab111,fit
1284,slab111,fit
1285,slab111,fit
1286,slab111,fit
1287,slab111,fit
1288,slab111,fit
1289,slab111,fit
1290,slab111,fit
1291,slab111,fit
1292,slab111,fit
1293,slab111,fit
1294,slab111,fit
1295,slab111,fit
1296,slab111,fit
1297,slab111,fit
1298,slab111,fit
1299,slab111,fit
1300,slab111,fit
1301,slab111,holdout
1302,slab111,fit
1303,slab111,fit
1304,slab111,fit
1305,slab111,fit
1306,slab111,fit
1307,slab111,fit
1308,slab111,fit
1309,slab111,holdout
1310,slab111,fit
1311,slab111,fit
1312,slab111,fit
1313,slab111,fit
1314,slab111,fit
1315,slab111,fit
1316,slab111,fit
1317,slab111,holdout
1318,slab111,fit
1319,slab111,fit
1320,slab111,fit
1321,slab111,fit
1322,slab111,fit
1323,slab111,fit
1324,slab111,fit
1325,slab111,fit
1326,slab111,fit
1327,slab111,fit
1328,slab111,fit
1329,slab111,fit
1330,slab111,fit
1331,slab111,fit
1332,slab111,fit
1333,slab111,fit
1334,slab111,fit
1335,slab111,fit
1336,slab111,fit
1337,slab111,fit
1338,slab111,fit
1339,slab111,fit
1340,slab111,fit
1341,slab111,fit
1342,slab111,fit
1343,slab111,holdout
1344,slab111,fit
1345,slab111,fit
1346,slab111,fit
1347,slab111,fit
1348,slab111,fit
1349,slab111,fit
1350,slab111,fit
1351,slab111,fit
1352,slab111,fit
1353,slab111,holdout
1354,slab111,fit
1355,slab111,fit
1356,slab111,fit
1357,slab111,fit
1358,slab111,fit
1359,slab111,fit
1360,slab111,fit
1361,slab111,fit
1362,slab111,fit
1363,slab111,fit
1364,slab111,fit
1365,slab111,fit
1366,slab111,fit
1367,slab111,fit
1368,slab111,fit
1369,slab111,fit
1370,slab111,fit
1371,slab111,fit
1372,slab111,fit
1373,slab111,fit
1374,slab111,fit
1375,slab111,fit
1376,slab111,fit
1377,slab111,fit
1378,slab111,fit
1379,slab111,fit
1380,slab111,fit
1381,slab111,fit
1382,slab111,fit
1383,slab111,fit
1384,slab111,holdout
1385,slab111,fit
1386,slab111,fit
1387,slab111,fit
1388,slab111,fit
1389,slab111,fit
1390,slab111,fit
1391,slab111,fit
1392,slab111,fit
1393,slab111,fit
1394,slab111,fit
1395,slab111,holdout
1396,slab111,holdout
1397,slab111,fit
1398,slab111,fit
1399,slab111,fit
1400,slab111,fit
1401,slab111,holdout
1402,slab111,fit
1403,slab111,fit
1404,slab111,fit
1405,slab111,fit
1406,slab111,fit
1407,slab111,fit
1408,slab111,holdout
1409,slab111,fit
1410,slab111,fit
1411,slab111,fit
1412,slab111,holdout
1413,slab111,fit
1414,slab111,fit
1415,slab111,fit
1416,slab111,fit
1417,slab111,fit
1418,slab111,fit
1419,slab111,fit
1420,slab111,fit
1421,slab111,fit
1422,slab111,fit
1423,slab111,holdout
1424,slab111,fit
1425,slab111,fit
1426,slab111,fit
1427,slab111,fit
1428,slab111,fit
1429,slab111,fit
1430,slab111,fit
1431,slab111,fit
1432,slab111,fit
1433,slab111,fit
1434,slab111,fit
1435,slab111,fit
1436,slab111,fit
1437,slab111,fit
1438,slab111,fit
1439,slab111,fit
1440,slab111,fit
1441,slab111,fit
1442,slab111,fit
1443,slab111,fit
1444,slab111,fit
1445,slab111,holdout
1446,slab111,holdout
1447,slab111,fit
1448,slab111,fit
1449,slab111,fit
1450,slab111,fit
1451,slab111,fit
1452,slab111,fit
1453,slab111,fit
1454,slab111,fit
1455,slab111,holdout
1456,slab111,fit
1457,slab111,fit
1458,slab111,fit
1459,slab111,fit
1460,slab111,fit
1461,slab111,fit
1462,slab111,holdout
1463,slab111,fit
1464,slab111,fit
1465,slab111,fit
1466,slab111,fit
1467,slab111,fit
1468,slab111,fit
1469,slab111,fit
1470,slab111,holdout
1471,slab111,fit
1472,slab111,fit
1473,slab111,fit
1474,slab111,fit
1475,slab111,fit
1476,slab111,fit
1477,slab111,holdout
1478,slab111,fit
1479,slab111,fit
1480,slab111,fit
1481,slab111,fit
1482,slab111,fit
1483,slab111,fit
1484,slab111,fit
1485,slab111,holdout
1486,slab111,fit
1487,slab111,fit
1488,slab111,fit
1489,slab111,fit
1490,slab111,fit
1491,slab111,fit
1492,slab111,fit
1493,slab111,fit
1494,slab111,fit
1495,slab111,holdout
1496,slab111,fit
1497,slab111,fit
1498,slab111,fit
1499,slab111,fit
1500,slab111,fit
1501,slab111,fit
1502,slab111,fit
1503,slab111,fit
1504,slab111,holdout
1505,slab111,fit
1506,slab111,holdout
1507,slab111,fit
1508,slab111,fit
1509,slab111,fit
1510,slab111,fit
1511,slab111,fit
1512,slab111,fit
1513,slab111,fit
1514,slab111,fit
1515,slab111,fit
1516,slab111,fit
1517,slab111,holdout
1518,slab111,fit
1519,slab111,holdout
1520,slab111,fit
1521,slab111,fit
1522,slab111,fit
1523,slab111,fit
1524,slab111,fit
1525,slab111,fit
1526,slab111,fit
1527,slab111,fit
1528,slab111,fit
1529,slab111,fit
1530,slab111,holdout
1531,slab111,fit
1532,slab111,fit
1533,slab111,fit
1534,slab111,fit
1535,slab111,holdout
1536,slab111,fit
1537,slab111,fit
1538,slab111,fit
1539,slab111,fit
1540,slab111,fit
1541,slab111,fit
1542,slab111,fit
1543,slab111,fit
1544,slab111,fit
1545,slab111,fit
1546,slab111,fit
1547,slab111,fit
1548,slab111,fit
1549,slab111,fit
1550,slab111,fit
1551,slab111,fit
1552,slab111,fit
1553,slab111,fit
1554,slab111,fit
1555,slab111,fit
1556,slab111,fit
1557,slab111,fit
1558,slab111,fit
1559,slab111,holdout
1560,slab111,fit
1561,slab111,holdout
1562,slab111,fit
1563,slab111,fit
1564,slab111,fit
1565,slab111,fit
1566,slab111,fit
1567,slab111,fit
1568,slab111,holdout
1569,slab111,fit
1570,slab111,fit
1571,slab111,fit
1572,slab111,fit
1573,slab111,fit
1574,slab111,holdout
1575,slab111,fit
1576,slab111,fit
1577,slab111,fit
1578,slab111,fit
1579,slab111,fit
1580,slab111,fit
1581,slab111,fit
1582,slab111,fit
1583,slab111,fit
1584,slab111,fit
1585,slab111,fit
1586,slab111,fit
1587,slab111,fit
1588,slab111,fit
1589,slab111,fit
1590,slab111,fit
1591,slab111,fit
1592,slab111,fit
1593,slab111,fit
1594,slab111,fit
1595,slab111,fit
1596,slab111,fit
1597,slab111,fit
1598,slab111,fit
1599,slab111,fit
1600,slab111,holdout
1601,slab111,fit
1602,slab111,fit
1603,slab111,fit
1604,slab111,fit
1605,slab111,fit
1606,slab111,fit
1607,slab111,fit
1608,slab111,fit
1609,slab111,fit
1610,slab111,fit
1611,slab111,fit
1612,slab111,fit
1613,slab111,fit
1614,slab111,fit
1615,slab111,fit
1616,slab111,fit
1617,slab111,fit
1618,slab111,fit
1619,slab111,fit
1620,slab111,fit
1621,slab111,fit
1622,slab111,fit
1623,slab111,fit
1624,slab111,fit
1625,slab111,fit
1626,slab111,fit
1627,slab111,fit
1628,slab111,holdout
1629,slab111,fit
1630,slab111,fit
1631,slab111,fit
1632,slab111,fit
1633,slab111,fit
1634,slab111,fit
1635,slab111,fit
1636,slab111,holdout
1637,slab111,fit
1638,slab111,fit
1639,slab111,fit
1640,slab111,fit
1641,slab111,fit
1642,slab111,fit
1643,slab111,fit
1644,slab111,fit
1645,slab111,fit
1646,slab111,fit
1647,slab111,fit
1648,slab111,fit
1649,slab111,holdout
1650,slab111,fit
1651,slab111,fit
1652,slab111,fit
1653,slab111,fit
1654,slab111,fit
1655,slab111,fit
1656,slab111,fit
1657,slab111,fit
1658,slab111,fit
1659,slab111,fit
1660,slab111,fit
1661,slab111,fit
1662,slab111,fit
1663,slab111,fit
1664,slab111,fit
1665,slab111,fit
1666,slab111,holdout
1667,slab111,fit
1668,slab111,fit
1669,slab111,fit
1670,slab111,fit
1671,slab111,fit
1672,slab111,fit
1673,slab111,fit
1674,slab111,holdout
1675,slab111,fit
1676,slab111,fit
1677,slab111,fit
1678,slab111,fit
1679,slab111,fit
1680,slab111,fit
1681,slab111,fit
1682,slab111,fit
1683,slab111,fit
1684,slab111,fit
1685,slab111,fit
1686,slab111,fit
1687,slab111,fit
1688,slab111,fit
1689,slab111,fit
1690,slab111,fit
1691,slab111,fit
1692,slab111,fit
1693,slab111,fit
1694,slab111,fit
1695,slab111,fit
1696,slab111,fit
1697,slab111,fit
1698,slab111,fit
1699,slab111,fit
1700,slab111,fit
1701,slab111,holdout
1702,slab111,fit
1703,slab111,holdout
1704,slab111,fit
1705,slab111,fit
1706,slab111,fit
1707,slab111,fit
1708,slab111,fit
1709,slab111,fit
1710,slab111,fit
1711,slab111,fit
1712,slab111,holdout
1713,slab111,fit
1714,slab111,fit
1715,slab111,holdout
1716,slab111,fit
1717,slab111,fit
1718,slab111,fit
1719,slab111,fit
1720,slab111,fit
1721,slab111,holdout
1722,slab111,holdout
1723,slab111,fit
1724,slab111,fit
1725,slab111,fit
1726,slab111,fit
1727,slab111,fit
1728,slab111,fit
1729,slab111,fit
1730,slab111,fit
1731,slab111,fit
1732,slab111,fit
1733,slab111,fit
1734,slab111,fit
1735,slab111,fit
1736,slab111,fit
1737,slab111,fit
1738,slab111,fit
1739,slab111,holdout
1740,slab111,fit
1741,slab111,fit
1742,slab111,fit
1743,slab111,fit
1744,slab111,fit
1745,slab111,fit
1746,slab111,fit
1747,slab111,fit
1748,slab111,fit
1749,slab111,fit
1750,slab111,fit
1751,slab111,fit
1752,slab111,fit
1753,slab111,fit
1754,slab111,fit
1755,slab111,fit
1756,slab111,fit
1757,slab111,fit
1758,slab111,fit
1759,slab111,fit
1760,slab111,holdout
1761,slab111,fit
1762,slab111,fit
1763,slab111,fit
1764,slab111,holdout
1765,slab111,fit
1766,slab111,fit
1767,slab111,fit
1768,slab111,fit
1769,slab111,fit
1770,slab111,fit
1771,slab111,fit
1772,slab111,fit
1773,slab111,fit
1774,slab111,fit
1775,slab111,fit
1776,slab111,fit
1777,slab111,fit
1778,slab111,fit
1779,slab111,fit
1780,slab111,fit
1781,slab111,fit
1782,slab111,holdout
1783,slab111,fit
1784,slab111,fit
1785,slab111,fit
1786,slab111,fit
1787,slab111,holdout
1788,slab111,holdout
1789,slab111,fit
1790,slab111,fit
1791,slab111,fit
1792,slab111,fit
1793,slab111,fit
1794,slab111,holdout
1795,slab111,fit
1796,slab111,fit
1797,slab111,fit
1798,slab111,fit
1799,slab111,fit
