composition_index,experimental_activity,high_tau_low_mse_crps_mc_activity,same_trial_random_activity
0,-0.23520135751900562,-0.032149692919299776,-0.13312798508022422
1,-0.20696996080719765,-0.05726263901585196,-0.0
2,-0.2574778945665991,-0.12447242505798431,-0.0
3,-0.3009422749657922,-0.25868766432703816,-0.0
4,-0.1807444641615893,-0.023162976590581322,-0.4203019074202399
5,-0.09335316027354357,-0.02818962426846889,-0.36184614698101775
6,-0.047895023452963925,-0.0484407283313388,-0.017608782780181385
7,-0.091255884362894,-0.13237201830134002,-0.0
8,-0.19848528028482615,-0.2843199017797435,-0.0
9,-0.3065192647053506,-0.41744811866960274,-0.02194831981523021
10,-0.3337204372097057,-0.5085922361691448,-0.17420138314311132
11,-0.31028460776153366,-0.503739105219009,-0.2216863650198366
12,-0.4046353061379878,-0.009288637449129845,-0.5253268327333743
13,-0.29003479163153134,-0.017431385735524767,-0.5037138973846513
14,-0.1072837294323582,-0.02159462908063257,-0.5745803186429158
15,-0.02100391941419466,-0.032938071156795125,-0.4424043162567757
16,-0.008258764719530465,-0.04029017531691094,-0.17370239691967285
17,-0.00410629427754039,-0.10648499424317219,-0.014746314150051829
18,-0.06018488070977257,-0.2188996643459387,-0.0
19,-0.18341895656810203,-0.34429515811309497,-0.02717945961694416
20,-0.2864694044694308,-0.41362118357308864,-0.13609336421397808
21,-0.29003479163153134,-0.21587807647625606,-0.0
22,-0.3418749818628152,-0.0669784176490154,-0.002608063487650319
23,-0.38097776108447146,-0.029532087843219063,-0.0
24,-0.3652754394713178,-0.040785548958124404,-4.4813632753575115e-05
25,-0.5050957295824603,-0.006391673462553879,-0.3492746344504316
26,-0.4542436460613545,-0.010130440308837786,-0.5460490301095803
27,-0.24617166976561444,-0.01572084111612421,-0.42508162467665794
28,-0.12748318352327315,-0.01879605502035576,-0.558400884926555
29,-0.048826011020283944,-0.02068056954526481,-0.4986401501178841
30,-0.012458461670362797,-0.03702528134493684,-0.27428141551754515
31,-0.00410629427754039,-0.0603537644946539,-0.13434475044656927
32,-0.01585295124829711,-0.09584966758847589,-0.11319447996706393
33,-0.07091332505719194,-0.26196424021451964,-0.15212145895442547
34,-0.158760951837414,-0.3297760477299543,-0.16243672355268202
35,-0.197089928766792,-0.33821552674085326,-0.0
36,-0.2972705321981417,-0.2759105339131264,-0.0517767995706819
37,-0.31986944548908347,-0.09359958967312064,-0.0
38,-0.38558957055746124,-0.03268751421039563,-0.13712938760337195
39,-0.339819401515823,-0.034406316735585876,-0.02959828884911376
40,-0.3481112835464574,-0.04548958442628899,-0.10673619726922962
41,-0.314088740906345,-0.09762265003213998,-0.02431958536925561
42,-0.3277205707236205,-0.25423725734340213,-0.0
43,-0.22605085174610628,-0.0,-0.39828251882191934
44,-0.15625863286074504,-0.004897294633123788,-0.223321690753849
45,-0.14039425652344295,-0.01275514516977427,-0.22445024711708866
46,-0.15501380355211114,-0.019270028600833742,-0.044669921261788696
47,-0.19019118098703958,-0.050838240076890535,-0.0
48,-0.22756027610266127,-0.11640938570369357,-0.05837777330294559
49,-0.28469953760208033,-0.06003331746754651,-0.06792077672696993
50,-0.3832764662500221,-0.014484018311781218,-0.2785093941074905
51,-0.2098420704098668,-0.006892032059091612,-0.3529871957281234
52,-0.16894332266301693,-0.01698626447222663,-0.5343008016079628
53,-0.13801296258586782,-0.01926509399859356,-0.5555885743570107
54,-0.06697591439187256,-0.019144196243709076,-0.4814895525732368
55,-0.034204740960258495,-0.03490743062838486,-0.426864830209993
56,-0.009094891750376588,-0.029488079247730087,-0.28886098005996463
57,-0.004933061170638853,-0.026520923061941724,-0.19601495073418962
58,-0.019278934221013233,-0.06768280694225946,-0.24731453959807975
59,-0.04696637715377727,-0.12597848580292176,-0.32845903930623344
60,-0.10510606043254478,-0.18347284568347927,-0.16576618102277602
61,-0.2794402714667088,-0.09871420418890207,-0.04556411841089966
62,-0.3179324716874432,-0.039543489433036726,-0.30244257215550396
63,-0.35232810850724483,-0.03305499101803701,-0.2917381501906147
64,-0.20696996080719765,-0.032557099722619366,-0.3890966753810506
65,-0.12979732324675708,-0.041799005481472994,-0.1527579474474097
66,-0.19019118098703958,-0.087340298496869,-0.10522280751009598
67,-0.30465089381565225,-0.19457993038295388,-0.0
68,-0.42471703532871696,-0.3680955503668426,-0.12120160898410302
69,-0.38097776108447146,-0.48894496629060424,-0.39664805788205343
70,-0.15501380355211114,-0.0011432708023625818,-0.32987470732663443
71,-0.04511606146312963,-0.007515655005465751,-0.25527496973112435
72,-0.02710562603101141,-0.013863265491199839,-0.14746454246703425
73,-0.032417126396287244,-0.030865991393675043,-0.12198511248226021
74,-0.050695057390411025,-0.07875539977913688,-0.003219472950340311
75,-0.06893937181797805,-0.11822572215275355,-0.009443396434045931
76,-0.12863844060473617,-0.16042674262930248,-0.054864114679311314
77,-0.07992906856529569,-0.042027205658539415,-0.11340721932749072
78,-0.05446177218005166,-0.007573561052161775,-0.39668783841286653
79,-0.09440628203498913,-0.01617915488745222,-0.49609160176350625
80,-0.09546241579331549,-0.018378376187883134,-0.4818743859691292
81,-0.09652157882696688,-0.01761739002812921,-0.5530184061489277
82,-0.06018488070977257,-0.017799013602418392,-0.5043529802600766
83,-0.021869443202870986,-0.012862145473451705,-0.378982043025151
84,-0.00410629427754039,-0.006319718905398559,-0.4151434103269627
85,-0.008258764719530465,-0.021329520092932947,-0.3459036668612283
86,-0.014151806014368273,-0.0007301741005415536,-0.40874306883705114
87,-0.017561969579118486,-0.018773597544854522,-0.3216686756555378
88,-0.091255884362894,-0.020790389621650918,-0.2000967791131117
89,-0.10078887453870489,-0.019287501121010717,-0.33994782956342795
90,-0.10510606043254478,-0.023581863897071953,-0.4517812792043677
91,-0.053516485281881354,-0.02781147260700181,-0.4142751570022956
92,-0.01841945399543954,-0.03206227996533082,-0.3826081248880352
93,-0.03871200809826636,-0.05468491358236538,-0.17958645630318446
94,-0.07190427279064315,-0.1492926686767591,-0.15321455875759402
95,-0.18341895656810203,-0.23596905773174046,-0.14482951469784394
96,-0.28118505069079025,-0.394420746962705,-0.3309020827745492
97,-0.23366043986633578,-0.0,-0.4442074120555149
98,-0.10947431688313991,-0.0037767370999295946,-0.2590005029210373
99,-0.0271056260310113,-0.012044914918776512,-0.3673047276436758
100,-0.016706471724534877,-0.017871119218825966,-0.27569708353794614
101,-0.008258764719530465,-0.0231462593666656,-0.11812726578769153
102,-0.010772846998132302,-0.06141958822544933,-0.0
103,-0.02100391941419466,-0.14930193364423047,-0.1840781971082915
104,-0.030638123911097548,-0.17990593391317233,-0.134189952294062
105,-0.02100391941419466,-0.06451690713359354,-0.19313691580939146
106,-0.02100391941419466,-0.01123100766765083,-0.3188503115269569
107,-0.06018488070977257,-0.1915932875536252,-0.445189818207728
108,-0.09864906258126926,-0.21505550849466804,-0.6131259234109757
109,-0.12979732324675708,-0.19671671385912123,-0.6075229221255889
110,-0.1309598542772975,-0.13002314763501294,-0.5066057690158171
111,-0.0891704527520708,-0.06377968762952702,-0.6421172824310878
112,-0.03152655383319691,-0.01824866664328404,-0.5181179087150097
113,-0.013304163205222319,-0.022275654542861897,-0.4922510509518991
114,-0.01585295124829711,-0.006136181913914204,-0.4803679145631801
115,-0.012458461670362797,-0.00661443550653928,-0.4295474216573243
116,-0.016706471724534877,-0.019195354977137914,-0.4616269605802172
117,-0.02710562603101141,-0.02068953239423167,-0.4073412375230193
118,-0.021869443202871097,-0.023162926237497238,-0.4510133420008743
119,-0.008258764719530465,-0.02712797984365239,-0.41945008518438465
120,-0.00410629427754039,-0.02485388350718931,-0.29773376801922974
121,-0.0074245266330768,-0.02970630951414797,-0.4012920024572251
122,-0.010772846998132302,-0.038561402881072154,-0.22397547512979313
123,-0.05635963657165921,-0.12335075975694028,-0.3999783801462955
124,-0.1309598542772975,-0.2562435256256251,-0.36090698053620524
125,-0.21273669397929218,-0.3777007032742746,-0.48526091985299463
126,-0.22007410714424125,-0.0032806081624548763,-0.31750555662669816
127,-0.1072837294323582,-0.011041881483833206,-0.43467997492615595
128,-0.030638123911097548,-0.01508986661947388,-0.5009811478767301
129,-0.012458461670362797,-0.021699011023937665,-0.3689357294069478
130,-0.002458293065050965,-0.026323387913082155,-0.29740428144881104
131,-0.0016370423337047635,-0.0735420428654677,-0.2691332959540449
132,-0.006592168975396717,-0.0945783529215357,-0.19705616288847355
133,-0.004933061170638853,-0.20011413714840312,-0.36994407938360646
134,-0.006592168975396717,-0.10397952548534543,-0.38620393895573674
135,-0.013304163205222319,-0.387336873681502,-0.33634769152498606
136,-0.07190427279064315,-0.43216098772029676,-0.5754364648495114
137,-0.1500760306258755,-0.46863454629468393,-0.6420878794300532
138,-0.2290758957099347,-0.41030774922805807,-0.6070689051978487
139,-0.2558413704499546,-0.35034075080049626,-0.6176790646005962
140,-0.19156065837731817,-0.27238581802728146,-0.6947400063415348
141,-0.10837739877907959,-0.17015959095797023,-0.6496115885183176
142,-0.05446177218005166,-0.06397732348455476,-0.632988515403992
143,-0.019278934221013233,-0.02186799597412189,-0.5753499854347054
144,-0.005761683288325825,-0.01734266360136964,-0.5955645486459873
145,-0.015001399030545648,-0.021781187257161935,-0.6492613468883467
146,-0.02622775650175957,-0.018935835181771558,-0.46230063522156867
147,-0.034204740960258495,-0.022293882359300125,-0.48923637855170327
148,-0.019278934221013233,-0.022740514215120765,-0.4332504701993873
149,-0.0032813743201591805,-0.02632504956485691,-0.4990353610435566
150,-0.0016370423337047635,-0.014110448780965736,-0.3826643365076618
151,0.0,-0.014844093216062322,-0.36898069870264777
152,-0.004933061170638853,-0.018182804809302826,-0.4126225353853217
153,-0.024478253661454397,-0.026316690952899048,-0.3504325938147059
154,-0.10619328965601005,-0.13163958234026144,-0.4590161470471746
155,-0.23674873219356707,-0.23453510260321056,-0.4300861884115775
156,-0.2742548590554752,-0.0021202716928347184,-0.5031526459825482
157,-0.2012919014085266,-0.008928965369521409,-0.38306387140407144
158,-0.13801296258586782,-0.01397595569337871,-0.5889851947674238
159,-0.09440628203498913,-0.018236732962356252,-0.3781388687307765
160,-0.051633140134600186,-0.020534243482918157,-0.3664511758195244
161,-0.019278934221013233,-0.02579221322908532,-0.3210166208678882
162,-0.008258764719530465,-0.029492762084549852,-0.3032892056264707
163,-0.011614692538278404,-0.05515213984957617,-0.1896734152463456
164,-0.008258764719530465,-0.08824202152663631,-0.21525143176399872
165,-0.009932916299210559,-0.09516416070176313,-0.4119021618599757
166,-0.01841945399543954,-0.5018241774313135,-0.5692886432508365
167,-0.08813213689966992,-0.6706921070481271,-0.5117789676096084
168,-0.1728352818193113,-0.6965833607653579,-0.6248369657642259
169,-0.23674873219356707,-0.6064178051018946,-0.6869646421561801
170,-0.25421206707460764,-0.5249378543243304,-0.6787274778957528
171,-0.25097486962213245,-0.4398090169555713,-0.7593902872634279
172,-0.2156541872721499,-0.29187568416497706,-0.7859446563742593
173,-0.12176049734892269,-0.19075037692606742,-0.8506277994737825
174,-0.050695057390411025,-0.08690796691692808,-0.775294716440702
175,-0.053516485281881576,-0.06657216896662972,-0.7775976632570277
176,-0.1072837294323582,-0.19439805504324428,-0.5915216360037319
177,-0.13682804953090355,-0.24877988938426435,-0.5830864338833933
178,-0.11724535705921035,-0.2786012013142123,-0.5527875061113914
179,-0.07489317206646917,-0.2140867151569015,-0.5255620567416511
180,-0.03871200809826636,-0.13752142679822316,-0.5310024767271996
181,-0.023606600715340265,-0.044416358792133286,-0.4869697530895951
182,-0.006592168975396717,-0.01306194651109503,-0.38627225769343476
183,-0.009932916299210559,-0.0,-0.47554149842276755
184,-0.009932916299210559,-0.0,-0.4166438281738768
185,-0.051633140134600186,-0.0,-0.41116795162825726
186,-0.19569982999613,-0.014248365878270441,-0.31368489608049677
187,-0.32377414291586204,-0.3227927799107501,-0.3133770293637816
188,-0.26243143855888906,-0.32452079705032766,-0.46241911201985514
189,-0.20840322327271343,-0.30453747068861375,-0.5240564501298486
190,-0.21273669397929218,-0.29168111984807843,-0.5169599493507355
191,-0.1861129608165294,-0.21602329477075288,-0.5322183772993949
192,-0.1415906869204484,-0.1427410274943187,-0.3933324371183302
193,-0.07389418184888874,-0.04449234159601529,-0.42301044269201504
194,-0.01585295124829711,-0.0208807734075808,-0.41608171197762717
195,-0.009094891750376588,-0.019118868642415077,-0.3018787263709582
196,-0.005761683288325825,-0.008065812802162065,-0.3658363071802421
197,-0.006592168975396717,-0.027675116455303694,-0.556255330645176
198,-0.014151806014368273,-0.5888340046090957,-0.5237632849136523
199,-0.059224848372752104,-0.7410406022335203,-0.6344102369834312
200,-0.13801296258586782,-0.8303021186253484,-0.5954071561110373
201,-0.19293523354150255,-0.7396713004649536,-0.6474954372379748
202,-0.24617166976561444,-0.6439238033123298,-0.7479603030083025
203,-0.26243143855888906,-0.5246782338227959,-0.8193957588160045
204,-0.2414301452296398,-0.4139133321669411,-0.7277924386810152
205,-0.20270325208179663,-0.23772486977373208,-0.8359643498989996
206,-0.15625863286074504,-0.1773887832398382,-0.8362255177317154
207,-0.20696996080719765,-0.19549635651327354,-0.6312883301088755
208,-0.1767686980791916,-0.3841695639864817,-0.6123519326484473
209,-0.197089928766792,-0.5024170346433127,-0.5460896754345399
210,-0.2141925593466344,-0.46462482950294676,-0.4871963291563911
211,-0.22305038763336205,-0.38241667242336697,-0.6281240483210642
212,-0.158760951837414,-0.29037757920732477,-0.6312969780503579
213,-0.0902116963871844,-0.1840397207040913,-0.5874527795370341
214,-0.01841945399543954,-0.041967235135395964,-0.5464615369182126
215,-0.009094891750376588,-0.011763793650338335,-0.4937929789179177
216,-0.004933061170638853,-0.00659802040112806,-0.4432665160224094
217,-0.02710562603101141,-0.010829743940589423,-0.43522911921018764
218,-0.10837739877907959,-0.010878133254393666,-0.3657567461186191
219,-0.22454757219893806,-0.04706382324707551,-0.24610296299662476
220,-0.31028460776153366,-0.6258637633502693,-0.30994639097836263
221,-0.2918304781235034,-0.6298579713921089,-0.42379999974920873
222,-0.32970971413404637,-0.5761011195307332,-0.3987010791895883
223,-0.339819401515823,-0.5286502865076386,-0.4966459348124216
224,-0.28293811306192995,-0.42221484372745127,-0.48031602691429554
225,-0.2558413704499546,-0.3539633530817995,-0.4955364039204396
226,-0.16128034329777563,-0.2233317428069683,-0.5343933345818086
227,-0.06405016551391507,-0.11412295286163003,-0.5399980654554899
228,-0.025351968996045637,-0.02600158135270451,-0.559794068299106
229,-0.01585295124829711,-0.015545763442765884,-0.5470219235261662
230,-0.010772846998132302,-0.04515423288629289,-0.4742477663772437
231,-0.017561969579118486,-0.5551078110084724,-0.5679879928521296
232,-0.051633140134600186,-0.8251092050638171,-0.6442299745348384
233,-0.13329595389993465,-0.8546726084970894,-0.6166300692989811
234,-0.21128654591002438,-0.8517840534755553,-0.644180681268398
235,-0.3902597061759294,-0.7624551646572235,-0.7800778928737092
236,-0.26745233613331343,-0.5938966043890189,-0.8456586922989341
237,-0.24617166976561444,-0.41367747832109397,-0.8045420545286431
238,-0.20696996080719765,-0.25793760478653033,-0.7958456845755872
239,-0.18207928906534165,-0.1439603777784847,-0.8238926883859999
240,-0.24458438724091647,-0.2945010939690907,-0.6260865933081962
241,-0.20840322327271343,-0.5520420131309645,-0.5141199653684527
242,-0.2591217037112671,-0.6268000285957179,-0.5733894971010163
243,-0.3277205707236205,-0.6388391488815781,-0.5520636734094514
244,-0.3179324716874432,-0.5380812177441416,-0.6035535169859183
245,-0.29003479163153134,-0.43646486722924976,-0.5909197392766691
246,-0.19019118098703958,-0.2737433371741726,-0.6925278629107554
247,-0.08813213689966992,-0.17419972101249387,-0.6730561578726679
248,-0.036001051390233574,-0.0322182738198215,-0.6758165807933277
249,-0.0032813743201591805,-0.023431862059587208,-0.6349550572967193
250,-0.01841945399543954,-0.026168803944945813,-0.5868638547221925
251,-0.06211246570676887,-0.020616973600067347,-0.5510181372844271
252,-0.1767686980791916,-0.03414790470806936,-0.29968820279388075
253,-0.32970971413404637,-0.7899985030632339,-0.5242518936073154
254,-0.4170578404222216,-0.7915114118276068,-0.5916989188040891
255,-0.4247170353287173,-0.7012429344602767,-0.5188832515360573
256,-0.3544547171091337,-0.6043054932245918,-0.5794715943444357
257,-0.35874503194492857,-0.5179516660262493,-0.6566570664426958
258,-0.2640974972094363,-0.35309204331481864,-0.6197493817910925
259,-0.18207928906534154,-0.27078720831379854,-0.6258262902696268
260,-0.08298390451553028,-0.09100852067235193,-0.5780801405601809
261,-0.03510180390757678,-0.028898494986196392,-0.5879811687615072
262,-0.010772846998132302,-0.01686088529285872,-0.5101773688473725
263,-0.011614692538278404,-0.3271376468301471,-0.4852903228540308
264,-0.04053043288547076,-0.71963026946888,-0.5997657186173438
265,-0.09758378856349281,-0.8032522404433563,-0.5873187364440807
266,-0.18074446416158918,-0.8428596742649324,-0.6936382585968855
267,-0.35874503194492835,-0.7428286402493253,-0.663430999004578
268,-0.21273669397929218,-0.5604239889198401,-0.6678855536613177
269,-0.1500760306258755,-0.3487837327344663,-0.8220446232915608
270,-0.12633152938798953,-0.1419218835224483,-0.824131371570869
271,-0.11949602629164024,-0.05645205506827579,-0.6191915895655833
272,-0.147631685425044,-0.2866326189316986,-0.4235569925935993
273,-0.17153339902459652,-0.6385490144110889,-0.4263684383689956
274,-0.27597525192535066,-0.6941602696530917,-0.47755300961119157
275,-0.37192341742262247,-0.7163592324206477,-0.6261877742235211
276,-0.34602079222822635,-0.6760354756248999,-0.6728736863074238
277,-0.3337204372097057,-0.518880781133758,-0.665361219543086
278,-0.25421206707460764,-0.3883072783179592,-0.6983513867039017
279,-0.22007410714424125,-0.227994236980764,-0.7241334946405025
280,-0.10947431688313991,-0.033375236632808065,-0.8271858245018764
281,-0.015001399030545648,-0.0364660599931055,-0.7896969981827626
282,-0.014151806014368273,-0.028429153889454096,-0.7898829289246007
283,-0.04604006037651143,-0.029546740590687362,-0.48871404288626674
284,-0.16128034329777563,-0.03757100807023381,-0.3048311335924909
285,-0.2558413704499546,-0.8355449824462906,-0.43042345812932564
286,-0.32970971413404637,-0.913233245286199,-0.5112272289431372
287,-0.3997809909531539,-0.910788502347777,-0.5894539131956813
288,-0.3997809909531539,-0.8605963467210085,-0.6417324490351954
289,-0.32970971413404637,-0.7645948686122678,-0.5963714015861441
290,-0.36090902776661193,-0.591699800036624,-0.6140702786206751
291,-0.34394206891701795,-0.4786274179495589,-0.7263257478058761
292,-0.31028460776153366,-0.2900265175050946,-0.8053506370570945
293,-0.1847635019346867,-0.12601202095692138,-0.8074512220427721
294,-0.091255884362894,-0.030429480507755187,-0.7700765485512076
295,-0.02710562603101141,-0.026752245130221317,-0.5686002671089677
296,-0.01841945399543954,-0.02678391722010984,-0.5202876772325333
297,-0.03871200809826636,-0.32836666490645716,-0.4396283270414505
298,-0.05635963657165921,-0.5966453792491372,-0.4872205433925389
299,-0.09758378856349281,-0.7000747429095395,-0.49643578983443903
300,-0.2290758957099347,-0.565525561986844,-0.5467633500758897
301,-0.12979732324675708,-0.3616759349708691,-0.5427610827585956
302,-0.09864906258126926,-0.06654885548869907,-0.566282618792123
303,-0.10078887453870489,-0.02301846323926168,-0.5264406875960983
304,-0.0902116963871844,-0.027191223317261266,-0.4660529770300704
305,-0.09864906258126926,-0.168978106193035,-0.3865489918208192
306,-0.11724535705921035,-0.4784012318958558,-0.3436854698714156
307,-0.23520135751900562,-0.7043803344233515,-0.5248555199226728
308,-0.339819401515823,-0.7133014910365931,-0.5621212293515796
309,-0.339819401515823,-0.6504573173845002,-0.6833316419401098
310,-0.3065192647053506,-0.5357448346426673,-0.62187245142462
311,-0.2794402714667088,-0.41227997882544054,-0.6792757573856332
312,-0.26077286303304836,-0.18008589583568677,-0.7508564986102103
313,-0.2477658045950366,-0.03346431123855177,-0.9499468129979075
314,-0.11724535705921035,-0.0318438482865766,-0.8877023893959628
315,-0.0630800446288754,-0.028682077430805513,-0.7313147452461286
316,-0.050695057390411025,-0.03092389744037107,-0.5150349175771191
317,-0.11612514575095456,-0.05059780410039183,-0.31671167559876406
318,-0.17808920299160513,-0.13967643809082875,-0.06366598951843419
319,-0.20554223982873143,-0.3248101258714714,-0.13528737606796928
320,-0.29910183996242623,-0.4373676980268669,-0.3040528188592238
321,-0.1476316854250438,-0.31279869978185715,-0.27033103584913226
322,-0.07091332505719194,-0.686039928489114,-0.35093503921473823
323,-0.19431494457357856,-0.8498036666785513,-0.4659362298200817
324,-0.3179324716874432,-0.978090938064623,-0.6333240555334457
325,-0.32181663313575715,-0.9001043835546038,-0.6304001865188011
326,-0.3257420848491078,-0.8476155230566188,-0.6713110032818499
327,-0.32377414291586204,-0.7224250670478506,-0.6639913856125315
328,-0.3674781606269474,-0.5061216117455039,-0.7296872026594489
329,-0.4486965769229303,-0.3622448241148445,-0.7812297986789485
330,-0.3257420848491078,-0.1284168842527493,-0.8174992652492714
331,-0.21273669397929218,-0.03442771679632137,-0.8800878769221521
332,-0.08400782500182691,-0.031756838157280316,-0.7256339124874134
333,-0.08813213689966992,-0.030559492170858783,-0.6747727742565995
334,-0.08709673241138072,-0.02975842495617439,-0.47679977390821543
335,-0.06114741546122571,-0.028760980713564355,-0.3005192699701805
336,-0.06502284175324924,-0.11571592302969562,-0.39453709536660064
337,-0.29003479163153134,-0.03542777939930374,-0.3881549145537954
338,-0.11389486665767268,-0.033643366805552695,-0.19593625446671306
339,-0.11836897697048276,-0.01788758467732127,-0.3589672472620715
340,-0.10510606043254478,-0.02364948808899609,-0.38793093286944524
341,-0.19293523354150255,-0.023925825814446338,-0.3079590940260831
342,-0.11500832242763304,-0.027857646385106377,-0.40069702408334695
343,-0.10837739877907959,-0.3184951441842234,-0.3763176122549277
344,-0.16765506538260055,-0.509255688405029,-0.5199815401041143
345,-0.24458438724091647,-0.6404578998286944,-0.6785804628905798
346,-0.3257420848491078,-0.5959048867946053,-0.6982960398784248
347,-0.6988023497199978,-0.5079300931134468,-0.6392115740935512
348,-0.3009422749657922,-0.32425644335888926,-0.6397373689355816
349,-0.23830261823249366,-0.10630170901710825,-0.7374651612272494
350,-0.23674873219356707,-0.028896380156664885,-0.8392401901319113
351,-0.2591217037112671,-0.02786187604416939,-0.7895179857941124
352,-0.13329595389993465,-0.02632474744635241,-0.7273929037846023
353,-0.024478253661454508,-0.026460348301789272,-0.39271929806734407
354,-0.025351968996045637,-0.04392068303241532,-0.3741184407363695
355,-0.043274971031477816,-0.10560119691133861,-0.13364945595151265
356,-0.10078887453870489,-0.2433970439895701,-0.2725189650437655
357,-0.26077286303304836,-0.4261567852680121,-0.20723651959962855
358,-0.14399524017168763,-0.012852225915887257,-0.45647884101671854
359,-0.02710562603101141,-0.019885947525343103,-0.40454103407154807
360,-0.01585295124829711,-0.30966411959149115,-0.21867947576697505
361,-0.0891704527520708,-0.6819706943519901,-0.4227561932124806
362,-0.2414301452296398,-0.8365577843795461,-0.5389058304464711
363,-0.32377414291586204,-0.9232913745380462,-0.6262491746080345
364,-0.3418749818628152,-0.8659266234959196,-0.7112359547160916
365,-0.314088740906345,-0.7147690820252909,-0.677688860123913
366,-0.3502136768720575,-0.5485296841038041,-0.6817663645320932
367,-0.486337992645161,-0.3392752577484746,-0.8585052093686069
368,-0.41959329482790597,-0.08794574397988901,-0.8338559817659879
369,-0.25097486962213245,-0.03173740186682408,-0.8266090068051078
370,-0.12289796166370026,-0.028696981943694227,-0.7146415140712162
371,-0.09230303337794432,-0.028671603989316143,-0.6743896704490017
372,-0.06502284175324924,-0.025730681760335286,-0.3706333203196217
373,-0.03780614270216753,-0.028659317836799772,-0.3550454058005452
374,-0.048826011020283944,-0.049141844674117446,-0.24121082250095674
375,-0.1072837294323582,-0.08061906812723535,-0.23188661199639735
376,-0.051633140134600186,-0.0602536625634959,-0.21811217080583536
377,-0.0630800446288754,-0.01877661872989953,-0.2848146082411153
378,-0.053516485281881354,-0.02194543901744231,-0.3858026744710293
379,-0.06599808684433983,-0.022702195518133222,-0.39274956586252513
380,-0.06697591439187256,-0.02566069097345922,-0.3355953206161612
381,-0.059224848372752104,-0.015212929556973953,-0.39921563170769375
382,-0.06405016551391507,-0.24061282055825708,-0.4259247989710324
383,-0.10078887453870489,-0.3753411577541218,-0.5615141438596284
384,-0.19431494457357867,-0.4026915431419243,-0.6172682873802615
385,-0.2918304781235034,-0.36043805475176033,-0.6252503373670063
386,-0.272542444187158,-0.20371820949476366,-0.6168860483668117
387,-0.2972705321981417,-0.01862923525278713,-0.6609369326815258
388,-0.4987366902468301,-0.02587856876828852,-0.7991760068398309
389,-0.3832764662500221,-0.022710403070838832,-0.6909885293271795
390,-0.17023608998061823,-0.024461985453767435,-0.5751458940157593
391,-0.036001051390233574,-0.022658337981896492,-0.4359053882339817
392,-0.004933061170638853,-0.028209564089765955,-0.2768334230485185
393,-0.002458293065050965,-0.040838671461832496,-0.18736182048853747
394,-0.03871200809826636,-0.13736120328466944,-0.25883013847386466
395,-0.139201690037561,-0.24466292052342928,-0.26489839901091494
396,-0.23059776163291168,-0.007232469260580151,-0.5509584664882098
397,-0.06697591439187256,-0.012215561520735491,-0.5564836363002698
398,-0.0074245266330768,-0.01940311180206643,-0.39881696160543056
399,-0.00410629427754039,-0.024340332402621703,-0.36290984378315166
400,-0.02622775650175957,-0.24320459450220297,-0.3383687154490405
401,-0.07689929699392284,-0.558397680110152,-0.49685780937870033
402,-0.1847635019346867,-0.7015916799206391,-0.5603371590240996
403,-0.36090902776661193,-0.7143629340490734,-0.6543688211268858
404,-0.4247170353287173,-0.678343963117792,-0.6779941324581841
405,-0.38791725553760903,-0.5052582577658081,-0.6495155963678796
406,-0.4405291488432672,-0.2831377120716311,-0.7987185307354969
407,-0.486337992645161,-0.08672956594002025,-0.8719847557546748
408,-0.28824779498029496,-0.026684268466708596,-0.7817305144906848
409,-0.19156065837731817,-0.026143778462156313,-0.677517630882594
410,-0.09546241579331549,-0.024779411295829817,-0.5438316979139125
411,-0.05731223913107664,-0.02430256758955908,-0.5012639355631494
412,-0.01841945399543954,-0.006387544509659033,-0.3288507910553104
413,-0.016706471724534877,-0.0159653053393496,-0.3556706519696044
414,-0.19848528028482615,-0.030044279414516418,-0.3202486836643964
415,-0.03152655383319691,-0.0536195430293267,-0.30233447288699605
416,-0.020140419568076884,-0.02845614314252285,-0.2770072466722818
417,-0.03510180390757678,-0.02323357161446639,-0.33494758979925043
418,-0.03690249407380486,-0.019831415135280674,-0.511088861879445
419,-0.048826011020283944,-0.02883948117165053,-0.524394584641748
420,-0.03962010116489256,-0.04542996637473413,-0.4077710402146133
421,-0.05826730547225689,-0.07060842183367895,-0.49441303632208844
422,-0.05540948511508437,-0.10744573108748535,-0.4907679289879449
423,-0.08709673241138072,-0.15019197475849042,-0.6681372087584095
424,-0.1476316854250438,-0.10949479949117928,-0.578025658528852
425,-0.1741417707290337,-0.05291459985215771,-0.5572117929729484
426,-0.2156541872721499,-0.036422655634625524,-0.6344465583376504
427,-0.2493668511486412,-0.02308477825099965,-0.6685566339202266
428,-0.3179324716874432,-0.02185611264627818,-0.6952000768283114
429,-0.16894332266301693,-0.02406872786707531,-0.5043097405526744
430,-0.04144301432485664,-0.01964843202772124,-0.5703281258168243
431,-0.014151806014368273,-0.029688081697709746,-0.34414554035818906
432,-0.004933061170638853,-0.02220198798084774,-0.330039883008917
433,-0.010772846998132302,-0.015148930787103826,-0.35690211883646517
434,-0.0630800446288754,-0.045878108823077274,-0.28635480661883933
435,-0.21128654591002438,-0.008753535224574498,-0.6078567326667463
436,-0.11278475819376665,-0.014940670431334473,-0.5498203973893413
437,-0.04696637715377727,-0.01976731565924238,-0.3738097092255062
438,-0.0074245266330768,-0.02081828523023318,-0.5369617732015938
439,-0.015001399030545648,-0.02193969876585679,-0.3245518993452244
440,-0.013304163205222319,-0.10152214392281841,-0.3036498247862186
441,-0.06599808684433983,-0.3259218212618669,-0.47843509964222947
442,-0.15876095183741412,-0.4418066245073319,-0.5913218685555278
443,-0.2591217037112671,-0.5208399189292788,-0.6039677533828469
444,-0.3481112835464574,-0.41033725613533095,-0.6019328927524232
445,-0.3502136768720575,-0.25855735054543005,-0.744137048079657
446,-0.37642283881865435,-0.20962553261327163,-0.7006768181680775
447,-0.3009422749657922,-0.17699683483333226,-0.6214677277633203
448,-0.2141925593466344,-0.14256680582338976,-0.6795706521901272
449,-0.14399524017168763,-0.08765500527239088,-0.633478853685953
450,-0.07489317206646917,-0.018872088177321847,-0.5898785271223868
451,-0.032417126396287244,-0.017824794381469146,-0.5001613230243505
452,-0.015001399030545648,-0.01694406858776466,-0.35634692099340176
453,-0.11612514575095456,-0.006655070445394665,-0.3976270048576791
454,-0.033309851960243164,-0.0229991780080577,-0.2568056553732195
455,-0.021869443202870986,-0.026445846613573225,-0.4158741613820888
456,-0.04604006037651143,-0.13605484287120714,-0.5312022441754052
457,-0.05635963657165921,-0.17800027109294822,-0.5566392992469235
458,-0.07689929699392284,-0.17527878760440327,-0.6483827160339011
459,-0.06405016551391507,-0.18944864899634078,-0.5353783351164659
460,-0.06114741546122571,-0.11498187576992636,-0.5055896358918274
461,-0.050695057390411025,-0.06257579574217463,-0.4262542855414495
462,-0.04144301432485664,-0.011330656421052075,-0.5366781207210247
463,-0.05446177218005166,-0.0037476833704134156,-0.5657395280671311
464,-0.08400782500182691,-0.14779969973368334,-0.5673973384489951
465,-0.1415906869204484,-0.2546347445891573,-0.5463136571188917
466,-0.14641555371588622,-0.2935185038862853,-0.6202388552789038
467,-0.21128654591002438,-0.2918138505777225,-0.6345978973135638
468,-0.16128034329777563,-0.24475063559590274,-0.5609883490175995
469,-0.091255884362894,-0.16563586988390863,-0.5279523477669342
470,-0.047895023452963925,-0.048053311702400354,-0.5010831935862015
471,-0.015001399030545648,-0.013755258125840733,-0.4798559564275173
472,-0.005761683288325825,-0.0014826002360012836,-0.3924408343516635
473,-0.051633140134600186,-0.0021211780483482213,-0.36201824101648494
474,-0.26077286303304836,-0.006334975889875859,-0.5373967646580762
475,-0.2215592488252126,-0.012085801623052313,-0.5266715876336331
476,-0.19431494457357867,-0.016146526088966114,-0.4361224515651489
477,-0.13682804953090355,-0.02044662911661287,-0.5482680918935442
478,-0.06211246570676887,-0.024454029666482243,-0.4111956250409941
479,-0.03510180390757678,-0.015203513530250339,-0.36749238797380834
480,-0.015001399030545648,-0.021678718731052014,-0.41483467881610103
481,-0.020140419568076884,-0.039705525657617424,-0.40371429086598704
482,-0.048826011020283944,-0.042608683073535665,-0.3867625959753925
483,-0.08813213689966992,-0.1483171280257254,-0.5141320724865241
484,-0.19569982999613,-0.36355309794550195,-0.5629427837922522
485,-0.272542444187158,-0.4016888118254855,-0.5429305824116168
486,-0.3277205707236205,-0.4595681713869454,-0.5818039441617977
487,-0.35021367687205773,-0.448573374064977,-0.5919609514309546
488,-0.302791928644479,-0.3832471961922402,-0.6150353888899283
489,-0.2215592488252126,-0.2821067830281055,-0.5943365409557204
490,-0.12289796166370026,-0.18006867508093022,-0.6390066178804588
491,-0.06795633810889656,-0.022525003015243385,-0.5936144378420782
492,-0.03962010116489256,-0.012922317408931487,-0.5107464033968084
493,-0.1488518355139179,-0.010364632502910141,-0.5215277920408748
494,-0.032417126396287244,-0.02020976820908409,-0.38275686948150434
495,-0.029751826344709742,-0.18497759724823057,-0.5820357089934806
496,-0.05731223913107664,-0.3405401272206521,-0.4649045304014266
497,-0.09758378856349303,-0.357348490218565,-0.6043145358362255
498,-0.11500832242763304,-0.36011911831717547,-0.5969957829610553
499,-0.10947431688313991,-0.2871513564039268,-0.6723548098185796
500,-0.091255884362894,-0.18453237527876426,-0.6347673969665868
501,-0.06795633810889656,-0.10334009167056907,-0.5719158878726925
502,-0.03780614270216753,-0.016245570605358358,-0.60452381602006
503,-0.04053043288547076,-0.01938815693609363,-0.5658329258351233
504,-0.05540948511508437,-0.31149687114596236,-0.4461851962721655
505,-0.09335316027354357,-0.518919351596166,-0.5889670340903143
506,-0.10078887453870489,-0.5728712713052811,-0.5643575870185067
507,-0.16894332266301693,-0.49726077812699415,-0.6078671101965233
508,-0.175452898462773,-0.46361102050800956,-0.5619309746390028
509,-0.18882676369894358,-0.34839399986366,-0.7038912580164789
510,-0.13564692647162124,-0.24535114647668255,-0.6064358758814569
511,-0.048826011020283944,-0.0846830151905305,-0.5696933669121362
512,-0.005761683288325825,-0.024038415310457042,-0.5906594362380997
513,-0.04696637715377727,-0.01053628616655079,-0.5497373771511244
514,-0.32377414291586204,-0.2265581670227026,-0.48198594441423104
515,-0.35874503194492857,-0.24443169916131785,-0.635834552945313
516,-0.31600560513761256,-0.2490189658274928,-0.4856535363962229
517,-0.20270325208179663,-0.17027167692314008,-0.46196768947455924
518,-0.09440628203498913,-0.12979746511215068,-0.4874194460465948
519,-0.032417126396287244,-0.028330260432314104,-0.4473025103114802
520,-0.015001399030545648,-0.011163735947315274,-0.3957936412637556
521,-0.026227756501759347,-0.0016568722600142746,-0.4914761953952227
522,-0.04235785663014302,-0.0013088317428291275,-0.5839347969426578
523,-0.11057450310299999,-0.36899193596969704,-0.54828798215895
524,-0.21128654591002438,-0.6134326946579032,-0.5389378278299483
525,-0.3741662751735959,-0.6696851460726252,-0.5579382200573325
526,-0.4714030535529701,-0.6358598576025256,-0.5496396554123917
527,-0.40220017191388935,-0.6031088018282633,-0.579192265834607
528,-0.33574225345441966,-0.45428603216041813,-0.6556608235841118
529,-0.23059776163291168,-0.30567635674441435,-0.7670264195909439
530,-0.13212605674060118,-0.1503278273793477,-0.6627443524510054
531,-0.07190427279064315,-0.024869593669423363,-0.6014754166480908
532,-0.2141925593466344,-0.021136214603136392,-0.6072617542928714
533,-0.07589487220076618,-0.04129743841091726,-0.42463452610210084
534,-0.053516485281881576,-0.3069123235463279,-0.4425115507311371
535,-0.08196281533579142,-0.44378832048452205,-0.4432033860495966
536,-0.13564692647162124,-0.4903976527664132,-0.512832286881967
537,-0.14399524017168763,-0.45692634647742053,-0.6355638723769651
538,-0.1513042976701492,-0.342992624534023,-0.6166274749165369
539,-0.1427910063481035,-0.2362344184848605,-0.7112316307453511
540,-0.11167797697066517,-0.1131029000842665,-0.6619089613039636
541,-0.06697591439187245,-0.0279152503132979,-0.6229906302580828
542,-0.055409485115084145,-0.03534092032925971,-0.5705901584436931
543,-0.0630800446288754,-0.43611531611954213,-0.46722563789486354
544,-0.0902116963871844,-0.6872497116873041,-0.6444989255148902
545,-0.11167797697066517,-0.7151156119499534,-0.5976236235125587
546,-0.2640974972094363,-0.7051782293937385,-0.6628507221312188
547,-0.2777036974825956,-0.6065587937373284,-0.6258842314775463
548,-0.28469953760208033,-0.5018356579344846,-0.6375477101526507
549,-0.22605085174610628,-0.4014739048626171,-0.701860721356794
550,-0.14039425652344284,-0.19483018521084886,-0.6894249815074575
551,-0.053516485281881576,-0.08120215684092227,-0.7372498274843784
552,-0.05635963657165921,-0.02450936770589001,-0.7018019153547265
553,-0.32970971413404637,-0.4667376449110904,-0.48208712532955594
554,-0.41203856778378634,-0.4883936000198899,-0.5314452513310146
555,-0.4378463289352552,-0.43929682538427395,-0.5423381984201846
556,-0.3696941000769234,-0.42172873505370917,-0.5144572350862024
557,-0.31600560513761256,-0.3185818521950152,-0.49249146372506436
558,-0.2156541872721499,-0.2530512408008994,-0.5981494183545891
559,-0.09230303337794432,-0.16834839052348674,-0.5251331188442052
560,-0.022737000444169375,-0.050656566149517274,-0.5311719763802225
561,-0.012458461670362797,-0.023664896132725644,-0.4023807782896533
562,-0.034204740960258495,-0.00865126811080091,-0.5682785636858849
563,-0.11949602629164024,-0.45847037344775693,-0.5847278131764438
564,-0.24458438724091647,-0.7307527622120842,-0.5188728740062805
565,-0.414539676146951,-0.8443770141007045,-0.5689098634139791
566,-0.46559420205958446,-0.7853540352935401,-0.6248542616471874
567,-0.5050957295824603,-0.6996900453471416,-0.6017097758622195
568,-0.35021367687205773,-0.5840035325467975,-0.674535820660025
569,-0.34602079222822635,-0.3846407681473351,-0.7063524621619043
570,-0.22305038763336205,-0.20269513553235513,-0.7153921553917465
571,-0.10619328965601005,-0.030257927550282705,-0.6844152290076526
572,-0.12403894055047204,-0.023016549822066506,-0.6620689482213578
573,-0.08196281533579142,-0.10692095124516712,-0.5436691166140741
574,-0.10619328965601005,-0.339408189890455,-0.5273314255686153
575,-0.13682804953090355,-0.5100922545439922,-0.4348148828132575
576,-0.147631685425044,-0.5510836932346873,-0.5954789340253309
577,-0.1767686980791916,-0.4727357042871168,-0.6359132492127879
578,-0.16637128678068402,-0.3920677473434831,-0.5681479797695238
579,-0.12289796166370026,-0.2506939108164463,-0.5987807180826848
580,-0.10510606043254478,-0.0642640339453262,-0.737044006477133
581,-0.051633140134600186,-0.03266938710012557,-0.6703415690418563
582,-0.036001051390233574,-0.022686032178142416,-0.4955597533624377
583,-0.0630800446288754,-0.3946672756623778,-0.4811107727363777
584,-0.09440628203498913,-0.7587985236910798,-0.5874795881556228
585,-0.11389486665767268,-0.8641127039948956,-0.7444034046772645
586,-0.24300389836444158,-0.8133398766024764,-0.7125980054993102
587,-0.3179324716874432,-0.6896056317854029,-0.682314644021972
588,-0.38558957055746124,-0.6198430450864053,-0.7458017768147039
589,-0.3481112835464574,-0.46542171741165217,-0.7599074341639775
590,-0.27597525192535066,-0.30686005704504926,-0.8409299978972525
591,-0.18207928906534165,-0.17119031858915945,-0.8346247837636277
592,-0.11278475819376665,-0.033386767489063184,-0.8635037195444899
593,-0.3973775555867275,-0.7117090243993685,-0.5065175600127133
594,-0.43518285977714843,-0.6672666874440948,-0.6108532443898294
595,-0.4570487443157524,-0.6132129537989628,-0.5836139583137199
596,-0.4405291488432672,-0.5177474339172067,-0.5812366392006596
597,-0.40220017191388935,-0.458534926101552,-0.6028210363424976
598,-0.31600560513761256,-0.3668538433133435,-0.6767332625902871
599,-0.19569982999613,-0.24966791637516092,-0.6291263447386847
600,-0.0829839045155304,-0.13003664226154732,-0.6477808193068416
601,-0.04053043288547076,-0.05283821422360305,-0.5058386966064717
602,-0.29544826159036675,-0.07220149270791269,-0.5851550214855936
603,-0.272542444187158,-0.3858131893571353,-0.5605083882654172
604,-0.29003479163153134,-0.7616555576819776,-0.4346427887777903
605,-0.4405291488432672,-0.8937434798546716,-0.5474569149826486
606,-0.4486965769229303,-0.8594959304214478,-0.5403171744961301
607,-0.43518285977714843,-0.7200658236462023,-0.5744376276084832
608,-0.3832764662500221,-0.611868929278606,-0.6583857899446989
609,-0.41959329482790597,-0.43909138480121324,-0.6802875665388841
610,-0.37192341742262247,-0.21939815987836533,-0.7227480944152841
611,-0.24300389836444158,-0.042642520346039776,-0.7525333344633304
612,-0.34602079222822635,-0.02241483046726869,-0.578138081768102
613,-0.13212605674060118,-0.08669220395163028,-0.5855995256777065
614,-0.1427910063481035,-0.2889164334133898,-0.5111217240570736
615,-0.1500760306258755,-0.41162317319665537,-0.5375169710446588
616,-0.18341895656810203,-0.45952073878173877,-0.5388366469146217
617,-0.14520341400545178,-0.4382545165437455,-0.5235894612898873
618,-0.1476316854250438,-0.3004089206184395,-0.5932918696248441
619,-0.12289796166370026,-0.1116085212548364,-0.571649531275085
620,-0.0891704527520708,-0.025742162263506323,-0.49698579891261563
621,-0.04604006037651143,-0.026939055072171102,-0.6322274965536865
622,-0.028867650922635324,-0.021921319890166314,-0.44845182173427367
623,-0.06405016551391507,-0.26440022171631117,-0.3767387670050409
624,-0.10186344840508232,-0.7479707979021004,-0.7193105376766805
625,-0.12979732324675708,-0.8784601103613116,-0.705053541351492
626,-0.23830261823249366,-0.8968646661246714,-0.7315067295470016
627,-0.314088740906345,-0.8219545843459859,-0.7226754517068458
628,-0.3902597061759294,-0.7112665214964426,-0.6234204329496768
629,-0.3973775555867275,-0.5107828974452815,-0.7406173358969861
630,-0.34394206891701795,-0.34715420622735604,-0.8059006461352711
631,-0.26077286303304836,-0.15807767055063907,-0.8812207572561305
632,-0.1998859243978226,-0.03925466414273378,-0.9458580662658024
633,-0.31028460776153366,-0.9094596844588134,-0.6131363009407526
634,-0.3277205707236205,-0.824958347223903,-0.5783084462152747
635,-0.3337204372097057,-0.7680234101075132,-0.6085961316633517
636,-0.378693276899141,-0.7272654083146292,-0.6479183215763841
637,-0.3652754394713178,-0.5921139038001267,-0.5788895878827803
638,-0.33170963052068825,-0.4804657083432793,-0.6668772036846623
639,-0.2864694044694308,-0.2969149201138855,-0.7044741292722808
640,-0.19431494457357867,-0.21976462962432505,-0.7689047524805641
641,-0.11949602629164024,-0.08061086057452975,-0.7058725014097219
642,-0.19431494457357867,-0.05591378059942318,-0.7020284914215225
643,-0.2290758957099347,-0.26351954627569074,-0.610446791140235
644,-0.31028460776153366,-0.5737459043758115,-0.5216194602205709
645,-0.33574225345441966,-0.7426510952748469,-0.5129896794169169
646,-0.32181663313575715,-0.7312683777930992,-0.4444210162100881
647,-0.3565936437443,-0.6848222902098068,-0.42731711754943696
648,-0.38791725553760903,-0.49687346220422385,-0.5769195868134623
649,-0.3565936437443,-0.36132880080919744,-0.5761438664626378
650,-0.43518285977714866,-0.20717605648494572,-0.5822000198816166
651,-0.31028460776153366,-0.07025574883275812,-0.5747956523857868
652,-0.3257420848491078,-0.04670485611064425,-0.582911745465482
653,-0.18341895656810203,-0.10484549782541346,-0.49051194992011593
654,-0.18074446416158918,-0.19716072735456955,-0.40405069578958874
655,-0.17023608998061823,-0.29557019065035156,-0.5046824668304969
656,-0.1767686980791916,-0.2921556473124813,-0.5188720092121323
657,-0.1728352818193113,-0.2816767676900324,-0.54998730265992
658,-0.139201690037561,-0.1414592393858891,-0.43693622285848877
659,-0.12633152938798953,-0.021598758033527416,-0.5665481105955825
660,-0.08094454184773225,-0.028251709621143845,-0.4631619701930511
661,-0.04975935169101664,-0.02173823607643871,-0.50705027320793
662,-0.025351968996045637,-0.02393453689799278,-0.31345399604296037
663,-0.04975935169101664,-0.022742377279231854,-0.3342808335110819
664,-0.07489317206646917,-0.47567723075310664,-0.6409567286843694
665,-0.12633152938798953,-0.7548610132219183,-0.7697133350090155
666,-0.2260508517461065,-0.8016869644715366,-0.7681644886898108
667,-0.314088740906345,-0.7563419981309822,-0.6891517065566654
668,-0.3277205707236205,-0.6328154094326691,-0.6257891041212579
669,-0.34394206891701795,-0.4156024767256062,-0.7735781000567689
670,-0.3257420848491078,-0.23028922984712172,-0.7943833176711884
671,-0.28118505069079025,-0.0337608405507195,-0.7904000758251487
672,-0.23830261823249366,-0.03284602571909049,-0.7309973657937846
673,-0.302791928644479,-0.8549288049889062,-0.6228980972842386
674,-0.31218177568607974,-0.7819510731650091,-0.6329046303716303
675,-0.302791928644479,-0.6503768531561348,-0.7563496710387898
676,-0.33170963052068825,-0.5196277187830527,-0.675344403188478
677,-0.28118505069079025,-0.35184570377758384,-0.724207866937237
678,-0.2640974972094363,-0.20550806022159573,-0.8149195843055596
679,-0.28118505069079025,-0.059541116070630305,-0.8215629329510822
680,-0.31600560513761256,-0.025680227970083618,-0.8094411133774974
681,-0.28118505069079025,-0.0724840742157893,-0.5584942826945489
682,-0.26745233613331343,-0.32423932331030086,-0.36776393333630597
683,-0.2098420704098668,-0.4993338145987118,-0.4094461464794372
684,-0.23520135751900562,-0.4501250547040941,-0.460300366357068
685,-0.27597525192535066,-0.45931116924578325,-0.4121624648985451
686,-0.35232810850724483,-0.38911544531749936,-0.46408989431393866
687,-0.32970971413404637,-0.308956658760118,-0.5412589353233853
688,-0.3377752004777482,-0.20788643779519572,-0.39233100549485617
689,-0.29183047812350316,-0.20891746754488946,-0.42871116571613443
690,-0.44323160273599826,-0.1896039379076543,-0.5423131193898904
691,-0.2525899210010426,-0.1901898463940499,-0.5011783209424898
692,-0.17941444697307474,-0.20209764583662032,-0.5670125050531011
693,-0.19019118098703958,-0.16827970891679686,-0.5418305642552638
694,-0.19431494457357867,-0.15678681888707446,-0.4745236357104784
695,-0.1767686980791916,-0.10206414451989321,-0.5383367958970352
696,-0.13564692647162124,-0.02812099301486308,-0.4713221677743013
697,-0.10837739877907959,-0.019653114864541004,-0.5667669035150474
698,-0.07190427279064315,-0.02387814144381926,-0.5895844971120424
699,-0.04975935169101664,-0.01866433135239333,-0.36369075289886466
700,-0.03962010116489256,-0.013727261811090307,-0.375313586249011
701,-0.047895023452963925,-0.019267913771302235,-0.30435376722275276
702,-0.07389418184888874,-0.03417202383534536,-0.49761018028752513
703,-0.10078887453870489,-0.3577415463929208,-0.5064708611287156
704,-0.13920169003756122,-0.583512388564647,-0.5997449635577901
705,-0.26243143855888906,-0.5782498870409124,-0.42091677605952216
706,-0.339819401515823,-0.3884432316449847,-0.4681457788684168
707,-0.3277205707236205,-0.19867192411408352,-0.5139893814520932
708,-0.31028460776153366,-0.02856465403872279,-0.5958940352164076
709,-0.28293811306192995,-0.026255058777980848,-0.435183285120338
710,-0.2290758957099347,-0.007028186798453394,-0.33491559241577157
711,-0.4046353061379876,-0.914447761674293,-0.6545115121613168
712,-0.4987366902468301,-0.7943281633512377,-0.7103287856547594
713,-0.3674781606269474,-0.6613319722478453,-0.6764522044921638
714,-0.32377414291586204,-0.4371717238236139,-0.6813443449878319
715,-0.3009422749657922,-0.29726326274957515,-0.7930472107124121
716,-0.31986944548908347,-0.12665170653711816,-0.8355596262376982
717,-0.42471703532871696,-0.032897536924107906,-0.7827622139093382
718,-0.42471703532871696,-0.02347446076872185,-0.627771212308649
719,-0.30465089381565247,-0.01787424111003914,-0.5731421659746648
720,-0.18074446416158918,-0.07015222289188244,-0.49705411765031526
721,-0.12748318352327315,-0.2214968764229656,-0.3721778426680861
722,-0.139201690037561,-0.19037917399020385,-0.3954010247205289
723,-0.15750767276215427,-0.2121137806163418,-0.3879326624577414
724,-0.197089928766792,-0.21376798013465295,-0.45053943480773007
725,-0.17153339902459652,-0.2156020408693103,-0.41105552838900733
726,-0.19293523354150255,-0.305930035582027,-0.42460771748351206
727,-0.23059776163291168,-0.37184111487947774,-0.5057072478959658
728,-0.4095542858416279,-0.3812541204180471,-0.6544994050432469
729,-0.272542444187158,-0.32340205222816043,-0.5764845953569799
730,-0.1998859243978226,-0.22533952168171376,-0.5752661004023404
731,-0.16765506538260055,-0.1836051735884507,-0.5090764858968729
732,-0.1861129608165294,-0.06628284014548594,-0.6045220864317655
733,-0.13446956924037146,-0.04920292296511073,-0.5372402369172744
734,-0.1072837294323582,-0.05017569419651985,-0.5356490156848138
735,-0.0728978869252066,-0.03982591988166107,-0.5866070108602155
736,-0.04235785663014302,-0.022993488109556263,-0.4480332613666047
737,-0.04975935169101664,-0.021540751280663226,-0.6050046415663904
738,-0.03871200809826636,-0.015358449969975266,-0.40429110856275396
739,-0.02622775650175957,-0.005344178254364844,-0.4562756143919222
740,-0.032417126396287244,-0.007283829406345321,-0.3623235133507559
741,-0.06697591439187256,-0.04018876420556677,-0.42176946308952545
742,-0.07790646130870704,-0.03367901678908382,-0.37732942140817705
743,-0.1525366638253851,-0.13708909521828222,-0.3951268849755887
744,-0.2098420704098668,-0.028872764560229726,-0.40242920676194716
745,-0.2098420704098668,-0.02449340577823554,-0.4025701682080836
746,-0.20554223982873143,-0.021154190654154203,-0.35150753294076476
747,-0.19019118098703958,-0.024216916993533046,-0.2707297059513955
748,-0.17023608998061823,-0.02912810504961715,-0.21355989441036297
749,-0.302791928644479,-0.9457613376041396,-0.5553818885556204
750,-0.4773047444935824,-0.8187194993997893,-0.5826410648971356
751,-0.542174071208883,-0.681795767737884,-0.570556431471918
752,-0.378693276899141,-0.529444757468308,-0.5734085225722739
753,-0.42214627844025,-0.3413034799753579,-0.7523076231906825
754,-0.23059776163291168,-0.13798568223347302,-0.7270262310658179
755,-0.29544826159036675,-0.03113125144062692,-0.7378041605332937
756,-0.4378463289352552,-0.027743898768161752,-0.7783915442849618
757,-0.4378463289352552,-0.01765520519427592,-0.5312947771492478
758,-0.5083167912661777,-0.01218373837159472,-0.43611293882951846
759,-0.25097486962213245,-0.056097166531655286,-0.4110849313900403
760,-0.30465089381565225,-0.12095657131493805,-0.37457332245825603
761,-0.2574778945665991,-0.10874282653347629,-0.47134032845141094
762,-0.175452898462773,-0.07724148395308239,-0.39829722032243664
763,-0.26745233613331343,-0.11405457337344464,-0.4842750545241892
764,-0.13446956924037146,-0.26813893820951096,-0.44173237120372033
765,-0.2972705321981417,-0.4241800238930621,-0.537689065080126
766,-0.29544826159036675,-0.5394987577672603,-0.5987755293177964
767,-0.3973775555867275,-0.5500053315859551,-0.5268307097568807
768,-0.4325384642190775,-0.4023726067073394,-0.6429180818122066
769,-0.302791928644479,-0.335498071499035,-0.6572131290799089
770,-0.3973775555867275,-0.19086457772076879,-0.7407297591362376
771,-0.23830261823249366,-0.11282515247246191,-0.6834267692963998
772,-0.3065192647053506,-0.13201843894490567,-0.6683603256486133
773,-0.23830261823249366,-0.22769957073270736,-0.5848999072119111
774,-0.18341895656810203,-0.2424873651725176,-0.5109773034343448
775,-0.2477658045950366,-0.17617346120239888,-0.5373102852432686
776,-0.10402202291195717,-0.07893823182744407,-0.5611301752578857
777,-0.20270325208179663,-0.012713805287741716,-0.5038090247409366
778,-0.11167797697066517,-0.014244589396964179,-0.5214568789207326
779,-0.1500760306258755,-0.0,-0.3831970497028752
780,-0.21128654591002438,-0.011724921069425874,-0.39183461365386196
781,-0.1206265260206496,-0.010546910667292408,-0.5101332643458206
782,-0.1767686980791916,-0.023942794803782474,-0.5077187590843915
783,-0.1072837294323582,-0.0207291099183213,-0.45510987188031365
784,-0.10294115840976592,-0.019946320873159222,-0.4735291224401938
785,-0.10402202291195717,-0.019390825649550057,-0.3092156399232381
786,-0.0850345925398126,-0.017229067043677264,-0.2536422383795545
787,-0.10402202291195717,-0.09809843632364497,-0.31413458903749486
788,-0.45987531428015616,-0.6998331488121069,-0.42712080927782203
789,-0.4514596957601015,-0.5600318391009979,-0.4780511310404819
790,-0.22454757219893806,-0.38089057115096425,-0.49584340584300673
791,-0.07589487220076618,-0.23759737576483264,-0.4865088178086704
792,-0.0630800446288754,-0.042195435312462386,-0.6018533316908002
793,-0.06018488070977257,-0.0316259704917473,-0.5643627757833936
794,-0.08094454184773214,-0.026431596690777596,-0.47592027825962335
795,-0.12748318352327315,-0.010480998480227108,-0.5207226686890142
796,-0.1500760306258755,-0.023429948642392034,-0.41523421371251235
797,-0.22305038763336205,-0.2582759775115715,-0.35190706783717607
798,-0.2141925593466344,-0.34604744543920074,-0.45423297061416423
799,-0.21273669397929218,-0.31743692376912463,-0.5267848756670311
800,-0.13682804953090355,-0.21457846337606096,-0.5447847010650926
801,-0.09546241579331549,-0.137878933695216,-0.632738589895198
802,-0.07091332505719194,-0.16541582690646375,-0.5875842282475401
803,-0.07389418184888874,-0.29024182729263565,-0.4557576026972229
804,-0.1500760306258755,-0.4776637606263689,-0.63448720366261
805,-0.18882676369894358,-0.5834618340682273,-0.5887214325522606
806,-0.48330229074365605,-0.5886953322155298,-0.6470163412799405
807,-0.38097776108447146,-0.5211649984401219,-0.6035370858971049
808,-0.34602079222822635,-0.35529207026459486,-0.6537288734573108
809,-0.28469953760208033,-0.2401501764216979,-0.7102820867707633
810,-0.20270325208179663,-0.20145000446913836,-0.667836260394879
811,-0.18882676369894358,-0.2593029790145385,-0.690812111320972
812,-0.19848528028482615,-0.4023726067073394,-0.6460105856857277
813,-0.14641555371588622,-0.43650545181502104,-0.6091876508606359
814,-0.1488518355139179,-0.426523959957149,-0.5818558318106822
815,-0.09971741861124361,-0.24441800312244713,-0.6787006692771624
816,-0.08400782500182691,-0.049295270521319864,-0.6818563031234931
817,-0.048826011020283944,-0.021094673308767506,-0.6748869270841457
818,-0.043274971031477816,-0.0162188834707941,-0.599687887144017
819,-0.06599808684433983,-0.017912257688522185,-0.6940161736395949
820,-0.043274971031477816,-0.01458608401321847,-0.5960332670742463
821,-0.05826730547225689,-0.020001054675557985,-0.403725533189912
822,-0.059224848372752104,-0.03171685780851802,-0.5903593526687189
823,-0.06211246570676887,-0.021384556013836212,-0.5331082504777654
824,-0.05826730547225689,-0.017759889256085515,-0.42951196509725315
825,-0.052573612031526884,-0.014039148813903501,-0.32248158215472955
826,-0.10510606043254478,-0.0038557914419406884,-0.3844259221872917
827,-0.37192341742262247,-0.16413595221522936,-0.5027435983505081
828,-0.3277205707236205,-0.04527236122155277,-0.4858498446678378
829,-0.16509195582450975,-0.01887646889563711,-0.5449671726303368
830,-0.04144301432485664,-0.02320436682569796,-0.5711038461676488
831,-0.009932916299210781,-0.026670471721669715,-0.5044619443227358
832,-0.008258764719530465,-0.02932453243062688,-0.5303902024703615
833,-0.013304163205222319,-0.019916612553549956,-0.36792478504784654
834,-0.03871200809826636,-0.03291848380708664,-0.3248537125029047
835,-0.07589487220076618,-0.3022131723273194,-0.4255728277527653
836,-0.1638170418027447,-0.506104189578411,-0.48371553271038376
837,-0.2525899210010426,-0.5426924524783404,-0.4314283489293904
838,-0.29363493938360596,-0.5018233717819681,-0.5324778155438195
839,-0.21128654591002438,-0.4094222398913656,-0.6148261087060938
840,-0.1415906869204484,-0.3013531416511733,-0.6268285866872457
841,-0.06018488070977257,-0.23454738875572692,-0.7496561643326803
842,-0.0630800446288754,-0.28234777288852914,-0.658365899679293
843,-0.1309598542772975,-0.42226932576442966,-0.5501922588730157
844,-0.2141925593466344,-0.5401372348734391,-0.547612577929304
845,-0.3674781606269474,-0.5985355333194636,-0.6027466640457615
846,-0.339819401515823,-0.48804314255466874,-0.5664918989759575
847,-0.32970971413404637,-0.33458023548236093,-0.6376584038036045
848,-0.28469953760208033,-0.2807349636053347,-0.6429189466063546
849,-0.2657711068152375,-0.2503878647713868,-0.6306968109115929
850,-0.19848528028482615,-0.41952337067702006,-0.6314439930555277
851,-0.23830261823249366,-0.535456412177037,-0.6585328049498734
852,-0.2558413704499546,-0.5641384352265117,-0.6197381394671692
853,-0.22756027610266127,-0.5142820339644121,-0.6615025080543677
854,-0.2012919014085266,-0.35467846758195337,-0.7215252754899057
855,-0.12748318352327315,-0.1979777564969084,-0.7250233678188714
856,-0.08094454184773214,-0.030331543759212782,-0.8812700505225708
857,-0.04235785663014302,-0.029457665984943652,-0.8297897196817343
858,-0.043274971031477816,-0.020748646914945698,-0.6503103421899633
859,-0.033309851960243164,-0.11904315411976508,-0.6653940817207114
860,-0.043274971031477816,-0.2695425807814226,-0.5798218359744051
861,-0.050695057390411025,-0.24521750939152492,-0.5206906713055369
862,-0.034204740960258384,-0.16310764153207613,-0.46398006545713133
863,-0.02622775650175957,-0.05193427565813606,-0.5405861254761819
864,-0.017561969579118486,-0.01364629405188404,-0.4665121827227022
865,-0.06599808684433983,-5.438133081393083e-08,-0.43275494315253954
866,-0.31028460776153366,-0.004998302919795287,-0.5216921029290094
867,-0.28293811306192995,-0.011031810867016507,-0.49743722145790986
868,-0.19019118098703958,-0.0164816258635418,-0.6110824148390712
869,-0.09758378856349281,-0.021494124324801904,-0.5333849846051483
870,-0.04511606146312963,-0.025171057583831275,-0.6304356430788722
871,-0.015001399030545648,-0.02219126277393795,-0.3275241968321645
872,-0.008258764719530465,-0.018303098327178306,-0.3239145460580921
873,-0.016706471724534877,-0.13941863030032123,-0.39803864687216184
874,-0.07589487220076618,-0.4962742605036302,-0.4670371127705829
875,-0.21859491454460034,-0.6736509549750417,-0.7279602087457404
876,-0.3257420848491078,-0.7368171869529326,-0.6498251926728925
877,-0.36090902776661193,-0.6708563588084074,-0.612909724873955
878,-0.31986944548908347,-0.5167038158964921,-0.6706528949351621
879,-0.23830261823249366,-0.4158127512047389,-0.6911251668025756
880,-0.13329595389993465,-0.26203825924812235,-0.7845315827363025
881,-0.10186344840508232,-0.26340333135762606,-0.6973361183740601
882,-0.1625465143210587,-0.3492431542736441,-0.6743792929192248
883,-0.23366043986633556,-0.43328355937685425,-0.5555340923256835
884,-0.48939885754920975,-0.46839869244883686,-0.5521138314700398
885,-0.31986944548908347,-0.40010420026937776,-0.5546165457345744
886,-0.28469953760208033,-0.2923216110776205,-0.5314867614501223
887,-0.2794402714667087,-0.2112667410358892,-0.6131873237954891
888,-0.3065192647053506,-0.33552908899883044,-0.5870627573762501
889,-0.2864694044694308,-0.49946060366443407,-0.5737077413475068
890,-0.354454717109134,-0.6243754268909293,-0.6331225584969455
891,-0.3741662751735959,-0.6754397986401921,-0.6868842163004107
892,-0.37192341742262247,-0.6205522179226373,-0.6818493847703084
893,-0.35874503194492857,-0.4894384265146225,-0.7788204821824062
894,-0.26914125486410645,-0.24427782013635868,-0.8808238167421634
895,-0.1625465143210587,-0.08242674384583298,-0.9605422709001391
896,-0.08709673241138072,-0.07072891676389076,-0.8922892575573599
897,-0.0630800446288754,-0.21582540715030474,-0.793567816789554
898,-0.04696637715377727,-0.344141379794304,-0.7038618550154443
899,-0.06697591439187256,-0.41761226972371496,-0.5051304301991989
900,-0.08094454184773214,-0.3947482434215841,-0.5407556251292048
901,-0.06114741546122593,-0.38286682899507346,-0.6030355052912206
902,-0.029751826344709742,-0.24681652192968054,-0.6008449817141431
903,-0.009932916299210559,-0.0577699966910773,-0.6471676802558538
904,-0.05731223913107664,-0.014730748423790364,-0.5741496511571754
905,-0.3179324716874432,-0.0,-0.5544660715528091
906,-0.3481112835464576,-0.004884857421355164,-0.550518286266839
907,-0.3377752004777482,-0.04375215125998785,-0.5324760859555233
908,-0.26243143855888906,-0.11349061883170944,-0.5454929674723672
909,-0.24617166976561444,-0.14271464247825894,-0.671943167804092
910,-0.1500760306258755,-0.13299166335407156,-0.5158037195747573
911,-0.04975935169101664,-0.12804568131688576,-0.5569800281412656
912,-0.01585295124829711,-0.16911103833501542,-0.4545667811553217
913,-0.009932916299210781,-0.22330465284773138,-0.5137195656778933
914,-0.06018488070977257,-0.5619141380902072,-0.5809676882206063
915,-0.2290758957099347,-0.773115315382373,-0.752835147621009
916,-0.36090902776661193,-0.8730541025479389,-0.81657825948157
917,-0.3902597061759294,-0.8037967586946353,-0.6789116790492931
918,-0.486337992645161,-0.6933105110060986,-0.5806952780639654
919,-0.48939885754920975,-0.4747846719846425,-0.8111118956715794
920,-0.31028460776153366,-0.3357415790136628,-0.8308534164838667
921,-0.1807444641615893,-0.24011251231480343,-0.8782026256793439
922,-0.20129190140852637,-0.23841662044287118,-0.8420412583775306
923,-0.23059776163291168,-0.32516853912397775,-0.6457329867641951
924,-0.4542436460613545,-0.30394914525418215,-0.6431861679981102
925,-0.3418749818628152,-0.23244142136701865,-0.6751005312387188
926,-0.29910183996242623,-0.14700381888665956,-0.5896043873774466
927,-0.23674873219356707,-0.1628981727022888,-0.5740415518886642
928,-0.14641555371588644,-0.2820030556748935,-0.4164976779628519
929,-0.23674873219356707,-0.49461311225971555,-0.5700833890729203
930,-0.339819401515823,-0.6846907679541807,-0.7229020277736418
931,-0.3902597061759294,-0.7459723847009945,-0.7747274114795623
932,-0.4542436460613545,-0.6671159303103488,-0.8066435043084688
933,-0.48029134149182384,-0.5078629220992794,-0.7290740636084612
934,-0.38558957055746124,-0.2932595883279279,-0.833857711354284
935,-0.26243143855888906,-0.16805996805785647,-0.9911750092133018
936,-0.1600184989595993,-0.20022934500478615,-0.9998203563116197
937,-0.13920169003756122,-0.41732304160873934,-0.8025210306045887
938,-0.10294115840976592,-0.5780514958896235,-0.7108969554100456
939,-0.13801296258586782,-0.6265514857726817,-0.6134822185999831
940,-0.2012919014085266,-0.5768354689090069,-0.6875760516188718
941,-0.1600184989595993,-0.4713549220153791,-0.6803939362190943
942,-0.10619328965601005,-0.3525740107857676,-0.6438217916969463
943,-0.052573612031526884,-0.20100709874153988,-0.6562999064595403
944,-0.07190427279064315,-0.031575466348411546,-0.8086143701719348
945,-0.38097776108447146,-0.3197266799147377,-0.5557295358031455
946,-0.48330229074365605,-0.32575827444476374,-0.5459884945192133
947,-0.3973775555867275,-0.36424927968604043,-0.6553356609844351
948,-0.40220017191388935,-0.3708593304460177,-0.662944984693359
949,-0.308397136977146,-0.35757699251413594,-0.5488665294440115
950,-0.15253666382538533,-0.31322418334236274,-0.6239125008199322
951,-0.06599808684433983,-0.3221712214408234,-0.5881480740320844
952,-0.033309851960243164,-0.3516513408730216,-0.5043529802600766
953,-0.07190427279064315,-0.5150240370114665,-0.620727463972567
954,-0.23059776163291168,-0.764953886101783,-0.7496051414779438
955,-0.38558957055746124,-0.9308670967445768,-0.8906928475600109
956,-0.38791725553760903,-0.9072214898713019,-0.7859066054317471
957,-0.4247170353287173,-0.7978354570699898,-0.7681203841882589
958,-0.4486965769229303,-0.5525985154162554,-0.8640511342402223
959,-0.3973775555867275,-0.36296074426434366,-0.8869119675446211
960,-0.34602079222822635,-0.2267726711608983,-0.8320096462598447
961,-0.38791725553760903,-0.1863609978803406,-0.8817223378620132
962,-0.3696941000769234,-0.20521339397353908,-0.761406987216742
963,-0.5566368182281691,-0.24888180402644935,-0.7108978202041937
964,-0.3565936437443,-0.21494150911230298,-0.5531714747131372
965,-0.2215592488252126,-0.1485078655082337,-0.6302445235721473
966,-0.12979732324675708,-0.15455678149918445,-0.5891719903034084
967,-0.08813213689966992,-0.25817869535312216,-0.5347063900634106
968,-0.14641555371588622,-0.4044738409061438,-0.6429924541089411
969,-0.2657711068152375,-0.6022463542040811,-0.7356049890147339
970,-0.3652754394713178,-0.7073027267173896,-0.8488471883228916
971,-0.42730581469601403,-0.6706140597677976,-0.7290922242855724
972,-0.46848720578950886,-0.48373523479898906,-0.8143099044311641
973,-0.4773047444935824,-0.26035455282253833,-0.7861738268235011
974,-0.4486965769229303,-0.15125079941059824,-0.9786311700954525
975,-0.302791928644479,-0.30116028933913347,-0.8551792110751052
976,-0.29003479163153134,-0.555881838617004,-0.7311348680633287
977,-0.2624314385588893,-0.6957670365661962,-0.6131094923221638
978,-0.28469953760208033,-0.7662234887638644,-0.6743239460937479
979,-0.32377414291586204,-0.729078622872476,-0.7021867487506204
980,-0.3277205707236205,-0.6100409109140387,-0.7489824896913289
981,-0.26745233613331343,-0.4415116561407707,-0.7117634791464181
982,-0.15501380355211114,-0.27539532115678406,-0.8451078184266094
983,-0.1072837294323582,-0.10485592091381873,-0.8836101834872655
984,-0.42471703532871696,-0.637112642334523,-0.5222412472130379
985,-0.721140784628429,-0.5986957568330172,-0.5660275045184405
986,-0.6726550744138211,-0.5868389147115394,-0.6147396292912878
987,-0.6726550744138211,-0.5475457848408125,-0.6855827011075541
988,-0.5529676814244693,-0.5050753753644169,-0.6592739335347749
989,-0.3481112835464574,-0.4421647356413337,-0.6907628180545315
990,-0.20412001765169852,-0.4122080746213693,-0.6946094224251753
991,-0.09230303337794432,-0.43457783505013653,-0.6215818805908648
992,-0.0902116963871844,-0.4882667102479995,-0.7024799139668183
993,-0.21128654591002438,-0.7160096813109401,-0.8086956608218555
994,-0.354454717109134,-0.9074782906001277,-0.7971299038854807
995,-0.42471703532871696,-0.9449391724472241,-0.750444856595726
996,-0.4070866054302209,-0.8488323556865806,-0.7589751860723513
997,-0.3949896621742959,-0.640657298041665,-0.680028128294458
998,-0.4955977695717505,-0.39531098948930127,-0.8442862639859369
999,-0.7906110748736168,-0.23326630559047454,-0.8509218294841252
1000,-0.859129958792341,-0.26439498499556646,-0.8234827759598101
1001,-0.6253347468069793,-0.3650746674403371,-0.685683017228731
1002,-0.5678681790249732,-0.3309054674059472,-0.638472175096946
1003,-0.2657711068152375,-0.3255596818811384,-0.683859166370438
1004,-0.1638170418027447,-0.2520466967734336,-0.7142004690556973
1005,-0.07190427279064315,-0.21985677576819784,-0.6621035399872823
1006,-0.03871200809826636,-0.18207403700763966,-0.6092663471281092
1007,-0.09546241579331549,-0.3295251886650503,-0.6315175005581157
1008,-0.197089928766792,-0.4619420171829779,-0.7145411979500378
1009,-0.2708379336688199,-0.5426152108473563,-0.718821928983019
1010,-0.3277205707236205,-0.5228272544518864,-0.5918813903693316
1011,-0.4459539801126522,-0.34922905541010074,-0.6844359840672049
1012,-0.44323160273599826,-0.1433158583022159,-0.7847287558020655
1013,-0.5716891822402065,-0.08827283761409542,-0.714781610723203
1014,-0.46848720578950886,-0.2607879921703291,-0.6121270861699475
1015,-0.7511095473507405,-0.540241465757492,-0.5601910088130732
1016,-0.6726550744138211,-0.800887558908627,-0.6361709578689148
1017,-0.579451887353156,-0.8356720736305173,-0.6719552749221683
1018,-0.5755501369226876,-0.7718613221763575,-0.6794469866269524
1019,-0.5386451902759044,-0.6655540783482468,-0.6948437816393024
1020,-0.40220017191388935,-0.47826477503798953,-0.8352188973433562
1021,-0.2742548590554752,-0.35553356365585936,-0.8730423989977739
1022,-0.20412001765169852,-0.13134662809706363,-0.9869997830663876
1023,-0.36090902776661193,-0.8444652327040187,-0.5808319155393599
1024,-0.47434210899009965,-0.8283447935408547,-0.6079933701421424
1025,-0.560342778525249,-0.8058615372605632,-0.6643424920366505
1026,-0.5457370011397624,-0.6876834531535994,-0.7410315722939147
1027,-0.514844450161375,-0.644680106635264,-0.668874013372569
1028,-0.4542436460613545,-0.5178510605642505,-0.7685960209697008
1029,-0.2864694044694308,-0.46883646216185876,-0.6732887874985005
1030,-0.13801296258586782,-0.41936979377056544,-0.7440228952521108
1031,-0.11836897697048276,-0.47510391053773193,-0.7861426942341719
1032,-0.2098420704098668,-0.5869058843133704,-0.6187626516681374
1033,-0.3674781606269474,-0.7440087151279062,-0.68952270324619
1034,-0.4570487443157524,-0.8256397251577209,-0.5771331909680373
1035,-0.48330229074365605,-0.6921726320119796,-0.57963677002672
1036,-0.5083167912661777,-0.6127200978119535,-0.6631992341728935
1037,-0.46848720578950886,-0.40986031172289206,-0.7686946075025816
1038,-0.9539870352459766,-0.3793417102845558,-0.7081183718122779
1039,-0.9228878779815579,-0.4614284157253262,-0.6276501411279183
1040,-0.5716891822402065,-0.536382707511837,-0.6936192331256278
1041,-0.42471703532871696,-0.5057871665610212,-0.6126001285689452
1042,-0.2640974972094363,-0.4479262362283359,-0.705398594216576
1043,-0.1537731565432522,-0.38674774259772504,-0.7751822932014505
1044,-0.07790646130870704,-0.3176098362598674,-0.724117063551689
1045,-0.034204740960258384,-0.24560442248962255,-0.7608820571688597
1046,-0.06697591439187256,-0.18534205287082692,-0.6832174891125653
1047,-0.1513042976701492,-0.2254248198061512,-0.650385579280846
1048,-0.22007410714424125,-0.295593957306039,-0.6859882895630004
1049,-0.29003479163153134,-0.23632364414985646,-0.6404369874013754
1050,-0.3926171110007458,-0.06842445751772533,-0.5549062517741769
1051,-0.40220017191388935,-0.028692450166126714,-0.6418189284500014
1052,-0.40220017191388935,-0.028461077744763034,-0.5639139476205419
1053,-0.4459539801126522,-0.12110954398438373,-0.4663833283946372
1054,-0.5529676814244693,-0.45724518220583726,-0.4947797090408728
1055,-0.5083167912661777,-0.6549002721116919,-0.6118512168367095
1056,-0.5529676814244693,-0.8067616489916398,-0.7464840993975362
1057,-0.6253347468069793,-0.7620999740020985,-0.7254177139503942
1058,-0.46848720578950886,-0.6411042320159902,-0.7347557611613245
1059,-0.3696941000769234,-0.4999786361934851,-0.8108152712787892
1060,-0.35232810850724483,-0.32710300390829766,-0.9940452609907657
1061,-0.38097776108447146,-0.9703750328720039,-0.7238654084546005
1062,-0.47434210899009965,-0.9220435244082889,-0.7032141241985368
1063,-0.3832764662500221,-0.8502431483964321,-0.6336881338697875
1064,-0.3949896621742959,-0.756401011945528,-0.774033846572805
1065,-0.4247170353287173,-0.6363074965200279,-0.8921759695239619
1066,-0.37192341742262247,-0.4772907449794783,-0.7790366807194269
1067,-0.29544826159036675,-0.3696003019315939,-0.806182569027544
1068,-0.23830261823249366,-0.3165545363236454,-0.7587045055040034
1069,-0.20696996080719765,-0.32350729017389496,-0.6951455947969826
1070,-0.272542444187158,-0.3709825947958541,-0.5014048970092875
1071,-0.3481112835464574,-0.4329231320009846,-0.4622089670418709
1072,-0.3973775555867275,-0.4128977104609769,-0.4240395477282275
1073,-0.43518285977714866,-0.38570724646822363,-0.4171471383680573
1074,-0.5115661970372622,-0.36954370506508405,-0.5585807621093549
1075,-0.6482374408871012,-0.5047901754961679,-0.5843914082528437
1076,-0.6165571328158366,-0.7050729914480041,-0.44724543389770716
1077,-0.6165571328158366,-0.754077418527411,-0.5503557049670006
1078,-0.804776568503252,-0.7166974037333526,-0.7149096002571199
1079,-0.5083167912661777,-0.6149809512873026,-0.6332721678845628
1080,-0.30465089381565247,-0.4937634543188906,-0.6580753288455427
1081,-0.175452898462773,-0.3967231920855071,-0.7552937573839902
1082,-0.07489317206646917,-0.24139389759856034,-0.8784793598067284
1083,-0.03871200809826636,-0.10912309302447488,-0.7676404234360749
1084,-0.09335316027354357,-0.07597631236240039,-0.8022503500362408
1085,-0.15876095183741412,-0.024403978700903245,-0.6519966907787138
1086,-0.272542444187158,-0.023618269176864323,-0.6106629896772542
1087,-0.43518285977714866,-0.02389813161820041,-0.5492660643404244
1088,-0.48029134149182384,-0.025795536532634833,-0.5398545096269108
1089,-0.34394206891701795,-0.026300074435151494,-0.4433841280265462
1090,-0.3277205707236205,-0.029567183942825263,-0.37893188496456254
1091,-0.378693276899141,-0.15098614360065535,-0.320527147380077
1092,-0.5678681790249732,-0.391430277298986,-0.48655378710437036
1093,-0.4955977695717505,-0.5719504141035622,-0.7449810871681795
1094,-0.4170578404222216,-0.6225492212373889,-0.7865984407502066
1095,-0.5050957295824603,-0.5884935170545231,-0.7879345477089846
1096,-0.4570487443157524,-0.49265659282456714,-0.6599268531165725
1097,-0.3630857798478512,-0.32063706367496736,-0.8938960450844874
1098,-0.4325384642190775,-1.0,-0.8004264991779477
1099,-0.42730581469601403,-1.0,-0.821606172658486
1100,-0.33777520047774845,-0.9353004843857926,-0.7036888961858291
1101,-0.33574225345441966,-0.8180873667822051,-0.7839668721576102
1102,-0.354454717109134,-0.6930219878343001,-0.8456604218872302
1103,-0.40220017191388935,-0.4619691071422148,-0.8028920272941135
1104,-0.4378463289352552,-0.2619826694432942,-0.8891517843881388
1105,-0.26745233613331343,-0.11985454371668659,-0.852961878879439
1106,-0.0870967324113806,-0.02862477562111849,-0.7417467570543739
1107,-0.043274971031477816,-0.028270592027675154,-0.5092217713137481
1108,-0.06599808684433983,-0.03171816698870419,-0.4364199407520872
1109,-0.10947431688313991,-0.028459466446072362,-0.28834988671845146
1110,-0.1476316854250438,-0.04022547160386364,-0.2023210296619625
1111,-0.2141925593466344,-0.23923203828651937,-0.4490883102272579
1112,-0.302791928644479,-0.6257684953151833,-0.6514484112888318
1113,-0.3973775555867275,-0.8135906349612122,-0.7134290726756116
1114,-0.4570487443157524,-0.8772900053933792,-0.7244059047971465
1115,-0.5050957295824603,-0.8204844757030841,-0.6334139941248472
1116,-0.7328380776256846,-0.6664728207204343,-0.7306358818398903
1117,-0.7976259007741562,-0.5395133601616445,-0.6601906153317342
1118,-0.3377752004777482,-0.37814934925345856,-0.8010430974055261
1119,-0.16509195582450953,-0.2565940837970144,-0.803781900472484
1120,-0.06018488070977257,-0.06142462353385768,-0.7918589835529551
1121,-0.06502284175324924,-0.03046774885165865,-0.8004256343837997
1122,-0.13682804953090355,-0.02853988032135371,-0.8007300419239242
1123,-0.2477658045950366,-0.020965719060429662,-0.6122507517331224
1124,-0.34602079222822635,-0.02043786767998234,-0.5863812995875644
1125,-0.28118505069079025,-0.02407094340277498,-0.5406492554489915
1126,-0.12863844060473617,-0.026080786753967855,-0.4948220839541285
1127,-0.10619328965601005,-0.02886279464958119,-0.4077442315960229
1128,-0.2558413704499546,-0.027582315721337805,-0.4036684567761374
1129,-0.3741662751735959,-0.005938848177390971,-0.48486830330977115
1130,-0.42730581469601403,-0.1473503488113222,-0.628341976446381
1131,-0.4773047444935824,-0.25715763551407694,-0.7584070163170668
1132,-0.5316870150567707,-0.3598190139360378,-0.7132811928762921
1133,-0.3832764662500221,-0.3234385078610369,-0.6798776541126943
1134,-0.31218177568607974,-1.0,-0.992456634140751
1135,-0.42991287102305353,-1.0,-0.9105485211998443
1136,-0.4514596957601015,-0.9620921519526046,-0.8730942866466569
1137,-0.3696941000769234,-0.8286517459414277,-0.809851890597832
1138,-0.5115661970372622,-0.687003585812304,-0.792495472045941
1139,-0.6626934467869692,-0.4318199966348833,-0.8321886586484966
1140,-0.5716891822402065,-0.135303977681354,-0.8493989269893644
1141,-0.30465089381565225,-0.02721257302491267,-0.8795542989327874
1142,-0.09652157882696688,-0.025239437072016667,-0.7261501945938166
1143,-0.019278934221013233,-0.027468819869813598,-0.5694330638735653
1144,-0.0074245266330768,-0.027824665115031687,-0.46136492795335005
1145,-0.017561969579118486,-0.024521452446070048,-0.41407711914238776
1146,-0.026227756501759347,-0.039004862492595535,-0.3416047751511423
1147,-0.06405016551391507,-0.06702645449123106,-0.4602579914438123
1148,-0.1537731565432522,-0.5658576909294587,-0.5626530777526465
1149,-0.29544826159036675,-0.8197545573962097,-0.7859481155508532
1150,-0.48029134149182384,-0.898308691870018,-0.7041844232326768
1151,-0.721140784628429,-0.8315723255244388,-0.6876383167975316
1152,-0.6482374408871012,-0.7248611492558102,-0.6534002516810402
1153,-0.5914107687448438,-0.5596651679427018,-0.6383441855630306
1154,-0.4570487443157524,-0.31562814028267716,-0.6928106505971764
1155,-0.28293811306192995,-0.13717600464141033,-0.7174711205237221
1156,-0.14039425652344295,-0.03740071393986341,-0.7535676282644281
1157,-0.13564692647162124,-0.02217333707600423,-0.7157640168754194
1158,-0.2141925593466344,-0.021200867963099605,-0.5967008881565612
1159,-0.2864694044694308,-0.10597159419785683,-0.5047378136559721
1160,-0.2742548590554752,-0.19043708003689988,-0.5073304665119052
1161,-0.13920169003756122,-0.19987939107040584,-0.4409203294986766
1162,-0.04235785663014302,-0.10972461096693636,-0.47941577620614967
1163,-0.03962010116489256,-0.015724667950514557,-0.4393844550916946
1164,-0.12176049734892269,-0.012684701205141454,-0.4127124739767216
1165,-0.20270325208179663,-0.005329223388392044,-0.48596918626027236
1166,-0.302791928644479,-0.0,-0.43615790812522004
1167,-0.3902597061759294,-0.0,-0.6234688614219674
1168,-0.4514596957601015,-0.0,-0.5891806382448891
1169,-0.36090902776661193,-0.0,-0.6376419727147926
1170,-0.6934226799404781,-0.5504129901546951,-0.7882951668687308
1171,-0.9762772977021604,-0.2771348187995326,-0.9014335908791195
1172,-0.48330229074365605,-0.06566243979649314,-0.7950587219008377
1173,-0.31028460776153366,-0.021228260040841027,-0.716639188553271
1174,-0.1513042976701492,-0.02379752615620158,-0.6765516558191926
1175,-0.0630800446288754,-0.025005546996448812,-0.5691148196270731
1176,-0.020140419568076884,-0.022825409514885542,-0.610959614070046
1177,-0.0074245266330768,-0.020734094873645567,-0.4053470222175552
1178,-0.0032813743201591805,-0.018179632565005564,-0.38450634804306283
1179,-0.019278934221013233,-0.019233119790200537,-0.5514980980366094
1180,-0.091255884362894,-0.2259753804275202,-0.5455673397691018
1181,-0.21273669397929218,-0.6501711104545695,-0.656296447282948
1182,-0.45987531428015616,-0.8056596213933884,-0.5880166253215783
1183,-0.6988023497199978,-0.7279133518006157,-0.5074134867501204
1184,-0.560342778525249,-0.5644662338038953,-0.4406574320776598
1185,-0.542174071208883,-0.403714717810501,-0.4876693715553889
1186,-0.486337992645161,-0.19462524815862903,-0.5736169379619587
1187,-0.3565936437443,-0.0259833031831822,-0.6187738939920641
1188,-0.2624314385588893,-0.026839960202694774,-0.6355768442891863
1189,-0.2477658045950366,-0.011223253292701971,-0.43086017917410424
1190,-0.28824779498029496,-0.10951856614686668,-0.42635892563336675
1191,-0.314088740906345,-0.3662627988123714,-0.5022999589525465
1192,-0.26745233613331343,-0.370859531858354,-0.5407279517164664
1193,-0.16128034329777563,-0.3560564300809824,-0.5738867537361585
1194,-0.05635963657165921,-0.2752380181221072,-0.5404564063539704
1195,-0.017561969579118486,-0.17452711676520477,-0.5885138819567223
1196,-0.028867650922635324,-0.06751286528347766,-0.5394610282895345
1197,-0.06018488070977257,-0.016646532213915263,-0.5052411238501526
1198,-0.12633152938798953,-0.004118181363099803,-0.47364932882677485
1199,-0.23830261823249366,-0.002752454663503052,-0.544018493449897
1200,-0.3065192647053506,-0.0024555728797467404,-0.5283786912819358
1201,-0.6079833293861369,-0.48871817599989215,-0.7708782127264744
1202,-0.6578116276010637,-0.29233389723013686,-0.7235324627075894
1203,-0.3902597061759294,-0.21957721544536626,-0.6685427972138573
1204,-0.33574225345441966,-0.1753918806312548,-0.6550027152374257
1205,-0.23212592557055367,-0.13612785484312823,-0.661868315979004
1206,-0.14039425652344295,-0.13152638860724172,-0.6072228385562064
1207,-0.07190427279064315,-0.040482373038857655,-0.6367503699481258
1208,-0.033309851960243164,-0.01792922667785832,-0.4906745312199543
1209,-0.008258764719530465,-0.005502538703807449,-0.5083613011364122
1210,-0.010772846998132302,-0.005679378735108698,-0.413339449734077
1211,-0.050695057390411025,-0.0,-0.4214148974888141
1212,-0.13801296258586782,-0.35412337518301684,-0.5138674454772144
1213,-0.378693276899141,-0.5268262963897979,-0.4396430285419694
1214,-0.6482374408871012,-0.47510380983156375,-0.3006706089460955
1215,-0.486337992645161,-0.36333154437553455,-0.44480498481183567
1216,-0.3696941000769234,-0.21835846939820924,-0.4973663083377676
1217,-0.33777520047774845,-0.023312072072552564,-0.5271748978278136
1218,-0.2624314385588893,-0.0203745235002053,-0.4216259072609448
1219,-0.24617166976561444,-0.0,-0.39594065626892855
1220,-0.28118505069079025,-0.017315674348300884,-0.46252807608251273
1221,-0.28824779498029496,-0.3521559794817064,-0.43575664364051264
1222,-0.2777036974825958,-0.5835266888405268,-0.5010589793500553
1223,-0.2640974972094363,-0.6180895492862816,-0.6466003752947157
1224,-0.1874673692573523,-0.4854695964271611,-0.6024111239163095
1225,-0.13682804953090355,-0.38925462124190613,-0.6797963634627752
1226,-0.07589487220076618,-0.3613656592667466,-0.6544224383640681
1227,-0.053516485281881354,-0.196184683172695,-0.6097912771759916
1228,-0.025351968996045637,-0.02766972867530676,-0.689397308094719
1229,-0.03690249407380486,-0.025032536249517567,-0.5792588549840073
1230,-0.08298390451553028,-0.014460201303009722,-0.5875652027762824
1231,-0.16894332266301693,-0.01914812378426759,-0.4582888551686424
1232,-0.3741662751735959,-0.4416820509773093,-0.5901863938391035
1233,-0.3652754394713178,-0.440080822903454,-0.6054275259047999
1234,-0.3696941000769234,-0.44397150500441784,-0.5609848898410073
1235,-0.3926171110007458,-0.3707144142700254,-0.5487930219414265
1236,-0.2972705321981417,-0.3294498604512614,-0.6698166389939739
1237,-0.15750767276215427,-0.25038343369998745,-0.6188871820254588
1238,-0.07589487220076618,-0.13814731563338103,-0.6201800492768346
1239,-0.01841945399543954,-0.022471930864619377,-0.5678582737299182
1240,-0.010772846998132302,-0.0015305867251328583,-0.5221288239737879
1241,-0.024478253661454508,-0.008088018512242888,-0.5558419590423986
1242,-0.07091332505719194,-0.05610341031408164,-0.4270135748034605
1243,-0.21859491454460034,-0.3122691867496351,-0.4012781657508543
1244,-0.6253347468069793,-0.2858768191396053,-0.41443600871383623
1245,-0.3065192647053506,-0.2058313270214118,-0.44663143005257294
1246,-0.23059776163291168,-0.09941698218345547,-0.46928644234972955
1247,-0.197089928766792,-0.021442210295111817,-0.5025663155501524
1248,-0.10619328965601005,-0.02156054004270804,-0.47065454669198636
1249,-0.07489317206646917,-0.005723488036765844,-0.36233994443957096
1250,-0.10619328965601005,-0.0,-0.3650484797113446
1251,-0.13801296258586782,-0.4335733917288389,-0.5943642143684589
1252,-0.14520341400545178,-0.7301790391720367,-0.6402441383063544
1253,-0.22756027610266105,-0.777439134712623,-0.6645431242790059
1254,-0.28118505069079025,-0.6794985593358266,-0.6913699035464829
1255,-0.27597525192535066,-0.5434171340644701,-0.6811298760391089
1256,-0.18341895656810203,-0.3948295132992949,-0.8084820566672791
1257,-0.07891638012983238,-0.24567542033818027,-0.7288301916587052
1258,-0.01841945399543954,-0.12576035624267204,-0.6940896811421814
1259,-0.012458461670362797,-0.03269577211618532,-0.786541364336432
1260,-0.023606600715340265,-0.03514021293610288,-0.7657569017815662
1261,-0.10619328965601005,-0.04051006723510358,-0.900257470837734
1262,-0.34602079222822635,-0.774711608853988,-0.5243037812562
1263,-0.4987366902468301,-0.6982780441632721,-0.6388967890236514
1264,-0.542174071208883,-0.6509256010664768,-0.5947412646170201
1265,-0.9762772977021604,-0.5819528528444129,-0.6074277947693004
1266,-0.7042615528685281,-0.5228339010589854,-0.692348850522102
1267,-0.35232810850724483,-0.4268677708152711,-0.5933887265694271
1268,-0.20129190140852637,-0.293112456616236,-0.65084305538518
1269,-0.06697591439187256,-0.14724621863343754,-0.6088849729088092
1270,-0.023606600715340376,-0.01932425887239167,-0.5232954312795429
1271,-0.030638123911097548,-0.013306360381236336,-0.5782505050073519
1272,-0.06697591439187245,-0.09981059224173619,-0.4679321747138436
1273,-0.13329595389993454,-0.2567037528141483,-0.5637816341158862
1274,-0.2918304781235034,-0.3196185214901263,-0.5005712354505403
1275,-0.19848528028482615,-0.26859131031691713,-0.45491269881455226
1276,-0.10619328965601005,-0.18013262349771625,-0.5286061321428799
1277,-0.050695057390411025,-0.07769496382833839,-0.42689942197591446
1278,-0.017561969579118486,-0.009377460289453137,-0.5092805773158173
1279,-0.014151806014368273,-0.007007491680895076,-0.46240700490178366
1280,-0.03152655383319691,-0.0010019296953401992,-0.4899593464594951
1281,-0.08094454184773214,-0.5064457849008334,-0.7929486241795314
1282,-0.1072837294323582,-0.8456403729803594,-0.6944771089205196
1283,-0.3009422749657922,-0.852114973944152,-0.6874082815541434
1284,-0.524857532121544,-0.7696693517200346,-0.668131155199373
1285,-0.40220017191388935,-0.6853094059452306,-0.7537803676248566
1286,-0.28118505069079025,-0.48744514932809313,-0.7480407288640737
1287,-0.16637128678068402,-0.3429495222940475,-0.828026404413805
1288,-0.06697591439187256,-0.22180010269531641,-0.8811922190492424
1289,-0.021869443202871097,-0.0415170282106054,-0.9555653805779613
1290,-0.015001399030545648,-0.0487742671603079,-1.0
1291,-0.10294115840976592,-0.051185928122487095,-1.0
1292,-0.5457370011397624,-0.903787913067648,-0.5879777095849149
1293,-0.6298030564894077,-0.8617916282309827,-0.5564144527684236
1294,-0.7906110748736161,-0.790697403870313,-0.6689518448458991
1295,-0.6578116276010637,-0.6720647321202432,-0.6266123881502266
1296,-0.5457370011397624,-0.5370736525316309,-0.7381682388696322
1297,-0.35874503194492857,-0.44047347625313715,-0.7530176191862515
1298,-0.1847635019346867,-0.2834477863634173,-0.7992642158429331
1299,-0.07891638012983238,-0.14827906109415828,-0.67897221463966
1300,-0.07091332505719194,-0.10647119749813332,-0.6821797361348736
1301,-0.13212605674060118,-0.25201084537756613,-0.6245290990475106
1302,-0.1847635019346867,-0.42791491355187156,-0.5833562496575948
1303,-0.3277205707236205,-0.45077642219979824,-0.5765096743872742
1304,-0.2156541872721499,-0.4435523659325068,-0.5837177336114923
1305,-0.11057450310299999,-0.3456261915377582,-0.5163424863290089
1306,-0.048826011020283944,-0.23285320888865352,-0.5316216693372207
1307,-0.014151806014368273,-0.1135365408443936,-0.5584501781929954
1308,-0.008258764719530465,-0.01681873976148083,-0.5244654977618887
1309,-0.011614692538278404,-0.09847477527408503,-0.6039616998238104
1310,-0.10402202291195717,-0.4577477059849906,-0.667972033076127
1311,-0.15253666382538533,-0.7951760085810357,-0.8323356736536711
1312,-0.3973775555867275,-0.9421163785535032,-0.8321609852357581
1313,-0.4773047444935824,-0.8941336155501506,-0.6926999569462227
1314,-0.48330229074365605,-0.7653445253281028,-0.7768807489082709
1315,-0.5214895796393128,-0.6294011682133033,-0.8462502114962183
1316,-0.3674781606269474,-0.39761011130855384,-0.8883146636528009
1317,-0.21128654591002438,-0.22289226108908752,-1.0
1318,-0.06114741546122571,-0.04877210197769231,-1.0
1319,-0.07589487220076618,-0.05225849916654972,-1.0
1320,-0.2558413704499546,-0.052902716524314004,-1.0
1321,-0.5083167912661777,-1.0,-0.7926182728149662
1322,-0.5954847038584128,-1.0,-0.7825693648143172
1323,-0.486337992645161,-0.9168396338744274,-0.7593323460555068
1324,-0.5019025217764663,-0.800999745579965,-0.6811973299826589
1325,-0.5457370011397624,-0.7061799536484957,-0.7801773442007379
1326,-0.46848720578950886,-0.5182670777449484,-0.8163828160041048
1327,-0.3377752004777482,-0.37359944457567357,-0.8619003911939579
1328,-0.23059776163291168,-0.2427678318508627,-0.8736754283141641
1329,-0.2414301452296398,-0.2529000808424808,-0.8150233596033272
1330,-0.31028460776153366,-0.46155681608973914,-0.7371028124792037
1331,-0.33170963052068825,-0.6801040048188466,-0.6132348874736333
1332,-0.41203856778378634,-0.6052197038192118,-0.6438918400229405
1333,-0.3502136768720575,-0.6120767868097027,-0.6355361989642266
1334,-0.20270325208179663,-0.47936992452745414,-0.6591182705881211
1335,-0.12403894055047204,-0.4333313948067336,-0.6878908366887699
1336,-0.047895023452963925,-0.2544737154262583,-0.7001294034723468
1337,-0.012458461670362797,-0.12981236962503942,-0.6136058841631581
1338,-0.00410629427754039,-0.18626240654170512,-0.7139738929889013
1339,-0.050695057390411025,-0.41837673024627064,-0.6828110358629694
1340,-0.11389486665767268,-0.7650168274568875,-0.7498446894569626
1341,-0.29363493938360596,-0.9516366361611704,-0.9046774337285539
1342,-0.46272368720346535,-0.956949692181325,-0.7165215765491358
1343,-0.4542436460613545,-0.8561095848106642,-0.7485059881157388
1344,-0.3949896621742959,-0.6447264314726209,-0.870661620708118
1345,-0.38558957055746124,-0.4422621185059512,-0.9856437858422038
1346,-0.2972705321981417,-0.2490684125560628,-1.0
1347,-0.19848528028482615,-0.051773145789068865,-1.0
1348,-0.31028460776153366,-0.05476311192194706,-1.0
1349,-0.48939885754920975,-1.0,-0.9449630043225434
1350,-0.46559420205958446,-1.0,-0.8623111684142926
1351,-0.42214627844024977,-0.9999864731474918,-0.830539496208115
1352,-0.4378463289352552,-0.9228636754418409,-0.7166755099074935
1353,-0.3544547171091337,-0.8175806133439887,-0.802316074391493
1354,-0.38558957055746124,-0.6206418464123059,-0.8972722014385759
1355,-0.40955428584162823,-0.4433690807064428,-0.8715117133556771
1356,-0.43518285977714866,-0.334235921093398,-0.9730091433388081
1357,-0.4955977695717505,-0.44777437132674003,-0.9299112621752742
1358,-0.5996040861975007,-0.7214691640996094,-0.7030757571348429
1359,-0.5716891822402065,-0.8261419468183697,-0.6676805974482253
1360,-0.6165571328158366,-0.8192365248671587,-0.6869473462732186
1361,-0.5640863089370302,-0.7602337879997958,-0.6869516702439591
1362,-0.3973775555867275,-0.6363874572175525,-0.6982173436109499
1363,-0.3009422749657922,-0.49518633176892213,-0.7142610046460627
1364,-0.1488518355139179,-0.3402856427336941,-0.7833632458422529
1365,-0.05446177218005166,-0.21614726406376644,-0.7326179900272781
1366,-0.023606600715340265,-0.18104663267999993,-0.7987963622088238
1367,-0.04144301432485664,-0.33921644534626505,-0.8096970924453264
1368,-0.14399524017168763,-0.6567735075457662,-0.7313502018061998
1369,-0.3741662751735959,-0.9211391830181492,-0.9396289540172084
1370,-0.3696941000769234,-1.0,-0.9113700756405169
1371,-0.3565936437443,-1.0,-0.900074134478345
1372,-0.5351497137204733,-0.7041131609592044,-0.8412283518783389
1373,-0.3832764662500221,-0.5391707577775404,-0.9408431250011092
1374,-0.4514596957601015,-0.9122335351548052,-0.7528135277673055
1375,-0.652993505918103,-0.9657880683243334,-0.7571911157448697
1376,-1.0,-0.9781479377558054,-0.6723020573755454
1377,-0.7328380776256846,-0.8346751832718322,-0.7734155187569288
1378,-0.6626934467869692,-0.7611036878804224,-0.7465135023985708
1379,-0.46559420205958446,-0.5816099483418044,-0.7682232946918799
1380,-0.31028460776153366,-0.4030296137484609,-0.9126162440078965
1381,-0.1638170418027447,-0.23296579838466422,-1.0
1382,-0.05446177218005166,-0.15182623445550447,-0.9897956625471185
1383,-0.04604006037651143,-0.20830879946448813,-0.9270340920446242
1384,-0.24617166976561444,-0.5006354418222703,-0.8443364220465237
1385,-0.3949896621742959,-1.0,-0.891068168220276
1386,-0.7976259007741562,-1.0,-0.9063620527290066
1387,-0.6079833293861373,-0.9748751887027144,-0.7953449687638526
1388,-0.5351497137204733,-0.8529122646775302,-0.7738998034798532
1389,-0.46559420205958446,-0.688903810499447,-0.7888192321224667
1390,-0.378693276899141,-0.49483386018033765,-0.9921755760426246
1391,-0.32377414291586204,-0.2868364482160686,-1.0
1392,-0.14399524017168763,-0.16776066932606415,-1.0
1393,-0.12979732324675708,-0.13182830569940637,-1.0
1394,-0.40220017191388935,-1.0,-0.9524720119102905
1395,-0.3481112835464574,-1.0,-0.8806249140881058
1396,-0.3696941000769234,-0.8793952678389103,-0.8012411352654356
1397,-0.3481112835464576,-0.7043491155112197,-0.8278612287315225
1398,-0.3418749818628152,-0.5018882265542677,-0.9309256657109678
1399,-0.3297097141340466,-0.301018293642018,-1.0
