composition_index,experimental_log_scaled_activity
0,-0.23520135751900562
1,-0.20696996080719765
2,-0.2574778945665991
3,-0.3009422749657922
4,-0.1807444641615893
5,-0.09335316027354357
6,-0.047895023452963925
7,-0.091255884362894
8,-0.19848528028482615
9,-0.3065192647053506
10,-0.3337204372097057
11,-0.31028460776153366
12,-0.4046353061379878
13,-0.29003479163153134
14,-0.1072837294323582
15,-0.02100391941419466
16,-0.008258764719530465
17,-0.00410629427754039
18,-0.06018488070977257
19,-0.18341895656810203
20,-0.2864694044694308
21,-0.29003479163153134
22,-0.3418749818628152
23,-0.38097776108447146
24,-0.3652754394713178
25,-0.5050957295824603
26,-0.4542436460613545
27,-0.24617166976561444
28,-0.12748318352327315
29,-0.048826011020283944
30,-0.012458461670362797
31,-0.00410629427754039
32,-0.01585295124829711
33,-0.07091332505719194
34,-0.158760951837414
35,-0.197089928766792
36,-0.2972705321981417
37,-0.31986944548908347
38,-0.38558957055746124
39,-0.339819401515823
40,-0.3481112835464574
41,-0.314088740906345
42,-0.3277205707236205
43,-0.22605085174610628
44,-0.15625863286074504
45,-0.14039425652344295
46,-0.15501380355211114
47,-0.19019118098703958
48,-0.22756027610266127
49,-0.28469953760208033
50,-0.3832764662500221
51,-0.2098420704098668
52,-0.16894332266301693
53,-0.13801296258586782
54,-0.06697591439187256
55,-0.034204740960258495
56,-0.009094891750376588
57,-0.004933061170638853
58,-0.019278934221013233
59,-0.04696637715377727
60,-0.10510606043254478
61,-0.2794402714667088
62,-0.3179324716874432
63,-0.35232810850724483
64,-0.20696996080719765
65,-0.12979732324675708
66,-0.19019118098703958
67,-0.30465089381565225
68,-0.42471703532871696
69,-0.38097776108447146
70,-0.15501380355211114
71,-0.04511606146312963
72,-0.02710562603101141
73,-0.032417126396287244
74,-0.050695057390411025
75,-0.06893937181797805
76,-0.12863844060473617
77,-0.07992906856529569
78,-0.05446177218005166
79,-0.09440628203498913
80,-0.09546241579331549
81,-0.09652157882696688
82,-0.06018488070977257
83,-0.021869443202870986
84,-0.00410629427754039
85,-0.008258764719530465
86,-0.014151806014368273
87,-0.017561969579118486
88,-0.091255884362894
89,-0.10078887453870489
90,-0.10510606043254478
91,-0.053516485281881354
92,-0.01841945399543954
93,-0.03871200809826636
94,-0.07190427279064315
95,-0.18341895656810203
96,-0.28118505069079025
97,-0.23366043986633578
98,-0.10947431688313991
99,-0.0271056260310113
100,-0.016706471724534877
101,-0.008258764719530465
102,-0.010772846998132302
103,-0.02100391941419466
104,-0.030638123911097548
105,-0.02100391941419466
106,-0.02100391941419466
107,-0.06018488070977257
108,-0.09864906258126926
109,-0.12979732324675708
110,-0.1309598542772975
111,-0.0891704527520708
112,-0.03152655383319691
113,-0.013304163205222319
114,-0.01585295124829711
115,-0.012458461670362797
116,-0.016706471724534877
117,-0.02710562603101141
118,-0.021869443202871097
119,-0.008258764719530465
120,-0.00410629427754039
121,-0.0074245266330768
122,-0.010772846998132302
123,-0.05635963657165921
124,-0.1309598542772975
125,-0.21273669397929218
126,-0.22007410714424125
127,-0.1072837294323582
128,-0.030638123911097548
129,-0.012458461670362797
130,-0.002458293065050965
131,-0.0016370423337047635
132,-0.006592168975396717
133,-0.004933061170638853
134,-0.006592168975396717
135,-0.013304163205222319
136,-0.07190427279064315
137,-0.1500760306258755
138,-0.2290758957099347
139,-0.2558413704499546
140,-0.19156065837731817
141,-0.10837739877907959
142,-0.05446177218005166
143,-0.019278934221013233
144,-0.005761683288325825
145,-0.015001399030545648
146,-0.02622775650175957
147,-0.034204740960258495
148,-0.019278934221013233
149,-0.0032813743201591805
150,-0.0016370423337047635
151,0.0
152,-0.004933061170638853
153,-0.024478253661454397
154,-0.10619328965601005
155,-0.23674873219356707
156,-0.2742548590554752
157,-0.2012919014085266
158,-0.13801296258586782
159,-0.09440628203498913
160,-0.051633140134600186
161,-0.019278934221013233
162,-0.008258764719530465
163,-0.011614692538278404
164,-0.008258764719530465
165,-0.009932916299210559
166,-0.01841945399543954
167,-0.08813213689966992
168,-0.1728352818193113
169,-0.23674873219356707
170,-0.25421206707460764
171,-0.25097486962213245
172,-0.2156541872721499
173,-0.12176049734892269
174,-0.050695057390411025
175,-0.053516485281881576
176,-0.1072837294323582
177,-0.13682804953090355
178,-0.11724535705921035
179,-0.07489317206646917
180,-0.03871200809826636
181,-0.023606600715340265
182,-0.006592168975396717
183,-0.009932916299210559
184,-0.009932916299210559
185,-0.051633140134600186
186,-0.19569982999613
187,-0.32377414291586204
188,-0.26243143855888906
189,-0.20840322327271343
190,-0.21273669397929218
191,-0.1861129608165294
192,-0.1415906869204484
193,-0.07389418184888874
194,-0.01585295124829711
195,-0.009094891750376588
196,-0.005761683288325825
197,-0.006592168975396717
198,-0.014151806014368273
199,-0.059224848372752104
200,-0.13801296258586782
201,-0.19293523354150255
202,-0.24617166976561444
203,-0.26243143855888906
204,-0.2414301452296398
205,-0.20270325208179663
206,-0.15625863286074504
207,-0.20696996080719765
208,-0.1767686980791916
209,-0.197089928766792
210,-0.2141925593466344
211,-0.22305038763336205
212,-0.158760951837414
213,-0.0902116963871844
214,-0.01841945399543954
215,-0.009094891750376588
216,-0.004933061170638853
217,-0.02710562603101141
218,-0.10837739877907959
219,-0.22454757219893806
220,-0.31028460776153366
221,-0.2918304781235034
222,-0.32970971413404637
223,-0.339819401515823
224,-0.28293811306192995
225,-0.2558413704499546
226,-0.16128034329777563
227,-0.06405016551391507
228,-0.025351968996045637
229,-0.01585295124829711
230,-0.010772846998132302
231,-0.017561969579118486
232,-0.051633140134600186
233,-0.13329595389993465
234,-0.21128654591002438
235,-0.3902597061759294
236,-0.26745233613331343
237,-0.24617166976561444
238,-0.20696996080719765
239,-0.18207928906534165
240,-0.24458438724091647
241,-0.20840322327271343
242,-0.2591217037112671
243,-0.3277205707236205
244,-0.3179324716874432
245,-0.29003479163153134
246,-0.19019118098703958
247,-0.08813213689966992
248,-0.036001051390233574
249,-0.0032813743201591805
250,-0.01841945399543954
251,-0.06211246570676887
252,-0.1767686980791916
253,-0.32970971413404637
254,-0.4170578404222216
255,-0.4247170353287173
256,-0.3544547171091337
257,-0.35874503194492857
258,-0.2640974972094363
259,-0.18207928906534154
260,-0.08298390451553028
261,-0.03510180390757678
262,-0.010772846998132302
263,-0.011614692538278404
264,-0.04053043288547076
265,-0.09758378856349281
266,-0.18074446416158918
267,-0.35874503194492835
268,-0.21273669397929218
269,-0.1500760306258755
270,-0.12633152938798953
271,-0.11949602629164024
272,-0.147631685425044
273,-0.17153339902459652
274,-0.27597525192535066
275,-0.37192341742262247
276,-0.34602079222822635
277,-0.3337204372097057
278,-0.25421206707460764
279,-0.22007410714424125
280,-0.10947431688313991
281,-0.015001399030545648
282,-0.014151806014368273
283,-0.04604006037651143
284,-0.16128034329777563
285,-0.2558413704499546
286,-0.32970971413404637
287,-0.3997809909531539
288,-0.3997809909531539
289,-0.32970971413404637
290,-0.36090902776661193
291,-0.34394206891701795
292,-0.31028460776153366
293,-0.1847635019346867
294,-0.091255884362894
295,-0.02710562603101141
296,-0.01841945399543954
297,-0.03871200809826636
298,-0.05635963657165921
299,-0.09758378856349281
300,-0.2290758957099347
301,-0.12979732324675708
302,-0.09864906258126926
303,-0.10078887453870489
304,-0.0902116963871844
305,-0.09864906258126926
306,-0.11724535705921035
307,-0.23520135751900562
308,-0.339819401515823
309,-0.339819401515823
310,-0.3065192647053506
311,-0.2794402714667088
312,-0.26077286303304836
313,-0.2477658045950366
314,-0.11724535705921035
315,-0.0630800446288754
316,-0.050695057390411025
317,-0.11612514575095456
318,-0.17808920299160513
319,-0.20554223982873143
320,-0.29910183996242623
321,-0.1476316854250438
322,-0.07091332505719194
323,-0.19431494457357856
324,-0.3179324716874432
325,-0.32181663313575715
326,-0.3257420848491078
327,-0.32377414291586204
328,-0.3674781606269474
329,-0.4486965769229303
330,-0.3257420848491078
331,-0.21273669397929218
332,-0.08400782500182691
333,-0.08813213689966992
334,-0.08709673241138072
335,-0.06114741546122571
336,-0.06502284175324924
337,-0.29003479163153134
338,-0.11389486665767268
339,-0.11836897697048276
340,-0.10510606043254478
341,-0.19293523354150255
342,-0.11500832242763304
343,-0.10837739877907959
344,-0.16765506538260055
345,-0.24458438724091647
346,-0.3257420848491078
347,-0.6988023497199978
348,-0.3009422749657922
349,-0.23830261823249366
350,-0.23674873219356707
351,-0.2591217037112671
352,-0.13329595389993465
353,-0.024478253661454508
354,-0.025351968996045637
355,-0.043274971031477816
356,-0.10078887453870489
357,-0.26077286303304836
358,-0.14399524017168763
359,-0.02710562603101141
360,-0.01585295124829711
361,-0.0891704527520708
362,-0.2414301452296398
363,-0.32377414291586204
364,-0.3418749818628152
365,-0.314088740906345
366,-0.3502136768720575
367,-0.486337992645161
368,-0.41959329482790597
369,-0.25097486962213245
370,-0.12289796166370026
371,-0.09230303337794432
372,-0.06502284175324924
373,-0.03780614270216753
374,-0.048826011020283944
375,-0.1072837294323582
376,-0.051633140134600186
377,-0.0630800446288754
378,-0.053516485281881354
379,-0.06599808684433983
380,-0.06697591439187256
381,-0.059224848372752104
382,-0.06405016551391507
383,-0.10078887453870489
384,-0.19431494457357867
385,-0.2918304781235034
386,-0.272542444187158
387,-0.2972705321981417
388,-0.4987366902468301
389,-0.3832764662500221
390,-0.17023608998061823
391,-0.036001051390233574
392,-0.004933061170638853
393,-0.002458293065050965
394,-0.03871200809826636
395,-0.139201690037561
396,-0.23059776163291168
397,-0.06697591439187256
398,-0.0074245266330768
399,-0.00410629427754039
400,-0.02622775650175957
401,-0.07689929699392284
402,-0.1847635019346867
403,-0.36090902776661193
404,-0.4247170353287173
405,-0.38791725553760903
406,-0.4405291488432672
407,-0.486337992645161
408,-0.28824779498029496
409,-0.19156065837731817
410,-0.09546241579331549
411,-0.05731223913107664
412,-0.01841945399543954
413,-0.016706471724534877
414,-0.19848528028482615
415,-0.03152655383319691
416,-0.020140419568076884
417,-0.03510180390757678
418,-0.03690249407380486
419,-0.048826011020283944
420,-0.03962010116489256
421,-0.05826730547225689
422,-0.05540948511508437
423,-0.08709673241138072
424,-0.1476316854250438
425,-0.1741417707290337
426,-0.2156541872721499
427,-0.2493668511486412
428,-0.3179324716874432
429,-0.16894332266301693
430,-0.04144301432485664
431,-0.014151806014368273
432,-0.004933061170638853
433,-0.010772846998132302
434,-0.0630800446288754
435,-0.21128654591002438
436,-0.11278475819376665
437,-0.04696637715377727
438,-0.0074245266330768
439,-0.015001399030545648
440,-0.013304163205222319
441,-0.06599808684433983
442,-0.15876095183741412
443,-0.2591217037112671
444,-0.3481112835464574
445,-0.3502136768720575
446,-0.37642283881865435
447,-0.3009422749657922
448,-0.2141925593466344
449,-0.14399524017168763
450,-0.07489317206646917
451,-0.032417126396287244
452,-0.015001399030545648
453,-0.11612514575095456
454,-0.033309851960243164
455,-0.021869443202870986
456,-0.04604006037651143
457,-0.05635963657165921
458,-0.07689929699392284
459,-0.06405016551391507
460,-0.06114741546122571
461,-0.050695057390411025
462,-0.04144301432485664
463,-0.05446177218005166
464,-0.08400782500182691
465,-0.1415906869204484
466,-0.14641555371588622
467,-0.21128654591002438
468,-0.16128034329777563
469,-0.091255884362894
470,-0.047895023452963925
471,-0.015001399030545648
472,-0.005761683288325825
473,-0.051633140134600186
474,-0.26077286303304836
475,-0.2215592488252126
476,-0.19431494457357867
477,-0.13682804953090355
478,-0.06211246570676887
479,-0.03510180390757678
480,-0.015001399030545648
481,-0.020140419568076884
482,-0.048826011020283944
483,-0.08813213689966992
484,-0.19569982999613
485,-0.272542444187158
486,-0.3277205707236205
487,-0.35021367687205773
488,-0.302791928644479
489,-0.2215592488252126
490,-0.12289796166370026
491,-0.06795633810889656
492,-0.03962010116489256
493,-0.1488518355139179
494,-0.032417126396287244
495,-0.029751826344709742
496,-0.05731223913107664
497,-0.09758378856349303
498,-0.11500832242763304
499,-0.10947431688313991
500,-0.091255884362894
501,-0.06795633810889656
502,-0.03780614270216753
503,-0.04053043288547076
504,-0.05540948511508437
505,-0.09335316027354357
506,-0.10078887453870489
507,-0.16894332266301693
508,-0.175452898462773
509,-0.18882676369894358
510,-0.13564692647162124
511,-0.048826011020283944
512,-0.005761683288325825
513,-0.04696637715377727
514,-0.32377414291586204
515,-0.35874503194492857
516,-0.31600560513761256
517,-0.20270325208179663
518,-0.09440628203498913
519,-0.032417126396287244
520,-0.015001399030545648
521,-0.026227756501759347
522,-0.04235785663014302
523,-0.11057450310299999
524,-0.21128654591002438
525,-0.3741662751735959
526,-0.4714030535529701
527,-0.40220017191388935
528,-0.33574225345441966
529,-0.23059776163291168
530,-0.13212605674060118
531,-0.07190427279064315
532,-0.2141925593466344
533,-0.07589487220076618
534,-0.053516485281881576
535,-0.08196281533579142
536,-0.13564692647162124
537,-0.14399524017168763
538,-0.1513042976701492
539,-0.1427910063481035
540,-0.11167797697066517
541,-0.06697591439187245
542,-0.055409485115084145
543,-0.0630800446288754
544,-0.0902116963871844
545,-0.11167797697066517
546,-0.2640974972094363
547,-0.2777036974825956
548,-0.28469953760208033
549,-0.22605085174610628
550,-0.14039425652344284
551,-0.053516485281881576
552,-0.05635963657165921
553,-0.32970971413404637
554,-0.41203856778378634
555,-0.4378463289352552
556,-0.3696941000769234
557,-0.31600560513761256
558,-0.2156541872721499
559,-0.09230303337794432
560,-0.022737000444169375
561,-0.012458461670362797
562,-0.034204740960258495
563,-0.11949602629164024
564,-0.24458438724091647
565,-0.414539676146951
566,-0.46559420205958446
567,-0.5050957295824603
568,-0.35021367687205773
569,-0.34602079222822635
570,-0.22305038763336205
571,-0.10619328965601005
572,-0.12403894055047204
573,-0.08196281533579142
574,-0.10619328965601005
575,-0.13682804953090355
576,-0.147631685425044
577,-0.1767686980791916
578,-0.16637128678068402
579,-0.12289796166370026
580,-0.10510606043254478
581,-0.051633140134600186
582,-0.036001051390233574
583,-0.0630800446288754
584,-0.09440628203498913
585,-0.11389486665767268
586,-0.24300389836444158
587,-0.3179324716874432
588,-0.38558957055746124
589,-0.3481112835464574
590,-0.27597525192535066
591,-0.18207928906534165
592,-0.11278475819376665
593,-0.3973775555867275
594,-0.43518285977714843
595,-0.4570487443157524
596,-0.4405291488432672
597,-0.40220017191388935
598,-0.31600560513761256
599,-0.19569982999613
600,-0.0829839045155304
601,-0.04053043288547076
602,-0.29544826159036675
603,-0.272542444187158
604,-0.29003479163153134
605,-0.4405291488432672
606,-0.4486965769229303
607,-0.43518285977714843
608,-0.3832764662500221
609,-0.41959329482790597
610,-0.37192341742262247
611,-0.24300389836444158
612,-0.34602079222822635
613,-0.13212605674060118
614,-0.1427910063481035
615,-0.1500760306258755
616,-0.18341895656810203
617,-0.14520341400545178
618,-0.1476316854250438
619,-0.12289796166370026
620,-0.0891704527520708
621,-0.04604006037651143
622,-0.028867650922635324
623,-0.06405016551391507
624,-0.10186344840508232
625,-0.12979732324675708
626,-0.23830261823249366
627,-0.314088740906345
628,-0.3902597061759294
629,-0.3973775555867275
630,-0.34394206891701795
631,-0.26077286303304836
632,-0.1998859243978226
633,-0.31028460776153366
634,-0.3277205707236205
635,-0.3337204372097057
636,-0.378693276899141
637,-0.3652754394713178
638,-0.33170963052068825
639,-0.2864694044694308
640,-0.19431494457357867
641,-0.11949602629164024
642,-0.19431494457357867
643,-0.2290758957099347
644,-0.31028460776153366
645,-0.33574225345441966
646,-0.32181663313575715
647,-0.3565936437443
648,-0.38791725553760903
649,-0.3565936437443
650,-0.43518285977714866
651,-0.31028460776153366
652,-0.3257420848491078
653,-0.18341895656810203
654,-0.18074446416158918
655,-0.17023608998061823
656,-0.1767686980791916
657,-0.1728352818193113
658,-0.139201690037561
659,-0.12633152938798953
660,-0.08094454184773225
661,-0.04975935169101664
662,-0.025351968996045637
663,-0.04975935169101664
664,-0.07489317206646917
665,-0.12633152938798953
666,-0.2260508517461065
667,-0.314088740906345
668,-0.3277205707236205
669,-0.34394206891701795
670,-0.3257420848491078
671,-0.28118505069079025
672,-0.23830261823249366
673,-0.302791928644479
674,-0.31218177568607974
675,-0.302791928644479
676,-0.33170963052068825
677,-0.28118505069079025
678,-0.2640974972094363
679,-0.28118505069079025
680,-0.31600560513761256
681,-0.28118505069079025
682,-0.26745233613331343
683,-0.2098420704098668
684,-0.23520135751900562
685,-0.27597525192535066
686,-0.35232810850724483
687,-0.32970971413404637
688,-0.3377752004777482
689,-0.29183047812350316
690,-0.44323160273599826
691,-0.2525899210010426
692,-0.17941444697307474
693,-0.19019118098703958
694,-0.19431494457357867
695,-0.1767686980791916
696,-0.13564692647162124
697,-0.10837739877907959
698,-0.07190427279064315
699,-0.04975935169101664
700,-0.03962010116489256
701,-0.047895023452963925
702,-0.07389418184888874
703,-0.10078887453870489
704,-0.13920169003756122
705,-0.26243143855888906
706,-0.339819401515823
707,-0.3277205707236205
708,-0.31028460776153366
709,-0.28293811306192995
710,-0.2290758957099347
711,-0.4046353061379876
712,-0.4987366902468301
713,-0.3674781606269474
714,-0.32377414291586204
715,-0.3009422749657922
716,-0.31986944548908347
717,-0.42471703532871696
718,-0.42471703532871696
719,-0.30465089381565247
720,-0.18074446416158918
721,-0.12748318352327315
722,-0.139201690037561
723,-0.15750767276215427
724,-0.197089928766792
725,-0.17153339902459652
726,-0.19293523354150255
727,-0.23059776163291168
728,-0.4095542858416279
729,-0.272542444187158
730,-0.1998859243978226
731,-0.16765506538260055
732,-0.1861129608165294
733,-0.13446956924037146
734,-0.1072837294323582
735,-0.0728978869252066
736,-0.04235785663014302
737,-0.04975935169101664
738,-0.03871200809826636
739,-0.02622775650175957
740,-0.032417126396287244
741,-0.06697591439187256
742,-0.07790646130870704
743,-0.1525366638253851
744,-0.2098420704098668
745,-0.2098420704098668
746,-0.20554223982873143
747,-0.19019118098703958
748,-0.17023608998061823
749,-0.302791928644479
750,-0.4773047444935824
751,-0.542174071208883
752,-0.378693276899141
753,-0.42214627844025
754,-0.23059776163291168
755,-0.29544826159036675
756,-0.4378463289352552
757,-0.4378463289352552
758,-0.5083167912661777
759,-0.25097486962213245
760,-0.30465089381565225
761,-0.2574778945665991
762,-0.175452898462773
763,-0.26745233613331343
764,-0.13446956924037146
765,-0.2972705321981417
766,-0.29544826159036675
767,-0.3973775555867275
768,-0.4325384642190775
769,-0.302791928644479
770,-0.3973775555867275
771,-0.23830261823249366
772,-0.3065192647053506
773,-0.23830261823249366
774,-0.18341895656810203
775,-0.2477658045950366
776,-0.10402202291195717
777,-0.20270325208179663
778,-0.11167797697066517
779,-0.1500760306258755
780,-0.21128654591002438
781,-0.1206265260206496
782,-0.1767686980791916
783,-0.1072837294323582
784,-0.10294115840976592
785,-0.10402202291195717
786,-0.0850345925398126
787,-0.10402202291195717
788,-0.45987531428015616
789,-0.4514596957601015
790,-0.22454757219893806
791,-0.07589487220076618
792,-0.0630800446288754
793,-0.06018488070977257
794,-0.08094454184773214
795,-0.12748318352327315
796,-0.1500760306258755
797,-0.22305038763336205
798,-0.2141925593466344
799,-0.21273669397929218
800,-0.13682804953090355
801,-0.09546241579331549
802,-0.07091332505719194
803,-0.07389418184888874
804,-0.1500760306258755
805,-0.18882676369894358
806,-0.48330229074365605
807,-0.38097776108447146
808,-0.34602079222822635
809,-0.28469953760208033
810,-0.20270325208179663
811,-0.18882676369894358
812,-0.19848528028482615
813,-0.14641555371588622
814,-0.1488518355139179
815,-0.09971741861124361
816,-0.08400782500182691
817,-0.048826011020283944
818,-0.043274971031477816
819,-0.06599808684433983
820,-0.043274971031477816
821,-0.05826730547225689
822,-0.059224848372752104
823,-0.06211246570676887
824,-0.05826730547225689
825,-0.052573612031526884
826,-0.10510606043254478
827,-0.37192341742262247
828,-0.3277205707236205
829,-0.16509195582450975
830,-0.04144301432485664
831,-0.009932916299210781
832,-0.008258764719530465
833,-0.013304163205222319
834,-0.03871200809826636
835,-0.07589487220076618
836,-0.1638170418027447
837,-0.2525899210010426
838,-0.29363493938360596
839,-0.21128654591002438
840,-0.1415906869204484
841,-0.06018488070977257
842,-0.0630800446288754
843,-0.1309598542772975
844,-0.2141925593466344
845,-0.3674781606269474
846,-0.339819401515823
847,-0.32970971413404637
848,-0.28469953760208033
849,-0.2657711068152375
850,-0.19848528028482615
851,-0.23830261823249366
852,-0.2558413704499546
853,-0.22756027610266127
854,-0.2012919014085266
855,-0.12748318352327315
856,-0.08094454184773214
857,-0.04235785663014302
858,-0.043274971031477816
859,-0.033309851960243164
860,-0.043274971031477816
861,-0.050695057390411025
862,-0.034204740960258384
863,-0.02622775650175957
864,-0.017561969579118486
865,-0.06599808684433983
866,-0.31028460776153366
867,-0.28293811306192995
868,-0.19019118098703958
869,-0.09758378856349281
870,-0.04511606146312963
871,-0.015001399030545648
872,-0.008258764719530465
873,-0.016706471724534877
874,-0.07589487220076618
875,-0.21859491454460034
876,-0.3257420848491078
877,-0.36090902776661193
878,-0.31986944548908347
879,-0.23830261823249366
880,-0.13329595389993465
881,-0.10186344840508232
882,-0.1625465143210587
883,-0.23366043986633556
884,-0.48939885754920975
885,-0.31986944548908347
886,-0.28469953760208033
887,-0.2794402714667087
888,-0.3065192647053506
889,-0.2864694044694308
890,-0.354454717109134
891,-0.3741662751735959
892,-0.37192341742262247
893,-0.35874503194492857
894,-0.26914125486410645
895,-0.1625465143210587
896,-0.08709673241138072
897,-0.0630800446288754
898,-0.04696637715377727
899,-0.06697591439187256
900,-0.08094454184773214
901,-0.06114741546122593
902,-0.029751826344709742
903,-0.009932916299210559
904,-0.05731223913107664
905,-0.3179324716874432
906,-0.3481112835464576
907,-0.3377752004777482
908,-0.26243143855888906
909,-0.24617166976561444
910,-0.1500760306258755
911,-0.04975935169101664
912,-0.01585295124829711
913,-0.009932916299210781
914,-0.06018488070977257
915,-0.2290758957099347
916,-0.36090902776661193
917,-0.3902597061759294
918,-0.486337992645161
919,-0.48939885754920975
920,-0.31028460776153366
921,-0.1807444641615893
922,-0.20129190140852637
923,-0.23059776163291168
924,-0.4542436460613545
925,-0.3418749818628152
926,-0.29910183996242623
927,-0.23674873219356707
928,-0.14641555371588644
929,-0.23674873219356707
930,-0.339819401515823
931,-0.3902597061759294
932,-0.4542436460613545
933,-0.48029134149182384
934,-0.38558957055746124
935,-0.26243143855888906
936,-0.1600184989595993
937,-0.13920169003756122
938,-0.10294115840976592
939,-0.13801296258586782
940,-0.2012919014085266
941,-0.1600184989595993
942,-0.10619328965601005
943,-0.052573612031526884
944,-0.07190427279064315
945,-0.38097776108447146
946,-0.48330229074365605
947,-0.3973775555867275
948,-0.40220017191388935
949,-0.308397136977146
950,-0.15253666382538533
951,-0.06599808684433983
952,-0.033309851960243164
953,-0.07190427279064315
954,-0.23059776163291168
955,-0.38558957055746124
956,-0.38791725553760903
957,-0.4247170353287173
958,-0.4486965769229303
959,-0.3973775555867275
960,-0.34602079222822635
961,-0.38791725553760903
962,-0.3696941000769234
963,-0.5566368182281691
964,-0.3565936437443
965,-0.2215592488252126
966,-0.12979732324675708
967,-0.08813213689966992
968,-0.14641555371588622
969,-0.2657711068152375
970,-0.3652754394713178
971,-0.42730581469601403
972,-0.46848720578950886
973,-0.4773047444935824
974,-0.4486965769229303
975,-0.302791928644479
976,-0.29003479163153134
977,-0.2624314385588893
978,-0.28469953760208033
979,-0.32377414291586204
980,-0.3277205707236205
981,-0.26745233613331343
982,-0.15501380355211114
983,-0.1072837294323582
984,-0.42471703532871696
985,-0.721140784628429
986,-0.6726550744138211
987,-0.6726550744138211
988,-0.5529676814244693
989,-0.3481112835464574
990,-0.20412001765169852
991,-0.09230303337794432
992,-0.0902116963871844
993,-0.21128654591002438
994,-0.354454717109134
995,-0.42471703532871696
996,-0.4070866054302209
997,-0.3949896621742959
998,-0.4955977695717505
999,-0.7906110748736168
1000,-0.859129958792341
1001,-0.6253347468069793
1002,-0.5678681790249732
1003,-0.2657711068152375
1004,-0.1638170418027447
1005,-0.07190427279064315
1006,-0.03871200809826636
1007,-0.09546241579331549
1008,-0.197089928766792
1009,-0.2708379336688199
1010,-0.3277205707236205
1011,-0.4459539801126522
1012,-0.44323160273599826
1013,-0.5716891822402065
1014,-0.46848720578950886
1015,-0.7511095473507405
1016,-0.6726550744138211
1017,-0.579451887353156
1018,-0.5755501369226876
1019,-0.5386451902759044
1020,-0.40220017191388935
1021,-0.2742548590554752
1022,-0.20412001765169852
1023,-0.36090902776661193
1024,-0.47434210899009965
1025,-0.560342778525249
1026,-0.5457370011397624
1027,-0.514844450161375
1028,-0.4542436460613545
1029,-0.2864694044694308
1030,-0.13801296258586782
1031,-0.11836897697048276
1032,-0.2098420704098668
1033,-0.3674781606269474
1034,-0.4570487443157524
1035,-0.48330229074365605
1036,-0.5083167912661777
1037,-0.46848720578950886
1038,-0.9539870352459766
1039,-0.9228878779815579
1040,-0.5716891822402065
1041,-0.42471703532871696
1042,-0.2640974972094363
1043,-0.1537731565432522
1044,-0.07790646130870704
1045,-0.034204740960258384
1046,-0.06697591439187256
1047,-0.1513042976701492
1048,-0.22007410714424125
1049,-0.29003479163153134
1050,-0.3926171110007458
1051,-0.40220017191388935
1052,-0.40220017191388935
1053,-0.4459539801126522
1054,-0.5529676814244693
1055,-0.5083167912661777
1056,-0.5529676814244693
1057,-0.6253347468069793
1058,-0.46848720578950886
1059,-0.3696941000769234
1060,-0.35232810850724483
1061,-0.38097776108447146
1062,-0.47434210899009965
1063,-0.3832764662500221
1064,-0.3949896621742959
1065,-0.4247170353287173
1066,-0.37192341742262247
1067,-0.29544826159036675
1068,-0.23830261823249366
1069,-0.20696996080719765
1070,-0.272542444187158
1071,-0.3481112835464574
1072,-0.3973775555867275
1073,-0.43518285977714866
1074,-0.5115661970372622
1075,-0.6482374408871012
1076,-0.6165571328158366
1077,-0.6165571328158366
1078,-0.804776568503252
1079,-0.5083167912661777
1080,-0.30465089381565247
1081,-0.175452898462773
1082,-0.07489317206646917
1083,-0.03871200809826636
1084,-0.09335316027354357
1085,-0.15876095183741412
1086,-0.272542444187158
1087,-0.43518285977714866
1088,-0.48029134149182384
1089,-0.34394206891701795
1090,-0.3277205707236205
1091,-0.378693276899141
1092,-0.5678681790249732
1093,-0.4955977695717505
1094,-0.4170578404222216
1095,-0.5050957295824603
1096,-0.4570487443157524
1097,-0.3630857798478512
1098,-0.4325384642190775
1099,-0.42730581469601403
1100,-0.33777520047774845
1101,-0.33574225345441966
1102,-0.354454717109134
1103,-0.40220017191388935
1104,-0.4378463289352552
1105,-0.26745233613331343
1106,-0.0870967324113806
1107,-0.043274971031477816
1108,-0.06599808684433983
1109,-0.10947431688313991
1110,-0.1476316854250438
1111,-0.2141925593466344
1112,-0.302791928644479
1113,-0.3973775555867275
1114,-0.4570487443157524
1115,-0.5050957295824603
1116,-0.7328380776256846
1117,-0.7976259007741562
1118,-0.3377752004777482
1119,-0.16509195582450953
1120,-0.06018488070977257
1121,-0.06502284175324924
1122,-0.13682804953090355
1123,-0.2477658045950366
1124,-0.34602079222822635
1125,-0.28118505069079025
1126,-0.12863844060473617
1127,-0.10619328965601005
1128,-0.2558413704499546
1129,-0.3741662751735959
1130,-0.42730581469601403
1131,-0.4773047444935824
1132,-0.5316870150567707
1133,-0.3832764662500221
1134,-0.31218177568607974
1135,-0.42991287102305353
1136,-0.4514596957601015
1137,-0.3696941000769234
1138,-0.5115661970372622
1139,-0.6626934467869692
1140,-0.5716891822402065
1141,-0.30465089381565225
1142,-0.09652157882696688
1143,-0.019278934221013233
1144,-0.0074245266330768
1145,-0.017561969579118486
1146,-0.026227756501759347
1147,-0.06405016551391507
1148,-0.1537731565432522
1149,-0.29544826159036675
1150,-0.48029134149182384
1151,-0.721140784628429
1152,-0.6482374408871012
1153,-0.5914107687448438
1154,-0.4570487443157524
1155,-0.28293811306192995
1156,-0.14039425652344295
1157,-0.13564692647162124
1158,-0.2141925593466344
1159,-0.2864694044694308
1160,-0.2742548590554752
1161,-0.13920169003756122
1162,-0.04235785663014302
1163,-0.03962010116489256
1164,-0.12176049734892269
1165,-0.20270325208179663
1166,-0.302791928644479
1167,-0.3902597061759294
1168,-0.4514596957601015
1169,-0.36090902776661193
1170,-0.6934226799404781
1171,-0.9762772977021604
1172,-0.48330229074365605
1173,-0.31028460776153366
1174,-0.1513042976701492
1175,-0.0630800446288754
1176,-0.020140419568076884
1177,-0.0074245266330768
1178,-0.0032813743201591805
1179,-0.019278934221013233
1180,-0.091255884362894
1181,-0.21273669397929218
1182,-0.45987531428015616
1183,-0.6988023497199978
1184,-0.560342778525249
1185,-0.542174071208883
1186,-0.486337992645161
1187,-0.3565936437443
1188,-0.2624314385588893
1189,-0.2477658045950366
1190,-0.28824779498029496
1191,-0.314088740906345
1192,-0.26745233613331343
1193,-0.16128034329777563
1194,-0.05635963657165921
1195,-0.017561969579118486
1196,-0.028867650922635324
1197,-0.06018488070977257
1198,-0.12633152938798953
1199,-0.23830261823249366
1200,-0.3065192647053506
1201,-0.6079833293861369
1202,-0.6578116276010637
1203,-0.3902597061759294
1204,-0.33574225345441966
1205,-0.23212592557055367
1206,-0.14039425652344295
1207,-0.07190427279064315
1208,-0.033309851960243164
1209,-0.008258764719530465
1210,-0.010772846998132302
1211,-0.050695057390411025
1212,-0.13801296258586782
1213,-0.378693276899141
1214,-0.6482374408871012
1215,-0.486337992645161
1216,-0.3696941000769234
1217,-0.33777520047774845
1218,-0.2624314385588893
1219,-0.24617166976561444
1220,-0.28118505069079025
1221,-0.28824779498029496
1222,-0.2777036974825958
1223,-0.2640974972094363
1224,-0.1874673692573523
1225,-0.13682804953090355
1226,-0.07589487220076618
1227,-0.053516485281881354
1228,-0.025351968996045637
1229,-0.03690249407380486
1230,-0.08298390451553028
1231,-0.16894332266301693
1232,-0.3741662751735959
1233,-0.3652754394713178
1234,-0.3696941000769234
1235,-0.3926171110007458
1236,-0.2972705321981417
1237,-0.15750767276215427
1238,-0.07589487220076618
1239,-0.01841945399543954
1240,-0.010772846998132302
1241,-0.024478253661454508
1242,-0.07091332505719194
1243,-0.21859491454460034
1244,-0.6253347468069793
1245,-0.3065192647053506
1246,-0.23059776163291168
1247,-0.197089928766792
1248,-0.10619328965601005
1249,-0.07489317206646917
1250,-0.10619328965601005
1251,-0.13801296258586782
1252,-0.14520341400545178
1253,-0.22756027610266105
1254,-0.28118505069079025
1255,-0.27597525192535066
1256,-0.18341895656810203
1257,-0.07891638012983238
1258,-0.01841945399543954
1259,-0.012458461670362797
1260,-0.023606600715340265
1261,-0.10619328965601005
1262,-0.34602079222822635
1263,-0.4987366902468301
1264,-0.542174071208883
1265,-0.9762772977021604
1266,-0.7042615528685281
1267,-0.35232810850724483
1268,-0.20129190140852637
1269,-0.06697591439187256
1270,-0.023606600715340376
1271,-0.030638123911097548
1272,-0.06697591439187245
1273,-0.13329595389993454
1274,-0.2918304781235034
1275,-0.19848528028482615
1276,-0.10619328965601005
1277,-0.050695057390411025
1278,-0.017561969579118486
1279,-0.014151806014368273
1280,-0.03152655383319691
1281,-0.08094454184773214
1282,-0.1072837294323582
1283,-0.3009422749657922
1284,-0.524857532121544
1285,-0.40220017191388935
1286,-0.28118505069079025
1287,-0.16637128678068402
1288,-0.06697591439187256
1289,-0.021869443202871097
1290,-0.015001399030545648
1291,-0.10294115840976592
1292,-0.5457370011397624
1293,-0.6298030564894077
1294,-0.7906110748736161
1295,-0.6578116276010637
1296,-0.5457370011397624
1297,-0.35874503194492857
1298,-0.1847635019346867
1299,-0.07891638012983238
1300,-0.07091332505719194
1301,-0.13212605674060118
1302,-0.1847635019346867
1303,-0.3277205707236205
1304,-0.2156541872721499
1305,-0.11057450310299999
1306,-0.048826011020283944
1307,-0.014151806014368273
1308,-0.008258764719530465
1309,-0.011614692538278404
1310,-0.10402202291195717
1311,-0.15253666382538533
1312,-0.3973775555867275
1313,-0.4773047444935824
1314,-0.48330229074365605
1315,-0.5214895796393128
1316,-0.3674781606269474
1317,-0.21128654591002438
1318,-0.06114741546122571
1319,-0.07589487220076618
1320,-0.2558413704499546
1321,-0.5083167912661777
1322,-0.5954847038584128
1323,-0.486337992645161
1324,-0.5019025217764663
1325,-0.5457370011397624
1326,-0.46848720578950886
1327,-0.3377752004777482
1328,-0.23059776163291168
1329,-0.2414301452296398
1330,-0.31028460776153366
1331,-0.33170963052068825
1332,-0.41203856778378634
1333,-0.3502136768720575
1334,-0.20270325208179663
1335,-0.12403894055047204
1336,-0.047895023452963925
1337,-0.012458461670362797
1338,-0.00410629427754039
1339,-0.050695057390411025
1340,-0.11389486665767268
1341,-0.29363493938360596
1342,-0.46272368720346535
1343,-0.4542436460613545
1344,-0.3949896621742959
1345,-0.38558957055746124
1346,-0.2972705321981417
1347,-0.19848528028482615
1348,-0.31028460776153366
1349,-0.48939885754920975
1350,-0.46559420205958446
1351,-0.42214627844024977
1352,-0.4378463289352552
1353,-0.3544547171091337
1354,-0.38558957055746124
1355,-0.40955428584162823
1356,-0.43518285977714866
1357,-0.4955977695717505
1358,-0.5996040861975007
1359,-0.5716891822402065
1360,-0.6165571328158366
1361,-0.5640863089370302
1362,-0.3973775555867275
1363,-0.3009422749657922
1364,-0.1488518355139179
1365,-0.05446177218005166
1366,-0.023606600715340265
1367,-0.04144301432485664
1368,-0.14399524017168763
1369,-0.3741662751735959
1370,-0.3696941000769234
1371,-0.3565936437443
1372,-0.5351497137204733
1373,-0.3832764662500221
1374,-0.4514596957601015
1375,-0.652993505918103
1376,-1.0
1377,-0.7328380776256846
1378,-0.6626934467869692
1379,-0.46559420205958446
1380,-0.31028460776153366
1381,-0.1638170418027447
1382,-0.05446177218005166
1383,-0.04604006037651143
1384,-0.24617166976561444
1385,-0.3949896621742959
1386,-0.7976259007741562
1387,-0.6079833293861373
1388,-0.5351497137204733
1389,-0.46559420205958446
1390,-0.378693276899141
1391,-0.32377414291586204
1392,-0.14399524017168763
1393,-0.12979732324675708
1394,-0.40220017191388935
1395,-0.3481112835464574
1396,-0.3696941000769234
1397,-0.3481112835464576
1398,-0.3418749818628152
1399,-0.3297097141340466
