trial,composition_index,row_idx,col_idx,run,composition_sample_seed,random_slab_seed,cemc_seed,base_random_seed,seed_role,shuffle_algorithm,n_metal_sites,count_Fe,count_Co,count_Ni,count_Pd,count_Pt,sampled_Fe,sampled_Co,sampled_Ni,sampled_Pd,sampled_Pt,be_shift_Fe,be_shift_Co,be_shift_Ni,be_shift_Pd,be_shift_Pt
0,0,0,0,0,2500416308567089941,3483263995680728827,6002895560541342453,2026080503,initial_random_slab,mt19937_64_deterministic_fisher_yates_v1,1000,200,200,200,200,200,0.2,0.2,0.2,0.2,0.2,0,0,0,0,0
0,0,0,0,12,2500416308567089941,17699107120605132708,12340199215303838340,2026080503,initial_random_slab,mt19937_64_deterministic_fisher_yates_v1,1000,200,200,200,200,200,0.2,0.2,0.2,0.2,0.2,0,0,0,0,0
0,0,0,0,1,2500416308567089941,17318276303263767407,9130967370340426343,2026080503,initial_random_slab,mt19937_64_deterministic_fisher_yates_v1,1000,200,200,200,200,200,0.2,0.2,0.2,0.2,0.2,0,0,0,0,0
0,0,0,0,13,2500416308567089941,3006066454563508419,246345648306472321,2026080503,initial_random_slab,mt19937_64_deterministic_fisher_yates_v1,1000,200,200,200,200,200,0.2,0.2,0.2,0.2,0.2,0,0,0,0,0
0,0,0,0,2,2500416308567089941,3846646281484418621,1686411502807468155,2026080503,initial_random_slab,mt19937_64_deterministic_fisher_yates_v1,1000,200,200,200,200,200,0.2,0.2,0.2,0.2,0.2,0,0,0,0,0
0,0,0,0,14,2500416308567089941,12874713425565790360,5055806436319774536,2026080503,initial_random_slab,mt19937_64_deterministic_fisher_yates_v1,1000,200,200,200,200,200,0.2,0.2,0.2,0.2,0.2,0,0,0,0,0
0,0,0,0,3,2500416308567089941,16681769455437705671,2556656147892730385,2026080503,initial_random_slab,mt19937_64_deterministic_fisher_yates_v1,1000,200,200,200,200,200,0.2,0.2,0.2,0.2,0.2,0,0,0,0,0
0,0,0,0,15,2500416308567089941,13015121004915825653,4123458410787771973,2026080503,initial_random_slab,mt19937_64_deterministic_fisher_yates_v1,1000,200,200,200,200,200,0.2,0.2,0.2,0.2,0.2,0,0,0,0,0
0,0,0,0,4,2500416308567089941,108651635249054430,17877163811856492725,2026080503,initial_random_slab,mt19937_64_deterministic_fisher_yates_v1,1000,200,200,200,200,200,0.2,0.2,0.2,0.2,0.2,0,0,0,0,0
0,0,0,0,16,2500416308567089941,5942620644998449866,855708274492908581,2026080503,initial_random_slab,mt19937_64_deterministic_fisher_yates_v1,1000,200,200,200,200,200,0.2,0.2,0.2,0.2,0.2,0,0,0,0,0
0,0,0,0,5,2500416308567089941,12822512826817942213,7496203832959549028,2026080503,initial_random_slab,mt19937_64_deterministic_fisher_yates_v1,1000,200,200,200,200,200,0.2,0.2,0.2,0.2,0.2,0,0,0,0,0
0,0,0,0,17,2500416308567089941,16931363599744788362,2500416308567089941,2026080503,initial_random_slab,mt19937_64_deterministic_fisher_yates_v1,1000,200,200,200,200,200,0.2,0.2,0.2,0.2,0.2,0,0,0,0,0
0,0,0,0,6,2500416308567089941,13595708665931096161,3867819038200946061,2026080503,initial_random_slab,mt19937_64_deterministic_fisher_yates_v1,1000,200,200,200,200,200,0.2,0.2,0.2,0.2,0.2,0,0,0,0,0
0,0,0,0,18,2500416308567089941,1520723486217013377,17854822260286588892,2026080503,initial_random_slab,mt19937_64_deterministic_fisher_yates_v1,1000,200,200,200,200,200,0.2,0.2,0.2,0.2,0.2,0,0,0,0,0
0,0,0,0,7,2500416308567089941,3721344424044193280,15113797243811270817,2026080503,initial_random_slab,mt19937_64_deterministic_fisher_yates_v1,1000,200,200,200,200,200,0.2,0.2,0.2,0.2,0.2,0,0,0,0,0
0,0,0,0,19,2500416308567089941,4101667547177929117,11872723867367676791,2026080503,initial_random_slab,mt19937_64_deterministic_fisher_yates_v1,1000,200,200,200,200,200,0.2,0.2,0.2,0.2,0.2,0,0,0,0,0
0,0,0,0,8,2500416308567089941,10893645593732015255,12909909616596284386,2026080503,initial_random_slab,mt19937_64_deterministic_fisher_yates_v1,1000,200,200,200,200,200,0.2,0.2,0.2,0.2,0.2,0,0,0,0,0
0,0,0,0,9,2500416308567089941,3750324130355735243,3567708114463760710,2026080503,initial_random_slab,mt19937_64_deterministic_fisher_yates_v1,1000,200,200,200,200,200,0.2,0.2,0.2,0.2,0.2,0,0,0,0,0
0,0,0,0,10,2500416308567089941,6438517361423585010,11854902132918337623,2026080503,initial_random_slab,mt19937_64_deterministic_fisher_yates_v1,1000,200,200,200,200,200,0.2,0.2,0.2,0.2,0.2,0,0,0,0,0
0,0,0,0,11,2500416308567089941,12417820128897279055,14099192483573406243,2026080503,initial_random_slab,mt19937_64_deterministic_fisher_yates_v1,1000,200,200,200,200,200,0.2,0.2,0.2,0.2,0.2,0,0,0,0,0
