composition_index,random_log_scaled_activity
0,-0.04576360652203433
1,-0.24128204082572774
2,-0.4522875963834888
3,-0.6027696072969069
4,-0.0
5,-0.09990652463400308
6,-0.37060004509963296
7,-0.5304395858573044
8,-0.6131228495937087
9,-0.6700783242826441
10,-0.651858110806951
11,-0.5550115297361574
12,-0.0
13,-0.0
14,-0.0
15,-0.2712334807601808
16,-0.5156543997420919
17,-0.6545773569666585
18,-0.7098797322633963
19,-0.6806037393493543
20,-0.6869356036636786
21,-0.6579877022167676
22,-0.34506309090552295
23,-0.03349057764048447
24,-0.004603478465465297
25,-0.21624294285789028
26,-0.07322576532511914
27,-0.041461093282397575
28,-0.18680440921701283
29,-0.44296618670075466
30,-0.590992628633557
31,-0.6980967335731264
32,-0.7670428978810662
33,-0.7378457673196757
34,-0.739986488892382
35,-0.706425440816772
36,-0.6674638265913436
37,-0.5401125651121592
38,-0.23621016814573212
39,-0.037865331203157486
40,-0.2016666516767986
41,-0.49733726383298893
42,-0.64906241030536
43,-0.0
44,-0.0
45,-0.0
46,-0.002571117377315568
47,-0.2879330354359123
48,-0.47117543084459707
49,-0.6301504957365746
50,-0.49249415217594966
51,-0.28619625766952844
52,-0.24305493875362974
53,-0.3819092676713097
54,-0.4609648631857963
55,-0.6406355766229205
56,-0.7271379454372933
57,-0.7962508644909159
58,-0.8162108657464526
59,-0.7890123841224583
60,-0.7586600103951405
61,-0.7414252753262321
62,-0.5012003151074725
63,-0.1788332915724055
64,-0.09966331554644015
65,-0.33622388537907194
66,-0.5495333052390713
67,-0.6889420786360706
68,-0.6926726893183182
69,-0.6373456319112089
70,-0.0
71,-0.0
72,-0.0
73,-0.16256537282682784
74,-0.4772460259905988
75,-0.5759287152719543
76,-0.5977025506384495
77,-0.6174223528198832
78,-0.6006469458049601
79,-0.4553800842122285
80,-0.4639953447372624
81,-0.5591545122624152
82,-0.6647235103374155
83,-0.7881749983779038
84,-0.8265833721293969
85,-0.8978231666938112
86,-0.8339560990981687
87,-0.7843011110549644
88,-0.6131186355748637
89,-0.26417499919662646
90,-0.0906224391181722
91,-0.2902260636896926
92,-0.4776048195950233
93,-0.7133394417342483
94,-0.7961882562109502
95,-0.7783376723881364
96,-0.6660334681951802
97,-0.0
98,-0.0
99,-0.0
100,-0.017151020574560322
101,-0.35089529298549876
102,-0.5842652485505958
103,-0.6805339070370826
104,-0.7239148230243924
105,-0.6740924782328166
106,-0.7058463142270801
107,-0.6166054351668552
108,-0.6542841816556617
109,-0.6162677116566513
110,-0.7381341266091366
111,-0.7911838078324561
112,-0.9055582992831595
113,-0.9342425235509777
114,-0.8822794571866945
115,-0.7716373824263169
116,-0.5204294850949366
117,-0.2095402448853017
118,-0.22643785844669825
119,-0.3914967625439023
120,-0.5975351938900758
121,-0.7400009369569898
122,-0.8329892827748357
123,-0.8437145627352847
124,-0.7444148206946419
125,-0.6516480118674475
126,-7.882623248852653e-05
127,-0.07896164697437472
128,-0.14265593979741795
129,-0.2409124111728463
130,-0.438250699614419
131,-0.6219223229424886
132,-0.6840014425429305
133,-0.73547267270786
134,-0.690902199401183
135,-0.7181855634047464
136,-0.777541222826637
137,-0.7446790998764244
138,-0.7661049776869508
139,-0.7750043834826028
140,-0.8604436155429247
141,-0.8868113334519763
142,-0.8939167712255045
143,-0.8513088266947055
144,-0.7456079900301611
145,-0.4014027168405563
146,-0.37362872064302194
147,-0.39248525096414577
148,-0.5201597878889263
149,-0.669319198888049
150,-0.8139593756784195
151,-0.8816822705162429
152,-0.8886197495387066
153,-0.8184966699679291
154,-0.7751681282148212
155,-0.7504968538917914
156,-0.08010304407838298
157,-0.18719330295603562
158,-0.244532855362459
159,-0.2410183636466361
160,-0.39410945422712906
161,-0.5722257967135393
162,-0.7150196312475843
163,-0.7370505217635591
164,-0.7814885544779989
165,-0.7813952440607397
166,-0.7877084462916135
167,-0.7655132090407272
168,-0.807735871848654
169,-0.8259675233754926
170,-0.8292797421868089
171,-0.8499675646969586
172,-0.861873973939088
173,-0.8463278564212022
174,-0.8105267563287069
175,-0.5989806023535389
176,-0.46564182209984706
177,-0.4580192640139027
178,-0.48663786998829545
179,-0.6228783032173658
180,-0.7570935993905903
181,-0.8203273601542631
182,-0.8943989753817865
183,-0.9408025468855653
184,-0.9323088909043139
185,-0.8768710650018791
186,-0.8906900367964515
187,-0.2563983284215322
188,-0.41334223623074506
189,-0.4110985721977066
190,-0.3843666426600026
191,-0.3964458266747314
192,-0.4672762594085942
193,-0.6082923799932012
194,-0.7478468380416626
195,-0.8356085964876733
196,-0.8449817784019182
197,-0.8050503378396968
198,-0.7993144561904401
199,-0.8431131620459892
200,-0.8292141238933822
201,-0.8615699625796333
202,-0.8983101868716291
203,-0.8641682061982501
204,-0.9080542024441396
205,-0.8288691763508734
206,-0.7128403815025918
207,-0.5953553421423903
208,-0.573490002366713
209,-0.5743827723589293
210,-0.602722651086933
211,-0.7174571401474427
212,-0.8069370142763855
213,-0.8880340009194029
214,-0.9371845107067217
215,-0.9663322770473715
216,-1.0
217,-0.9474576866454869
218,-0.8960580948009039
219,-0.7843799734076148
220,-0.46421447371714586
221,-0.5224148899731114
222,-0.5812052688672235
223,-0.5748156122944705
224,-0.6457953416959451
225,-0.6504488225050084
226,-0.7391472971397504
227,-0.77384071227899
228,-0.8937734945848104
229,-0.8690793441594851
230,-0.8693237572524319
231,-0.8425400554832171
232,-0.7975716583971364
233,-0.8564902638646429
234,-0.8549316788950874
235,-0.9177765459197362
236,-0.9352677341354313
237,-0.8716980558696306
238,-0.7061563456134549
239,-0.6570961362299341
240,-0.5825555609053524
241,-0.6230540880034261
242,-0.6534750900376294
243,-0.7504059514853024
244,-0.8017543731010653
245,-0.8365176205525743
246,-0.8734619237571539
247,-0.9381880491942637
248,-0.9735882154938943
249,-0.9320789258759747
250,-0.8939540953924077
251,-0.7280204813837481
252,-0.598010174014055
253,-0.6771386118542733
254,-0.6635580331257277
255,-0.7225488789162727
256,-0.7243705390622268
257,-0.7504914358675636
258,-0.7633146952095888
259,-0.7928712213780981
260,-0.859470177189981
261,-0.9117589270106293
262,-0.8861382944423332
263,-0.7810177883728646
264,-0.7263890540884609
265,-0.8035266690262765
266,-0.8731019261473454
267,-0.8895359976359116
268,-0.8932184481027978
269,-0.8010235418329914
270,-0.6309824634569012
271,-0.5483305038604803
272,-0.6085030809353968
273,-0.6977547960440764
274,-0.7243115427984121
275,-0.7979575421227003
276,-0.8368366819793266
277,-0.8587555999945918
278,-0.9270088592040562
279,-0.9015646134245134
280,-0.851104747782123
281,-0.7635314161787043
282,-0.5845825039692744
283,-0.4250999508079514
284,-0.4723896702743358
285,-0.6208953063499602
286,-0.6756859793585075
287,-0.7429363020831207
288,-0.7789023509132196
289,-0.7818551741174192
290,-0.8045458595838102
291,-0.8435610520488289
292,-0.835140840395999
293,-0.858747773959596
294,-0.7724651361277997
295,-0.7440150909071622
296,-0.6628657300299421
297,-0.6716615913625712
298,-0.6972196156508984
299,-0.7955429093251386
300,-0.8229153697271172
301,-0.8426562420027707
302,-0.7724302199716633
303,-0.5152143357742491
304,-0.37666341621333194
305,-0.5613054678808864
306,-0.7004457480772605
307,-0.7842505428288374
308,-0.8355965564338335
309,-0.8791634912529673
310,-0.9108787990749437
311,-0.9324040073296491
312,-0.8367349435243818
313,-0.7180537248152022
314,-0.507139673666621
315,-0.2952630202135519
316,-0.3639274472616426
317,-0.507955989316955
318,-0.6245681247737747
319,-0.7132358972712265
320,-0.6078288379203708
321,-0.27232491164075406
322,-0.5397935036854048
323,-0.6327342912905848
324,-0.7679302498490569
325,-0.8504437488263207
326,-0.8571771489362007
327,-0.8625042707575978
328,-0.8634518229947861
329,-0.8440516842427976
330,-0.7185124508664967
331,-0.5621314155742932
332,-0.4816882038547744
333,-0.4603887466095643
334,-0.5907698876375216
335,-0.7029314171924768
336,-0.7478239619393682
337,-0.7239792373124339
338,-0.7294008735564742
339,-0.7018008561369254
340,-0.49954300169643107
341,-0.42171428766821384
342,-0.5513519553715643
343,-0.6849032425755277
344,-0.767494399900058
345,-0.8004570572998323
346,-0.8629648028169682
347,-0.9338181116531266
348,-0.919093125807114
349,-0.8658399676738994
350,-0.5588625409568012
351,-0.280297835293434
352,-0.30745116671553036
353,-0.3824408360483347
354,-0.6188671592806533
355,-0.728785626805263
356,-0.7538518148942377
357,-0.6712022633085847
358,-0.0410571494760751
359,-0.28768380632142954
360,-0.4378323077434866
361,-0.6483532511342
362,-0.7542780328001648
363,-0.7913270844731503
364,-0.8737298149550884
365,-0.938408984182222
366,-0.9029161094680253
367,-0.8231387127258435
368,-0.5891492963906914
369,-0.454685373105676
370,-0.34449239235351997
371,-0.348678719073602
372,-0.6305706936155829
373,-0.6835661945966236
374,-0.7324993814121349
375,-0.7771059748803301
376,-0.7160303937674312
377,-0.5629362931734805
378,-0.47518356476784857
379,-0.4453410873206464
380,-0.6196304986940923
381,-0.7420489501151312
382,-0.8293062303052563
383,-0.818644160627466
384,-0.8595857617068436
385,-0.9141723558028072
386,-0.9077670471600615
387,-0.739702343621764
388,-0.46525353036351624
389,-0.26187715492131025
390,-0.31339293328544565
391,-0.5052259071087929
392,-0.6780512479353262
393,-0.8047397044506301
394,-0.7715651421032773
395,-0.7569990849679482
396,-0.0
397,-0.06876311936941484
398,-0.1771886202178957
399,-0.4010023850503846
400,-0.5978903754783496
401,-0.7376284443478671
402,-0.784460039765649
403,-0.8796745915384647
404,-0.9272779544073746
405,-0.9252094731577056
406,-0.8105496324310024
407,-0.5582171940709907
408,-0.4965028881018943
409,-0.41033764079503443
410,-0.44880501081034235
411,-0.6052348083205967
412,-0.7552580931827204
413,-0.7969883177886005
414,-0.8106375248240315
415,-0.717538410510861
416,-0.6266913882684156
417,-0.4960754661905832
418,-0.559449493581488
419,-0.5942061190033862
420,-0.7672072446159799
421,-0.8502667600348763
422,-0.9086255029988334
423,-0.8491849611973737
424,-0.8972229700098997
425,-0.8720568494740552
426,-0.6758292559992005
427,-0.4144228310628603
428,-0.460751152230143
429,-0.4789960478162053
430,-0.6678617503707462
431,-0.7235337553203642
432,-0.8082818882902856
433,-0.8823101593239859
434,-0.8493493079322875
435,-0.05964338058849764
436,-0.16598113610116594
437,-0.2746661001098923
438,-0.5021731514577232
439,-0.6114811882526588
440,-0.7565957431643167
441,-0.7980544645561103
442,-0.8478075790381076
443,-0.8270228340945467
444,-0.9078778156553861
445,-0.8068479178779714
446,-0.6120278066969823
447,-0.5289478231865594
448,-0.5399945725845297
449,-0.5487091635537404
450,-0.6625797787512481
451,-0.7834420532134982
452,-0.8169705931437409
453,-0.8389442934039758
454,-0.7815084205668344
455,-0.6418829262007185
456,-0.5631114759568489
457,-0.6379355945493567
458,-0.7557451133605383
459,-0.8179482455155297
460,-0.9024254772740566
461,-0.9303975323572538
462,-0.9321264840886417
463,-0.9017211341244312
464,-0.8942972369268395
465,-0.6913747715143943
466,-0.5727880672278556
467,-0.5859984143008289
468,-0.6528905454237107
469,-0.7559383562246663
470,-0.7568871124672385
471,-0.8732668748849499
472,-0.9209274280095987
473,-0.9269408328998616
474,-0.1336427554929814
475,-0.26624287844360345
476,-0.304198546170722
477,-0.35966767621314144
478,-0.5074840192064379
479,-0.6902803306203599
480,-0.7631377064181457
481,-0.827493600199682
482,-0.824850206379165
483,-0.8331813216335797
484,-0.8664756825166381
485,-0.751434172083216
486,-0.6656259123727047
487,-0.6730209134410788
488,-0.6573050311640538
489,-0.6995836802223344
490,-0.740223677953024
491,-0.8346917463877763
492,-0.8438259332333023
493,-0.8287012175998089
494,-0.7482164676945429
495,-0.6915337002250779
496,-0.6819865395328484
497,-0.7531540937742242
498,-0.8312476889869159
499,-0.848452323921226
500,-0.9063047826212228
501,-0.9514965227060298
502,-0.9496748625600767
503,-0.900570706980042
504,-0.8019999901993963
505,-0.6537038510605835
506,-0.639359932918599
507,-0.7047193651876796
508,-0.6966760072200349
509,-0.7655607672533942
510,-0.8210750474977115
511,-0.9029456075999327
512,-0.9435741672794756
513,-0.9751690745630545
514,-0.37819551306443894
515,-0.4709972380477688
516,-0.5369213488419337
517,-0.628968764452202
518,-0.7600428105786369
519,-0.8183275072114806
520,-0.8750144886997896
521,-0.849755057746687
522,-0.8788949980523398
523,-0.863651085885834
524,-0.7890755944051182
525,-0.7034334874375944
526,-0.7476289130671631
527,-0.7327142963731733
528,-0.7308185898961047
529,-0.7945062606895372
530,-0.7871828979415095
531,-0.8207240799282817
532,-0.7741248575496069
533,-0.7460113318337928
534,-0.6684812111408013
535,-0.748499408959777
536,-0.8148130154956578
537,-0.8388973371940008
538,-0.8932696183316179
539,-0.8826954410468578
540,-0.9057768262603498
541,-0.8817515008258215
542,-0.8959738144240257
543,-0.8464217688411512
544,-0.7862154796154845
545,-0.7731032589813042
546,-0.8282370735242865
547,-0.788362221215113
548,-0.8864176236914164
549,-0.8578537999619945
550,-0.886726451072406
551,-0.9587265750368005
552,-1.0
553,-0.5061963354482767
554,-0.5706593857089879
555,-0.5963149344334183
556,-0.6958175513812619
557,-0.7101145133132702
558,-0.7708228727840567
559,-0.831006887910122
560,-0.9011600676154978
561,-0.8869311319876818
562,-0.9057075959507712
563,-0.8630593172396103
564,-0.7832439943278354
565,-0.7046880610476973
566,-0.7418882153963705
567,-0.7868084522670922
568,-0.7778789463368431
569,-0.8011475543875419
570,-0.7703918388565937
571,-0.7554952822433624
572,-0.6778032228262274
573,-0.7564416304751678
574,-0.7485228870647646
575,-0.7944292043449629
576,-0.8399141197407677
577,-0.8699745221624704
578,-0.8987743309471514
579,-0.9225841394179494
580,-0.8554343511428969
581,-0.78493622389501
582,-0.8038144263130466
583,-0.8387161343837115
584,-0.8492216833615861
585,-0.8477275126800732
586,-0.8392627528280383
587,-0.8898689051245818
588,-0.8922480197633151
589,-0.8986954685945011
590,-0.9468436438996608
591,-0.9138948325618009
592,-0.9459225797809188
593,-0.6495500324858722
594,-0.6873919217042039
595,-0.7217602553897692
596,-0.7595973285865661
597,-0.7778428261753227
598,-0.8113075538202136
599,-0.8717179219584662
600,-0.9159013075341952
601,-0.9110407377990883
602,-0.9403131186969794
603,-0.8843912826301866
604,-0.724603514104026
605,-0.7045164902804787
606,-0.7391165950024613
607,-0.7645229146124077
608,-0.7862455797500839
609,-0.7807715692718418
610,-0.7593426814478554
611,-0.6647728745581596
612,-0.6825235259341013
613,-0.6551167513786793
614,-0.7341308087074199
615,-0.7792436864395775
616,-0.8352624449397815
617,-0.8532882115459627
618,-0.8822168489067289
619,-0.8556956203112195
620,-0.7953954186656027
621,-0.7073061707551498
622,-0.782242863851058
623,-0.8249134166618248
624,-0.8100656222666445
625,-0.8299305070968473
626,-0.8684135291821481
627,-0.935917897042779
628,-0.9131579812668071
629,-0.8983535310654522
630,-0.8795740570889028
631,-0.8862225748192125
632,-0.8520643400731521
633,-0.7553947477938016
634,-0.7678694475771661
635,-0.7917382523117776
636,-0.823648007003266
637,-0.7979948662896036
638,-0.8729869436331757
639,-0.8779203556940132
640,-0.8828044035341076
641,-0.8951942209379019
642,-0.832017048427276
643,-0.7664198250948603
644,-0.6779507134857643
645,-0.6413700199071452
646,-0.6513981807502727
647,-0.6741171603431881
648,-0.7575962716384009
649,-0.7462641729644275
650,-0.7864526686761276
651,-0.7364822312223229
652,-0.7044809721216525
653,-0.669500401698335
654,-0.7663674508606585
655,-0.8213086245422038
656,-0.8653890676576007
657,-0.8682365403907026
658,-0.8092745907293729
659,-0.7359675189206737
660,-0.7273004861641299
661,-0.7051907332955057
662,-0.7946393032844653
663,-0.8295530514089712
664,-0.8074186164299767
665,-0.8088947270307288
666,-0.8346050580001312
667,-0.8804240848899902
668,-0.8910783285327847
669,-0.8315595263813654
670,-0.8349235174241915
671,-0.8251090675367196
672,-0.8806763240179318
673,-0.8521955766600042
674,-0.8414456145891827
675,-0.8847127520677079
676,-0.8836273412140556
677,-0.8725799898133922
678,-0.8064927362896988
679,-0.7878956691288216
680,-0.6709169140325827
681,-0.5812094828860684
682,-0.4578669573328299
683,-0.49488049084698804
684,-0.5990293645715898
685,-0.6845823751406973
686,-0.7398606703297567
687,-0.7253512014474756
688,-0.8061646448225657
689,-0.7438098079891945
690,-0.7116038679732495
691,-0.703592416148279
692,-0.7890454942705188
693,-0.841870026487035
694,-0.8947252608408426
695,-0.8179368074643808
696,-0.7882183425717268
697,-0.6967422275161547
698,-0.6537628473243983
699,-0.6900190614520373
700,-0.7942961617500325
701,-0.8204453526818926
702,-0.8177748687402362
703,-0.8062278551052243
704,-0.8269602258145811
705,-0.7703900328485177
706,-0.7162013625319568
707,-0.7154584912100431
708,-0.7408780548792144
709,-0.8466451118398797
710,-0.8844719509909129
711,-0.8414281565111161
712,-0.8421541717576531
713,-0.8412884918865751
714,-0.8536584432015338
715,-0.8031829254891516
716,-0.7619818612495297
717,-0.6443541472513271
718,-0.5312673395587872
719,-0.39677331613917255
720,-0.3816022462983961
721,-0.41446436924860974
722,-0.488774979544851
723,-0.6633828503423582
724,-0.7451649160488584
725,-0.7493542527823981
726,-0.7874399530909871
727,-0.829656595871993
728,-0.817585839894952
729,-0.7957186941111978
730,-0.7947807739170824
731,-0.8276296528080712
732,-0.8116236052335081
733,-0.7635356301975482
734,-0.7340471303332337
735,-0.6722738281003224
736,-0.6880414826088584
737,-0.759411309754742
738,-0.8743859978893547
739,-0.8830638666943542
740,-0.8704994685098836
741,-0.8458968224937392
742,-0.7562032374091407
743,-0.6916438667177115
744,-0.5987416072848187
745,-0.6561606240465856
746,-0.7565927331508566
747,-0.7944249903261178
748,-0.8741205147021882
749,-0.7231731557078638
750,-0.766625108012828
751,-0.7545471280034832
752,-0.7043551535590271
753,-0.6920086803490559
754,-0.6548633082453525
755,-0.6546170891443297
756,-0.6679610808149241
757,-0.6639956890828026
758,-0.5242437741513692
759,-0.4498494854809406
760,-0.49226358514491847
761,-0.4951832982010577
762,-0.6403923675353564
763,-0.7667406925296896
764,-0.796093139785614
765,-0.8509482270822062
766,-0.8585503170766252
767,-0.801098792169491
768,-0.8046740861572046
769,-0.7902723757567882
770,-0.8129690812501001
771,-0.8188241594323703
772,-0.7576209537487713
773,-0.7022270740428515
774,-0.691282665102519
775,-0.780372441487053
776,-0.7879040971665094
777,-0.8783844997695355
778,-0.9093665683126712
779,-0.9174352103933793
780,-0.8055289299798268
781,-0.6632094735670669
782,-0.5536142814880545
783,-0.5448437042684899
784,-0.6426823857756779
785,-0.7596876289903643
786,-0.8251271276174803
787,-0.8289034905043167
788,-0.5061439612140738
789,-0.5747945422002511
790,-0.4973053576903136
791,-0.5556183484496818
792,-0.4835742782887723
793,-0.5252292525581528
794,-0.6605727017761629
795,-0.7593866276443706
796,-0.7009153101770107
797,-0.6357021645620831
798,-0.5940044481015693
799,-0.6562190183077083
800,-0.6370000823660092
801,-0.74181537307064
802,-0.8480056379237703
803,-0.8685146656344008
804,-0.8740603144329895
805,-0.8583763382986408
806,-0.8722880185077784
807,-0.7863720003154024
808,-0.7646318770996586
809,-0.813066605686202
810,-0.8076521934744667
811,-0.8101107724685436
812,-0.8270294561241597
813,-0.8214886233471069
814,-0.8217727686177239
815,-0.8612551151717238
816,-0.9172913317499943
817,-0.9191617541139994
818,-0.8978279827153471
819,-0.7502410027476957
820,-0.5989011379981966
821,-0.4863766008199718
822,-0.5700513629900816
823,-0.710134379402107
824,-0.7800714401410603
825,-0.883314299814221
826,-0.8771913304340163
827,-0.23256564384843992
828,-0.32106726360290316
829,-0.34328296894531596
830,-0.3674961192197455
831,-0.33000278956007334
832,-0.5492894941488163
833,-0.7093608059429031
834,-0.7795260257021186
835,-0.7820333669142486
836,-0.7546283983669015
837,-0.7247907369412352
838,-0.7080719181793579
839,-0.6765859733830298
840,-0.7977378111401249
841,-0.8416533055179184
842,-0.8572325331838635
843,-0.937315145290883
844,-0.8556582961443162
845,-0.8207270899417427
846,-0.7713092909591837
847,-0.7980051003353673
848,-0.8151748191135423
849,-0.8779673119039882
850,-0.8760403012869363
851,-0.8421210616095938
852,-0.8559129432830269
853,-0.8898345909711374
854,-0.9250138222828097
855,-0.9303662282172703
856,-0.8900314458514172
857,-0.8143025172128524
858,-0.7180097786186883
859,-0.5697726357436903
860,-0.6250292588358382
861,-0.6539795682935149
862,-0.7288482350852298
863,-0.863612557713548
864,-0.9006483653273073
865,-0.911385685341596
866,-0.06298389352633504
867,-0.21359593702122245
868,-0.2734867768362877
869,-0.313382699239683
870,-0.355356734935818
871,-0.6294852827619295
872,-0.7742133519453301
873,-0.8344112131333101
874,-0.7981850991402716
875,-0.7551112045258754
876,-0.7534147609398536
877,-0.7978871078077389
878,-0.846435012900376
879,-0.8604658896425282
880,-0.8516603962668273
881,-0.875426258541109
882,-0.8507748503069138
883,-0.8137841928950522
884,-0.7189037526162886
885,-0.7213159774030824
886,-0.7262060452700967
887,-0.8489917183332468
888,-0.8882073776946953
889,-0.9019974533600524
890,-0.897834002742267
891,-0.9130159086315004
892,-0.9258813081619637
893,-0.9361863902434053
894,-0.9020420015592584
895,-0.8293393404533156
896,-0.694603913954214
897,-0.7079635576948001
898,-0.6438213748689182
899,-0.6957724011793617
900,-0.697877604593243
901,-0.8327864078676359
902,-0.8756923437309664
903,-0.9365078596809278
904,-0.9614771253364913
905,-0.12466629335275611
906,-0.209435496416897
907,-0.283820755046947
908,-0.43586195293261265
909,-0.42186298233313474
910,-0.5346493906823728
911,-0.7126230585307832
912,-0.8544735548464849
913,-0.8557504025561903
914,-0.8248929485702949
915,-0.8193400757394036
916,-0.8363508658068927
917,-0.8876974814145818
918,-0.854270679939284
919,-0.8521299583665776
920,-0.8715078230189615
921,-0.8025381806060331
922,-0.7593739855878389
923,-0.6312744347625152
924,-0.5931315441981885
925,-0.6065947324017965
926,-0.7042865252521406
927,-0.8213567847575617
928,-0.9006754554484478
929,-0.9098957286789281
930,-0.8982457725835864
931,-0.895670405067264
932,-0.9372687910835988
933,-0.9579247074510732
934,-0.8751788354347022
935,-0.770231706140525
936,-0.7470503884801631
937,-0.7465170140950633
938,-0.7643886680120945
939,-0.7459884557314972
940,-0.8389172032828353
941,-0.903703528989145
942,-0.9023586549752449
943,-0.9834363775321197
944,-0.9678083876481236
945,-0.37049288862045915
946,-0.46366484525936014
947,-0.5658289161084804
948,-0.5971384741160571
949,-0.644936283854479
950,-0.8079339307343169
951,-0.872686544289874
952,-0.9276686541544744
953,-0.9091558673704755
954,-0.8448950900142721
955,-0.8463934747146289
956,-0.8837766378816674
957,-0.9295240264511799
958,-0.9256657911982321
959,-0.8197867617368583
960,-0.6932313478164825
961,-0.6139909374755547
962,-0.5486303012010901
963,-0.6246072549487549
964,-0.5928046567364393
965,-0.7057114656240749
966,-0.8210256832769675
967,-0.9281418282703766
968,-0.9404985355261116
969,-0.9060025772698451
970,-0.9208925118534645
971,-0.9499909139733691
972,-0.96115565589897
973,-0.8272479831013512
974,-0.7267628977601851
975,-0.7453310687918481
976,-0.8341126197980844
977,-0.8191396088429718
978,-0.8490043603897786
979,-0.872256714367795
980,-0.9128262777835221
981,-0.9549742922576425
982,-0.9711645526559538
983,-0.9844357020008178
984,-0.58319729577501
985,-0.6249208983512793
986,-0.7060660452096567
987,-0.7261344069497502
988,-0.7590561281664694
989,-0.8486895129818691
990,-0.9041809171238921
991,-0.932355245111597
992,-0.96038328644515
993,-0.9109600694383619
994,-0.8868041094196724
995,-0.897543837444729
996,-0.8661048488583749
997,-0.9035181121600128
998,-0.841245749695444
999,-0.7202149144794362
1000,-0.6898992629163307
1001,-0.6005247392584867
1002,-0.6165927931103246
1003,-0.6236253885581222
1004,-0.7636476026982579
1005,-0.8220376498021984
1006,-0.9394161346859192
1007,-0.9545312182763398
1008,-0.9600630210130127
1009,-0.9363266568706384
1010,-0.9329271476689851
1011,-0.843120386078293
1012,-0.656907709387342
1013,-0.6292757858251168
1014,-0.709118800860723
1015,-0.7869878490693045
1016,-0.8399929820934191
1017,-0.8925520311227688
1018,-0.9096326535025296
1019,-0.9994388130905297
1020,-0.9525121012474149
1021,-0.9660655898548198
1022,-0.8931811239358958
1023,-0.7030048615209004
1024,-0.7873845688433231
1025,-0.7743867287206225
1026,-0.8360149483047647
1027,-0.8809303691539517
1028,-0.8794897767120257
1029,-0.9105657576751102
1030,-0.9222054797246892
1031,-0.971974246276677
1032,-0.9298003456868021
1033,-0.8850516795832969
1034,-0.8225060078965657
1035,-0.8082180760049349
1036,-0.8604406055294648
1037,-0.8277855715052949
1038,-0.761289558153743
1039,-0.7215170463022063
1040,-0.7220100865069451
1041,-0.7489039547687926
1042,-0.7259309300398584
1043,-0.7608392601401364
1044,-0.8861732105984707
1045,-0.9530153754979153
1046,-0.9848902140332683
1047,-0.9802481712753529
1048,-0.89836195910314
1049,-0.8191107127137575
1050,-0.5776817471110207
1051,-0.4610094113850034
1052,-0.5499324330238579
1053,-0.6694498334722092
1054,-0.7563489220606018
1055,-0.8256400339110515
1056,-0.8409808685109695
1057,-0.9464679942198595
1058,-1.0
1059,-1.0
1060,-0.9530177835086833
1061,-0.7942389714942937
1062,-0.8516760483368191
1063,-0.8616012667196166
1064,-0.9160939483956312
1065,-0.8853129487516195
1066,-0.9222963821311783
1067,-0.8881808895762477
1068,-0.8615862166523169
1069,-0.819424958118975
1070,-0.7178412178649307
1071,-0.6703474194859624
1072,-0.7344522781449412
1073,-0.7934292778735705
1074,-0.8256141477952971
1075,-0.8629202546177623
1076,-0.8036422535431381
1077,-0.8233909518537862
1078,-0.7682697793673378
1079,-0.8321458770033613
1080,-0.8316106966101855
1081,-0.8324805905001063
1082,-0.894423055489466
1083,-0.9232704224868128
1084,-0.90009452285068
1085,-0.8351101382587076
1086,-0.5925012473796776
1087,-0.32238384349027976
1088,-0.3514334833921356
1089,-0.4747549388511546
1090,-0.6602199281986572
1091,-0.8166912638946587
1092,-0.8046807081868154
1093,-0.8489911163305549
1094,-0.839322351094544
1095,-0.9430805250720459
1096,-1.0
1097,-1.0
1098,-0.8298660928088035
1099,-0.8809658873127778
1100,-0.9275295915326254
1101,-0.9201056943350358
1102,-0.9491198160780632
1103,-0.8920752449907148
1104,-0.7797319106227806
1105,-0.642919574836321
1106,-0.5486947154891327
1107,-0.4414009797015895
1108,-0.5416121538179001
1109,-0.6377230875990839
1110,-0.763748739150513
1111,-0.7697440839600151
1112,-0.784942845924623
1113,-0.8141183043891042
1114,-0.792779114966224
1115,-0.8138215170619544
1116,-0.8095214118330878
1117,-0.8287722539174646
1118,-0.8040714814625263
1119,-0.8314770520125632
1120,-0.8288685743481814
1121,-0.803116705193033
1122,-0.6842151534985861
1123,-0.4835152820249564
1124,-0.4059785393023542
1125,-0.45790187348896516
1126,-0.5681532485022429
1127,-0.7100615370763764
1128,-0.8017194569449312
1129,-0.8228148352775553
1130,-0.8457005696161514
1131,-0.8514972535372988
1132,-0.8783519916241682
1133,-1.0
1134,-0.8306077601253332
1135,-0.8716601297000365
1136,-0.9197517167521472
1137,-0.9457257249006389
1138,-0.8919289583365629
1139,-0.8053242490645511
1140,-0.5758721270189074
1141,-0.45012700872194683
1142,-0.3683178528943095
1143,-0.3805788417220174
1144,-0.49700435634431983
1145,-0.6596636777112607
1146,-0.7660736735469674
1147,-0.8213784568544721
1148,-0.7954977591232395
1149,-0.768597870834471
1150,-0.7887673690268205
1151,-0.7985246286585526
1152,-0.7845376981129154
1153,-0.7918652748797871
1154,-0.784216228675393
1155,-0.7894211439503179
1156,-0.8405787307127218
1157,-0.8290022189458026
1158,-0.7055001626791874
1159,-0.6457315294105945
1160,-0.4844315301221625
1161,-0.5409204527248065
1162,-0.6612686168880993
1163,-0.7642405753498656
1164,-0.8505719753997129
1165,-0.8599638193974106
1166,-0.8929409248617939
1167,-0.8891784080368722
1168,-0.9075051759890459
1169,-0.9766301350965081
1170,-0.8575136684410216
1171,-0.6441350182714437
1172,-0.46138746907557265
1173,-0.38226505126227545
1174,-0.41620716704191235
1175,-0.38666328292993485
1176,-0.5782903718326212
1177,-0.7188224822528703
1178,-0.8322024652564081
1179,-0.865911003991555
1180,-0.8179970077335784
1181,-0.7732983078535092
1182,-0.7386867650803811
1183,-0.723787800456383
1184,-0.7236150256837826
1185,-0.6828841255466017
1186,-0.6794852183476404
1187,-0.7850108722288176
1188,-0.8603165929749154
1189,-0.8854357573007837
1190,-0.7722881473363542
1191,-0.6928508821151464
1192,-0.6361578805999176
1193,-0.6117159693025339
1194,-0.734413749972654
1195,-0.7401412035842229
1196,-0.8635355013689735
1197,-0.9298593419506158
1198,-0.9624361156248273
1199,-0.9676753450531955
1200,-0.9785258415735767
1201,-0.7217054731447983
1202,-0.5615811851138167
1203,-0.5097830674871392
1204,-0.45423206507860947
1205,-0.5294300273428414
1206,-0.5176933828598536
1207,-0.6738306070618021
1208,-0.7787482382240707
1209,-0.8929577809371684
1210,-0.8802645541766124
1211,-0.8387751306475263
1212,-0.8040799095002119
1213,-0.6870656362451479
1214,-0.5938683954931823
1215,-0.5286955840586178
1216,-0.5784005383252548
1217,-0.7107424021210144
1218,-0.7995745213533787
1219,-0.8605014078013555
1220,-0.8616078887492284
1221,-0.8605176618740391
1222,-0.786818084310164
1223,-0.6778483730281265
1224,-0.7294616758283639
1225,-0.7736739575333094
1226,-0.8296716459392927
1227,-0.8497135195609399
1228,-0.9277529345313528
1229,-0.9537672768602077
1230,-0.9883487194987353
1231,-1.0
1232,-0.5791957838813693
1233,-0.5563317216396859
1234,-0.5898620675780045
1235,-0.6216219235991879
1236,-0.679841603941297
1237,-0.759944684139843
1238,-0.8420223331681078
1239,-0.9301344571808552
1240,-0.944766132609612
1241,-0.9154955577197956
1242,-0.8170380174452435
1243,-0.6544154182425138
1244,-0.5284668230356615
1245,-0.5389741780216121
1246,-0.5488536441998163
1247,-0.6847611699402187
1248,-0.8399201397676875
1249,-0.8820236060425999
1250,-0.8516375201645319
1251,-0.8194321821512777
1252,-0.8245443890116354
1253,-0.7865911292952847
1254,-0.818596602414799
1255,-0.8081861698622596
1256,-0.8134554994252271
1257,-0.9043259997726599
1258,-0.9238561711061177
1259,-0.9544361018510057
1260,-0.99663408254856
1261,-1.0
1262,-0.7005107643679951
1263,-0.6314604535943393
1264,-0.7133135556184929
1265,-0.7242615765749771
1266,-0.7440939532598126
1267,-0.8332445319162384
1268,-0.8713681583944215
1269,-0.9241800485544082
1270,-0.9493010188883514
1271,-0.9094111165118793
1272,-0.8057950151696842
1273,-0.5500425995164927
1274,-0.5461705182016303
1275,-0.5307399852006062
1276,-0.6658679174548825
1277,-0.7469492520279104
1278,-0.866726115636506
1279,-0.9109233472741496
1280,-0.9113543812016138
1281,-0.8779636998878363
1282,-0.8191751270017991
1283,-0.8200486329078729
1284,-0.8348554911199969
1285,-0.8598187367486405
1286,-0.8737532930600759
1287,-0.8853863930800419
1288,-0.8656539488420764
1289,-0.8671493235289732
1290,-0.8405961887907906
1291,-0.8056571565532202
1292,-0.7645698708223816
1293,-0.7845455241479101
1294,-0.8521076842669751
1295,-0.8810134455254448
1296,-0.8612171890021286
1297,-0.8819609977626331
1298,-0.9414436797525308
1299,-0.9596554651905371
1300,-0.8975956096762411
1301,-0.7480045627469645
1302,-0.6713569780004266
1303,-0.6209013263768778
1304,-0.7032932208103613
1305,-0.7215953066521645
1306,-0.822402463433544
1307,-0.8891892440853268
1308,-0.9441280097561041
1309,-0.9652270001048813
1310,-0.8963518721145938
1311,-0.9071265162957858
1312,-0.8469160130512741
1313,-0.8620238726093918
1314,-0.9099360628592913
1315,-0.92971486130454
1316,-0.9323480210792943
1317,-0.816867650683411
1318,-0.7724205879285926
1319,-0.6068824896885665
1320,-0.5573172000464706
1321,-0.7706272219091608
1322,-0.8381135296890343
1323,-0.8677236340971304
1324,-0.9282881149245285
1325,-0.9321313001101776
1326,-0.9255213105521551
1327,-0.9449647934979656
1328,-0.9588210894594426
1329,-0.8809694993289298
1330,-0.816676815830051
1331,-0.7670212257841558
1332,-0.7585727200048035
1333,-0.7152604323243803
1334,-0.8132466044911063
1335,-0.8534916884558533
1336,-0.955194023240218
1337,-0.9865607715035336
1338,-1.0
1339,-1.0
1340,-0.9666085962829915
1341,-0.9165436444065459
1342,-0.9116385264722319
1343,-0.9448943591830042
1344,-0.9657531504576784
1345,-0.8790491107414886
1346,-0.809460609561197
1347,-0.6721769056669125
1348,-0.14540167407557283
1349,-0.765905714795903
1350,-0.8360625065174317
1351,-0.8784958702675532
1352,-0.9541019903569515
1353,-0.9474612986616388
1354,-0.9657748225545899
1355,-0.9133915583112994
1356,-0.929087574499489
1357,-0.8890453654419407
1358,-0.85110956380366
1359,-0.8717106979261623
1360,-0.8489549961690368
1361,-0.8200721110128604
1362,-0.8931052715967065
1363,-0.9117444789460205
1364,-0.9671130745388781
1365,-0.9940268088895623
1366,-0.9879778858404721
1367,-1.0
1368,-1.0
1369,-0.9658819790337637
1370,-0.8844081387055622
1371,-0.9402264303093333
1372,-0.9857878000470216
1373,-0.9516054851932806
1374,-0.8973066483840859
1375,-0.8500783331922843
1376,-0.8325726969119803
1377,-0.930005026602079
1378,-0.9249584380351469
1379,-0.9448299448949626
1380,-0.9811945195071572
1381,-0.9492956008641247
1382,-0.9480657093643943
1383,-0.9830980520192216
1384,-1.0
1385,-0.8811693642226696
1386,-0.8836369732571263
1387,-0.9543662695387352
1388,-0.9620339778265797
1389,-0.9491733943176512
1390,-0.9407634167105862
1391,-0.9402360623524051
1392,-0.851877719238636
1393,-0.8341565659945994
1394,-0.8944971018205804
1395,-0.973990353292143
1396,-0.9667091307325545
1397,-0.9999896455536983
1398,-0.9684410924774013
1399,-0.8779853719847478
