Row_Idx,Col_Idx,Ir_ratio,Pd_ratio,Pt_ratio,Rh_ratio,Ru_ratio,map_x,map_y,experimental_activity,cemc_activity,random_activity,cemc_mean_ln_activity,random_mean_ln_activity
0,7,15.793517406962788,31.03401360544218,27.782312925170068,13.65546218487395,11.73469387755102,-0.29999999999999993,1.0,-0.77705054,-0.6090183145083161,-0.8742753502242102,26.485958099365234,27.307828903198242
0,8,14.822419865098787,29.974332955291587,29.38697546708052,14.14671999044947,11.669551722079625,-0.19999999999999996,1.0,-0.32835267,-0.6407851685549696,-0.9231801693538516,26.56951332092285,27.374893188476562
0,9,14.871479562096257,28.11479402393937,30.543067721766626,14.762482732187204,11.70817596001054,-0.09999999999999998,1.0,-0.41478198,-0.7129170364955881,-0.8754436915133914,26.759239196777344,27.309431076049805
0,10,13.859367596172603,27.06291784961992,31.42945882128081,15.971362244511958,11.67689348841469,0.0,1.0,-0.08813597,-0.7757981053156744,-1.0,26.924633026123047,27.48023796081543
0,11,13.27070204775569,25.8785075448882,32.91215523193397,16.2351786149014,11.703456560520738,0.10000000000000009,1.0,-0.12947265,-0.8408995979742077,-0.9270217867832783,27.095867156982422,27.38016128540039
0,12,12.104856133748973,24.60395921198447,33.22636710808505,18.37493721547649,11.68988033070502,0.20000000000000018,1.0,-0.26463475,-0.8279961943878824,-0.9460003783200365,27.061927795410156,27.406187057495117
0,13,11.588984995868776,22.49981040270465,34.32828671900883,19.877779596137803,11.705138286279942,0.30000000000000004,1.0,-0.61210639,-0.8688528632010071,-0.8832242881463431,27.169391632080078,27.320100784301758
1,5,17.616189498010012,32.188823982539475,25.46098664783669,12.890775452561304,11.84322441905251,-0.5,0.8947368421052632,-0.34250185,-0.41262320379168915,-0.8970580053632429,25.96938705444336,27.33907127380371
1,6,17.135101374075145,30.96113193043144,26.38128182953781,13.548573075814357,11.973911790141251,-0.3999999999999999,0.8947368421052632,-0.90812682,-0.5449922263411012,-0.9103214607604233,26.31755256652832,27.35725975036621
1,7,16.609586983428866,30.261044418007536,27.10183416048804,14.12571950442818,11.90181493364737,-0.29999999999999993,0.8947368421052632,-0.77705054,-0.5965500037708047,-0.8707870169465122,26.453163146972656,27.30304527282715
1,8,15.627202465566878,29.371383974611664,28.261241782439207,15.063371280446288,11.67680049693596,-0.19999999999999996,0.8947368421052632,-0.73985561,-0.6928258990468567,-0.9492091442178233,26.70639419555664,27.410587310791016
1,9,14.743006845940307,27.49352059189944,29.40509619968194,16.067329762815607,12.29104659966271,-0.09999999999999998,0.8947368421052632,-0.51036696,-0.6739421442535837,-0.937321271600405,26.65672492980957,27.394285202026367
1,10,14.981348281363076,25.479886930202987,30.409698094046245,17.404272503008663,11.72479419137903,0.0,0.8947368421052632,-0.04503111,-0.7819300138649588,-0.8575332977267417,26.94076156616211,27.284870147705078
1,11,13.187661288377592,24.63039336275716,31.28331283312833,18.643127607746667,12.25550490799026,0.10000000000000009,0.8947368421052632,-0.05130297,-0.8503831717688555,-0.8630258926683803,27.120811462402344,27.292402267456055
1,12,12.942907875161966,23.077999776046585,32.44965047270168,19.80188120870859,11.727560667381184,0.20000000000000018,0.8947368421052632,-0.36565116,-0.8557870249511246,-0.8922441610753191,27.135025024414062,27.332469940185547
1,13,12.284880054942189,22.549590544160584,33.387017097140834,20.0008835731699,11.777628730586493,0.30000000000000004,0.8947368421052632,-0.45327147,-0.8737375055836916,-0.9173565443802784,27.182239532470703,27.366907119750977
1,14,11.230548240363897,21.24610964807278,33.52246428856436,22.14508020110127,11.855797621897697,0.40000000000000013,0.8947368421052632,-0.26463475,-0.9218551488887728,-0.9231509608216221,27.308801651000977,27.374853134155273
1,15,10.709920676130146,20.5551073228793,33.556473323055044,23.078213495442668,12.10028518249283,0.5,0.8947368421052632,-0.65765574,-0.9482029215034489,-0.9410391004884779,27.378103256225586,27.399383544921875
2,4,18.889910824969007,32.261366817291155,23.96329027872196,12.848402447314752,12.037029631703124,-0.6,0.7894736842105263,-0.12947265,-0.4504131931754236,-0.7532880461995527,26.068784713745117,27.141916275024414
2,5,18.87897076361534,31.678572432430265,24.41746071900385,13.016033633286352,12.008962451664198,-0.5,0.7894736842105263,-0.17472747,-0.4606871856454167,-0.8788610897842463,26.095808029174805,27.314117431640625
2,6,17.951142884621554,30.184656814028788,25.51934728945597,14.36019299201744,11.984660019876255,-0.3999999999999999,0.7894736842105263,-0.82460029,-0.45143348590589233,-0.8335447474713756,26.071468353271484,27.25197410583496
2,7,16.93292660871243,29.1077378153422,26.30447276512457,15.08940305525748,12.565459755563326,-0.29999999999999993,0.7894736842105263,-0.62280197,-0.6432550456267367,-0.8862174672586263,26.57600975036621,27.32420539855957
2,8,16.405175672089488,27.596883016622304,27.294111024438884,15.89854524692202,12.805285039927302,-0.19999999999999996,0.7894736842105263,-0.57188856,-0.6586515312367659,-0.8326545826796186,26.616506576538086,27.25075340270996
2,9,16.1656138214476,26.331812482725187,27.81113679243393,17.322875649432586,12.368561253960689,-0.09999999999999998,0.7894736842105263,-0.70777559,-0.671704316701184,-0.8644014754481424,26.65083885192871,27.294288635253906
2,10,14.954111497418523,24.24221742237496,29.470616102327742,18.39153371178969,12.94152126608908,0.0,0.7894736842105263,-1.0,-0.7775000435092849,-0.8389942250559135,26.929109573364258,27.25944709777832
2,11,14.187381261873814,22.991300869913005,30.24337566243376,19.91800819918009,12.659934006599338,0.10000000000000009,0.7894736842105263,-0.83038932,-0.8478871891261596,-0.8613763060386554,27.114246368408203,27.29014015197754
2,12,13.32547878671299,22.678801139710743,30.833904390932005,21.09907548780341,12.062740194840844,0.20000000000000018,0.7894736842105263,-0.26463475,-0.8395022247747669,-0.9168711263922734,27.092191696166992,27.366241455078125
2,13,11.82426063272911,21.358518417495315,31.48362822451574,22.948163063926746,12.385429661333088,0.30000000000000004,0.7894736842105263,-0.52610299,-0.8836423942869408,-0.8952971481345484,27.20829200744629,27.33665657043457
2,14,11.270888144063624,20.340136871653797,32.580899636797575,23.365889405461253,12.442185942023764,0.40000000000000013,0.7894736842105263,-0.15799414,-0.8868504788921956,-0.9053560102814033,27.21673011779785,27.35045051574707
2,15,11.073447231038587,19.41270996058617,33.318276664294906,24.008058649057027,12.187507495023304,0.5,0.7894736842105263,-0.21803727,-0.8938170405564547,-0.865817393820031,27.23505401611328,27.29623031616211
2,16,11.051006486512362,19.46232955950757,33.25075596192664,24.073098925297398,12.162809066756026,0.6000000000000001,0.7894736842105263,-0.19661499,-0.9312168966857527,-0.9500937454796319,27.333425521850586,27.411800384521484
3,3,20.786606473431497,31.64053152966325,22.135769776827733,12.813661524718045,12.623430695359485,-0.7,0.6842105263157895,-0.25446434,-0.2889669155397762,-0.8132907166939279,25.64413833618164,27.224199295043945
3,4,19.760751785971134,31.34279458535104,23.1481037541353,13.17902862348372,12.569321251058795,-0.6,0.6842105263157895,-0.89196614,-0.4015326870754219,-0.8126258748650844,25.940216064453125,27.22328758239746
3,5,19.576704783739203,29.461714509384144,23.84640270960063,14.08521022970096,13.02996776757506,-0.5,0.6842105263157895,-0.08208986,-0.43750108773212204,-0.8168305126236495,26.034822463989258,27.229053497314453
3,6,18.73093642673584,29.079904892283302,24.25246775704301,14.800537983043927,13.136152940893917,-0.3999999999999999,0.6842105263157895,-0.85603618,-0.469436902835065,-0.7713820364745023,26.11882209777832,27.166728973388672
3,7,17.796967228573376,27.808965093836147,25.02136743562684,16.437877942787438,12.934822299176204,-0.29999999999999993,0.6842105263157895,-0.33309117,-0.4303909454277543,-0.8680024702072971,26.01612091064453,27.299226760864258
3,8,17.403098123337347,25.82735347502545,26.34089015707944,16.830802541926086,13.597855702631676,-0.19999999999999996,0.6842105263157895,-0.74928382,-0.6511831624868747,-0.829922889474914,26.59686279296875,27.247007369995117
3,9,16.3256931117307,25.1910055400659,26.510241276508427,19.00399512377642,12.969064947918552,-0.09999999999999998,0.6842105263157895,-0.72394323,-0.6329201401579096,-0.8518515427668547,26.548826217651367,27.27707862854004
3,10,15.81078969822976,23.65329070973893,27.901228633120617,19.721424365152807,12.913266593757886,0.0,0.6842105263157895,-0.34250185,-0.7195949865701341,-0.8464006742998298,26.776803970336914,27.269603729248047
3,11,14.604110518895776,22.73035815416253,28.95116298685389,20.68915656843568,13.02521177165212,0.10000000000000009,0.6842105263157895,-0.73985561,-0.7133528544991501,-0.8977381468994448,26.760385513305664,27.340003967285156
3,12,13.774166523027096,22.23821186770193,29.51372325798603,22.01894438943828,12.45495396184666,0.20000000000000018,0.6842105263157895,-0.65765574,-0.7973533302006648,-0.8885040780674522,26.9813289642334,27.327341079711914
3,13,12.741548545220123,21.16566008965388,29.742654249777463,23.405410368075877,12.94472674727266,0.30000000000000004,0.6842105263157895,-0.73669317,-0.813435812202324,-0.897046878303346,27.023630142211914,27.33905601501465
3,14,11.87505997505038,19.595848127179096,31.29418162044589,24.81167834180981,12.423231935514826,0.40000000000000013,0.6842105263157895,-0.64385853,-0.909716058406864,-0.8830490369529659,27.276872634887695,27.319860458374023
3,15,11.153405255568916,18.50672823060916,32.23279797733691,25.69668840843096,12.410380128054069,0.5,0.6842105263157895,-0.25446434,-0.905969183823828,-0.8975183874664797,27.267017364501953,27.339702606201172
3,16,10.177940207297349,17.88309068759611,32.32081161504204,27.51782397699359,12.100333513070918,0.6000000000000001,0.6842105263157895,-0.74928382,-0.9675529507997006,-0.8679941249123744,27.428998947143555,27.29921531677246
3,17,9.650928127560094,16.822986392790774,33.04413850980079,27.987691569924277,12.494255399924072,0.7000000000000002,0.6842105263157895,-0.77705054,-1.0,-0.9232594496556175,27.51434326171875,27.375001907348633
4,2,21.67014264123556,31.904661261958218,20.37133776503475,12.812588477842157,13.241269853929314,-0.8,0.5789473684210527,-0.2020134,-0.17709874287172883,-0.7826885202123043,25.349895477294922,27.182233810424805
4,3,21.36715580267739,30.10924614960287,21.568619613141514,13.526855845448477,13.428122589129748,-0.7,0.5789473684210527,-0.17472747,-0.3321005702616939,-0.8110319235348444,25.757591247558594,27.221101760864258
4,4,20.93718125637488,29.23701525969481,21.936361272774548,14.219715605687888,13.669726605467892,-0.6,0.5789473684210527,-0.31400202,-0.35015764864222026,-0.7899934350346608,25.805086135864258,27.192251205444336
4,5,19.71569346557388,28.159980227700355,23.00722326753197,15.648419810568615,13.468683228625189,-0.5,0.5789473684210527,-0.7831184,-0.3804662164905991,-0.7714460170689099,25.88480567932129,27.16681671142578
4,6,18.94954730166117,27.711476514643994,23.772980909247725,16.090146540277516,13.4758487341696,-0.3999999999999999,0.5789473684210527,-0.80703098,-0.449925889184752,-0.7677198428859142,26.067502975463867,27.161706924438477
4,7,18.38678907353669,26.09785841641143,24.741106250075468,17.17573381737979,13.598512442596626,-0.29999999999999993,0.5789473684210527,-0.80703098,-0.6560170440371975,-0.8176330518187179,26.609577178955078,27.230154037475586
4,8,17.88016510692238,25.02677572174108,25.01313715186548,18.604613847962035,13.47530817150903,-0.19999999999999996,0.5789473684210527,-0.83038932,-0.5688186358969004,-0.8317282549431964,26.38022232055664,27.249483108520508
4,9,17.061095915794223,23.9642455760144,25.919540461391588,19.601287417069152,13.453830629730632,-0.09999999999999998,0.5789473684210527,-0.54159711,-0.6184562035538383,-0.7956988349968288,26.51078224182129,27.200075149536133
4,10,15.723368709510703,23.11951378789518,26.39872116921672,20.52258987271788,14.235806460659528,0.0,0.5789473684210527,-0.72394323,-0.6756411818282021,-0.7831739382003093,26.66119384765625,27.182899475097656
4,11,14.544349064377544,22.36973687368497,27.06464955158924,22.42853828491884,13.592726225429413,0.10000000000000009,0.5789473684210527,-0.88378757,-0.6760146365234341,-0.8416229929565711,26.66217613220215,27.263051986694336
4,12,14.240063193422136,21.598665916643725,27.521852397081293,23.392337797565613,13.247080695287222,0.20000000000000018,0.5789473684210527,-0.74928382,-0.739726007530007,-0.8297114753368717,26.829753875732422,27.24671745300293
4,13,12.737074383397111,19.37854888331132,28.76216546225764,25.33049755194388,13.791713719090048,0.30000000000000004,0.5789473684210527,-0.6746408,-0.842033014845368,-0.8870547785158728,27.098848342895508,27.325353622436523
4,14,12.642637492372058,19.1916976105104,29.18958372387057,25.887134407294106,13.088946765952864,0.40000000000000013,0.5789473684210527,-0.87554209,-0.8256844010511843,-0.9322209055201344,27.05584716796875,27.387290954589844
4,15,11.27865646701476,18.12014377822569,30.0351431170382,27.49337810708032,13.072678530641031,0.5,0.5789473684210527,-0.97029652,-0.8982375839004043,-0.8919812842852534,27.246681213378906,27.332109451293945
4,16,10.301048379340196,17.049389246898137,30.480747651566155,29.094931230162548,13.073883492032955,0.6000000000000001,0.5789473684210527,-0.79813012,-0.9067066662025677,-0.9165220148880061,27.268957138061523,27.36576271057129
4,17,9.970789956888064,16.466107108848593,31.18081699727185,29.742413223671782,12.639872713319695,0.7000000000000002,0.5789473684210527,-0.65765574,-0.9286157666045934,-0.8687020840983187,27.326583862304688,27.300186157226562
4,18,10.170023794473725,16.230568852993635,31.244841511089994,29.688739295506423,12.665826545936218,0.8,0.5789473684210527,-0.31400202,-0.9250617831845316,-0.8558211213850964,27.317235946655273,27.282522201538086
5,1,23.976434535757985,30.61728688339609,19.00084332054496,12.721074699195878,13.684360561105107,-0.9,0.4736842105263158,-0.16360284,-0.03194016603143111,-0.7332788107398382,24.968090057373047,27.114477157592773
5,2,22.47617515782701,31.005669709276606,19.74184727974587,13.034299730588284,13.742008122562227,-0.8,0.4736842105263158,-0.24419026,-0.23468328141225336,-0.780582724126804,25.501358032226562,27.179346084594727
5,3,21.498778387471464,29.54419834181119,20.549525373493008,13.553891136299914,14.85360676092442,-0.7,0.4736842105263158,-0.22332244,-0.21902066400969966,-0.7115003727565066,25.460161209106445,27.084611892700195
5,4,21.40206036971345,27.65844147004536,21.51536869247,14.575934593471358,14.84819487429983,-0.6,0.4736842105263158,-0.87000739,-0.3572793934225564,-0.7309073560992979,25.82381820678711,27.111225128173828
5,5,20.86908475037737,27.48031086215802,22.400573357303298,15.489055361811682,13.760975668349635,-0.5,0.4736842105263158,-0.70123521,-0.40118171217737864,-0.7562381079547351,25.939292907714844,27.14596176147461
5,6,19.487257317906053,26.61045854484601,22.697989847391355,16.702678739031626,14.501615550824948,-0.3999999999999999,0.4736842105263158,-0.23901367,-0.44440383577855513,-0.7463350246464376,26.052978515625,27.132381439208984
5,7,19.25571457722332,25.14133900956664,23.35764671049209,17.872932929488535,14.37236677322941,-0.29999999999999993,0.4736842105263158,-0.91345664,-0.5631334226723983,-0.8023319535779061,26.36526870727539,27.209171295166016
5,8,18.059952335139062,23.838019313450356,24.186922901887836,19.652773064962336,14.26233238456042,-0.19999999999999996,0.4736842105263158,-0.35182548,-0.6369904337585641,-0.7582604510910083,26.559532165527344,27.14873504638672
5,9,16.924540063615876,22.88133561370139,24.56403944823618,20.811022489330757,14.819062385115805,-0.09999999999999998,0.4736842105263158,-0.72394323,-0.5742848523874995,-0.7493462852310534,26.39459991455078,27.136510848999023
5,10,16.85387864823349,21.83539746543779,25.91645865335381,20.94734062980031,14.4469246031746,0.0,0.4736842105263158,-0.69134436,-0.7209698799723862,-0.813349133758387,26.780420303344727,27.224279403686523
5,11,15.409440578992353,21.26766413969948,25.96518696628136,22.622880103528438,14.734828211498366,0.10000000000000009,0.4736842105263158,-0.82169326,-0.6613433056614282,-0.8138150793915724,26.623586654663086,27.224918365478516
5,12,14.792353328938695,20.29284273186712,26.50126845248797,24.450170791634207,13.963364695072014,0.20000000000000018,0.4736842105263158,-0.64037951,-0.7367905811100088,-0.8475801426489079,26.822032928466797,27.271221160888672
5,13,12.574505824637658,19.579251825692324,26.76496907908404,26.498505888556867,14.582767382029116,0.30000000000000004,0.4736842105263158,-0.79514561,-0.7683630936841922,-0.8162073972694195,26.90507698059082,27.228199005126953
5,14,12.351683868220048,17.909782396701125,28.25021792172332,27.422314388406164,14.066001424949354,0.40000000000000013,0.4736842105263158,-0.7831184,-0.8787265702500914,-0.8396604577672442,27.195362091064453,27.260360717773438
5,15,11.511952660830511,16.909129411576675,28.44665353465532,28.779881652076284,14.352382740861197,0.5,0.4736842105263158,-0.73985561,-0.871035578992557,-0.8689190617663095,27.175132751464844,27.30048370361328
5,16,11.000624489599849,17.03055195273094,29.385438183535896,29.29096411586684,13.29242125826648,0.6000000000000001,0.4736842105263158,-0.79514561,-0.8981425886284133,-0.8088732739148334,27.246431350708008,27.218141555786133
5,17,10.410543054016284,15.113076021137504,30.008512825454957,31.212354840264062,13.255513259127197,0.7000000000000002,0.4736842105263158,-0.81585392,-0.9452856239521514,-0.9308175050906299,27.37042999267578,27.385366439819336
5,18,8.783453623525077,14.091975936621354,30.285892804216697,33.073127358074935,13.76555027756194,0.8,0.4736842105263158,-0.08813597,-0.9314794027045371,-0.8951803140056303,27.334115982055664,27.336496353149414
5,19,8.77575602357809,14.43657885575026,30.25935100222895,32.93009408026635,13.59822003817634,0.9000000000000001,0.4736842105263158,-0.75552065,-0.9908456464609547,-0.8978661080882598,27.490264892578125,27.340179443359375
6,1,24.639012969163275,29.204190406175336,18.114876581191115,12.837314112655122,15.204605930815148,-0.9,0.368421052631579,-0.75552065,-0.10663183023257163,-0.6342104238297115,25.164548873901367,26.978622436523438
6,2,23.684620952487595,28.96293304433718,19.10333878533638,13.41872583089726,14.830381386941584,-0.8,0.368421052631579,-0.96273182,-0.3564715710332585,-0.6889583402877457,25.821693420410156,27.053699493408203
6,3,22.89559595442325,27.99417488157725,19.73058827294841,13.766643195493533,15.612997695557546,-0.7,0.368421052631579,-0.92927903,-0.14414408534781323,-0.6719631471776213,25.263216018676758,27.030393600463867
6,4,21.359300889870976,26.9794334714558,20.67761257247433,15.002337559587788,15.981315506611097,-0.6,0.368421052631579,-0.98277953,-0.3190514105710159,-0.7430970502164214,25.723268508911133,27.127941131591797
6,5,21.010264117158027,24.75858540640788,21.56663682292,16.601250239815823,16.06326341369828,-0.5,0.368421052631579,-0.85039302,-0.466690016649553,-0.6961839748083364,26.111597061157227,27.063608169555664
6,6,20.03445395281168,23.956688743310053,22.008561527485224,17.626674234278887,16.37362154211416,-0.3999999999999999,0.368421052631579,-0.23901367,-0.505337864100199,-0.6990380656719075,26.2132511138916,27.067522048950195
6,7,18.924425907244,24.4330846495233,22.396695203499387,18.60742382978384,15.63837040994948,-0.29999999999999993,0.368421052631579,-0.88924731,-0.5408283877779518,-0.7306695151940003,26.30660057067871,27.110898971557617
6,8,18.321652644518597,23.298583949296763,23.65219751273169,19.307061096122226,15.42050479733074,-0.19999999999999996,0.368421052631579,-0.45327147,-0.5858982056770915,-0.78277753669148,26.425146102905273,27.182355880737305
6,9,17.67251340819075,22.283098108907183,23.701616952097098,20.638253787365617,15.70451774343935,-0.09999999999999998,0.368421052631579,-0.1236702,-0.6280376732394694,-0.7717853923957673,26.53598403930664,27.167282104492188
6,10,16.374854093713527,21.140332070797303,24.31811143667072,22.82688963529384,15.339812763524622,0.0,0.368421052631579,-0.80110581,-0.656874902104109,-0.7655486753235192,26.611833572387695,27.158729553222656
6,11,15.909879097355928,20.158811781729465,24.85659503394283,23.82774661867234,15.24696746829943,0.10000000000000009,0.368421052631579,-0.74928382,-0.6885895450089049,-0.7634609607103515,26.69525146484375,27.155866622924805
6,12,14.222530362436649,19.528386089063147,25.11037263714896,25.9754231615186,15.16328774983265,0.20000000000000018,0.368421052631579,-0.77705054,-0.7025067149329667,-0.7803101111593284,26.731857299804688,27.178972244262695
6,13,13.56824061967196,17.88273447342588,26.275251672184307,27.38090033662272,14.892872898095122,0.30000000000000004,0.368421052631579,-0.78613869,-0.8319939725137344,-0.7836537926583659,27.07244300842285,27.183557510375977
6,14,12.597202489344248,17.472635223020433,26.282592600004,28.02913573329598,15.618433954335345,0.40000000000000013,0.368421052631579,-0.85039302,-0.8067469848065577,-0.8004695619276518,27.00603675842285,27.20661735534668
6,15,12.246957078795646,16.49783792440743,27.00152146060218,29.638452914798208,14.615230621396542,0.5,0.368421052631579,-0.97029652,-0.8303689007234144,-0.8064809560369863,27.06816864013672,27.214860916137695
6,16,10.977407273166603,16.055334058233658,27.693206073053844,30.729732995046515,14.544319600499374,0.6000000000000001,0.368421052631579,-0.74928382,-0.8719978593431839,-0.8049356855937956,27.177663803100586,27.21274185180664
6,17,10.33413876146328,15.13172971386529,28.268517141145583,31.82379215933808,14.441822224187773,0.7000000000000002,0.368421052631579,-0.70777559,-0.9174628865799962,-0.824631972493908,27.29724884033203,27.2397518157959
6,18,9.192247233149542,14.838058456947248,28.05231282366365,33.74081373730281,14.176567748936748,0.8,0.368421052631579,-0.65765574,-0.8277271619763658,-0.8547904774621402,27.061220169067383,27.281108856201172
6,19,8.972749694211064,14.7360189288364,28.28617834011751,34.144091756732365,13.860961280102666,0.9000000000000001,0.368421052631579,-0.73985561,-0.9202308022532009,-0.8872286388267628,27.304529190063477,27.325592041015625
7,0,25.93035787872064,28.87398167813104,17.001616635496244,12.731004532919137,15.46303927473294,-1.0,0.26315789473684215,-0.29454431,-0.0808003677984882,-0.5995997040202068,25.09660530090332,26.93115997314453
7,1,24.636552129151337,28.666738577209955,17.4950361749983,12.836031976221582,16.36564114241883,-0.9,0.26315789473684215,-0.9054513,-0.1669045174240183,-0.6162596944509352,25.323081970214844,26.95400619506836
7,2,24.322604655629853,27.108619358040105,18.93945760351513,13.31380481890104,16.315513563913868,-0.8,0.26315789473684215,-0.77705054,-0.2698605382388602,-0.6411481456754682,25.593883514404297,26.988136291503906
7,3,23.861857474290947,26.47490908507068,18.997005627493643,14.612618109130027,16.053609704014708,-0.7,0.26315789473684215,-0.97029652,-0.2689098603642017,-0.5623657798399929,25.59138298034668,26.88010025024414
7,4,22.123681111351463,25.081116158338745,19.57803574718998,15.952844473285747,17.264322509834088,-0.6,0.26315789473684215,-0.94485687,-0.34850212035248324,-0.6291434389291317,25.800731658935547,26.9716739654541
7,5,21.83611063115048,24.62198076853529,20.3497506660291,16.57538485029916,16.61677308398597,-0.5,0.26315789473684215,-0.7831184,-0.40108526659589155,-0.7054110892278933,25.93903923034668,27.076261520385742
7,6,20.850051003060184,23.88703322199332,20.96565793947637,17.755065303918236,16.542192531551894,-0.3999999999999999,0.26315789473684215,-0.83038932,-0.51466988055251,-0.6518009146443235,26.237796783447266,27.002744674682617
7,7,19.29287271947281,22.567934188940654,21.433082688847318,19.89465781665217,16.811452586087047,-0.29999999999999993,0.26315789473684215,-0.7831184,-0.5706663301948636,-0.631513502687185,26.385082244873047,26.974924087524414
7,8,18.89009500114889,22.066572114508475,21.63910656133873,20.406627102663045,16.997599220340863,-0.19999999999999996,0.26315789473684215,-0.7831184,-0.5381097826276128,-0.7592688408941706,26.299449920654297,27.150117874145508
7,9,17.03978325966063,21.532233788044422,22.9478587385332,21.870098388706687,16.610025825055057,-0.09999999999999998,0.26315789473684215,-0.75552065,-0.5900286871218318,-0.7532518832548876,26.436010360717773,27.14186668395996
7,10,16.972691725029545,19.87840956860381,23.414287867130923,23.02722895962055,16.707381879615163,0.0,0.26315789473684215,-0.72394323,-0.7078909889370392,-0.7366183195914143,26.74601936340332,27.119056701660156
7,11,16.351677628840232,19.51901233393199,23.670365656878023,24.602447756223462,15.8564966241263,0.10000000000000009,0.26315789473684215,-0.85039302,-0.6880652581260841,-0.8004473078078579,26.693872451782227,27.206586837768555
7,12,15.25041646621952,18.95348698518216,24.176510112475697,26.258244838403154,15.361341597719475,0.20000000000000018,0.26315789473684215,-0.73985561,-0.6905532640665518,-0.7900059529770449,26.700416564941406,27.19226837158203
7,13,13.768557335148756,17.736214124475975,24.649157380534355,27.768820093876528,16.077251065964386,0.30000000000000004,0.26315789473684215,-0.73985561,-0.7107364961682823,-0.8101598402154199,26.753503799438477,27.219905853271484
7,14,13.259468898657191,16.630738042191044,25.38688504847353,29.60197507075329,15.12093293992493,0.40000000000000013,0.26315789473684215,-0.81585392,-0.7771642968609501,-0.7946028195969779,26.928226470947266,27.198572158813477
7,15,12.207339036470056,16.475043416736344,25.15638065221586,31.01884607962951,15.14239081494822,0.5,0.26315789473684215,-0.94227722,-0.7643334087494271,-0.729985201010337,26.89447784423828,27.109960556030273
7,16,11.323122970901675,15.14134794485278,26.152688769003625,32.0733311609158,15.309509154326127,0.6000000000000001,0.26315789473684215,-0.64037951,-0.8635947661230907,-0.7746325288469028,27.155561447143555,27.171186447143555
7,17,10.0672679096286,14.684749524540925,26.493826068425896,34.23305335193621,14.52110314546836,0.7000000000000002,0.26315789473684215,-0.77400286,-0.8481366423594795,-0.8695741674177432,27.11490249633789,27.301382064819336
7,18,9.588459226607894,13.74153476257263,26.581446603887,34.916850330595075,15.17170907633741,0.8,0.26315789473684215,-0.36565116,-0.9296904459411638,-0.7552046822668046,27.329410552978516,27.14454460144043
7,19,8.741579304022004,11.891417865826922,26.970143899230678,37.45964045122972,14.937218479690678,0.9000000000000001,0.26315789473684215,-0.45327147,-0.9308361904430406,-0.8092543757163044,27.33242416381836,27.218664169311523
7,20,8.737713213350812,12.152712755148796,26.95821596057072,36.98885573011503,15.162502340814644,1.0,0.26315789473684215,-0.70777559,-0.9429564269015008,-0.7724154621624328,27.364303588867188,27.16814613342285
8,0,26.69658637329468,27.52467382886192,15.90047063963302,12.76088726492841,17.11738189328197,-1.0,0.1578947368421053,-0.0,-0.038164169233714476,-0.5683312748272524,24.984460830688477,26.888280868530273
8,1,25.3624839595601,27.08065992668369,16.799587445882253,13.52793734933979,17.229331318534154,-0.9,0.1578947368421053,-0.0,-0.14597510108657188,-0.620564475748573,25.26803207397461,26.959909439086914
8,2,25.22310436359706,25.782416693691417,17.53286009985146,13.662514863615073,17.799103979244986,-0.8,0.1578947368421053,-0.19118751,-0.20130440836074417,-0.5131188036185199,25.413562774658203,26.81256675720215
8,3,23.794809394963096,25.061640436126098,18.855168990858004,14.571558942666387,17.716822235386413,-0.7,0.1578947368421053,-0.32835267,-0.4022875731681141,-0.49661320114386176,25.942201614379883,26.789932250976562
8,4,22.68978354005873,24.7593106657467,18.89692078111712,15.975754561062883,17.67823045201457,-0.6,0.1578947368421053,-0.76171912,-0.2816457532037337,-0.6752623204370709,25.624881744384766,27.0349178314209
8,5,21.934316359254204,23.55018356667854,19.56776753291989,17.77013528283682,17.17759725831055,-0.5,0.1578947368421053,-0.72394323,-0.45079462457288383,-0.6371869123521492,26.069787979125977,26.982704162597656
8,6,20.766398929049533,22.280789825970547,20.353238350226302,19.27352266207688,17.32605023267674,-0.3999999999999999,0.1578947368421053,-0.81585392,-0.4673716621126949,-0.6268095381157437,26.11338996887207,26.968473434448242
8,7,20.134148371904956,21.46175740709908,20.776744444180164,20.080631734176908,17.546718042638883,-0.29999999999999993,0.1578947368421053,-0.82460029,-0.5039383154365141,-0.6734360917314818,26.209569931030273,27.032413482666016
8,8,19.15826930468654,20.65770859998177,21.293702275708213,21.427637392465552,17.462682427157922,-0.19999999999999996,0.1578947368421053,-0.85039302,-0.521695904906107,-0.6604619398916224,26.256277084350586,27.01462173461914
8,9,17.274089656345023,20.61376280649587,21.947496826796467,22.5089858006556,17.655664909707035,-0.09999999999999998,0.1578947368421053,-0.75552065,-0.5476245380764255,-0.7032107131332688,26.32447624206543,27.073244094848633
8,10,17.199297212593194,18.952704306947147,22.313895879829687,24.556009307184578,16.978093293445397,0.0,0.1578947368421053,-0.83038932,-0.6161422347528963,-0.716286399394688,26.504695892333984,27.091175079345703
8,11,16.000951587962415,18.81329051187502,22.35795567186075,25.508504817414057,17.319297410887753,0.10000000000000009,0.1578947368421053,-0.84186857,-0.6714374597539114,-0.7068353528947047,26.650136947631836,27.078214645385742
8,12,14.770167813977094,17.311962693906036,23.236605018557874,27.20632554008184,17.47493893347714,0.20000000000000018,0.1578947368421053,-0.80703098,-0.7961234677480175,-0.6903339230675078,26.97809410095215,27.055585861206055
8,13,14.26025952441831,16.72925722321657,23.676009971874205,28.890868703656352,16.44360457683457,0.30000000000000004,0.1578947368421053,-0.68135548,-0.7634690242897835,-0.7427994013641775,26.89220428466797,27.127532958984375
8,14,13.200067139306068,16.377994293158984,24.389951483858592,29.58325673591074,16.44873034776562,0.40000000000000013,0.1578947368421053,-0.91345664,-0.7781657355679702,-0.8313457622592383,26.93086051940918,27.248958587646484
8,15,12.51702096983484,15.073370392323342,24.53062172596639,31.47277445813242,16.40621245374301,0.5,0.1578947368421053,-0.54159711,-0.8133480684778132,-0.7356015844933294,27.023399353027344,27.11766242980957
8,16,11.198447199987168,14.914820577808436,25.006817562039817,33.22959944817851,15.650315211986076,0.6000000000000001,0.1578947368421053,-0.79813012,-0.8147135348683409,-0.7942996072147857,27.02699089050293,27.198156356811523
8,17,10.683079098655377,12.791010658171198,25.228489817891106,35.463628438395126,15.833791986887194,0.7000000000000002,0.1578947368421053,-0.76171912,-0.843064184897057,-0.7632898821644357,27.101560592651367,27.15563201904297
8,18,10.005725390899046,13.017200364489671,25.31993645622495,36.6263738922175,15.030763896168825,0.8,0.1578947368421053,-0.62634209,-0.866944981058958,-0.7968671762860099,27.16437339782715,27.201677322387695
8,19,8.756308694818884,12.000495112757935,25.956685619370084,38.09173960263209,15.194770970421006,0.9000000000000001,0.1578947368421053,-0.58301718,-0.8986835540704387,-0.800009179824415,27.247854232788086,27.20598602294922
8,20,8.774105785388494,11.93566455949428,26.00944226614388,38.05513323197568,15.22565415699768,1.0,0.1578947368421053,-0.70777559,-0.9281697964345591,-0.7669562484004852,27.325410842895508,27.160659790039062
9,0,27.68972276673201,26.207944953394403,15.308637036444376,12.85354242509101,17.940152818338202,-1.0,0.052631578947368474,-0.07600726,-0.0,-0.5295562528513091,24.884078979492188,26.835107803344727
9,1,26.68163412580685,25.01302970773363,16.75941145812453,13.566932606342464,17.978992101992546,-0.9,0.052631578947368474,-0.52610299,-0.18341774134600325,-0.4884111671173126,25.36651611328125,26.778684616088867
9,2,25.626881243329453,24.582778703825845,16.975060659479464,15.12189857175407,17.693380821611164,-0.8,0.052631578947368474,-0.26463475,-0.10329249261792467,-0.5280846991799357,25.155765533447266,26.83308982849121
9,3,25.241092498587708,24.013894620442077,18.16517290148362,15.156675067009092,17.423164912477514,-0.7,0.052631578947368474,-0.79813012,-0.3888736606391804,-0.4999388011705667,25.906919479370117,26.794492721557617
9,4,22.830675705015324,22.75347984464333,18.14022306387153,17.387161363471886,18.888460022997933,-0.6,0.052631578947368474,-0.83038932,-0.3376204482036467,-0.5342226635955981,25.772109985351562,26.841506958007812
9,5,22.960254181403997,21.99348560238195,18.914933157484565,17.51094059109166,18.620386467637832,-0.5,0.052631578947368474,-0.77705054,-0.4045681848506471,-0.5487420858786483,25.948200225830078,26.861417770385742
9,6,20.944882517242892,22.015914062468863,19.38614910767293,18.93430767453072,18.71874663808457,-0.3999999999999999,0.052631578947368474,-0.80703098,-0.45916653613881203,-0.6941741496144473,26.091808319091797,27.06085205078125
9,7,20.569444664626896,20.92653656525944,19.633316951758907,20.86669097480937,18.004010843545394,-0.29999999999999993,0.052631578947368474,-0.80703098,-0.48776954001984024,-0.5918385797420748,26.167041778564453,26.920516967773438
9,8,19.344556072728423,19.961463132270264,20.078421732890344,22.682039123643086,17.93351993846788,-0.19999999999999996,0.052631578947368474,-0.80703098,-0.5249678031291878,-0.6658057104071391,26.264883041381836,27.021949768066406
9,9,18.352946766555277,19.406211888433088,20.92790281451447,23.55591808289909,17.75702044759808,-0.09999999999999998,0.052631578947368474,-0.82169326,-0.6609147392053464,-0.6454696175629513,26.622459411621094,26.994062423706055
9,10,16.700623914887544,18.543035857268567,21.12550440387192,25.162717319782143,18.46811850418982,0.0,0.052631578947368474,-0.84186857,-0.6070531451411731,-0.6776115209578173,26.480789184570312,27.03813934326172
9,11,15.956096615912609,17.79067606625046,21.42148276721005,26.563840597187244,18.26790395343964,0.10000000000000009,0.052631578947368474,-0.85039302,-0.6576798238744148,-0.7232241212404447,26.613950729370117,27.100688934326172
9,12,15.539831558774267,16.93360944918056,22.065246227494644,27.166790074084048,18.29452269046648,0.20000000000000018,0.052631578947368474,-0.84186857,-0.6278614606356997,-0.6838816192097562,26.535520553588867,27.046737670898438
9,13,13.93322964689597,16.301576378585434,22.517989331699805,29.33185891749768,17.9153457253211,0.30000000000000004,0.052631578947368474,-0.65765574,-0.6419620947110113,-0.7220196170065983,26.572608947753906,27.099037170410156
9,14,13.022523458605754,15.754032322521857,23.41824256278274,30.038604792429307,17.766596863660343,0.40000000000000013,0.052631578947368474,-0.95765696,-0.7409014833765526,-0.7130831970268496,26.83284568786621,27.086782455444336
9,15,12.300727024469705,15.293464764665252,23.218869898152693,32.05734749853277,17.129590814179572,0.5,0.052631578947368474,-0.94227722,-0.7024429013151406,-0.7435588232021453,26.731689453125,27.12857437133789
9,16,11.849853971496517,13.326098405656012,23.203769610111877,34.424424264670684,17.195853748064923,0.6000000000000001,0.052631578947368474,-0.80703098,-0.8310984063999257,-0.7074737679562929,27.070087432861328,27.079090118408203
9,17,10.917829892055355,12.842008291110089,23.91364428333968,36.38475557246711,15.941761961027776,0.7000000000000002,0.052631578947368474,-0.75552065,-0.863012466860428,-0.7663971136406628,27.154029846191406,27.159893035888672
9,18,9.373690281841368,12.530585037380604,23.74277035576436,38.07911994922784,16.27383437578583,0.8,0.052631578947368474,-0.61210639,-0.7930234312002181,-0.7723473089205639,26.969940185546875,27.168052673339844
9,19,8.737121411325987,11.441127020932438,24.402983290703517,39.48437836158057,15.934389915457494,0.9000000000000001,0.052631578947368474,-0.32835267,-0.8434354641280449,-0.7269391683635433,27.102537155151367,27.105783462524414
9,20,8.776985327666115,11.493328210423522,24.514324136109312,39.208270297529,16.00709202827206,1.0,0.052631578947368474,-0.62986982,-0.877780243303921,-0.75176781164113,27.192873001098633,27.13983154296875
10,0,28.2036465079207,24.686260834910826,14.810002988940916,12.804622895287435,19.49546677294012,-1.0,-0.05263157894736836,-0.13524188,-0.06864532391212284,-0.47232839291873907,25.064634323120117,26.756629943847656
10,1,27.503721327721586,23.511167995377928,15.442206075293194,14.149069768374932,19.39383483323236,-0.9,-0.05263157894736836,-0.45327147,-0.26848999576509625,-0.39935157058450443,25.59027862548828,26.65655517578125
10,2,26.30199750813874,22.92431976206744,15.912945621156704,15.43346328523773,19.42727382339938,-0.8,-0.05263157894736836,-0.1236702,-0.19093324515451598,-0.5295938066784613,25.38628387451172,26.835159301757812
10,3,25.165035420764895,23.12467063314868,16.905419920107168,15.906156092733614,18.898717933245635,-0.7,-0.05263157894736836,-0.32835267,-0.2130272600172877,-0.5314548074462285,25.44439697265625,26.837711334228516
10,4,24.20712646802523,21.81951184413549,17.328493880063636,17.400446103787086,19.24442170398855,-0.6,-0.05263157894736836,-0.77705054,-0.33586049763019427,-0.4691349267283106,25.767480850219727,26.75225067138672
10,5,22.34919213284127,21.646681567194317,18.128131209941508,18.316453621108103,19.559541468914805,-0.5,-0.05263157894736836,-0.78613869,-0.3676505566287846,-0.5966913687396379,25.851097106933594,26.92717170715332
10,6,21.855913575272567,20.352337145797843,18.52801902109954,19.980532096110807,19.283198161719238,-0.3999999999999999,-0.05263157894736836,-0.23901367,-0.4313619276353574,-0.6397767355431674,26.018674850463867,26.986255645751953
10,7,20.70151986743181,20.529481789670594,18.45553310052165,21.27339816730011,19.040067075075832,-0.29999999999999993,-0.05263157894736836,-0.73985561,-0.42338159963336175,-0.6458409831870124,25.997684478759766,26.994571685791016
10,8,19.442516174329725,19.440929483492464,19.475043336493496,22.46754225556036,19.17396875012396,-0.19999999999999996,-0.05263157894736836,-0.85039302,-0.5256516240565736,-0.6113011983843509,26.266681671142578,26.947206497192383
10,9,18.34408517038034,18.426010210947084,19.69327581430324,24.559702378596587,18.976926425772746,-0.09999999999999998,-0.05263157894736836,-0.87277854,-0.5839410130121768,-0.6784641319224222,26.419998168945312,27.039308547973633
10,10,17.580257092233722,18.100704367714037,20.07388527962645,25.16221861956612,19.082934640859676,0.0,-0.05263157894736836,-0.77705054,-0.5501712815514831,-0.6357334401531084,26.331174850463867,26.980710983276367
10,11,16.461882322115517,16.446796431789938,20.89475209515227,27.237971979943705,18.95859717099857,0.10000000000000009,-0.05263157894736836,-0.54159711,-0.6977562261786665,-0.5591305871749508,26.719362258911133,26.87566375732422
10,12,15.599561180361231,15.84639722716866,21.095936148562707,28.630596540320536,18.827508903586875,0.20000000000000018,-0.05263157894736836,-0.87277854,-0.6650981569466924,-0.6604202134170089,26.63346290588379,27.014564514160156
10,13,14.427153613375598,15.826832637352982,21.629552150619197,29.438771029119387,18.677690569532828,0.30000000000000004,-0.05263157894736836,-0.31400202,-0.698331999048597,-0.6424527934483871,26.720876693725586,26.989925384521484
10,14,13.85947797001613,14.45397893563223,21.837657037051788,31.06496505863381,18.78392099866606,0.40000000000000013,-0.05263157894736836,-0.95765696,-0.7990066830261577,-0.70764901914967,26.98567771911621,27.079330444335938
10,15,12.649902825057168,13.863093076434977,22.32709045849812,32.953679278790325,18.20623436121942,0.5,-0.05263157894736836,-0.61210639,-0.7355056068965117,-0.6238970301877135,26.818653106689453,26.964479446411133
10,16,11.514022874589385,13.971322841820054,22.004603690945277,34.82140716289553,17.688643429749753,0.6000000000000001,-0.05263157894736836,-0.84186857,-0.7095182361916033,-0.7543312080648931,26.75029945373535,27.143346786499023
10,17,10.903592529331055,12.557652075474715,22.73321839586225,36.56531635138865,17.240220647943328,0.7000000000000002,-0.05263157894736836,-0.70777559,-0.7884020199910661,-0.6396515561193266,26.95778465270996,26.986083984375
10,18,9.921280619200491,11.659183861127657,23.1624481767408,38.0263783887514,17.230708954179644,0.8,-0.05263157894736836,-0.69134436,-0.8690972403510909,-0.640696108867154,27.170034408569336,26.987516403198242
10,19,8.77744201404871,10.601372851167724,23.45414156777202,40.693229802477546,16.47381376453401,0.9000000000000001,-0.05263157894736836,-0.32835267,-0.8466341217215754,-0.6231195268774132,27.110950469970703,26.96341323852539
10,20,8.763972201463458,10.852459147420962,23.418148975538404,40.51688653193675,16.448533143640425,1.0,-0.05263157894736836,-0.32835267,-0.8121087790134415,-0.6041896162277042,27.020139694213867,26.937454223632812
11,0,29.034822195636995,23.345805198037688,14.12037222895774,13.470818245321045,20.02818213204653,-1.0,-0.1578947368421053,-0.55306336,-0.015085394223127215,-0.3766621045721089,24.923757553100586,26.62544059753418
11,1,29.43355511598633,23.14931367260085,14.232052588463306,13.63663609662531,19.5484425263242,-0.9,-0.1578947368421053,-0.56063569,-0.3038180847792919,-0.3021970379766554,25.68320083618164,26.523324966430664
11,2,28.35654640744956,22.318208773420096,14.624637379193178,14.244386389498825,20.456221050438348,-0.8,-0.1578947368421053,-0.08813597,-0.21616718007622826,-0.42814005630292307,25.452655792236328,26.696033477783203
11,3,25.932390667285866,22.20963376943648,15.585216263391358,15.601229842906784,20.67152945697952,-0.7,-0.1578947368421053,-0.74928382,-0.17406469540599964,-0.41260111715681363,25.341915130615234,26.674724578857422
11,4,25.87024937297315,21.265795485406645,16.077447801012827,16.47443168202949,20.31207565857789,-0.6,-0.1578947368421053,-0.76171912,-0.35381025310801323,-0.46698879505068375,25.814693450927734,26.74930763244629
11,5,24.024266451391167,21.190782585064454,16.529721607212792,17.852147293203632,20.403082063127943,-0.5,-0.1578947368421053,-0.23381036,-0.23744539584747384,-0.509331430606091,25.508623123168945,26.807373046875
11,6,23.287600145303003,20.810263820750382,17.03997030070536,18.172854685023808,20.68931104821744,-0.3999999999999999,-0.1578947368421053,-0.68469612,-0.36054113947916483,-0.5096068253385408,25.8323974609375,26.807750701904297
11,7,22.03409439991702,19.81951431637656,17.647223097699246,20.20889103436169,20.29027715164548,-0.29999999999999993,-0.1578947368421053,-0.74928382,-0.3761058609907354,-0.5218660635800203,25.873336791992188,26.824562072753906
11,8,21.154870245996104,19.211143345388063,17.31550292095537,21.48988594364741,20.828597544013032,-0.19999999999999996,-0.1578947368421053,-0.31400202,-0.370472133753343,-0.5575783623193243,25.858518600463867,26.87353515625
11,9,20.03915259207596,17.91944393808501,18.49246669255705,23.01007347055233,20.53886330672965,-0.09999999999999998,-0.1578947368421053,-0.82169326,-0.5628491620111732,-0.5305785514793426,26.364521026611328,26.836509704589844
11,10,18.941046083443567,17.51973273906705,18.273688224708927,25.21659337647325,20.048939576307205,0.0,-0.1578947368421053,-0.73985561,-0.5819258079674202,-0.5691032146076043,26.414697647094727,26.889339447021484
11,11,17.618530010474515,16.286883139983,19.31856360797644,26.44321034012529,20.33281290144074,0.10000000000000009,-0.1578947368421053,-0.88924731,-0.5803000110223522,-0.6561251682967809,26.41042137145996,27.00867462158203
11,12,16.730333955446135,15.211055076837548,19.93447960926021,27.697256085454477,20.42687527300163,0.20000000000000018,-0.1578947368421053,-0.92927903,-0.6732532472429616,-0.6609751755293699,26.6549129486084,27.01532554626465
11,13,16.093026594408357,14.91982597391204,19.754592908955328,28.951177786550865,20.281376736173424,0.30000000000000004,-0.1578947368421053,-0.7831184,-0.7231003846220784,-0.6031867899544904,26.78602409362793,26.936079025268555
11,14,14.759979908632111,15.359133200985434,20.452534143366258,29.85003228969839,19.5783204573178,0.40000000000000013,-0.1578947368421053,-0.83038932,-0.7013341397054131,-0.6687766353996284,26.72877311706543,27.026023864746094
11,15,14.137039042290803,14.110569692594597,20.310413282800937,31.74517235156109,19.69680563075257,0.5,-0.1578947368421053,-0.95765696,-0.6397895310859337,-0.6268749095926384,26.56689453125,26.968563079833984
11,16,12.77653472519643,13.27967082010783,20.978413580271624,33.85061220895558,19.11476866546853,0.6000000000000001,-0.1578947368421053,-0.77705054,-0.7280655191817934,-0.6387530460326468,26.799083709716797,26.984851837158203
11,17,11.873066129380444,12.995610563430956,20.952163936261226,35.631191384231606,18.54796798669577,0.7000000000000002,-0.1578947368421053,-0.839011,-0.7541515109324329,-0.6187855370475459,26.86769676208496,26.957469940185547
11,18,10.737239167257307,12.213639585310478,21.606621577790328,37.17429693788067,18.26820273176123,0.8,-0.1578947368421053,-0.7142738,-0.7676654948165939,-0.6609334490547563,26.903242111206055,27.015268325805664
11,19,9.738049193690165,10.850421135066885,21.47109591011523,39.71215777781329,18.22827598331442,0.9000000000000001,-0.1578947368421053,-0.54159711,-0.7881271863415653,-0.630289526098519,26.957061767578125,26.97324562072754
11,20,8.7549803182613,10.574243670304927,21.982466085928955,40.47531598572376,18.212993939781068,1.0,-0.1578947368421053,-0.62986982,-0.7585133167417927,-0.6656972215731437,26.879169464111328,27.021800994873047
12,0,29.908521906596054,21.811105761515,13.757422564596371,13.80597014925373,20.716979618038835,-1.0,-0.26315789473684204,-0.0,-0.18613344587735023,-0.22226441232433153,25.373659133911133,26.413711547851562
12,1,29.677750098124815,21.86180822005591,13.998606227120897,13.781530106295206,20.68030534840317,-0.9,-0.26315789473684204,-0.52219196,-0.09238326458866322,-0.3600730491482236,25.127071380615234,26.602691650390625
12,2,29.183976201804857,21.646681567194317,13.798315094181197,13.87228461873708,21.49874251808255,-0.8,-0.26315789473684204,-0.22332244,-0.18737781142495807,-0.3334738124645325,25.37693214416504,26.56621551513672
12,3,27.383962705080112,21.00355931594022,14.756979814564032,15.45366297951895,21.401835184896672,-0.7,-0.26315789473684204,-0.25446434,-0.2862490355441851,-0.41381953021553114,25.63698959350586,26.676395416259766
12,4,26.144996091479427,20.361989136317167,15.251648593934778,16.76454671183179,21.47681946643683,-0.6,-0.26315789473684204,-0.69134436,-0.3274349246129124,-0.433717495076276,25.745319366455078,26.70368194580078
12,5,24.8432100345578,20.137911173684884,14.95224305644439,18.09484193011648,21.97179380519647,-0.5,-0.26315789473684204,-0.58301718,-0.20644865614322097,-0.4217614692169888,25.427093505859375,26.687286376953125
12,6,22.94516703286129,19.650217311115743,15.874536910814236,19.738424775070964,21.79165397013776,-0.3999999999999999,-0.26315789473684204,-0.48222347,-0.2764601716006196,-0.4958203981262031,25.611242294311523,26.78884506225586
12,7,22.0954468897148,18.804133444817385,16.635395121638975,20.721232512271914,21.74379203155692,-0.29999999999999993,-0.26315789473684204,-0.81585392,-0.34175383026737904,-0.4828198195190885,25.782981872558594,26.77101707458496
12,8,20.933829302919506,17.578499877065106,17.015775322604952,22.687436054027906,21.78445944338253,-0.19999999999999996,-0.26315789473684204,-0.73985561,-0.5081376865823166,-0.5774193009980972,26.22061538696289,26.90074348449707
12,9,20.260383982969397,17.339603307623264,17.217275261932944,23.2880031138048,21.894734333669604,-0.09999999999999998,-0.26315789473684204,-0.75552065,-0.47333460960568985,-0.5799409709472466,26.129074096679688,26.90420150756836
12,10,19.35936960636107,17.41081525038388,17.726250133911037,24.16945400007142,21.3341110092726,0.0,-0.26315789473684204,-0.77705054,-0.5015315268278251,-0.5803053821588722,26.20323944091797,26.904701232910156
12,11,17.784800578057634,15.916435734760478,18.26360380819285,25.994727606222057,22.04043227276697,0.10000000000000009,-0.26315789473684204,-0.92927903,-0.5100426681053737,-0.5482983943652568,26.22562599182129,26.860809326171875
12,12,16.74516209803384,15.579057816356462,18.81028747212916,27.49526046572631,21.37023214775424,0.20000000000000018,-0.26315789473684204,-0.80703098,-0.5607483887061498,-0.5836893992500362,26.35899543762207,26.90934181213379
12,13,16.201084043123476,14.325252645581433,19.407548593324996,28.71523021025672,21.350884507713385,0.30000000000000004,-0.26315789473684204,-0.7831184,-0.6746941297272838,-0.5575060364299941,26.658702850341797,26.873435974121094
12,14,14.16811455275298,14.14215245741218,19.60976973618517,31.843508477622677,20.236454776027003,0.40000000000000013,-0.26315789473684204,-0.81585392,-0.6619901436966649,-0.6442748495065149,26.625288009643555,26.99242401123047
12,15,13.613485851896453,13.763596227172387,20.06020469596629,32.227573750752555,20.335139474212323,0.5,-0.26315789473684204,-0.95255641,-0.7411262813484397,-0.6281489579508407,26.833436965942383,26.97031021118164
12,16,12.951816872098606,13.455658716183766,20.001600768368817,33.159916760044815,20.431006883303983,0.6000000000000001,-0.26315789473684204,-0.7831184,-0.7265535715321649,-0.6322729245251527,26.795106887817383,26.97596549987793
12,17,11.334958245095295,12.276341551124784,20.235345826507373,36.29679945658689,19.85655492068566,0.7000000000000002,-0.26315789473684204,-0.76787971,-0.6994980478834183,-0.6756531584159517,26.72394371032715,27.03545379638672
12,18,10.467029337944782,11.406131786576358,20.36082990076577,38.4167357183173,19.34927325639578,0.8,-0.26315789473684204,-0.55306336,-0.7677365599819002,-0.5771174794983921,26.90342903137207,26.90032958984375
12,19,9.581893393026617,11.053135298993675,20.368331057460125,40.02867199794971,18.967968252569868,0.9000000000000001,-0.26315789473684204,-0.58301718,-0.795831230384564,-0.6360978513647338,26.977325439453125,26.981210708618164
12,20,8.814060697649182,9.838951476445596,21.15374567435804,41.77937115917157,18.413870992375617,1.0,-0.26315789473684204,-0.58301718,-0.7842483335943891,-0.6303020440409031,26.94685935974121,26.973262786865234
13,0,30.095436265781,21.039194894059744,12.571177047277963,13.769232308277148,22.524959484604143,-1.0,-0.36842105263157876,-0.26463475,-0.19503689587357942,-0.26091147311145974,25.397077560424805,26.46670913696289
13,1,30.120988573968845,21.235677411861765,12.670359201098952,13.895063137532892,22.07791167553756,-0.9,-0.36842105263157876,-0.50639425,-0.15274949674260488,-0.2647322273035796,25.285850524902344,26.471948623657227
13,2,29.23868848518838,20.257976645903017,13.293007791375407,14.583291605744384,22.62703547178881,-0.8,-0.36842105263157876,-0.72394323,-0.21063569965830709,-0.3483340009569271,25.438106536865234,26.586593627929688
13,3,28.233168734192464,20.033722750812963,13.676984222570155,15.301698181380225,22.7544261110442,-0.7,-0.36842105263157876,-0.7831184,-0.2119097965505839,-0.3361039712476772,25.441457748413086,26.569822311401367
13,4,26.588260759767675,18.93045684668759,14.276208457095214,17.563163654292484,22.64191028215704,-0.6,-0.36842105263157876,-0.58301718,-0.3389242764405924,-0.35028401820387,25.77553939819336,26.58926773071289
13,5,25.415112706354588,18.91832344540542,14.532650191682928,18.35108620323598,22.782827453321108,-0.5,-0.36842105263157876,-0.76480412,-0.33010929532362204,-0.3911564909703909,25.75235366821289,26.64531707763672
13,6,23.73289034941295,18.27791341702297,15.036381261136608,19.686907974917244,23.26590699751022,-0.3999999999999999,-0.36842105263157876,-0.57188856,-0.38783016295677497,-0.3664196459369541,25.9041748046875,26.61139488220215
13,7,22.60997985408256,17.252048703357385,15.800499233491989,21.3578829931536,22.97958921591447,-0.29999999999999993,-0.36842105263157876,-0.76787971,-0.4624804933372782,-0.46582601729145107,26.10052490234375,26.747713088989258
13,8,21.223695646973457,16.873061312366932,16.490706260416086,22.58247147288429,22.83006530735924,-0.19999999999999996,-0.36842105263157876,-0.80703098,-0.40446013679319165,-0.3567724850062868,25.94791603088379,26.59816551208496
13,9,20.374612264376047,16.829714467509742,16.448341684562156,23.88451443569554,22.46281714785652,-0.09999999999999998,-0.36842105263157876,-0.85603618,-0.4998397408006869,-0.4208963403099999,26.198789596557617,26.686100006103516
13,10,19.242985074626866,15.77870646766169,16.989850746268658,24.81194029850746,23.17651741293533,0.0,-0.36842105263157876,-0.86444213,-0.5907900996072561,-0.49191201833739473,26.438013076782227,26.783485412597656
13,11,18.16793528836288,15.322484430551908,17.327622547265104,26.718604595671568,22.463353138148523,0.10000000000000009,-0.36842105263157876,-0.95765696,-0.6139834490680312,-0.49724327091052734,26.4990177154541,26.790796279907227
13,12,17.18119733216183,14.67510683333999,17.401254043691843,28.88094572466952,21.861496066136823,0.20000000000000018,-0.36842105263157876,-0.73985561,-0.5529957592950335,-0.5916716738436203,26.338603973388672,26.9202880859375
13,13,15.747767589954751,15.01719693886508,18.09030188408226,29.53604175145436,21.608691835643544,0.30000000000000004,-0.36842105263157876,-0.58301718,-0.5758221804533087,-0.6009697232700204,26.398643493652344,26.93303871154785
13,14,15.079996959355382,13.184395091759452,18.581539286328702,31.09859290169516,22.0554757608613,0.40000000000000013,-0.36842105263157876,-0.84471807,-0.6495624416250427,-0.5381727698590202,26.592599868774414,26.846923828125
13,15,13.40955341548224,12.486580031086255,18.251157722691367,33.535901421314925,22.316807409425227,0.5,-0.36842105263157876,-0.94227722,-0.663680479414307,-0.5934019316575981,26.62973403930664,26.92266082763672
13,16,12.674637130632972,12.106841537046664,18.83601903314807,34.72749810068375,21.65500419848854,0.6000000000000001,-0.36842105263157876,-0.90812682,-0.6473557957268081,-0.5924686495087403,26.586795806884766,26.9213809967041
13,17,11.720402538298828,11.772482533170953,19.580074995192614,36.16354720851228,20.763492724825333,0.7000000000000002,-0.36842105263157876,-0.68469612,-0.7190902788655099,-0.5660989084354241,26.775476455688477,26.88521957397461
13,18,10.745371483529697,10.793059228981324,19.32034944297508,38.91560471267132,20.225615131842588,0.8,-0.36842105263157876,-0.65078074,-0.7450000580123799,-0.5251930544892123,26.843626022338867,26.829124450683594
13,19,9.222898728248731,10.95979792885078,19.476168173794,39.671674412460526,20.66946075664597,0.9000000000000001,-0.36842105263157876,-0.54925575,-0.7084573347952453,-0.5887369117957962,26.747509002685547,26.916263580322266
13,20,8.834684672109246,10.118888565400676,20.81447241952788,39.63882762553891,20.5931267174233,1.0,-0.36842105263157876,-0.54925575,-0.8249846267193419,-0.5785361796352549,27.054006576538086,26.90227508544922
14,1,30.6555486134474,19.986062382851927,12.228256516236526,14.352141106358438,22.77799138110572,-0.9,-0.4736842105263157,-0.44060427,-0.041610104596320856,-0.16021019016145363,24.9935245513916,26.328615188598633
14,2,29.46536374905421,19.72487402804385,12.643881707101116,14.65178614549962,23.51409437030121,-0.8,-0.4736842105263157,-0.13524188,-0.18123067462596518,-0.1874965227937822,25.360763549804688,26.36603355407715
14,3,29.10606747523541,18.858000296894243,13.047699671410289,16.092470521209883,22.89576203525017,-0.7,-0.4736842105263157,-0.82169326,-0.1339440586621185,-0.24004962668714044,25.236387252807617,26.438100814819336
14,4,26.884969602118822,18.05654206545075,14.203334737855895,16.553301631252634,24.301851963321894,-0.6,-0.4736842105263157,-0.58301718,-0.3139550230019086,-0.30277703597378464,25.709863662719727,26.524120330810547
14,5,25.584909299877037,18.351001840525317,14.134671799776566,18.294741241430305,23.634675818390782,-0.5,-0.4736842105263157,-0.76480412,-0.19097965505838946,-0.3613971692759622,25.38640594482422,26.604507446289062
14,6,24.487249224074485,17.729098006591364,14.333024029693147,19.462131635363004,23.988497104277982,-0.3999999999999999,-0.4736842105263157,-0.54159711,-0.43172885593785715,-0.4045771160886159,26.01963996887207,26.663721084594727
14,7,22.969756567460724,16.628067992534472,15.004515442814428,21.24666358947601,24.150996407714384,-0.29999999999999993,-0.4736842105263157,-0.51036696,-0.4756768594418049,-0.38527862157981996,26.135234832763672,26.637256622314453
14,8,21.57317942026433,16.760460778584523,15.139810597267031,22.44254276771348,24.08400643617064,-0.19999999999999996,-0.4736842105263157,-0.82460029,-0.371816570656178,-0.46452276040101925,25.8620548248291,26.745925903320312
14,9,20.44306474395295,15.640536593540766,15.533600938480078,24.76079132384745,23.62200640017876,-0.09999999999999998,-0.4736842105263157,-0.79813012,-0.46036594209204246,-0.445763928297226,26.09496307373047,26.72020149230957
14,10,19.57107662084084,15.29541888109375,16.338778394911376,25.23348812694407,23.561237976209966,0.0,-0.4736842105263157,-0.79813012,-0.4813040602864651,-0.4665284129474469,26.150035858154297,26.748676300048828
14,11,18.56967415748258,14.29568254677108,16.668128678288333,27.01598111612625,23.45053350133176,0.10000000000000009,-0.4736842105263157,-0.35182548,-0.5080803993572228,-0.5023839725829244,26.2204647064209,26.7978458404541
14,12,17.27634480774763,13.611484002940518,16.878016428548598,28.89179211813213,23.342362642631127,0.20000000000000018,-0.4736842105263157,-0.57188856,-0.5714110641210834,-0.4568534343670372,26.387041091918945,26.735408782958984
14,13,15.943857055628758,14.133753253848376,16.88144744030594,30.19450782530449,22.846434424912427,0.30000000000000004,-0.4736842105263157,-0.79514561,-0.598373042807335,-0.4905976343870659,26.457958221435547,26.78168296813965
14,14,15.390603057416843,12.506520081852102,17.48224531557196,31.645468041568027,22.97516350359105,0.40000000000000013,-0.4736842105263157,-0.7831184,-0.6128398800303985,-0.5066567635833583,26.496009826660156,26.8037052154541
14,15,13.59411635037374,12.850243482094548,17.551552073104745,33.20975531552474,22.79433277890223,0.5,-0.4736842105263157,-0.94227722,-0.6191363987074842,-0.5221998753769291,26.512571334838867,26.82501983642578
14,16,12.658187408901226,12.09112872631432,17.752530798873874,35.25148253898529,22.246670526925307,0.6000000000000001,-0.4736842105263157,-0.86164793,-0.6693830963527617,-0.5385024090084677,26.644733428955078,26.847375869750977
14,17,11.769262095454074,11.198326319740003,18.19009366540768,37.06491100588503,21.77740691351321,0.7000000000000002,-0.4736842105263157,-0.82169326,-0.67145268800362,-0.5843556319613669,26.650177001953125,26.910255432128906
14,18,10.524383283910904,10.571078499846344,17.918590682508455,38.98451873994755,22.00142879378674,0.8,-0.4736842105263157,-0.35182548,-0.6530156285351294,-0.5572542866998254,26.601682662963867,26.873090744018555
14,19,9.28300350776377,9.769062241856124,19.06323951362202,40.11780339762238,21.76689133913571,0.9000000000000001,-0.4736842105263157,-0.54159711,-0.7515793870411945,-0.5376442345139144,26.860931396484375,26.84619903564453
15,1,31.30401321169171,18.21497859513541,12.061280443810228,13.678670493354073,24.741057256008595,-0.9,-0.5789473684210527,-0.28962062,-0.31234808008028914,-0.18476343870659057,25.705636978149414,26.362285614013672
15,2,31.04427106303475,18.04039804665261,12.418510291959684,14.138915395039652,24.35790520331331,-0.8,-0.5789473684210527,-0.16360284,-0.17451066557603392,-0.11792179902304414,25.343088150024414,26.2706241607666
15,3,28.95380538129877,17.834909984747245,13.019284121525596,15.715137855246986,24.4768626571814,-0.7,-0.5789473684210527,-0.12947265,-0.2955578470445593,-0.18790126959753425,25.661474227905273,26.366588592529297
15,4,27.728103067012796,16.95349806108387,13.382126718584756,17.209883665032212,24.726388488286386,-0.6,-0.5789473684210527,-0.21803727,-0.42184862249604066,-0.25262459525319625,25.99365234375,26.455345153808594
15,5,26.134414720543685,17.494269823206015,13.20865857763388,18.585006972382956,24.57764990623347,-0.5,-0.5789473684210527,-0.72394323,-0.19087305731043006,-0.3019313794216154,25.386125564575195,26.522960662841797
15,6,24.8639950041432,16.762540681406048,13.637728326267878,19.250861665205537,25.484874322977337,-0.3999999999999999,-0.5789473684210527,-0.73033836,-0.31939948485006703,-0.23726925259538673,25.724184036254883,26.434288024902344
15,7,22.974945511987364,16.121653236288015,14.242866569354742,21.511267521145346,25.14926716122453,-0.29999999999999993,-0.5789473684210527,-0.70451071,-0.3697078206489265,-0.2362733807346085,25.856508255004883,26.43292236328125
15,8,21.49051630987364,15.80708057049669,14.553088329698284,23.15200618822244,24.997308601708937,-0.19999999999999996,-0.5789473684210527,-0.73985561,-0.3939062345904616,-0.4279272512823937,25.920156478881836,26.695741653442383
15,9,20.799878685332104,15.286446278353312,14.918112599166763,23.512698133988863,25.48286430315897,-0.09999999999999998,-0.5789473684210527,-0.70777559,-0.28499089205636485,-0.36560180703452727,25.63368034362793,26.610273361206055
15,10,19.99776579106955,14.304123711340203,15.090884427563758,25.440059366123013,25.167166703903483,0.0,-0.5789473684210527,-0.73985561,-0.4889856245322752,-0.3975976677682456,26.17024040222168,26.654150009155273
15,11,18.532364665757715,13.800314270520548,15.74231416656338,27.09083857450731,24.83416832265107,0.10000000000000009,-0.5789473684210527,-0.77705054,-0.5532749438730225,-0.43271884145052353,26.339338302612305,26.702312469482422
15,12,16.977184178037163,13.834998156135258,15.693293142426526,28.986756241081306,24.507768282319734,0.20000000000000018,-0.5789473684210527,-0.48222347,-0.5227060454701034,-0.472315874976355,26.258934020996094,26.75661277770996
15,13,16.395028176331884,12.546660804923864,16.35386275528556,30.268574397506093,24.4358738659526,0.30000000000000004,-0.5789473684210527,-0.82169326,-0.6160813217540623,-0.45773525386387154,26.504535675048828,26.736618041992188
15,14,15.02459992541832,11.604267996840305,16.850648178963958,32.082152122570584,24.43833177620684,0.40000000000000013,-0.5789473684210527,-0.70451071,-0.7160315761383479,-0.5396345873529838,26.767431259155273,26.848928451538086
15,15,14.048681883264551,13.216862589388487,16.677295023121687,32.54683495566171,23.510325548563564,0.5,-0.5789473684210527,-0.92927903,-0.5337298479495525,-0.5502664930845322,26.28792953491211,26.863508224487305
15,16,12.882874938876284,11.59947734214049,16.755112347391123,35.267381179507325,23.495154192084776,0.6000000000000001,-0.5789473684210527,-0.84471807,-0.6280768315958626,-0.504007132445394,26.536087036132812,26.800071716308594
15,17,11.711769415532428,10.692554043234589,17.353883106485192,37.16373098478783,23.07806244995997,0.7000000000000002,-0.5789473684210527,-0.7831184,-0.6659690677990683,-0.5636871182027573,26.635753631591797,26.881912231445312
15,18,10.6168403401605,10.396853914640475,17.130993731784248,39.22625464127441,22.629057372140377,0.8,-0.5789473684210527,-0.36565116,-0.6180472162759533,-0.5535128128094714,26.509706497192383,26.86795997619629
15,19,9.449817030877536,9.7583531981727,17.89709083081535,40.30104200715932,22.593696932975103,0.9000000000000001,-0.5789473684210527,-0.0,-0.698893993978315,-0.5292168775244517,26.722354888916016,26.83464241027832
16,2,30.483040418642997,17.03166505374417,11.983416767225416,14.83888696400196,25.66299079638546,-0.8,-0.6842105263157894,-0.12947265,-0.28316277693659825,-0.05655884545626509,25.62887191772461,26.18647575378418
16,3,29.29780822685273,15.7754042795001,12.57198195999024,15.480873507837485,26.87393202581947,-0.7,-0.6842105263157894,-0.75240706,-0.3960809736797833,-0.2533422906165504,25.92587661743164,26.456329345703125
16,4,27.72821414693358,17.04290069424692,12.231244717033288,16.639091750359544,26.35854869142668,-0.6,-0.6842105263157894,-0.22858004,-0.17152882925216242,-0.23343876222585705,25.33524513244629,26.429035186767578
16,5,26.249640218747,16.115401835683905,12.558764271323035,18.540727237839395,26.53546643640667,-0.5,-0.6842105263157894,-0.2020134,-0.36670277937311824,-0.17112305415540052,25.848604202270508,26.34358024597168
16,6,24.90212371562346,15.303056936032856,13.168554946547568,20.80570159318621,25.82056280860992,-0.3999999999999999,-0.6842105263157894,-0.2020134,-0.4001643200659021,-0.3028145898009369,25.936616897583008,26.524171829223633
16,7,23.37428179916821,15.616110136147634,13.738570890528964,20.75269851191192,26.518338662243263,-0.29999999999999993,-0.6842105263157894,-0.73985561,-0.4153874936911537,-0.2829945143594708,25.97665786743164,26.496992111206055
16,8,22.03510683469664,14.629984217146424,13.735488988054705,22.232192214326343,27.36722774577588,-0.19999999999999996,-0.6842105263157894,-0.78613869,-0.4438157352779083,-0.324655617496189,26.05143165588379,26.554122924804688
16,9,21.01942155204473,14.603951488105947,14.506383880551658,23.560178020897062,26.310065058400617,-0.09999999999999998,-0.6842105263157894,-0.64385853,-0.4495908676911653,-0.3734157848471698,26.066621780395508,26.620988845825195
16,10,19.60528631541896,13.181389097774437,14.15737348202429,25.961584614646167,27.09436649013616,0.0,-0.6842105263157894,-0.72394323,-0.4948419742773108,-0.26712732694640096,26.185644149780273,26.47523307800293
16,11,18.52155253367646,13.168484189747009,14.673385308232998,27.188919835843496,26.447658132500024,0.10000000000000009,-0.6842105263157894,-0.83038932,-0.5435223376668581,-0.36808453227403726,26.31368637084961,26.613677978515625
16,12,17.167210707359313,13.684286136140528,14.917755413138382,28.516245400927392,25.714502342434372,0.20000000000000018,-0.6842105263157894,-0.73033836,-0.5062979689865817,-0.4516251070979515,26.215776443481445,26.728239059448242
16,13,15.812375603348942,12.288978960346174,15.15080701697838,30.628772189945124,26.11906622938138,0.30000000000000004,-0.6842105263157894,-0.73033836,-0.48600306305365565,-0.3321427379243582,26.162395477294922,26.564390182495117
16,14,15.407913235589476,11.624824261899978,15.282586864832297,31.56657963446475,26.1180960032135,0.40000000000000013,-0.6842105263157894,-0.66788109,-0.5270954071598879,-0.44716037431429495,26.270479202270508,26.722116470336914
16,15,13.911056764062298,11.282018277770629,16.103665207877462,33.32957909640881,25.373680653880808,0.5,-0.6842105263157894,-0.32359179,-0.5819903467399943,-0.44433827374792756,26.414867401123047,26.718246459960938
16,16,13.00312582866602,11.08986154748608,15.641196653997286,35.466905590331635,24.798910379518997,0.6000000000000001,-0.6842105263157894,-0.84186857,-0.601119203838099,-0.4344324086746559,26.465181350708008,26.704662322998047
16,17,11.276442307692308,9.986378205128206,16.659455128205128,37.19350961538462,24.884214743589745,0.7000000000000002,-0.6842105263157894,-0.62634209,-0.6544833417451285,-0.4835222151750843,26.60554313659668,26.77198028564453
16,18,9.836026235802272,9.7904335306351,16.983682610782274,39.63565829467285,23.7541993281075,0.8,-0.6842105263157894,-0.4104132,-0.6493441700458878,-0.48582690745624285,26.592025756835938,26.7751407623291
17,3,28.94119331514433,15.767159572691044,11.967355250284369,15.612447003985142,27.71184485789511,-0.7,-0.7894736842105261,-0.25446434,-0.28697781606594847,-0.050817282549431964,25.638906478881836,26.17860221862793
17,4,27.605108589536364,15.951138709729046,12.21612278539763,16.50448922106813,27.72314069426884,-0.6,-0.7894736842105261,-0.22858004,-0.38049884845426013,-0.18716688364433465,25.884891510009766,26.365581512451172
17,5,26.17292640689178,14.874198618604446,12.299379691805612,18.3212884493095,28.332206833388657,-0.5,-0.7894736842105261,-0.76787971,-0.43135032515938904,-0.14977161709561482,26.018644332885742,26.314300537109375
17,6,25.330037300725586,14.90065827166627,12.498347309419737,18.81062369537607,28.460333422812333,-0.3999999999999999,-0.7894736842105261,-0.26463475,-0.3866691902051898,-0.18934917826662662,25.901121139526367,26.368574142456055
17,7,23.74796506732319,14.018380554464018,12.6855497726489,21.454004506924782,28.094100098639096,-0.29999999999999993,-0.7894736842105261,-0.73985561,-0.5019557423554186,-0.2545092410232444,26.204355239868164,26.457929611206055
17,8,22.3144187394116,12.991794867667592,13.086763540077987,23.021854866943254,28.585167985899567,-0.19999999999999996,-0.7894736842105261,-0.65765574,-0.4480281592091752,-0.19934684158404825,26.062511444091797,26.38228416442871
17,9,21.05866186998481,12.84447773989752,13.116895083267565,24.28921107136132,28.690754235488765,-0.09999999999999998,-0.7894736842105261,-0.82169326,-0.4554022578418234,-0.38302956459814624,26.081907272338867,26.634172439575195
17,10,19.570217047577984,12.89069362592433,13.602606487470656,25.57376263715203,28.36272020187501,0.0,-0.7894736842105261,-0.62634209,-0.517359479512928,-0.2988505747126437,26.244871139526367,26.518735885620117
17,11,18.24936484348785,11.827892558682072,14.138823642203157,27.40760270360961,28.376316252017325,0.10000000000000009,-0.7894736842105261,-0.58301718,-0.49095296936366223,-0.33767845022309756,26.1754150390625,26.57198143005371
17,12,17.16437663931468,11.517113041525295,14.549494268915788,28.20222826479294,28.566787785451304,0.20000000000000018,-0.7894736842105261,-0.49034498,-0.5928082052710049,-0.3779458891077211,26.443321228027344,26.627201080322266
17,13,16.700161500138947,11.565584763408337,14.254703037088648,30.042650535447464,27.4369001639166,0.30000000000000004,-0.7894736842105261,-0.55306336,-0.5318959315918017,-0.44454551523850855,26.283105850219727,26.718530654907227
17,14,15.268448267530085,11.744309669936696,14.520610834581746,31.18808292659353,27.27854830135795,0.40000000000000013,-0.7894736842105261,-0.80703098,-0.47206341333240515,-0.44129919551356944,26.125730514526367,26.714078903198242
17,15,13.70814578657212,10.63525651578605,15.187774293412144,33.27056121486133,27.19826218936836,0.5,-0.7894736842105261,-0.25446434,-0.5880845472423816,-0.3876027862157982,26.430896759033203,26.640443801879883
17,16,12.166986541227756,10.70210796667962,14.88999386962741,35.25565256413852,26.985259058326687,0.6000000000000001,-0.7894736842105261,-0.37476402,-0.5255000667142368,-0.42054444704075844,26.26628303527832,26.685617446899414
17,17,11.096893156041617,9.728260437612764,15.821934683950756,36.66576590181133,26.68714582058353,0.7000000000000002,-0.7894736842105261,-0.64037951,-0.5903187490210411,-0.3801560013797554,26.4367733001709,26.630231857299805
18,4,27.431224497122138,14.923396634318149,12.002058179468465,16.226112553698144,29.417208135393107,-0.6,-0.894736842105263,-0.69134436,-0.30462445685909373,-0.0,25.685321807861328,26.108915328979492
18,5,27.11280081211808,14.006648221501225,11.978741615079915,18.23682796234001,28.664981388960765,-0.5,-0.894736842105263,-0.36565116,-0.40988284399890934,-0.14327897764573666,25.96217918395996,26.305397033691406
18,6,25.104844308709808,13.761994389575364,12.075656455800852,19.070627942162066,29.986876903751924,-0.3999999999999999,-0.894736842105263,-0.31400202,-0.3826525580558891,-0.22405865073271689,25.89055633544922,26.41617202758789
18,7,22.96680672774775,12.867158686395614,12.696597197975738,21.01518197907512,30.454255408805786,-0.29999999999999993,-0.894736842105263,-0.15799414,-0.49688546035724024,-0.12357156368572732,26.19101905822754,26.278371810913086
18,8,22.60364299016121,12.36722427807572,12.642966183652105,22.2931336269252,30.09303292118577,-0.19999999999999996,-0.894736842105263,-0.38379523,-0.437874542427354,-0.1759146443235304,26.035804748535156,26.35015106201172
18,9,20.87117389841911,12.034901414316144,12.579885637403295,24.04978136562395,30.4642576842375,-0.09999999999999998,-0.894736842105263,-0.53774586,-0.40347610180012417,-0.24174928508640162,25.945327758789062,26.440431594848633
18,10,19.779165050329738,11.93036620529412,13.094128797725263,25.15886759101144,30.03747235563945,0.0,-0.894736842105263,-0.52610299,-0.5011341420259083,-0.2566539818183841,26.202194213867188,26.46087074279785
18,11,18.53021604592775,11.926502806518156,13.266595237714483,26.404058657029083,29.872627252810503,0.10000000000000009,-0.894736842105263,-0.58301718,-0.5312614211872814,-0.19982391427713056,26.281436920166016,26.382938385009766
18,12,17.292234849999605,11.037885998096504,13.35847336303216,28.12057616789168,30.190829620980058,0.20000000000000018,-0.894736842105263,-0.52610299,-0.4914830574844672,-0.26428714490770105,26.176809310913086,26.471338272094727
18,13,15.743935664793147,11.099498577907909,14.295117018433343,29.983605053313493,28.8778436855521,0.30000000000000004,-0.894736842105263,-0.62634209,-0.5502786044541905,-0.33914444036452246,26.331457138061523,26.573991775512695
18,14,15.230787771662715,10.10284015586711,13.952115052424377,32.25605591933475,28.458201100711044,0.40000000000000013,-0.894736842105263,-0.59766673,-0.6127782418768165,-0.27324860077221796,26.495847702026367,26.483627319335938
18,15,13.544987156863138,10.28857865265646,14.138705878096722,32.84948808341808,29.178240228965592,0.5,-0.894736842105263,-0.59766673,-0.49786079349333145,-0.39064325533264344,26.193584442138672,26.64461326599121
18,16,11.83630037900073,9.755980918449085,14.54589654993763,35.86159897657847,28.00022317603408,0.6000000000000001,-0.894736842105263,-0.38379523,-0.5475607244585995,-0.3626030643922956,26.324308395385742,26.60616111755371
19,5,26.2070011454388,13.241192693138142,12.00914754608695,17.71439062256794,30.82826799276817,-0.5,-1.0,-0.73669317,-0.3918961056289412,-0.14659484149503177,25.91486930847168,26.30994415283203
19,6,25.24581683611548,12.758202184596406,11.973498338672131,19.36292552873998,30.65955711187601,-0.3999999999999999,-1.0,-0.22332244,-0.4591404305678832,-0.08883983709984311,26.091739654541016,26.230743408203125
19,7,23.48368023650673,12.89800647197475,12.021093843633894,20.350765051336342,31.24645439654828,-0.29999999999999993,-1.0,-0.13524188,-0.43051567204441427,-0.19927729745969222,26.016448974609375,26.38218879699707
19,8,22.16795222090577,11.662677015579789,12.215183241853454,22.825640157651662,31.12854736400931,-0.19999999999999996,-1.0,-0.66107573,-0.5534932154521774,-0.11970351948904541,26.33991241455078,26.273067474365234
19,9,21.083578665340404,11.428594347871426,12.334651575071591,23.860710246187654,31.29246516552891,-0.09999999999999998,-1.0,-0.0,-0.49785861802908743,-0.16487938267071692,26.193578720092773,26.335018157958984
19,10,19.626718348943463,11.677765275436371,12.491440790290357,24.962860037400244,31.24121554792957,0.0,-1.0,-0.61210639,-0.4874258166692772,-0.21975804208254052,26.1661376953125,26.410274505615234
19,11,18.178764650136152,11.304646857243394,12.650600000799736,26.97904295773803,30.88694553408268,0.10000000000000009,-1.0,-0.22332244,-0.41489003753400977,-0.34638537459247143,25.97534942626953,26.583921432495117
19,12,17.3342419626393,10.885913573318366,13.125150324701352,27.84614767898661,30.80854646035436,0.20000000000000018,-1.0,-0.7142738,-0.5092544248942724,-0.32955291473334003,26.223552703857422,26.56083869934082
19,13,16.10673252702817,10.419012336711098,13.124049120852955,29.41318902165886,30.93701699374892,0.30000000000000004,-1.0,-0.57932127,-0.5507985404085232,-0.26513419234235736,26.33282470703125,26.47249984741211
19,14,14.59115862467495,9.823750361167292,13.139266108061252,31.99340267745353,30.452422228642973,0.40000000000000013,-1.0,-0.55306336,-0.5096590612436694,-0.3788416174294266,26.22461700439453,26.628429412841797
19,15,13.42357810701097,9.752172129025062,14.011975093717258,33.1227267838149,29.68954788643181,0.5,-1.0,-0.55306336,-0.5732348283123618,-0.32009213205594683,26.39183807373047,26.54786491394043
