Slab_0,0.2594099609259259
Slab_5,0.278654705185185
Slab_6,0.2497131218518531
Slab_7,0.2589610262962964
Slab_8,0.253541741296296
Slab_9,0.2695500985185198
Slab_10,0.2416601399999997
Slab_11,0.2284518046296295
Slab_12,0.2431683142592594
Slab_13,0.2920751983333334
Slab_14,0.2664808848148149
Slab_15,0.2575208920370379
Slab_16,0.2161916755555563
Slab_17,0.2751077194444433
Slab_18,0.2385700000000004
Slab_20,0.2680991709259259
Slab_21,0.206500779444444
Slab_22,0.2463387072222223
Slab_23,0.2732496148148153
Slab_24,0.2907150474074076
Slab_25,0.2464683012962967
Slab_26,0.2725270655555558
Slab_27,0.2567359081481489
Slab_28,0.2417566146296308
Slab_29,0.2720511624074073
Slab_30,0.2376798251851855
Slab_31,0.2391155629629635
Slab_32,0.2400535709259257
Slab_33,0.2631186755555556
Slab_34,0.2637704509259259
Slab_35,0.2568900040740747
Slab_36,0.2591304481481479
Slab_37,0.2474731275925926
Slab_38,0.2599759485185186
Slab_40,0.2793211009259266
Slab_41,0.2304854646296298
Slab_42,0.2410478838888894
Slab_43,0.2643893168518511
Slab_44,0.2385288796296297
Slab_45,0.244653013333334
Slab_46,0.2994835624074081
Slab_47,0.2577144348148147
Slab_48,0.2365281133333349
Slab_49,0.2739247440740739
Slab_50,0.2314134194444437
Slab_51,0.2480989875925937
Slab_52,0.2604106512962971
Slab_53,0.2431791144444456
Slab_54,0.2152920425925925
Slab_55,0.2278734914814827
Slab_56,0.2578072098148151
Slab_57,0.299452741851852
Slab_58,0.2358212051851856
Slab_59,0.2631875816666664
Slab_60,0.2709949979629626
Slab_61,0.2604141340740735
Slab_62,0.2408297461111117
Slab_63,0.2126337227777778
Slab_64,0.2416900148148142
Slab_65,0.2568908866666664
Slab_66,0.2392322153703693
Slab_67,0.2300789500000001
Slab_68,0.3198388359259249
Slab_69,0.2375523305555557
Slab_70,0.2434117753703701
Slab_71,0.2143594531481483
Slab_72,0.2302585529629642
Slab_73,0.2652926318518527
Slab_74,0.2457555801851859
Slab_75,0.2665626698148142
Slab_76,0.2632149670370375
Slab_77,0.2463367468518516
Slab_78,0.262038264444445
Slab_79,0.256286543333333
Slab_80,0.2493627101851845
Slab_81,0.2232189911111106
Slab_82,0.2768048146296301
Slab_83,0.2487761814814809
Slab_84,0.2574470733333343
Slab_85,0.2411655544444447
Slab_86,0.2256675694444454
Slab_87,0.2275490746296297
Slab_88,0.229911872037039
Slab_89,0.2436340309259258
Slab_90,0.2775215799999999
Slab_91,0.2438987603703708
Slab_92,0.2468704796296303
Slab_93,0.2202603709259257
Slab_94,0.2261553620370372
Slab_95,0.2707601155555565
Slab_96,0.2541107351851855
Slab_97,0.2550192355555562
Slab_98,0.2088279531481494
Slab_99,0.2558964337037042
Bulk_0,0.0199450765625002
Bulk_1,0.0264936224999994
Bulk_2,0.0390742403124999
Bulk_3,0.0639097003125002
Bulk_4,0.0357935984375004
Bulk_5,0.0205967253124992
Bulk_6,0.0280584909374992
Bulk_7,0.0281823015625004
Bulk_8,0.0169160878125005
Bulk_9,0.0207498421875005
Bulk_10,0.0305834390624983
Bulk_11,0.0401680937500001
Bulk_12,0.0337562043749999
Bulk_13,0.0222665893749995
Bulk_14,0.0241026150000003
Bulk_15,0.0079416959375002
Bulk_16,0.0233600118749999
Bulk_17,0.0032419828124998
Bulk_18,-0.0188790434374999
Bulk_19,0.0187169750000002
Bulk_20,0.0310047487500009
Bulk_21,0.0435884746874997
Bulk_22,0.0216886399999998
Bulk_23,0.0428495006250004
Bulk_24,0.0119071459375001
Bulk_25,0.0358844509374991
Bulk_26,0.0061547159374999
Bulk_27,0.0237587387499997
Bulk_28,0.0250492781249995
Bulk_29,0.0148908371875
Bulk_30,0.0112645659374992
Bulk_31,0.0050862790625005
Bulk_32,0.0232931425
Bulk_33,0.0397644868750006
Bulk_34,0.0277067668750001
Bulk_35,0.0174910237500007
Bulk_36,0.0304273296874999
Bulk_37,0.0204037109375008
Bulk_38,0.0413626496875005
Bulk_39,0.0131695406249994
Bulk_40,0.0158322862500002
Bulk_41,0.0188271178125001
Bulk_42,0.0275767712499996
Bulk_43,0.0093757637499996
Bulk_44,0.0022419918750005
Bulk_45,0.0253498034375008
Bulk_46,0.036300770625
Bulk_47,0.0474208028124998
Bulk_48,0.0232016275000006
Bulk_49,0.0019289715625001
Bulk_50,0.0383381534374995
Bulk_51,0.0086978871875
Bulk_52,0.0152275553124994
Bulk_53,0.0456547446875008
Bulk_54,0.0352123096874992
Bulk_55,0.0182754324999994
Bulk_56,0.040462985625
Bulk_57,0.0337680950000001
Bulk_58,0.0279455896875004
Bulk_59,0.0312163728125005
Bulk_60,0.0330670693749999
Bulk_61,-0.0020666540625002
Bulk_62,0.0198333253124998
Bulk_63,0.020546270312499
Bulk_64,0.0174797415625009
Bulk_65,0.0019800246874996
Bulk_66,0.0402610868749997
Bulk_67,0.0290198093749998
Bulk_68,0.0144359306249999
Bulk_69,0.0543102840624998
Bulk_70,0.0492749696874996
Bulk_71,-0.0055166153124996
Bulk_72,0.0083451181249998
Bulk_73,0.0171097309374994
Bulk_74,0.0198036409375008
Bulk_75,0.0398413537499999
Bulk_76,0.0403721396875011
Bulk_77,-0.0077414165625002
Bulk_78,0.0204998493749997
Bulk_79,0.0209297809375001
Bulk_80,0.0039096909375002
Bulk_81,0.0139161796875004
Bulk_82,0.0349525562499994
Bulk_83,0.0395204321874995
Bulk_84,0.0531991237500006
Bulk_85,0.0458416490625008
Bulk_86,0.0251060278125008
Bulk_87,0.0519729356249998
Bulk_88,0.0220552568749994
Bulk_89,0.0414461034374999
Bulk_90,0.0596538256249994
Bulk_91,0.0647820762500002
Bulk_92,0.0069918803125004
Bulk_93,0.0375344000000001
Bulk_94,0.0417664496874996
Bulk_95,0.0180593165624998
Bulk_96,0.0123784693750002
Bulk_97,0.0637811659375007
Bulk_98,0.0099642284375001
Bulk_99,0.0131451315625001
Bulk_100,0.0394553340624996
Bulk_101,0.0079907346874996
Bulk_102,0.0181354890625007
Bulk_103,0.0460521556250004
Bulk_104,0.0200464559375008
Bulk_105,0.0172063084374993
Bulk_106,0.0390459415624997
Bulk_107,0.0247020178124994
Bulk_108,0.0549624971875006
Bulk_109,0.0239940650000001
Bulk_110,0.0365684868749998
Bulk_111,0.0434370596875002
Bulk_112,0.0189041062499999
Bulk_113,-0.013418133750001
Bulk_114,-0.0075735171874997
Bulk_115,0.0076947378124998
Bulk_116,0.0535480218749997
Bulk_117,0.0101128884374999
Bulk_118,-0.0011080153125
Bulk_119,0.0046666484374995
Bulk_120,0.0181823081249996
Bulk_121,0.0484276140624997
Bulk_122,0.0117417353125004
Bulk_123,0.0182471624999998
Bulk_124,0.0023289359374993
Bulk_125,0.0203615812500004
Bulk_126,0.0515140996875
Bulk_127,0.0423218259375008
Bulk_128,0.0097785490625001
Bulk_129,0.0233319453125009
Bulk_130,0.0100562334375009
Bulk_131,0.0150660984375008
Bulk_132,0.0014996075000004
Bulk_133,0.0367737184374998
Bulk_134,-0.0054919068750001
Bulk_135,0.0434701115625006
Bulk_136,0.0248004384375004
Bulk_137,0.0135635031249998
Bulk_138,0.0431571821875005
Bulk_139,0.0211028121875003
Bulk_140,0.0411994109375006
Bulk_141,0.0197019337499995
Bulk_142,0.0332803556249992
Bulk_143,0.0296872921874999
Bulk_144,0.0506958971875013
Bulk_145,-0.0081137084374995
Bulk_146,0.0107081456249993
Bulk_147,0.0179713125000011
Bulk_148,0.0090307784375012
Bulk_149,0.0156536309374999
Bulk_150,0.0304051687499988
Bulk_151,0.0437432703125004
Bulk_152,0.0020656815624997
Bulk_153,0.0127704981249996
Bulk_154,0.0125808587500007
Bulk_155,0.0157975612500003
Bulk_156,0.0518300609375002
Bulk_157,0.0053004175000008
Bulk_158,-0.0182667046875
Bulk_159,0.0023593546874991
Bulk_160,-0.0079075184374994
Bulk_161,-0.003355328125
Bulk_162,0.0165406678124995
Bulk_163,0.016021789999999
Bulk_164,0.0038972581249998
Bulk_165,0.0321461587499998
Bulk_166,0.0013833081249998
Bulk_167,0.0023707149999996
Bulk_168,3.4939374999432005e-05
Bulk_169,0.0252921881250003
Bulk_170,0.0450457003125013
Bulk_171,0.0166991106249998
Bulk_172,0.0409150734375005
Bulk_173,0.0504589356250004
Bulk_174,0.0182288906249992
Bulk_175,0.0023050531249992
Bulk_176,0.0084724440624999
Bulk_177,0.0197428428124997
Bulk_178,0.0397613037499997
Bulk_179,0.0124707643750001
Bulk_180,0.0199481396875
Bulk_181,0.0352856071875002
Bulk_182,0.0497654828124991
Bulk_183,0.0130965159374998
Bulk_184,0.0348809349999994
Bulk_185,0.0401867321875002
Bulk_186,0.0298072731249998
Bulk_187,0.0028492378124997
Bulk_188,0.040186451874999
Bulk_189,0.0167928271875004
Bulk_190,0.00340692375
Bulk_191,0.0454287568749993
Bulk_192,0.041860471562499
Bulk_193,0.0301656525
Bulk_194,0.0317851837500002
Bulk_195,0.0433976562499998
Bulk_196,0.0190352728125002
Bulk_197,0.033636222500001
Bulk_198,0.0088956549999998
Bulk_199,0.0652268637500004
Bulk_200,0.0270024099999988
Bulk_201,0.0236673178124995
Bulk_202,0.0189334878125002
Bulk_203,0.0307103384375002
Bulk_204,0.0143326806250012
Bulk_205,0.0175170118749994
Bulk_206,0.0260085999999999
Bulk_207,0.0051691203124999
Bulk_208,0.0346672771875002
Bulk_209,0.0467637212500005
Bulk_210,0.0281294775000002
Bulk_211,0.0347245787499996
Bulk_212,0.0025199665624997
Bulk_213,0.0566895162499996
Bulk_214,0.0358997421874995
Bulk_215,0.0294199475000001
Bulk_216,0.0097642746874999
Bulk_217,0.001396429062499
Bulk_218,0.0090938937499984
Bulk_219,0.0255440131249997
Bulk_220,-0.0138924615625004
Bulk_221,0.0048216031250003
Bulk_222,-0.0022666028125
Bulk_223,0.0206414290624996
Bulk_224,0.0674550915624987
Bulk_225,0.0285196053124998
Bulk_226,0.0313216859375007
Bulk_227,0.0440386200000002
Bulk_228,0.0162389281249994
Bulk_229,0.0248886649999997
Bulk_230,0.0575404643750001
Bulk_231,0.009399032500001
Bulk_232,0.0486905181250003
Bulk_233,0.0403630074999998
Bulk_234,0.0156334865625007
Bulk_235,0.0241847065625
Bulk_236,0.0607738293749999
Bulk_237,0.0136714831249999
Bulk_238,0.0282841890625
Bulk_239,0.0456262681249999
Bulk_240,0.0154780993749996
Bulk_241,0.0200849824999993
Bulk_242,0.0165983428125002
Bulk_243,0.0233185343750008
Bulk_244,0.0464391790624993
Bulk_245,0.032064558750001
Bulk_246,-0.0074643253124992
Bulk_247,0.0124788231249999
Bulk_248,0.0093189043750001
Bulk_249,0.0604082762500013
Bulk_250,0.0049065599999993
Bulk_251,0.0636059728125006
Bulk_252,0.0141698456250001
Bulk_253,0.0265341909375003
Bulk_254,0.0444210368750006
Bulk_255,0.054859616249999
Bulk_256,-0.0049436565624993
Bulk_257,0.0058449812500001
Bulk_258,-0.0100882228124996
Bulk_259,0.0423312524999994
Bulk_260,0.0277231375000006
Bulk_261,0.0465709053124996
Bulk_262,0.005685321562499
Bulk_263,0.0325824353125003
Bulk_264,0.0400149837500007
Bulk_265,0.0285755781249994
Bulk_266,0.0423468793750005
Bulk_267,0.0247485787499996
Bulk_268,-0.0019803787500007
Bulk_269,0.0063114518749998
Bulk_270,0.0326237618750004
Bulk_271,-0.011341253437501
Bulk_272,0.0078021662500002
Bulk_273,-0.0204543221875006
Bulk_274,0.0170636187499999
Bulk_275,0.0166419334374996
Bulk_276,-0.0091642687499993
Bulk_277,0.005223885624999
Bulk_278,0.0561415809375001
Bulk_279,0.0109546140625003
Bulk_280,-0.0071721431249995
Bulk_281,0.0039960025
Bulk_282,0.0452896962500002
Bulk_283,0.0458544296874992
Bulk_284,0.0199908481250004
Bulk_285,0.0060334984374996
Bulk_286,0.0445549937500002
Bulk_287,0.0468347978125001
Bulk_288,0.0106012428125001
Bulk_289,0.0454607631250008
Bulk_290,0.093274306875001
Bulk_291,0.0385773843749994
Bulk_292,0.0328540109374992
Bulk_293,0.0291916765624993
Bulk_294,0.0227761790624994
Bulk_295,0.0374867343750002
Bulk_296,0.0164797600000001
Bulk_297,-0.0119742440625003
Bulk_298,0.0330874606249995
Bulk_299,0.031021795
Bulk_300,0.0442406093750005
Bulk_301,0.0082747909374996
Bulk_302,0.0226888062499996
Bulk_303,0.0289887537500002
Bulk_304,0.0139340524999997
Bulk_305,0.0449716787499996
Bulk_306,0.0421251696874991
Bulk_307,0.0355235065624999
Bulk_308,0.0251114712499997
Bulk_309,0.0032555949999988
Bulk_310,-0.0125331296874993
Bulk_311,0.0458603715624992
Bulk_312,0.0195632149999998
Bulk_313,0.0041736356249995
Bulk_314,0.0055791234375002
Bulk_315,-0.0097857396874996
Bulk_316,0.0293689021874996
Bulk_317,0.0438384274999998
Bulk_318,0.0252877034374998
Bulk_319,0.0206275746875004
Bulk_320,0.0148370943749984
Bulk_321,0.0416169434375008
Bulk_322,0.0491193984375009
Bulk_323,-0.0178825071874992
Bulk_324,0.0120923387499995
Bulk_325,0.0296919265625001
Bulk_326,0.0296702993749997
Bulk_327,0.0462456562499999
Bulk_328,0.0186168621874989
Bulk_329,0.0156067128125005
Bulk_330,0.025601434374999
Bulk_331,0.0257092850000004
Bulk_332,0.0001043324999994
Bulk_333,0.0476202090624999
Bulk_334,0.031810633437499
Bulk_335,0.0079986471874997
Bulk_336,0.0160140193749995
Bulk_337,0.0486194034374998
Bulk_338,0.0182008284374992
Bulk_339,0.0071791203125002
Bulk_340,-0.0018499837499996
Bulk_341,0.0326130790625001
Bulk_342,0.0066400743749994
Bulk_343,0.0542212299999995
Bulk_344,0.0183692050000008
Bulk_345,0.0464824309375
Bulk_346,0.022299545937499
Bulk_347,0.0605756431249995
Bulk_348,0.0263320381250009
Bulk_349,0.0294717231249999
Bulk_350,0.0074584490624998
Bulk_351,0.0381422459375002
Bulk_352,0.0162453543749991
Bulk_353,0.0759490934375
Bulk_354,0.0457052056250004
Bulk_355,0.0226840962499998
Bulk_356,0.0457257103124995
Bulk_357,0.0292159506249998
Bulk_358,-0.0001533228124994
Bulk_359,0.0632406381249994
Bulk_360,0.0114187025000003
Bulk_361,-0.0143176393749993
Bulk_362,0.0043996559375001
Bulk_363,0.0296978981249997
Bulk_364,0.0363062796875004
Bulk_365,0.0448879290624999
Bulk_366,0.0322566634374998
Bulk_367,0.03812128625
Bulk_368,0.0362344700000001
Bulk_369,0.0118402753124993
Bulk_370,-0.0113717896875007
Bulk_371,0.0359831959374989
Bulk_372,0.0084304384375002
Bulk_373,-0.0044065965625001
Bulk_374,-0.0042321162500007
Bulk_375,-0.0106023756249999
Bulk_376,0.012779087187499
Bulk_377,0.0307750671874993
Bulk_378,0.0180320696875
Bulk_379,0.0243576121874999
Bulk_380,0.0638048528125008
Bulk_381,0.0401777775000002
Bulk_382,0.0383251340624992
Bulk_383,0.0118875987500004
Bulk_384,-0.0248847449999995
Bulk_385,0.0062573543749993
Bulk_386,0.0292503365624998
Bulk_387,0.0163940009374998
Bulk_388,0.0123323437499998
Bulk_389,0.0438072912500002
Bulk_390,0.0167247831250003
Bulk_391,0.0116664278125
Bulk_392,0.0233945100000001
Bulk_393,0.0237038925000003
Bulk_394,-0.0099480115624999
Bulk_395,0.0727841753125
Bulk_396,0.0565960556249995
Bulk_397,0.0063624218749991
Bulk_398,0.0265664449999993
Bulk_399,0.0306066296875
Bulk_400,0.0012029909375002
Bulk_401,0.0159954153125001
Bulk_402,0.0120819562499994
Bulk_403,0.0470710009374997
Bulk_404,0.0172369946874999
Bulk_405,0.0913970328125
Bulk_406,-0.0276721118749989
Bulk_407,0.0260083921874993
Bulk_408,0.0408257321875007
Bulk_409,0.0256366115625006
Bulk_410,0.0310581678125005
Bulk_411,0.0164991637499989
Bulk_412,0.0499533568749992
Bulk_413,0.0193672993750002
Bulk_414,0.0217473675000006
Bulk_415,0.0100810609374999
Bulk_416,0.0346014112499997
Bulk_417,0.0208972468750001
Bulk_418,0.0305343871875001
Bulk_419,0.0461532656250005
Bulk_420,0.0587517106250006
Bulk_421,0.0286804103125
Bulk_422,0.0390805596875001
Bulk_423,0.0072551371874984
Bulk_424,0.0456971387500004
Bulk_425,0.0243884421875
Bulk_426,0.0322960403125005
Bulk_427,0.0196675174999994
Bulk_428,0.0339220562500006
Bulk_429,0.0044154887500003
Bulk_430,0.0271020196874998
Bulk_431,0.0571032221875
Bulk_432,0.03354533125
Bulk_433,0.0210945418749997
Bulk_434,0.02557455125
Bulk_435,0.0030959690624996
Bulk_436,0.0190014134374996
Bulk_437,0.0047371459374989
Bulk_438,0.0109059378125007
Bulk_439,0.0527655809375007
Bulk_440,0.0398712990624998
Bulk_441,0.0280133134374995
Bulk_442,0.0296494875000004
Bulk_443,0.0301972949999997
Bulk_444,0.026399709375001
Bulk_445,0.0350473871875003
Bulk_446,0.0470475121875004
Bulk_447,0.0041431728124994
Bulk_448,0.0222595187499994
Bulk_449,0.0573346065625006
Bulk_450,-0.0138924899999999
Bulk_451,0.0180730981249999
Bulk_452,0.0251532790624997
Bulk_453,0.0643755959375012
Bulk_454,0.0133206287499998
Bulk_455,0.0659818184374998
Bulk_456,0.0199056790625
Bulk_457,0.0050939421874991
Bulk_458,0.0192626134375002
Bulk_459,0.02322587
Bulk_460,0.0038822071875008
Bulk_461,0.0124002825000006
Bulk_462,0.0046169012500003
Bulk_463,0.0305389218750002
Bulk_464,0.043498878437501
Bulk_465,0.0129035956249996
Bulk_466,0.0124881384374999
Bulk_467,0.0373185046874997
Bulk_468,0.0218380853124999
Bulk_469,0.0358325825000003
Bulk_470,0.0342533303124996
Bulk_471,0.0119805324999999
Bulk_472,0.022092341875
Bulk_473,0.0159303331249995
Bulk_474,0.0137398390625005
Bulk_475,0.0152705053125004
Bulk_476,0.0123449315625006
Bulk_477,0.0412539678125005
Bulk_478,0.043628291250001
Bulk_479,0.0444286078124998
Bulk_480,-0.0040760340624999
Bulk_481,0.0107536890624997
Bulk_482,0.0553023390625009
Bulk_483,0.0043154184374998
Bulk_484,0.0066320409375002
Bulk_485,0.0408489265625
Bulk_486,0.0100499450000004
Bulk_487,0.0141191015625006
Bulk_488,0.0256423365625
Bulk_489,0.0235837337500006
Bulk_490,0.0141298418749995
Bulk_491,0.0390505662499993
Bulk_492,0.0364675665624991
Bulk_493,0.0649768515625011
Bulk_494,0.0106695665624991
Bulk_495,0.0676739471875
Bulk_496,0.0418750746875007
Bulk_497,-0.0024051465625003
Bulk_498,-0.00493061375
Bulk_499,0.0249767703124996
Bulk_500,0.0169770812499994
Bulk_501,0.0601479887499998
Bulk_502,0.0587168318750004
Bulk_503,0.0275395643750009
Bulk_504,0.0349707962499996
Bulk_505,0.0204598093750005
Bulk_506,0.0112054074999994
Bulk_507,0.0401552834374996
Bulk_508,0.0282002243749994
Bulk_509,0.0386305684375001
Bulk_510,0.0452841250000002
Bulk_511,0.0119620425000004
Bulk_512,0.0199980262500005
Bulk_513,0.056091427500001
Bulk_514,-0.0188611953124997
Bulk_515,0.0222185771875
Bulk_516,0.0244334209375001
Bulk_517,0.0178144415624998
Bulk_518,0.0056197271875007
Bulk_519,0.0199952268750003
Bulk_520,0.0614028090625007
Bulk_521,-0.0034257818749994
Bulk_522,0.0425926753125001
Bulk_523,0.0166626487499996
Bulk_524,-0.009548060000001
Bulk_525,0.0130615003124994
Bulk_526,0.0553820021875006
Bulk_527,0.0129774584374997
Bulk_528,0.0393933374999999
Bulk_529,0.0445695390625004
Bulk_530,0.0150329334374994
Bulk_531,0.0256113540624998
Bulk_532,0.002982489999999
Bulk_533,-0.0123066990625
Bulk_534,0.0174843718749988
Bulk_535,0.0083964375
Bulk_536,0.0113708184375003
Bulk_537,-0.0016405603125004
Bulk_538,0.0125772678124995
Bulk_539,-0.0007053868749995
Bulk_540,0.0059966221875003
Bulk_541,-0.0033934062500007
Bulk_542,0.0334746143749997
Bulk_543,0.0377650959374999
Bulk_544,0.0261733871874998
Bulk_545,0.0258888521875002
Bulk_546,0.059235549687501
Bulk_547,0.0341443762499986
Bulk_548,0.0602097362499991
Bulk_549,0.0232839484375002
Bulk_550,0.0126372628124986
Bulk_551,0.0020167609374999
Bulk_552,0.0351760390624997
Bulk_553,0.0111626049999991
Bulk_554,0.0317641775000003
Bulk_555,0.0424340409374996
Bulk_556,0.0768791903124999
Bulk_557,0.0259617618749992
Bulk_558,0.0327896175000006
Bulk_559,0.028158120625001
Bulk_560,0.0245663828125
Bulk_561,-0.007183115000001
Bulk_562,0.0136756065625007
Bulk_563,0.0355524625000001
Bulk_564,-0.0114385674999999
Bulk_565,0.0311244578125
Bulk_566,0.0285604321874997
Bulk_567,0.0125085312499999
Bulk_568,0.0397399271875009
Bulk_569,0.0297496793750005
Bulk_570,0.0328490353125001
Bulk_571,0.0347511537500002
Bulk_572,0.0507626275000001
Bulk_573,0.0151735268749995
Bulk_574,0.0710756918749995
Bulk_575,0.0319272384374995
Bulk_576,0.0239598174999997
Bulk_577,0.0147809084375003
Bulk_578,0.0146228303125006
Bulk_579,0.0384380462500004
Bulk_580,0.0403255428125008
Bulk_581,0.0454859821875004
Bulk_582,0.0439923824999999
Bulk_583,0.0527897018750005
Bulk_584,0.0459206828124996
Bulk_585,0.0380618318750007
Bulk_586,0.0118202271875
Bulk_587,0.0019179321875002
Bulk_588,0.00551145875
Bulk_589,0.0015519790625004
Bulk_590,0.0300183862499991
Bulk_591,0.0123010987499991
Bulk_592,0.0004327675000004
Bulk_593,0.027700470937499
Bulk_594,-0.0110163603125004
Bulk_595,0.0365186799999994
Bulk_596,0.0125222478124999
Bulk_597,0.0309516140625003
Bulk_598,-0.0100317984375006
Bulk_599,0.0303662990624999
Bulk_600,0.0162598306249996
Bulk_601,0.0648036703125001
Bulk_602,0.006380509375
Bulk_603,0.0319433849999999
Bulk_604,0.0366505493750004
Bulk_605,-0.0025573674999996
Bulk_606,0.0101910575000001
Bulk_607,0.0292978759374991
Bulk_608,0.0072493212499997
Bulk_609,0.0194245184375008
Bulk_610,0.0365631409375
Bulk_611,-8.914531250070468e-05
Bulk_612,0.0285926521875001
Bulk_613,0.0457284978125001
Bulk_614,0.0189542743749999
Bulk_615,0.030710241875
Bulk_616,0.0453443937499997
Bulk_617,0.0304423371875
Bulk_618,0.0103645890624992
Bulk_619,0.0061876709374999
Bulk_620,0.0319265387500005
Bulk_621,0.0246186565624997
Bulk_622,0.0339394474999998
Bulk_623,0.0400058984375002
Bulk_624,0.0300356337499998
Bulk_625,0.0451702350000005
Bulk_626,0.0293928499999998
Bulk_627,0.0411174506249993
Bulk_628,0.033100090625
Bulk_629,0.0722121209375004
Bulk_630,0.0087984846874995
Bulk_631,0.0427184525000008
Bulk_632,0.0018670396875002
Bulk_633,0.0367115362499994
Bulk_634,0.0044937824999999
Bulk_635,0.0342053106250004
Bulk_636,0.0210586346874999
Bulk_637,0.0185488259375006
Bulk_638,0.0076022740625001
Bulk_639,0.0518490659375006
Bulk_640,0.0064282081249995
Bulk_641,0.0046776381249999
Bulk_642,0.0235122912499994
Bulk_643,0.0648882718750005
Bulk_644,0.016500418125001
Bulk_645,0.0155183203124984
Bulk_646,0.0273092065625002
Bulk_647,0.0137319625000005
Bulk_648,-0.0054008865624997
Bulk_649,0.0405154118749999
Bulk_650,0.0249237443750001
Bulk_651,0.0119536409375005
Bulk_652,-0.0085998721875002
Bulk_653,0.0146503081249997
Bulk_654,0.0414113737499999
Bulk_655,0.0344897162499995
Bulk_656,0.0513370393750003
Bulk_657,0.0140961987499999
Bulk_658,-0.0039643950000005
Bulk_659,0.0261497931249996
Bulk_660,0.0220399096874999
Bulk_661,0.0339134015624997
Bulk_662,0.0108854556249999
Bulk_663,0.0008395174999993
Bulk_664,0.0245495365624996
Bulk_665,0.0462705631249997
Bulk_666,0.0207864862500004
Bulk_667,0.0228051618750004
Bulk_668,0.0102545078125002
Bulk_669,-0.0108379178125002
Bulk_670,0.0212095065625002
Bulk_671,0.0225371021875009
Bulk_672,0.0118007456249991
Bulk_673,0.0279606146875002
Bulk_674,0.0087372943749999
Bulk_675,0.0541926421875
Bulk_676,0.0011371140625007
Bulk_677,0.0499041993749997
Bulk_678,0.0401294440624999
Bulk_679,0.0055190462500007
Bulk_680,0.0302311931249992
Bulk_681,0.0039082559374996
Bulk_682,0.0200389465624999
Bulk_683,0.0320108734375006
Bulk_684,0.008866850625
Bulk_685,0.0340958009375
Bulk_686,0.0217609081249996
Bulk_687,-0.0081600159375012
Bulk_688,0.0519755946875015
Bulk_689,0.0112248490624997
Bulk_690,0.0301094568749995
Bulk_691,0.0122386249999983
Bulk_692,0.0103230443749993
Bulk_693,0.038371859062499
Bulk_694,0.0304369840624998
Bulk_695,0.0490440728125003
Bulk_696,0.0276870253124998
Bulk_697,0.0225559953124996
Bulk_698,0.0015176521875002
Bulk_699,-0.0022641100000013
Bulk_700,0.0201402953124993
Bulk_701,0.0329856556249996
Bulk_702,0.0113038212500002
Bulk_703,0.0089357368749993
Bulk_704,0.0489358090624998
Bulk_705,0.0414754631249998
Bulk_706,-0.0028348224999987
Bulk_707,0.0395768165625005
Bulk_708,0.0159077903125002
Bulk_709,0.0218434771874997
Bulk_710,0.0613961165625003
Bulk_711,0.0376138393749991
Bulk_712,0.0078484959375009
Bulk_713,0.0126948334375009
Bulk_714,0.0190537287500003
Bulk_715,-0.028274084375
Bulk_716,0.0185144065624998
Bulk_717,0.0065266059375002
Bulk_718,0.0550899865624998
Bulk_719,0.0691701009374998
Bulk_720,0.0529254840625004
Bulk_721,0.0317181884374999
Bulk_722,0.0265322231249998
Bulk_723,0.0520406462500009
Bulk_724,0.0187148021875005
Bulk_725,0.0480646956250003
Bulk_726,0.0099504840624993
Bulk_727,0.0100576168750006
Bulk_728,0.0573098425000004
Bulk_729,0.0465560653125001
Bulk_730,0.0013668243750002
Bulk_731,0.0231019287499991
Bulk_732,-0.0007542265625009
Bulk_733,0.0359436478124992
Bulk_734,0.0089807187500001
Bulk_735,0.0487038478125008
Bulk_736,0.0557200115625002
Bulk_737,0.037195658749999
Bulk_738,0.0303231756250008
Bulk_739,0.0018262987499992
Bulk_740,0.0372294993750008
Bulk_741,0.0092509815625003
Bulk_742,0.0356699625
Bulk_743,0.0193655096875007
Bulk_744,-0.0072625587499999
Bulk_745,0.0376887762500004
Bulk_746,0.0341680634374998
Bulk_747,0.0358871015625004
Bulk_748,0.0322920896875
Bulk_749,0.0171374440625005
Bulk_750,0.0070030678124997
Bulk_751,0.0278690993749997
Bulk_752,0.0122078053125003
Bulk_753,0.0277159993750011
Bulk_754,0.0202328506249998
Bulk_755,0.0025549865625
Bulk_756,-0.0003405803125007
Bulk_757,0.030194534375
Bulk_758,0.0452832874999993
Bulk_759,0.0063216065625013
Bulk_760,0.0132577671874996
Bulk_761,-0.0118789381250001
Bulk_762,0.0312632328124999
Bulk_763,0.0410155209375
Bulk_764,0.0359992118749996
Bulk_765,0.0333972724999993
Bulk_766,0.0409058490624998
Bulk_767,0.0091243528125
Bulk_768,-0.0037149449999986
Bulk_769,0.0335473665624999
Bulk_770,0.0226022040625011
Bulk_771,0.0340166993750008
Bulk_772,0.0142655824999993
Bulk_773,0.0004013584374993
Bulk_774,-0.0107841506249997
Bulk_775,-0.0120050171874988
Bulk_776,0.0450859006249997
Bulk_777,0.0140377396875006
Bulk_778,0.0388392990624995
Bulk_779,0.0569935940625008
Bulk_780,0.0092039878124996
Bulk_781,0.0166163009374997
Bulk_782,0.0057353843749998
Bulk_783,0.0409524812499997
Bulk_784,0.0388610259374999
Bulk_785,0.0207430024999997
Bulk_786,0.0507968221874994
Bulk_787,0.0323989118749992
Bulk_788,0.0293369121875004
Bulk_789,0.0048137796874998
Bulk_790,0.0376396759375001
Bulk_791,0.0088948953125003
Bulk_792,0.0106540478125003
Bulk_793,0.0097579690625009
Bulk_794,0.0529625443749992
Bulk_795,0.0156096971875001
Bulk_796,0.0650406812500001
Bulk_797,0.0169725865624998
Bulk_798,0.0252631131250007
Bulk_799,0.0376727381250008
Bulk_800,-0.0029204112499998
Bulk_801,-0.0039296315625003
Bulk_802,0.0363133353125002
Bulk_803,0.03223599875
Bulk_804,0.0326650496875
Bulk_805,0.0491021146874999
Bulk_806,0.0314003353125
Bulk_807,0.0037311799999999
Bulk_808,0.0239084131250004
Bulk_809,0.0291060109375003
Bulk_810,0.0273422331249992
Bulk_811,0.0487058287500001
Bulk_812,0.0609924118750004
Bulk_813,0.009605079062501
Bulk_814,0.0380260253124999
Bulk_815,0.0355661762499996
Bulk_816,0.0182981975
Bulk_817,0.0266108784374994
Bulk_818,0.0336446971875004
Bulk_819,0.0319664940625008
Bulk_820,0.0494106615625016
Bulk_821,-0.0161881678125004
Bulk_822,0.030652512812499
Bulk_823,0.0166879584375001
Bulk_824,0.0348578974999993
Bulk_825,0.0180346559374999
Bulk_826,-0.0219144046875001
Bulk_827,0.0580928656249994
Bulk_828,0.0245683940625003
Bulk_829,0.0112917281249993
Bulk_830,0.0020955534375
Bulk_831,0.0649086040624995
Bulk_832,0.0393181368749999
Bulk_833,0.0246893434375001
Bulk_834,0.0207706549999997
Bulk_835,0.0118383571875009
Bulk_836,0.0226366303125002
Bulk_837,0.0050780915624999
Bulk_838,0.0325561603124997
Bulk_839,0.0628204974999997
Bulk_840,0.0422043175000004
Bulk_841,0.0195916550000001
Bulk_842,0.0021255687500003
Bulk_843,0.0371536628124991
Bulk_844,0.0200786271874999
Bulk_845,-0.0077000934375002
Bulk_846,0.0013901490624999
Bulk_847,0.0827021190625005
Bulk_848,0.0372193184374998
Bulk_849,0.0143100540624994
Bulk_850,0.0353812575
Bulk_851,0.0419553665624983
Bulk_852,0.0148448368750004
Bulk_853,0.017736262812499
Bulk_854,0.0227871000000003
Bulk_855,0.0180024075000009
Bulk_856,0.0348468409374991
Bulk_857,0.0168979921874994
Bulk_858,0.005630230625
Bulk_859,0.0298201546875001
Bulk_860,0.0047841440625004
Bulk_861,0.0206279518750003
Bulk_862,0.0380417093750002
Bulk_863,0.0276714937500006
Bulk_864,0.0094057706250003
Bulk_865,-0.0162761287500003
Bulk_866,0.0069846312500008
Bulk_867,0.0121090115625008
Bulk_868,0.0093202778124998
Bulk_869,0.0193470896874998
Bulk_870,0.0364999165624997
Bulk_871,0.0418542949999993
Bulk_872,0.0375805356250005
Bulk_873,0.0112358190625005
Bulk_874,0.0282819184375
Bulk_875,0.0287941250000001
Bulk_876,0.0139948456250005
Bulk_877,0.0354237125000009
Bulk_878,0.0326917712499996
Bulk_879,0.0274748865624996
Bulk_880,-0.0084897093749995
Bulk_881,0.0329215375000009
Bulk_882,0.0246824578124993
Bulk_883,0.0011698615625004
Bulk_884,0.0245858571875006
Bulk_885,0.005602749374999
Bulk_886,0.000605110625
Bulk_887,-0.0214839087499996
Bulk_888,0.0330655262499997
Bulk_889,0.0115646403124998
Bulk_890,0.0335346568749992
Bulk_891,0.0402118959374995
Bulk_892,0.0135654456250007
Bulk_893,0.0360626390625
Bulk_894,0.0285341893749997
Bulk_895,0.0098119809375001
Bulk_896,0.0248094987500007
Bulk_897,0.00521153625
Bulk_898,0.046088079375
Bulk_899,0.0290992665624996
Bulk_900,0.0526264878124997
Bulk_901,-0.0109292899999999
Bulk_902,-0.0086379134375
Bulk_903,0.0188217237500003
Bulk_904,0.0188390287499986
Bulk_905,0.0225243700000001
Bulk_906,0.0198803837500003
Bulk_907,0.0238465165625001
Bulk_908,0.0046128737500001
Bulk_909,-0.0111556431250008
Bulk_910,0.0020495712499997
Bulk_911,0.0279929971874999
Bulk_912,0.0375694293750008
Bulk_913,-0.0043154925000008
Bulk_914,-0.0062637421875004
Bulk_915,0.0492777390624992
Bulk_916,0.0095921740625009
Bulk_917,0.0293622225000005
Bulk_918,-0.0077432396874996
Bulk_919,0.0097986024999991
Bulk_920,0.0726082534375009
Bulk_921,0.073781614375
Bulk_922,0.0118382468749995
Bulk_923,0.0153251037500004
Bulk_924,0.0054513546874996
Bulk_925,0.0472920656250002
Bulk_926,0.0090190462499997
Bulk_927,0.0099263587499995
Bulk_928,0.0150765340625005
Bulk_929,0.0127923406249985
Bulk_930,0.0828674565625009
Bulk_931,0.0412613334375002
Bulk_932,0.0211478178124995
Bulk_933,0.0695881015625001
Bulk_934,0.0506082959374998
Bulk_935,0.0308482040624999
Bulk_936,0.0342273893750002
Bulk_937,0.0114753953125008
Bulk_938,0.0307030009375006
Bulk_939,0.0299096943750001
Bulk_940,-0.0012197081250011
Bulk_941,0.0500861224999997
Bulk_942,0.0084141365625001
Bulk_943,-0.0241557009374995
Bulk_944,0.0211267596875002
Bulk_945,0.0279543293749986
Bulk_946,0.0407417443749995
Bulk_947,0.0104673475000005
Bulk_948,0.0286181274999997
Bulk_949,0.0186551165624999
Bulk_950,-0.0028517771874998
Bulk_951,0.0370574834374997
Bulk_952,0.0150725525000003
Bulk_953,0.0277765721875002
Bulk_954,0.0212064431250009
Bulk_955,0.0299750265625
Bulk_956,0.0466967978125003
Bulk_957,0.0220664840625
Bulk_958,0.0189301109374993
Bulk_959,0.0148034265625005
Bulk_960,0.0052436003125002
Bulk_961,0.0214630796874999
Bulk_962,0.0322329806249994
Bulk_963,0.0258561965624997
Bulk_964,0.0634314065624996
Bulk_965,0.0129075790624995
Bulk_966,0.0221894606249994
Bulk_967,0.0133600512499993
Bulk_968,0.0171083715624993
Bulk_969,0.0024619334375
Bulk_970,0.0048150131250004
Bulk_971,0.0138036756249997
Bulk_972,0.0080742693750002
Bulk_973,0.0134514296874996
Bulk_974,0.0444543106249994
Bulk_975,-0.0039541581250004
Bulk_976,0.0358004928125001
Bulk_977,0.0291930331249998
Bulk_978,0.0153897984375008
Bulk_979,0.0176660284375005
Bulk_980,0.0073609009374999
Bulk_981,0.0200152765624999
Bulk_982,0.0148855693750009
Bulk_983,0.0531960528125008
Bulk_984,0.0128887256250003
Bulk_985,0.0046579434374995
Bulk_986,0.0243149996874993
Bulk_987,0.0117712131250007
Bulk_988,0.0617385209374994
Bulk_989,0.0402489712500004
Bulk_990,0.0349263809374997
Bulk_991,0.0003035196874998
Bulk_992,0.0168474884374996
Bulk_993,0.0580740096875
Bulk_994,-0.0151082178125001
Bulk_995,0.0186795090625002
Bulk_996,0.0148678324999993
Bulk_997,0.0266315328125008
Bulk_998,0.0778032053124997
Bulk_999,0.0142976546874997
Bulk_1000,0.0122208212499996
Bulk_1001,0.0458767231249996
Bulk_1002,0.0201808665625007
Bulk_1003,-0.0162331649999991
Bulk_1004,0.0627096521875003
Bulk_1005,0.0155283375000001
Bulk_1006,0.0001445071874996
Bulk_1007,0.0293890653125012
Bulk_1008,-0.0081820187499994
Bulk_1009,0.009725419375
Bulk_1010,0.0361040968750012
Bulk_1011,-0.0064196890625005
Bulk_1012,0.0225771956250007
Bulk_1013,-0.0303181190624997
Bulk_1014,0.0265207156249998
Bulk_1015,0.0129994268749999
Bulk_1016,0.0136183912500005
Bulk_1017,0.0144075387500004
Bulk_1018,-0.0012413462499996
Bulk_1019,0.0217217653125008
Bulk_1020,0.0240623475000001
Bulk_1021,0.0088847725
Bulk_1022,0.0122852875000001
Bulk_1023,0.0631533231250003
Bulk_1024,0.0293283056249995
Bulk_1025,0.0166404606250001
Bulk_1026,0.0163709515625001
Bulk_1027,0.0215729987499999
Bulk_1028,0.0358563828125007
Bulk_1029,0.0224142187499998
Bulk_1030,0.018550695
Bulk_1031,0.0596092793749996
Bulk_1032,0.0584061971874998
Bulk_1033,0.0181798409375
Bulk_1034,0.0384113359375
Bulk_1035,0.0241429037499996
Bulk_1036,0.0213007546874992
Bulk_1037,0.0138701587499996
Bulk_1038,0.0044691606250006
Bulk_1039,0.0108421315625006
Bulk_1040,0.0340540415624994
Bulk_1041,0.0161939071874996
Bulk_1042,0.0007479012499995
Bulk_1043,0.0060071631250009
Bulk_1044,0.0168374206250003
Bulk_1045,0.0360802184375002
Bulk_1046,0.0398803118749997
Bulk_1047,0.0122438546875001
Bulk_1048,-0.0022048928125002
Bulk_1049,0.0292761959375003
Bulk_1050,0.0346166321874994
Bulk_1051,0.0116692062500005
Bulk_1052,0.042365733125
Bulk_1053,0.0069197531249995
Bulk_1054,0.034090214062501
Bulk_1055,0.0295290812499997
Bulk_1056,0.0390489318749995
Bulk_1057,0.0315407331250003
Bulk_1058,0.0488040450000006
Bulk_1059,0.0094339415625004
Bulk_1060,0.0376848459374992
Bulk_1061,0.0268338856249998
Bulk_1062,0.0116236559375
Bulk_1063,0.0542909868749994
Bulk_1064,0.0292869306250009
Bulk_1065,0.0289304865624995
Bulk_1066,0.0458599681249998
Bulk_1067,0.0181080334374987
Bulk_1068,0.0272025271874998
Bulk_1069,-0.0121195759375005
Bulk_1070,0.0295218596875006
Bulk_1071,-0.0076662128124995
Bulk_1072,0.0466190781250004
Bulk_1073,0.0559686796875
Bulk_1074,0.0168672190625001
Bulk_1075,0.0104896403125005
Bulk_1076,0.0312201353125001
Bulk_1077,0.0565168512500013
Bulk_1078,0.0289452365624995
Bulk_1079,0.0502944306249997
Bulk_1080,0.0342906712500008
Bulk_1081,0.0322762721875005
Bulk_1082,0.0517942181250008
Bulk_1083,0.0099274421875001
Bulk_1084,-0.0011642165625005
Bulk_1085,0.021246643125
Bulk_1086,0.0636212087500007
Bulk_1087,0.0068665656250006
Bulk_1088,0.0657550687500005
Bulk_1089,0.0045670853124999
Bulk_1090,0.0270139159375002
Bulk_1091,0.0603779253125003
Bulk_1092,0.0071930981249996
Bulk_1093,0.0381312903125001
Bulk_1094,0.0229225896875
Bulk_1095,0.0302256471875006
Bulk_1096,0.0547264996875007
Bulk_1097,0.0282329900000002
Bulk_1098,-0.0016088081250007
Bulk_1099,-0.0015297612499995
Slab_537,0.29012975944444375
Slab_538,0.27109837962962996
Slab_539,0.2604582927777783
Slab_540,0.2742340749999991
Slab_541,0.2395080198148144
Slab_542,0.21707841629629623
Slab_543,0.25451487055555594
Slab_544,0.23330513999999986
Slab_545,0.25207175833333256
Slab_546,0.23992129259259218
Slab_547,0.26804377314814937
Slab_548,0.27084739314814865
Slab_549,0.24050230685185275
Slab_550,0.23325912462963028
Slab_551,0.2679828670370373
Slab_552,0.29675006444444485
Slab_553,0.24107343537036952
Slab_554,0.21194118944444434
Slab_555,0.2716910620370367
Slab_556,0.2625033298148154
Slab_557,0.29644600962962986
Slab_558,0.21816690425925836
Slab_559,0.25641742333333234
Slab_560,0.24027906629629675
Slab_561,0.23368151907407483
Slab_562,0.25841635314814887
Slab_563,0.27290368481481486
Slab_564,0.2649891922222225
Slab_565,0.24813441425926003
Slab_566,0.24168769796296236
Slab_567,0.2337362329629621
Slab_568,0.25906993388888794
Slab_569,0.25740862851851937
Slab_570,0.24796563851851858
Slab_571,0.21695968944444466
Slab_572,0.260426860740741
Slab_573,0.2693669638888886
Slab_574,0.23642531444444456
Slab_575,0.25673497370370424
Slab_576,0.2395624074074076
Slab_577,0.2446003370370367
Slab_578,0.23959728833333388
Slab_579,0.2742599211111109
Slab_580,0.27715770148148205
Slab_581,0.24366245777777826
Slab_582,0.23640658944444437
Slab_583,0.24392631611111162
Slab_584,0.23615966574074163
Slab_585,0.267561996481481
Slab_586,0.26637402574073965
Slab_587,0.25090364074073973
Slab_588,0.2642861203703717
Slab_589,0.2828496588888893
Slab_590,0.2505554161111116
Slab_591,0.26848685185185284
Slab_592,0.2336903483333338
Slab_593,0.2641792429629622
Slab_594,0.2804670374074076
Slab_595,0.25837892277777785
Slab_596,0.24832785388889006
Slab_597,0.27628226981481574
Slab_598,0.23557003222222234
Slab_599,0.2509170175925935
Slab_600,0.27721819444444457
Slab_601,0.21965867555555588
Slab_602,0.27811767851851926
Slab_603,0.2531261196296302
Slab_604,0.2514100201851856
Slab_605,0.25112974314814834
Slab_606,0.2704531161111119
Slab_607,0.2548711255555563
Slab_608,0.27087766629629567
Slab_609,0.24196348499999995
Slab_610,0.2371207824074083
Slab_611,0.2508474872222219
Slab_612,0.2503447172222216
Slab_613,0.20912260092592622
Slab_614,0.300230361481481
Slab_615,0.2769089411111104
Slab_616,0.26543293500000054
Slab_617,0.2516018942592592
Slab_618,0.24078879296296427
Slab_619,0.2711072468518515
Slab_620,0.25543548407407424
Slab_621,0.2048925157407403
Slab_622,0.25915308981481644
Slab_623,0.24472605703703648
Slab_624,0.27581289166666645
Slab_625,0.2499166679629628
Slab_626,0.25797718185185237
Slab_627,0.21326864814814692
Slab_628,0.2786909335185181
Slab_629,0.26918681203703704
Slab_630,0.25620093796296334
Slab_631,0.2212905379629633
Slab_632,0.23437164981481512
Slab_633,0.25465536925925863
Slab_634,0.28727891777777853
Slab_635,0.31291605999999944
Slab_636,0.25098129462962976
Slab_637,0.2755629668518509
Slab_638,0.25635376425925877
Slab_639,0.3078457357407411
Slab_640,0.2673164020370372
Slab_641,0.2675759879629635
Slab_642,0.25611455018518564
Slab_643,0.2838286418518513
Slab_644,0.26442080925925926
Slab_645,0.2587347687037038
Slab_646,0.22480941537037114
Slab_647,0.28640731259259333
Slab_648,0.2553671635185182
Slab_649,0.22918864148148174
Slab_650,0.2671913901851842
Slab_651,0.2780030977777783
Slab_652,0.26816749425925984
Slab_653,0.26058004555555514
Slab_654,0.25817631759259313
Slab_655,0.2829974311111119
Slab_656,0.23203755055555503
Slab_657,0.24246179351851854
Slab_658,0.24420885666666614
Slab_659,0.26170820629629654
Slab_660,0.24470720240740804
Slab_661,0.2664515940740736
Slab_662,0.26486872351851837
Slab_663,0.2383950964814824
Slab_664,0.23576150611111021
Slab_665,0.2979082396296296
Slab_666,0.25578704240740746
Slab_667,0.26953315055555477
Slab_668,0.23555778648148223
Slab_669,0.22789254777777782
Slab_670,0.26901648629629554
Slab_671,0.26818922888888974
Slab_672,0.22403420166666718
Slab_673,0.23702114962963008
Slab_674,0.26231505907407454
Slab_675,0.23250653351851935
Slab_676,0.24447028203703813
Slab_677,0.27740713592592564
Slab_678,0.23762100037037023
Slab_679,0.21162195444444543
Slab_680,0.22936924500000036
Slab_681,0.2698842162962962
Slab_682,0.25548859999999934
Slab_683,0.28126209870370433
Slab_684,0.24037483481481559
Slab_685,0.25325184518518573
Slab_686,0.27913416185185197
Slab_687,0.24160057074074096
Slab_688,0.2371861450000002
Slab_689,0.2582101511111116
Slab_690,0.23299791462963
Slab_691,0.23689403925926017
Slab_692,0.24789821907407478
Slab_693,0.2481023325925925
Slab_694,0.22949153796296246
Slab_695,0.2784750875925934
Slab_696,0.2777999742592585
Slab_697,0.2591386740740749
Slab_698,0.2772693292592586
Slab_699,0.2473444429629631
Slab_700,0.2606999051851841
Slab_701,0.2701499961111111
Slab_702,0.26333955981481455
Slab_703,0.26730776833333314
Slab_704,0.28213380500000085
Slab_705,0.2890061431481475
Slab_706,0.20481189203703748
Slab_707,0.2682582729629625
Slab_708,0.2618448327777769
Slab_709,0.25967289277777655
Slab_710,0.281002938148149
Slab_711,0.24287627111111107
Slab_712,0.2518939275925923
Slab_713,0.23600729981481444
Slab_714,0.23057463888888788
Slab_715,0.20977347351851836
Slab_716,0.25448936277777745
Slab_717,0.24248880999999967
Slab_718,0.282896952222223
Slab_719,0.26375757759259216
Slab_720,0.26316636222222095
Slab_721,0.23256230185185173
Slab_722,0.21785241092592644
Slab_723,0.2710976696296299
Slab_724,0.24875517499999997
Slab_725,0.26942362351851906
Slab_726,0.22710340462963022
Slab_727,0.29243324388888864
Slab_728,0.2585172227777769
Slab_729,0.20295098611111098
Slab_730,0.27150416
Slab_731,0.24307483537037175
Slab_732,0.2604695948148156
Slab_733,0.2374010933333329
Slab_734,0.2574372331481485
Slab_735,0.24832455074074058
Slab_736,0.2523270011111118
Slab_737,0.25574424129629636
Slab_738,0.2750261774074082
Slab_739,0.29657371037037106
Slab_740,0.24989490481481494
Slab_741,0.3152186942592594
Slab_742,0.2304317938888887
Slab_743,0.25894093888888814
Slab_744,0.2495273468518517
Slab_745,0.2518948296296291
Slab_746,0.28225065796296334
Slab_747,0.21927060277777677
Slab_748,0.22647597444444467
Slab_749,0.2274470374074082
Slab_750,0.20930667870370326
Slab_751,0.23400892277777846
Slab_752,0.2264432696296305
Slab_753,0.27380340703703715
Slab_754,0.22795565592592745
Slab_755,0.24318717240740811
Slab_756,0.25852153537037054
Slab_757,0.2654595685185181
Slab_758,0.262481656481481
Slab_759,0.258563475000001
Slab_760,0.23675994648148183
Slab_761,0.2569316500000011
Slab_762,0.2205018914814816
Slab_763,0.26055083851851757
Slab_764,0.29093254666666774
Slab_765,0.2586298588888888
Slab_766,0.24599095592592513
Slab_767,0.22778026870370408
Slab_768,0.2589520581481479
Slab_769,0.2472886733333334
Slab_770,0.2584611390740745
Slab_771,0.2317508890740751
Slab_772,0.25811628722222174
Slab_773,0.28641640333333385
Slab_774,0.2500404788888899
Slab_775,0.240716990925925
Slab_776,0.26843044388888765
Slab_777,0.2945953574074083
Slab_778,0.3090163203703711
Slab_779,0.29039374981481575
Slab_780,0.24626100555555666
Slab_781,0.290152745370371
Slab_782,0.24175078481481563
Slab_783,0.22090798185185126
Slab_784,0.2596558022222226
Slab_785,0.2534671246296301
Slab_786,0.2759313651851848
Slab_787,0.27354557148148234
Slab_788,0.23784759851851808
Slab_789,0.24891237425925986
Slab_790,0.2607333312962962
Slab_791,0.279315625
Slab_792,0.2512860562962963
Slab_793,0.2608372368518501
Slab_794,0.2521418333333343
Slab_795,0.28953886592592604
Slab_796,0.2547002424074073
Slab_797,0.26258374796296274
Slab_798,0.24200883129629627
Slab_799,0.2202383494444449
Slab_800,0.24533501870370364
Slab_801,0.2537305944444441
Slab_802,0.2949157920370369
Slab_803,0.2685921948148154
Slab_804,0.2540049209259265
Slab_805,0.29760825666666596
Slab_806,0.28595717796296355
Slab_807,0.28802887592592624
Slab_808,0.312982759629629
Slab_809,0.26019818777777776
Slab_810,0.2413065318518519
Slab_811,0.2276525787037037
Slab_812,0.23308067370370342
Slab_813,0.25891868851851785
Slab_814,0.288188225
Slab_815,0.25209353018518577
Slab_816,0.2289056355555551
Slab_817,0.2678387542592599
Slab_818,0.2771866231481481
Slab_819,0.2690616574074067
Slab_820,0.23585443851851867
Slab_821,0.2472940364814812
Slab_822,0.21777901111111142
Slab_823,0.2675031174074065
Slab_824,0.24742447407407375
Slab_825,0.2770073957407406
Slab_826,0.2555158868518506
Slab_827,0.28078673240740826
Slab_828,0.23868751907407512
Slab_829,0.2487807175925925
Slab_830,0.2791025012962949
Slab_831,0.25784122092592604
Slab_832,0.22568644981481506
Slab_833,0.25602009759259237
Slab_834,0.2280563794444443
Slab_835,0.2611611927777778
Slab_836,0.26208035574074035
Slab_837,0.2308703687037042
Slab_838,0.2789952542592605
Slab_839,0.2894883220370361
Slab_840,0.24786106074074188
Slab_841,0.25504954370370464
Slab_842,0.2746576120370363
Slab_843,0.25505373796296266
Slab_844,0.25670022499999984
Slab_845,0.2762272587037042
Slab_846,0.2326064562962971
Slab_847,0.26143645203703686
Slab_848,0.2621736703703711
Slab_849,0.24387256388888862
Slab_850,0.2961579311111109
Slab_851,0.2713031868518512
Slab_852,0.2600654053703703
Slab_853,0.24274914648148216
Slab_854,0.23308480000000031
Slab_855,0.26589595370370384
Slab_856,0.22295598870370428
Slab_857,0.21268179685185162
Slab_858,0.2676629753703697
Slab_859,0.23247893574074185
Slab_860,0.26852130296296334
Slab_861,0.1992711424074074
Slab_862,0.23151508611111057
Slab_863,0.2821761250000002
Slab_864,0.30083819092592673
Slab_865,0.27268318444444406
Slab_866,0.26156544222222117
Slab_867,0.26506513814814947
Slab_868,0.23735813962963026
Slab_869,0.2304819409259256
Slab_870,0.24228298222222175
Slab_871,0.3125222909259264
Slab_872,0.2553711740740741
Slab_873,0.26960238148148125
Slab_874,0.28785108611111176
Slab_875,0.26213166555555745
Slab_876,0.23256882851851893
Slab_877,0.23289175666666725
Slab_878,0.2542725461111104
Slab_879,0.24294084129629645
Slab_880,0.224824403333333
Slab_881,0.2977891651851855
Slab_882,0.26742398240740733
Slab_883,0.22834174166666799
Slab_884,0.23968576870370312
Slab_885,0.24082276870370306
Slab_886,0.29476104055555546
Slab_887,0.23700261777777756
Slab_888,0.282563742592592
Slab_889,0.2541278988888888
Slab_890,0.23903017666666695
Slab_891,0.2472101761111105
Slab_892,0.22598805055555557
Slab_893,0.23158512907407405
Slab_894,0.2407892424074084
Slab_895,0.2441732042592601
Slab_896,0.24305089611111177
Slab_897,0.27889952240740684
Slab_898,0.22717354814814797
Slab_899,0.24806563925925904
Slab_900,0.25901374444444514
Slab_901,0.28794730129629476
Slab_902,0.30580864129629715
Slab_903,0.24637784018518602
Slab_904,0.2600738383333344
Slab_905,0.26357190888889037
Slab_906,0.3181413259259258
Slab_907,0.2168368342592586
Slab_908,0.22483706814814805
Slab_909,0.28358416518518464
Slab_910,0.24168939092592617
Slab_911,0.27287429259259155
Slab_912,0.271767479814815
Slab_913,0.2982633248148145
Slab_914,0.3078653212962963
Slab_915,0.27575591500000013
Slab_916,0.23126049592592587
Slab_917,0.2413154157407407
Slab_918,0.2582886364814827
Slab_919,0.23562165148148198
Slab_920,0.2553283607407416
Slab_921,0.2758006294444455
Slab_922,0.27424172000000047
Slab_923,0.26474373425926007
Slab_924,0.26433612092592673
Slab_925,0.24262413444444486
Slab_926,0.2518896007407418
Slab_927,0.20214693962962985
Slab_928,0.24528507777777922
Slab_929,0.28614559740740714
Slab_930,0.2429175301851861
Slab_931,0.23677608185185287
Slab_932,0.26528668796296245
Slab_933,0.24446823055555456
Slab_934,0.26315886851851905
Slab_935,0.27132882722222323
Slab_936,0.250040036481481
Slab_937,0.2657045903703708
Slab_938,0.2971829118518517
Slab_939,0.2458381618518512
Slab_940,0.21962264444444465
Slab_941,0.2537892107407408
Slab_942,0.28254165796296343
Slab_943,0.2388260259259259
Slab_944,0.2856580598148134
Slab_945,0.26488064055555616
Slab_946,0.2679879914814815
Slab_947,0.2461558107407408
Slab_948,0.26652301425925917
Slab_949,0.2515106038888893
Slab_950,0.26465088722222235
Slab_951,0.2911411690740743
Slab_952,0.2764468329629629
Slab_953,0.25213772314814864
Slab_954,0.25007690388888876
Slab_955,0.18760850555555655
Slab_956,0.24953189925925987
Slab_957,0.26603657407407394
Slab_958,0.2420615544444447
Slab_959,0.26775184888888953
Slab_960,0.2546702409259246
Slab_961,0.24611589759259309
Slab_962,0.2778223092592603
Slab_963,0.22195342166666718
Slab_964,0.2569815972222216
Slab_965,0.2518959464814827
Slab_966,0.2957866777777785
Slab_967,0.27749427944444466
Slab_968,0.2791566329629634
Slab_969,0.2932995044444445
Slab_970,0.2516756327777782
Slab_971,0.3084567444444438
Slab_972,0.26416818907407413
Slab_973,0.24462632425926
Slab_974,0.29023114703703723
Slab_975,0.2230675416666667
Slab_976,0.2597270651851865
Slab_977,0.2300143305555564
Slab_978,0.30130127462963
Slab_979,0.2674152261111113
Slab_980,0.26345209870370395
Slab_981,0.2571729577777767
Slab_982,0.24471597759259323
Slab_983,0.2682349362962963
Slab_984,0.2809601955555565
Slab_985,0.2708188420370374
Slab_986,0.24317529296296328
Slab_987,0.2529996062962962
Slab_988,0.25094132944444475
Slab_989,0.24381803444444472
Slab_990,0.21928734259259175
Slab_991,0.2666291427777773
Slab_992,0.3100029331481477
Slab_993,0.24129729981481457
Slab_994,0.2736958051851843
Slab_995,0.2747365372222227
Slab_996,0.2788657053703713
Slab_997,0.25283907833333313
Slab_998,0.27857093129629495
Slab_999,0.20197260259259212
Slab_1000,0.2362422862962961
Slab_1001,0.269421404074074
Slab_1002,0.28642534962963007
Slab_1003,0.22751134537036966
Slab_1004,0.29035542888888805
Slab_1005,0.3038139761111101
Slab_1006,0.2622488477777783
Slab_1007,0.2690531783333338
Slab_1008,0.2673357992592592
Slab_1009,0.238898733518518
Slab_1010,0.257495879074073
Slab_1011,0.24760527981481395
Slab_1012,0.2979130687037039
Slab_1013,0.2698123003703714
Slab_1014,0.2770027168518528
Slab_1015,0.2599440735185186
Slab_1016,0.2552717970370374
Slab_1017,0.2702606603703701
Slab_1018,0.2607263887037037
Slab_1019,0.2547847398148151
Slab_1020,0.2688721079629625
Slab_1021,0.2728236857407414
Slab_1022,0.25381427462962985
Slab_1023,0.25232963833333444
Slab_1024,0.2306806290740745
Slab_1025,0.2615035805555555
Slab_1026,0.2582151274074081
Slab_1027,0.2524662359259261
Slab_1028,0.28863514314814837
Slab_1029,0.2270200400000009
Slab_1030,0.28133850037036934
Slab_1031,0.23008990944444463
Slab_1032,0.29302970203703654
Slab_1033,0.2730306325925927
Slab_1034,0.2822775164814825
Slab_1035,0.20755325851851897
Slab_1036,0.2639887146296305
Slab_1037,0.23182708111111155
Slab_1038,0.2631405537037042
Slab_1039,0.2524450840740731
Slab_1040,0.21714225055555508
Slab_1041,0.2187042646296304
Slab_1042,0.2895323640740744
Slab_1043,0.2603370461111109
Slab_1044,0.23982877111111142
Slab_1045,0.28771658833333325
Slab_1046,0.2705767798148147
Slab_1047,0.26702771574074047
Slab_1048,0.252556982777779
Slab_1049,0.24401036759259345
Slab_1050,0.2532516249999996
Slab_1051,0.2276397435185189
Slab_1052,0.23546839425925883
Slab_1053,0.26050287203703754
Slab_1054,0.2643069783333342
Slab_1055,0.24785012074074148
Slab_1056,0.25487515092592616
Slab_1057,0.25056478537036947
Slab_1058,0.2546126364814814
Slab_1059,0.2611022031481485
Slab_1060,0.2635365059259256
Slab_1061,0.27708679500000033
Slab_1062,0.18725715851851882
Slab_1063,0.3155046296296291
Slab_1064,0.27276371296296303
Slab_1065,0.2745291481481489
Slab_1066,0.25118723055555636
Slab_1067,0.22915438722222242
Slab_1068,0.2570486031481483
Slab_1069,0.259334792777779
Slab_1070,0.23012565814814756
Slab_1071,0.27155150740740647
Slab_1072,0.2729643335185185
Slab_1073,0.24289913092592505
Slab_1074,0.27346183555555587
Slab_1075,0.26147579666666665
Slab_1076,0.23146660407407446
Slab_1077,0.2435895135185191
Slab_1078,0.26104429351851804
Slab_1079,0.2787417361111106
Slab_1080,0.2539015312962963
Slab_1081,0.27850315222222255
Slab_1082,0.2758157766666666
Slab_1083,0.2733438340740743
Slab_1084,0.23740393296296142
Slab_1085,0.23110576092592636
Slab_1086,0.2701888379629622
Slab_1087,0.20349559592592556
Slab_1088,0.2392209762962965
Slab_1089,0.25616326018518554
Slab_1090,0.26531541703703576
Slab_1091,0.27761440981481444
Slab_1092,0.2859245424074078
Slab_1093,0.2706567494444456
Slab_1094,0.28148519666666727
Slab_1095,0.2458449994444436
Slab_1096,0.28280237296296257
Slab_1097,0.25105855370370445
Slab_1098,0.24720896055555597
Slab_1099,0.30802300092592555
