facet,site,element,bin_index,bin_left_eV,bin_center_eV,bin_right_eV,weighted_site_count,raw_probability_density_eV_inv,smoothed_probability_density_eV_inv
fcc(100),hollow,Fe,0,-0.5758628359518279,-0.5702130951751428,-0.5645633543984578,0.0,0.0,3.4123133435896e-05
fcc(100),hollow,Fe,1,-0.5645633543984578,-0.5589136136217729,-0.5532638728450879,0.0,0.0,0.00025213774722913197
fcc(100),hollow,Fe,2,-0.5532638728450879,-0.5476141320684029,-0.5419643912917179,0.0,0.0,0.0011975185201610799
fcc(100),hollow,Fe,3,-0.5419643912917179,-0.5363146505150329,-0.530664909738348,0.0,0.0,0.0036658294480011243
fcc(100),hollow,Fe,4,-0.530664909738348,-0.525015168961663,-0.519365428184978,0.0,0.0,0.0073540916327429
fcc(100),hollow,Fe,5,-0.519365428184978,-0.5137156874082931,-0.5080659466316081,0.75,0.033187363351919276,0.01027334769639452
fcc(100),hollow,Fe,6,-0.5080659466316081,-0.5024162058549231,-0.4967664650782381,0.0,0.0,0.011901003602835449
fcc(100),hollow,Fe,7,-0.4967664650782381,-0.49111672430155306,-0.4854669835248681,0.0,0.0,0.014446961167343616
fcc(100),hollow,Fe,8,-0.4854669835248681,-0.47981724274818316,-0.47416750197149815,0.75,0.033187363351919276,0.018033325933271036
fcc(100),hollow,Fe,9,-0.47416750197149815,-0.46851776119481314,-0.4628680204181282,0.75,0.033187363351919276,0.020964505602418495
fcc(100),hollow,Fe,10,-0.4628680204181282,-0.45721827964144324,-0.45156853886475823,0.0,0.0,0.027296460541291007
fcc(100),hollow,Fe,11,-0.45156853886475823,-0.4459187980880732,-0.4402690573113882,0.0,0.0,0.044709092149772395
fcc(100),hollow,Fe,12,-0.4402690573113882,-0.43461931653470326,-0.4289695757580183,2.5,0.1106245445063976,0.0727958158046441
fcc(100),hollow,Fe,13,-0.4289695757580183,-0.4233198349813333,-0.4176700942046483,2.0,0.08849963560511807,0.1024626645465113
fcc(100),hollow,Fe,14,-0.4176700942046483,-0.4120203534279633,-0.40637061265127833,3.25,0.14381190785831688,0.12473338022424618
fcc(100),hollow,Fe,15,-0.40637061265127833,-0.4007208718745934,-0.39507113109790837,4.0,0.17699927121023615,0.1348862437927465
fcc(100),hollow,Fe,16,-0.39507113109790837,-0.38942139032122336,-0.3837716495445384,2.5,0.1106245445063976,0.13695614863180772
fcc(100),hollow,Fe,17,-0.3837716495445384,-0.37812190876785345,-0.37247216799116845,3.0,0.1327494534076771,0.14544488446842435
fcc(100),hollow,Fe,18,-0.37247216799116845,-0.36682242721448344,-0.36117268643779843,1.75,0.07743718115447831,0.1724884184102425
fcc(100),hollow,Fe,19,-0.36117268643779843,-0.3555229456611135,-0.3498732048844285,7.25,0.320811179068553,0.2141144242072975
fcc(100),hollow,Fe,20,-0.3498732048844285,-0.3442234641077435,-0.3385737233310585,4.25,0.1880617256608759,0.2579832797417205
fcc(100),hollow,Fe,21,-0.3385737233310585,-0.3329239825543735,-0.32727424177768855,7.5,0.3318736335191928,0.29721042099010747
fcc(100),hollow,Fe,22,-0.32727424177768855,-0.3216245010010036,-0.3159747602243186,8.25,0.36506099687111204,0.32846003836558607
fcc(100),hollow,Fe,23,-0.3159747602243186,-0.3103250194476336,-0.3046752786709486,7.0,0.30974872461791325,0.3512267875032743
fcc(100),hollow,Fe,24,-0.3046752786709486,-0.29902553789426367,-0.29337579711757866,9.75,0.43143572357495064,0.3716892695815054
fcc(100),hollow,Fe,25,-0.29337579711757866,-0.28772605634089365,-0.2820763155642087,6.5,0.28762381571663376,0.40034635362506293
fcc(100),hollow,Fe,26,-0.2820763155642087,-0.27642657478752375,-0.27077683401083874,11.5,0.5088729047294289,0.4464717248796539
fcc(100),hollow,Fe,27,-0.27077683401083874,-0.26512709323415373,-0.2594773524574687,9.5,0.42037326912431083,0.5146818102115215
fcc(100),hollow,Fe,28,-0.2594773524574687,-0.2538276116807837,-0.24817787090409876,13.25,0.5863100858839072,0.6005593206871616
fcc(100),hollow,Fe,29,-0.24817787090409876,-0.24252813012741378,-0.2368783893507288,17.5,0.7743718115447832,0.6835654357775282
fcc(100),hollow,Fe,30,-0.2368783893507288,-0.23122864857404382,-0.22557890779735884,18.25,0.8075591748967024,0.7407367749607168
fcc(100),hollow,Fe,31,-0.22557890779735884,-0.21992916702067386,-0.21427942624398888,15.25,0.6748097214890253,0.76748759255475
fcc(100),hollow,Fe,32,-0.21427942624398888,-0.2086296854673039,-0.20297994469061892,21.5,0.9513710827550192,0.7702633327001309
fcc(100),hollow,Fe,33,-0.20297994469061892,-0.19733020391393394,-0.19168046313724896,15.0,0.6637472670383856,0.7617364146031436
fcc(100),hollow,Fe,34,-0.19168046313724896,-0.18603072236056398,-0.180380981583879,14.75,0.6526848125877458,0.7610535686800411
fcc(100),hollow,Fe,35,-0.180380981583879,-0.17473124080719402,-0.16908150003050904,20.75,0.9181837194031001,0.7664312907428452
fcc(100),hollow,Fe,36,-0.16908150003050904,-0.16343175925382403,-0.15778201847713902,17.5,0.7743718115447832,0.7543175392395925
fcc(100),hollow,Fe,37,-0.15778201847713902,-0.15213227770045404,-0.14648253692376906,15.25,0.6748097214890253,0.7159928640263453
fcc(100),hollow,Fe,38,-0.14648253692376906,-0.14083279614708408,-0.1351830553703991,17.0,0.7522469026435036,0.6620874212961195
fcc(100),hollow,Fe,39,-0.1351830553703991,-0.12953331459371412,-0.12388357381702914,12.0,0.5309978136307084,0.6080544253412964
fcc(100),hollow,Fe,40,-0.12388357381702914,-0.11823383304034416,-0.11258409226365917,11.25,0.4978104502787892,0.5666638563761667
fcc(100),hollow,Fe,41,-0.11258409226365917,-0.1069343514869742,-0.10128461071028921,14.75,0.6526848125877458,0.5334469077059156
fcc(100),hollow,Fe,42,-0.10128461071028921,-0.09563486993360423,-0.08998512915691925,9.75,0.43143572357495064,0.4911873786620791
fcc(100),hollow,Fe,43,-0.08998512915691925,-0.08433538838023424,-0.07868564760354924,12.0,0.5309978136307084,0.4332366037708625
fcc(100),hollow,Fe,44,-0.07868564760354924,-0.07303590682686428,-0.06738616605017933,6.25,0.27656136126599395,0.36828911761232414
fcc(100),hollow,Fe,45,-0.06738616605017933,-0.06173642527349432,-0.056086684496809314,7.5,0.3318736335191928,0.30686290235271607
fcc(100),hollow,Fe,46,-0.056086684496809314,-0.05043694372012436,-0.04478720294343941,5.75,0.25443645236471446,0.24970876270913683
fcc(100),hollow,Fe,47,-0.04478720294343941,-0.0391374621667544,-0.03348772139006939,4.5,0.19912418011151567,0.1944083508356896
fcc(100),hollow,Fe,48,-0.03348772139006939,-0.027837980613384383,-0.022188239836699375,2.5,0.1106245445063976,0.14753101123963178
fcc(100),hollow,Fe,49,-0.022188239836699375,-0.016538499060014422,-0.01088875828332947,1.5,0.06637472670383855,0.11926395195301202
fcc(100),hollow,Fe,50,-0.01088875828332947,-0.005239017506644461,0.0004107232700405472,3.0,0.1327494534076771,0.10936601191806052
fcc(100),hollow,Fe,51,0.0004107232700405472,0.0060604640467255,0.011710204823410453,2.25,0.09956209005575783,0.10737558799837034
fcc(100),hollow,Fe,52,0.011710204823410453,0.01735994560009546,0.02300968637678047,2.75,0.12168699895703736,0.10453838229925606
fcc(100),hollow,Fe,53,0.02300968637678047,0.028659427153465422,0.034309167930150375,1.75,0.07743718115447831,0.0971417592952712
fcc(100),hollow,Fe,54,0.034309167930150375,0.03995890870683538,0.04560864948352039,3.0,0.1327494534076771,0.08163969195911376
fcc(100),hollow,Fe,55,0.04560864948352039,0.0512583902602054,0.05690813103689041,1.25,0.0553122722531988,0.057149289370274234
fcc(100),hollow,Fe,56,0.05690813103689041,0.06255787181357536,0.06820761259026031,0.0,0.0,0.03149839210319303
fcc(100),hollow,Fe,57,0.06820761259026031,0.07385735336694532,0.07950709414363033,0.0,0.0,0.014701763732448957
fcc(100),hollow,Fe,58,0.07950709414363033,0.08515683492031528,0.09080657569700024,0.25,0.01106245445063976,0.008464687259113689
fcc(100),hollow,Fe,59,0.09080657569700024,0.09645631647368524,0.10210605725037025,0.0,0.0,0.007738256563958367
fcc(100),hollow,Fe,60,0.10210605725037025,0.1077557980270552,0.11340553880374016,0.5,0.02212490890127952,0.007729010332884688
fcc(100),hollow,Fe,61,0.11340553880374016,0.11905527958042517,0.12470502035711017,0.0,0.0,0.007120961463742554
fcc(100),hollow,Fe,62,0.12470502035711017,0.13035476113379513,0.13600450191048008,0.0,0.0,0.007278316569824707
fcc(100),hollow,Fe,63,0.13600450191048008,0.1416542426871651,0.1473039834638501,0.25,0.01106245445063976,0.008461850698298221
fcc(100),hollow,Fe,64,0.1473039834638501,0.1529537242405351,0.1586034650172201,0.5,0.02212490890127952,0.008409457380205035
fcc(100),hollow,Fe,65,0.1586034650172201,0.16425320579390507,0.16990294657059002,0.0,0.0,0.005944217691189772
fcc(100),hollow,Fe,66,0.16990294657059002,0.17555268734727503,0.18120242812396004,0.0,0.0,0.0028193233790893626
fcc(100),hollow,Fe,67,0.18120242812396004,0.186852168900645,0.19250190967732994,0.0,0.0,0.0008804175878347979
fcc(100),hollow,Fe,68,0.19250190967732994,0.19815165045401495,0.20380139123069996,0.0,0.0,0.00017946620929805331
fcc(100),hollow,Fe,69,0.20380139123069996,0.2094511320073849,0.21510087278406986,0.0,0.0,2.3735759631747098e-05
fcc(100),hollow,Fe,70,0.21510087278406986,0.22075061356075487,0.22640035433743988,0.0,0.0,1.9740080156328624e-06
fcc(100),hollow,Fe,71,0.22640035433743988,0.23205009511412483,0.23769983589080979,0.0,0.0,0.0
fcc(100),hollow,Fe,72,0.23769983589080979,0.2433495766674948,0.2489993174441798,0.0,0.0,0.0
fcc(100),hollow,Fe,73,0.2489993174441798,0.2546490582208648,0.2602987989975498,0.0,0.0,0.0
fcc(100),hollow,Fe,74,0.2602987989975498,0.26594853977423477,0.2715982805509197,0.0,0.0,0.0
fcc(100),hollow,Fe,75,0.2715982805509197,0.27724802132760473,0.28289776210428974,0.0,0.0,0.0
fcc(100),hollow,Fe,76,0.28289776210428974,0.2885475028809747,0.29419724365765965,0.0,0.0,0.0
fcc(100),hollow,Fe,77,0.29419724365765965,0.29984698443434465,0.30549672521102966,0.0,0.0,0.0
fcc(100),hollow,Fe,78,0.30549672521102966,0.3111464659877146,0.31679620676439957,0.0,0.0,0.0
fcc(100),hollow,Fe,79,0.31679620676439957,0.3224459475410846,0.3280956883177696,0.0,0.0,0.0
fcc(100),hollow,Fe,80,0.3280956883177696,0.3337454290944546,0.3393951698711396,0.0,0.0,0.0
fcc(100),hollow,Fe,81,0.3393951698711396,0.34504491064782455,0.3506946514245095,0.0,0.0,0.0
fcc(100),hollow,Fe,82,0.3506946514245095,0.3563443922011945,0.3619941329778795,0.0,0.0,0.0
fcc(100),hollow,Fe,83,0.3619941329778795,0.3676438737545645,0.37329361453124943,0.0,0.0,0.0
fcc(100),hollow,Fe,84,0.37329361453124943,0.37894335530793444,0.38459309608461945,0.0,0.0,0.0
fcc(100),hollow,Fe,85,0.38459309608461945,0.3902428368613044,0.39589257763798935,0.0,0.0,0.0
fcc(100),hollow,Fe,86,0.39589257763798935,0.40154231841467436,0.40719205919135937,0.0,0.0,0.0
fcc(100),hollow,Fe,87,0.40719205919135937,0.4128417999680444,0.4184915407447294,0.0,0.0,0.0
fcc(100),hollow,Fe,88,0.4184915407447294,0.4241412815214144,0.4297910222980994,0.0,0.0,0.0
fcc(100),hollow,Fe,89,0.4297910222980994,0.4354407630747843,0.44109050385146914,0.0,0.0,0.0
fcc(100),hollow,Co,0,-0.5758628359518279,-0.5702130951751428,-0.5645633543984578,0.0,0.0,1.1374377811965334e-05
fcc(100),hollow,Co,1,-0.5645633543984578,-0.5589136136217729,-0.5532638728450879,0.0,0.0,8.404591574304399e-05
fcc(100),hollow,Co,2,-0.5532638728450879,-0.5476141320684029,-0.5419643912917179,0.0,0.0,0.0003981858360458769
fcc(100),hollow,Co,3,-0.5419643912917179,-0.5363146505150329,-0.530664909738348,0.0,0.0,0.0012095817675139265
fcc(100),hollow,Co,4,-0.530664909738348,-0.525015168961663,-0.519365428184978,0.0,0.0,0.0023559435840259575
fcc(100),hollow,Co,5,-0.519365428184978,-0.5137156874082931,-0.5080659466316081,0.25,0.01106245445063976,0.0029422174803425865
fcc(100),hollow,Co,6,-0.5080659466316081,-0.5024162058549231,-0.4967664650782381,0.0,0.0,0.0023589045960494067
fcc(100),hollow,Co,7,-0.4967664650782381,-0.49111672430155306,-0.4854669835248681,0.0,0.0,0.0012476529169810882
fcc(100),hollow,Co,8,-0.4854669835248681,-0.47981724274818316,-0.47416750197149815,0.0,0.0,0.000699769110554136
fcc(100),hollow,Co,9,-0.47416750197149815,-0.46851776119481314,-0.4628680204181282,0.0,0.0,0.0016642326141319776
fcc(100),hollow,Co,10,-0.4628680204181282,-0.45721827964144324,-0.45156853886475823,0.0,0.0,0.005617505210780738
fcc(100),hollow,Co,11,-0.45156853886475823,-0.4459187980880732,-0.4402690573113882,0.0,0.0,0.013873155978756423
fcc(100),hollow,Co,12,-0.4402690573113882,-0.43461931653470326,-0.4289695757580183,0.75,0.033187363351919276,0.024967758072035832
fcc(100),hollow,Co,13,-0.4289695757580183,-0.4233198349813333,-0.4176700942046483,1.0,0.04424981780255904,0.034547471342990146
fcc(100),hollow,Co,14,-0.4176700942046483,-0.4120203534279633,-0.40637061265127833,1.0,0.04424981780255904,0.03909417647444657
fcc(100),hollow,Co,15,-0.40637061265127833,-0.4007208718745934,-0.39507113109790837,1.0,0.04424981780255904,0.03813616390330295
fcc(100),hollow,Co,16,-0.39507113109790837,-0.38942139032122336,-0.3837716495445384,0.75,0.033187363351919276,0.03319535067981263
fcc(100),hollow,Co,17,-0.3837716495445384,-0.37812190876785345,-0.37247216799116845,0.75,0.033187363351919276,0.02742839786820515
fcc(100),hollow,Co,18,-0.37247216799116845,-0.36682242721448344,-0.36117268643779843,0.0,0.0,0.02665108939645996
fcc(100),hollow,Co,19,-0.36117268643779843,-0.3555229456611135,-0.3498732048844285,0.5,0.02212490890127952,0.03707214199026698
fcc(100),hollow,Co,20,-0.3498732048844285,-0.3442234641077435,-0.3385737233310585,0.75,0.033187363351919276,0.058499495844593415
fcc(100),hollow,Co,21,-0.3385737233310585,-0.3329239825543735,-0.32727424177768855,3.0,0.1327494534076771,0.08193746258203469
fcc(100),hollow,Co,22,-0.32727424177768855,-0.3216245010010036,-0.3159747602243186,2.25,0.09956209005575783,0.09992393073536625
fcc(100),hollow,Co,23,-0.3159747602243186,-0.3103250194476336,-0.3046752786709486,2.0,0.08849963560511807,0.117872264648799
fcc(100),hollow,Co,24,-0.3046752786709486,-0.29902553789426367,-0.29337579711757866,2.75,0.12168699895703736,0.14754481568940309
fcc(100),hollow,Co,25,-0.29337579711757866,-0.28772605634089365,-0.2820763155642087,3.75,0.1659368167595964,0.19027116129814933
fcc(100),hollow,Co,26,-0.2820763155642087,-0.27642657478752375,-0.27077683401083874,6.75,0.2986862701672735,0.232975857579735
fcc(100),hollow,Co,27,-0.27077683401083874,-0.26512709323415373,-0.2594773524574687,6.5,0.28762381571663376,0.2659952246883141
fcc(100),hollow,Co,28,-0.2594773524574687,-0.2538276116807837,-0.24817787090409876,5.0,0.2212490890127952,0.3001104851391104
fcc(100),hollow,Co,29,-0.24817787090409876,-0.24252813012741378,-0.2368783893507288,7.0,0.30974872461791325,0.35105086107703803
fcc(100),hollow,Co,30,-0.2368783893507288,-0.23122864857404382,-0.22557890779735884,11.0,0.4867479958281494,0.4136926581688698
fcc(100),hollow,Co,31,-0.22557890779735884,-0.21992916702067386,-0.21427942624398888,10.25,0.45356063247623013,0.470364541646915
fcc(100),hollow,Co,32,-0.21427942624398888,-0.2086296854673039,-0.20297994469061892,12.75,0.5641851769826277,0.5161957459505887
fcc(100),hollow,Co,33,-0.20297994469061892,-0.19733020391393394,-0.19168046313724896,11.0,0.4867479958281494,0.5639616347423978
fcc(100),hollow,Co,34,-0.19168046313724896,-0.18603072236056398,-0.180380981583879,14.0,0.6194974492358265,0.6283657738570472
fcc(100),hollow,Co,35,-0.180380981583879,-0.17473124080719402,-0.16908150003050904,15.0,0.6637472670383856,0.7052881414276541
fcc(100),hollow,Co,36,-0.16908150003050904,-0.16343175925382403,-0.15778201847713902,20.75,0.9181837194031001,0.7681588496534761
fcc(100),hollow,Co,37,-0.15778201847713902,-0.15213227770045404,-0.14648253692376906,18.5,0.8186216293473422,0.7944031035400743
fcc(100),hollow,Co,38,-0.14648253692376906,-0.14083279614708408,-0.1351830553703991,17.25,0.7633093570941434,0.7910382239994744
fcc(100),hollow,Co,39,-0.1351830553703991,-0.12953331459371412,-0.12388357381702914,17.75,0.7854342659954229,0.7827496715786261
fcc(100),hollow,Co,40,-0.12388357381702914,-0.11823383304034416,-0.11258409226365917,16.5,0.7301219937422241,0.7851700019107878
fcc(100),hollow,Co,41,-0.11258409226365917,-0.1069343514869742,-0.10128461071028921,18.75,0.829684083797982,0.7943531237111895
fcc(100),hollow,Co,42,-0.10128461071028921,-0.09563486993360423,-0.08998512915691925,18.5,0.8186216293473422,0.7904712176671548
fcc(100),hollow,Co,43,-0.08998512915691925,-0.08433538838023424,-0.07868564760354924,19.75,0.873933901600541,0.7546721953545124
fcc(100),hollow,Co,44,-0.07868564760354924,-0.07303590682686428,-0.06738616605017933,14.0,0.6194974492358265,0.6892467975997432
fcc(100),hollow,Co,45,-0.06738616605017933,-0.06173642527349432,-0.056086684496809314,14.5,0.641622358137106,0.615506926431326
fcc(100),hollow,Co,46,-0.056086684496809314,-0.05043694372012436,-0.04478720294343941,11.0,0.4867479958281494,0.5520250951713479
fcc(100),hollow,Co,47,-0.04478720294343941,-0.0391374621667544,-0.03348772139006939,11.75,0.5199353591800687,0.5023696732853564
fcc(100),hollow,Co,48,-0.03348772139006939,-0.027837980613384383,-0.022188239836699375,10.5,0.4646230869268699,0.4593523281960074
fcc(100),hollow,Co,49,-0.022188239836699375,-0.016538499060014422,-0.01088875828332947,9.25,0.4093108146736711,0.4158076334741835
fcc(100),hollow,Co,50,-0.01088875828332947,-0.005239017506644461,0.0004107232700405472,9.0,0.39824836022303134,0.37179065029823405
fcc(100),hollow,Co,51,0.0004107232700405472,0.0060604640467255,0.011710204823410453,6.0,0.2654989068153542,0.33293597088026716
fcc(100),hollow,Co,52,0.011710204823410453,0.01735994560009546,0.02300968637678047,7.25,0.320811179068553,0.30004842462567494
fcc(100),hollow,Co,53,0.02300968637678047,0.028659427153465422,0.034309167930150375,7.25,0.320811179068553,0.2641939137051572
fcc(100),hollow,Co,54,0.034309167930150375,0.03995890870683538,0.04560864948352039,4.25,0.1880617256608759,0.22065226732398177
fcc(100),hollow,Co,55,0.04560864948352039,0.0512583902602054,0.05690813103689041,3.5,0.15487436230895663,0.17638280182678578
fcc(100),hollow,Co,56,0.05690813103689041,0.06255787181357536,0.06820761259026031,3.75,0.1659368167595964,0.13800439020417024
fcc(100),hollow,Co,57,0.06820761259026031,0.07385735336694532,0.07950709414363033,1.5,0.06637472670383855,0.10785731806550902
fcc(100),hollow,Co,58,0.07950709414363033,0.08515683492031528,0.09080657569700024,1.75,0.07743718115447831,0.0888842415073208
fcc(100),hollow,Co,59,0.09080657569700024,0.09645631647368524,0.10210605725037025,1.75,0.07743718115447831,0.08103975100900601
fcc(100),hollow,Co,60,0.10210605725037025,0.1077557980270552,0.11340553880374016,1.5,0.06637472670383855,0.07728136056820514
fcc(100),hollow,Co,61,0.11340553880374016,0.11905527958042517,0.12470502035711017,3.0,0.1327494534076771,0.06816740127359988
fcc(100),hollow,Co,62,0.12470502035711017,0.13035476113379513,0.13600450191048008,0.25,0.01106245445063976,0.051428073348166806
fcc(100),hollow,Co,63,0.13600450191048008,0.1416542426871651,0.1473039834638501,0.75,0.033187363351919276,0.03355648941422302
fcc(100),hollow,Co,64,0.1473039834638501,0.1529537242405351,0.1586034650172201,0.5,0.02212490890127952,0.019929068516070108
fcc(100),hollow,Co,65,0.1586034650172201,0.16425320579390507,0.16990294657059002,0.0,0.0,0.011032106357996533
fcc(100),hollow,Co,66,0.16990294657059002,0.17555268734727503,0.18120242812396004,0.0,0.0,0.006196125100724968
fcc(100),hollow,Co,67,0.18120242812396004,0.186852168900645,0.19250190967732994,0.25,0.01106245445063976,0.004013945325569234
fcc(100),hollow,Co,68,0.19250190967732994,0.19815165045401495,0.20380139123069996,0.0,0.0,0.002559145552955758
fcc(100),hollow,Co,69,0.20380139123069996,0.2094511320073849,0.21510087278406986,0.0,0.0,0.0012352915351613065
fcc(100),hollow,Co,70,0.21510087278406986,0.22075061356075487,0.22640035433743988,0.0,0.0,0.0004001598440615098
fcc(100),hollow,Co,71,0.22640035433743988,0.23205009511412483,0.23769983589080979,0.0,0.0,8.404591574304399e-05
fcc(100),hollow,Co,72,0.23769983589080979,0.2433495766674948,0.2489993174441798,0.0,0.0,1.1374377811965334e-05
fcc(100),hollow,Co,73,0.2489993174441798,0.2546490582208648,0.2602987989975498,0.0,0.0,9.870040078164312e-07
fcc(100),hollow,Co,74,0.2602987989975498,0.26594853977423477,0.2715982805509197,0.0,0.0,0.0
fcc(100),hollow,Co,75,0.2715982805509197,0.27724802132760473,0.28289776210428974,0.0,0.0,0.0
fcc(100),hollow,Co,76,0.28289776210428974,0.2885475028809747,0.29419724365765965,0.0,0.0,0.0
fcc(100),hollow,Co,77,0.29419724365765965,0.29984698443434465,0.30549672521102966,0.0,0.0,0.0
fcc(100),hollow,Co,78,0.30549672521102966,0.3111464659877146,0.31679620676439957,0.0,0.0,9.870040078164312e-07
fcc(100),hollow,Co,79,0.31679620676439957,0.3224459475410846,0.3280956883177696,0.0,0.0,1.1374377811965334e-05
fcc(100),hollow,Co,80,0.3280956883177696,0.3337454290944546,0.3393951698711396,0.0,0.0,8.404591574304399e-05
fcc(100),hollow,Co,81,0.3393951698711396,0.34504491064782455,0.3506946514245095,0.0,0.0,0.0003981858360458769
fcc(100),hollow,Co,82,0.3506946514245095,0.3563443922011945,0.3619941329778795,0.0,0.0,0.0012095817675139265
fcc(100),hollow,Co,83,0.3619941329778795,0.3676438737545645,0.37329361453124943,0.0,0.0,0.0023559435840259575
fcc(100),hollow,Co,84,0.37329361453124943,0.37894335530793444,0.38459309608461945,0.25,0.01106245445063976,0.0029422174803425865
fcc(100),hollow,Co,85,0.38459309608461945,0.3902428368613044,0.39589257763798935,0.0,0.0,0.0023559435840259575
fcc(100),hollow,Co,86,0.39589257763798935,0.40154231841467436,0.40719205919135937,0.0,0.0,0.0012095817675139265
fcc(100),hollow,Co,87,0.40719205919135937,0.4128417999680444,0.4184915407447294,0.0,0.0,0.0003981858360458769
fcc(100),hollow,Co,88,0.4184915407447294,0.4241412815214144,0.4297910222980994,0.0,0.0,8.404591574304399e-05
fcc(100),hollow,Co,89,0.4297910222980994,0.4354407630747843,0.44109050385146914,0.0,0.0,1.1374377811965334e-05
fcc(100),hollow,Ni,0,-0.5758628359518279,-0.5702130951751428,-0.5645633543984578,0.0,0.0,0.0
fcc(100),hollow,Ni,1,-0.5645633543984578,-0.5589136136217729,-0.5532638728450879,0.0,0.0,0.0
fcc(100),hollow,Ni,2,-0.5532638728450879,-0.5476141320684029,-0.5419643912917179,0.0,0.0,9.870040078164312e-07
fcc(100),hollow,Ni,3,-0.5419643912917179,-0.5363146505150329,-0.530664909738348,0.0,0.0,1.1374377811965334e-05
fcc(100),hollow,Ni,4,-0.530664909738348,-0.525015168961663,-0.519365428184978,0.0,0.0,8.404591574304399e-05
fcc(100),hollow,Ni,5,-0.519365428184978,-0.5137156874082931,-0.5080659466316081,0.0,0.0,0.0003981858360458769
fcc(100),hollow,Ni,6,-0.5080659466316081,-0.5024162058549231,-0.4967664650782381,0.0,0.0,0.001210568771521743
fcc(100),hollow,Ni,7,-0.4967664650782381,-0.49111672430155306,-0.4854669835248681,0.0,0.0,0.002367317961837923
fcc(100),hollow,Ni,8,-0.4854669835248681,-0.47981724274818316,-0.47416750197149815,0.25,0.01106245445063976,0.0030292244081090796
fcc(100),hollow,Ni,9,-0.47416750197149815,-0.46851776119481314,-0.4628680204181282,0.0,0.0,0.0027941745775546287
fcc(100),hollow,Ni,10,-0.4628680204181282,-0.45721827964144324,-0.45156853886475823,0.0,0.0,0.002739547549128777
fcc(100),hollow,Ni,11,-0.45156853886475823,-0.4459187980880732,-0.4402690573113882,0.0,0.0,0.004454936430683361
fcc(100),hollow,Ni,12,-0.4402690573113882,-0.43461931653470326,-0.4289695757580183,0.25,0.01106245445063976,0.009070820486557867
fcc(100),hollow,Ni,13,-0.4289695757580183,-0.4233198349813333,-0.4176700942046483,0.0,0.0,0.01691511169780365
fcc(100),hollow,Ni,14,-0.4176700942046483,-0.4120203534279633,-0.40637061265127833,0.75,0.033187363351919276,0.025410768464100314
fcc(100),hollow,Ni,15,-0.40637061265127833,-0.4007208718745934,-0.39507113109790837,1.5,0.06637472670383855,0.029926699744553004
fcc(100),hollow,Ni,16,-0.39507113109790837,-0.38942139032122336,-0.3837716495445384,0.0,0.0,0.03129924515331257
fcc(100),hollow,Ni,17,-0.3837716495445384,-0.37812190876785345,-0.37247216799116845,0.5,0.02212490890127952,0.036377467860905496
fcc(100),hollow,Ni,18,-0.37247216799116845,-0.36682242721448344,-0.36117268643779843,1.0,0.04424981780255904,0.046794551279384006
fcc(100),hollow,Ni,19,-0.36117268643779843,-0.3555229456611135,-0.3498732048844285,2.25,0.09956209005575783,0.05655226742348599
fcc(100),hollow,Ni,20,-0.3498732048844285,-0.3442234641077435,-0.3385737233310585,0.75,0.033187363351919276,0.06445191572328528
fcc(100),hollow,Ni,21,-0.3385737233310585,-0.3329239825543735,-0.32727424177768855,1.25,0.0553122722531988,0.07901821426291845
fcc(100),hollow,Ni,22,-0.32727424177768855,-0.3216245010010036,-0.3159747602243186,2.0,0.08849963560511807,0.10714597805948958
fcc(100),hollow,Ni,23,-0.3159747602243186,-0.3103250194476336,-0.3046752786709486,3.5,0.15487436230895663,0.14629755384860268
fcc(100),hollow,Ni,24,-0.3046752786709486,-0.29902553789426367,-0.29337579711757866,4.25,0.1880617256608759,0.189704664482456
fcc(100),hollow,Ni,25,-0.29337579711757866,-0.28772605634089365,-0.2820763155642087,5.0,0.2212490890127952,0.2311468149518993
fcc(100),hollow,Ni,26,-0.2820763155642087,-0.27642657478752375,-0.27077683401083874,7.25,0.320811179068553,0.26445604960301716
fcc(100),hollow,Ni,27,-0.27077683401083874,-0.26512709323415373,-0.2594773524574687,6.25,0.27656136126599395,0.28967191173996354
fcc(100),hollow,Ni,28,-0.2594773524574687,-0.2538276116807837,-0.24817787090409876,6.5,0.28762381571663376,0.3205548957151291
fcc(100),hollow,Ni,29,-0.24817787090409876,-0.24252813012741378,-0.2368783893507288,6.5,0.28762381571663376,0.3730235548160291
fcc(100),hollow,Ni,30,-0.2368783893507288,-0.23122864857404382,-0.22557890779735884,11.5,0.5088729047294289,0.4460567146815767
fcc(100),hollow,Ni,31,-0.22557890779735884,-0.21992916702067386,-0.21427942624398888,11.5,0.5088729047294289,0.5266233642718127
fcc(100),hollow,Ni,32,-0.21427942624398888,-0.2086296854673039,-0.20297994469061892,13.5,0.597372540334547,0.6079753434949088
fcc(100),hollow,Ni,33,-0.20297994469061892,-0.19733020391393394,-0.19168046313724896,15.25,0.6748097214890253,0.6863908027870917
fcc(100),hollow,Ni,34,-0.19168046313724896,-0.18603072236056398,-0.180380981583879,19.5,0.8628714471499013,0.7514791166580825
fcc(100),hollow,Ni,35,-0.180380981583879,-0.17473124080719402,-0.16908150003050904,16.75,0.7411844481928639,0.7978138487698664
fcc(100),hollow,Ni,36,-0.16908150003050904,-0.16343175925382403,-0.15778201847713902,19.5,0.8628714471499013,0.8315123778374734
fcc(100),hollow,Ni,37,-0.15778201847713902,-0.15213227770045404,-0.14648253692376906,18.5,0.8186216293473422,0.8518641407862619
fcc(100),hollow,Ni,38,-0.14648253692376906,-0.14083279614708408,-0.1351830553703991,24.0,1.0619956272614168,0.8483665240920709
fcc(100),hollow,Ni,39,-0.1351830553703991,-0.12953331459371412,-0.12388357381702914,14.25,0.6305599036864663,0.8280944590978655
fcc(100),hollow,Ni,40,-0.12388357381702914,-0.11823383304034416,-0.11258409226365917,18.75,0.829684083797982,0.8139289228901763
fcc(100),hollow,Ni,41,-0.11258409226365917,-0.1069343514869742,-0.10128461071028921,19.75,0.873933901600541,0.807835799617829
fcc(100),hollow,Ni,42,-0.10128461071028921,-0.09563486993360423,-0.08998512915691925,17.5,0.7743718115447832,0.7938542240718741
fcc(100),hollow,Ni,43,-0.08998512915691925,-0.08433538838023424,-0.07868564760354924,18.5,0.8186216293473422,0.7673874837776126
fcc(100),hollow,Ni,44,-0.07868564760354924,-0.07303590682686428,-0.06738616605017933,14.25,0.6305599036864663,0.7311205852125813
fcc(100),hollow,Ni,45,-0.06738616605017933,-0.06173642527349432,-0.056086684496809314,19.75,0.873933901600541,0.6773959761798386
fcc(100),hollow,Ni,46,-0.056086684496809314,-0.05043694372012436,-0.04478720294343941,12.25,0.5420602680813482,0.6019817460010687
fcc(100),hollow,Ni,47,-0.04478720294343941,-0.0391374621667544,-0.03348772139006939,10.5,0.4646230869268699,0.5255539488184604
fcc(100),hollow,Ni,48,-0.03348772139006939,-0.027837980613384383,-0.022188239836699375,9.75,0.43143572357495064,0.47137226927806214
fcc(100),hollow,Ni,49,-0.022188239836699375,-0.016538499060014422,-0.01088875828332947,10.25,0.45356063247623013,0.43383922366365085
fcc(100),hollow,Ni,50,-0.01088875828332947,-0.005239017506644461,0.0004107232700405472,11.0,0.4867479958281494,0.3912817274589206
fcc(100),hollow,Ni,51,0.0004107232700405472,0.0060604640467255,0.011710204823410453,5.5,0.2433739979140747,0.3377961445610462
fcc(100),hollow,Ni,52,0.011710204823410453,0.01735994560009546,0.02300968637678047,7.25,0.320811179068553,0.28404982378351873
fcc(100),hollow,Ni,53,0.02300968637678047,0.028659427153465422,0.034309167930150375,4.75,0.21018663456215542,0.23638247527940015
fcc(100),hollow,Ni,54,0.034309167930150375,0.03995890870683538,0.04560864948352039,5.0,0.2212490890127952,0.19597026220028219
fcc(100),hollow,Ni,55,0.04560864948352039,0.0512583902602054,0.05690813103689041,2.0,0.08849963560511807,0.16832226382547597
fcc(100),hollow,Ni,56,0.05690813103689041,0.06255787181357536,0.06820761259026031,3.5,0.15487436230895663,0.15470201217347374
fcc(100),hollow,Ni,57,0.06820761259026031,0.07385735336694532,0.07950709414363033,4.75,0.21018663456215542,0.14192528274168917
fcc(100),hollow,Ni,58,0.07950709414363033,0.08515683492031528,0.09080657569700024,2.75,0.12168699895703736,0.11808290103661595
fcc(100),hollow,Ni,59,0.09080657569700024,0.09645631647368524,0.10210605725037025,1.0,0.04424981780255904,0.08982477754960917
fcc(100),hollow,Ni,60,0.10210605725037025,0.1077557980270552,0.11340553880374016,1.25,0.0553122722531988,0.06888763301232464
fcc(100),hollow,Ni,61,0.11340553880374016,0.11905527958042517,0.12470502035711017,2.0,0.08849963560511807,0.05401996709334722
fcc(100),hollow,Ni,62,0.12470502035711017,0.13035476113379513,0.13600450191048008,0.75,0.033187363351919276,0.03889913864599775
fcc(100),hollow,Ni,63,0.13600450191048008,0.1416542426871651,0.1473039834638501,0.0,0.0,0.025402372818960694
fcc(100),hollow,Ni,64,0.1473039834638501,0.1529537242405351,0.1586034650172201,0.25,0.01106245445063976,0.018349373776699204
fcc(100),hollow,Ni,65,0.1586034650172201,0.16425320579390507,0.16990294657059002,0.75,0.033187363351919276,0.016724061807392276
fcc(100),hollow,Ni,66,0.16990294657059002,0.17555268734727503,0.18120242812396004,0.0,0.0,0.01696611277994943
fcc(100),hollow,Ni,67,0.18120242812396004,0.186852168900645,0.19250190967732994,0.5,0.02212490890127952,0.01702121601684913
fcc(100),hollow,Ni,68,0.19250190967732994,0.19815165045401495,0.20380139123069996,0.75,0.033187363351919276,0.014820104044983799
fcc(100),hollow,Ni,69,0.20380139123069996,0.2094511320073849,0.21510087278406986,0.0,0.0,0.009750506412146823
fcc(100),hollow,Ni,70,0.21510087278406986,0.22075061356075487,0.22640035433743988,0.0,0.0,0.004460227112077246
fcc(100),hollow,Ni,71,0.22640035433743988,0.23205009511412483,0.23769983589080979,0.0,0.0,0.001365610351647168
fcc(100),hollow,Ni,72,0.23769983589080979,0.2433495766674948,0.2489993174441798,0.0,0.0,0.00027488650285306264
fcc(100),hollow,Ni,73,0.2489993174441798,0.2546490582208648,0.2602987989975498,0.0,0.0,3.609714145152886e-05
fcc(100),hollow,Ni,74,0.2602987989975498,0.26594853977423477,0.2715982805509197,0.0,0.0,2.961012023449293e-06
fcc(100),hollow,Ni,75,0.2715982805509197,0.27724802132760473,0.28289776210428974,0.0,0.0,0.0
fcc(100),hollow,Ni,76,0.28289776210428974,0.2885475028809747,0.29419724365765965,0.0,0.0,0.0
fcc(100),hollow,Ni,77,0.29419724365765965,0.29984698443434465,0.30549672521102966,0.0,0.0,0.0
fcc(100),hollow,Ni,78,0.30549672521102966,0.3111464659877146,0.31679620676439957,0.0,0.0,0.0
fcc(100),hollow,Ni,79,0.31679620676439957,0.3224459475410846,0.3280956883177696,0.0,0.0,0.0
fcc(100),hollow,Ni,80,0.3280956883177696,0.3337454290944546,0.3393951698711396,0.0,0.0,0.0
fcc(100),hollow,Ni,81,0.3393951698711396,0.34504491064782455,0.3506946514245095,0.0,0.0,0.0
fcc(100),hollow,Ni,82,0.3506946514245095,0.3563443922011945,0.3619941329778795,0.0,0.0,0.0
fcc(100),hollow,Ni,83,0.3619941329778795,0.3676438737545645,0.37329361453124943,0.0,0.0,0.0
fcc(100),hollow,Ni,84,0.37329361453124943,0.37894335530793444,0.38459309608461945,0.0,0.0,0.0
fcc(100),hollow,Ni,85,0.38459309608461945,0.3902428368613044,0.39589257763798935,0.0,0.0,0.0
fcc(100),hollow,Ni,86,0.39589257763798935,0.40154231841467436,0.40719205919135937,0.0,0.0,0.0
fcc(100),hollow,Ni,87,0.40719205919135937,0.4128417999680444,0.4184915407447294,0.0,0.0,0.0
fcc(100),hollow,Ni,88,0.4184915407447294,0.4241412815214144,0.4297910222980994,0.0,0.0,0.0
fcc(100),hollow,Ni,89,0.4297910222980994,0.4354407630747843,0.44109050385146914,0.0,0.0,0.0
fcc(100),hollow,Pd,0,-0.5758628359518279,-0.5702130951751428,-0.5645633543984578,0.0,0.0,0.0
fcc(100),hollow,Pd,1,-0.5645633543984578,-0.5589136136217729,-0.5532638728450879,0.0,0.0,0.0
fcc(100),hollow,Pd,2,-0.5532638728450879,-0.5476141320684029,-0.5419643912917179,0.0,0.0,0.0
fcc(100),hollow,Pd,3,-0.5419643912917179,-0.5363146505150329,-0.530664909738348,0.0,0.0,9.870040078164312e-07
fcc(100),hollow,Pd,4,-0.530664909738348,-0.525015168961663,-0.519365428184978,0.0,0.0,1.1374377811965334e-05
fcc(100),hollow,Pd,5,-0.519365428184978,-0.5137156874082931,-0.5080659466316081,0.0,0.0,8.404591574304399e-05
fcc(100),hollow,Pd,6,-0.5080659466316081,-0.5024162058549231,-0.4967664650782381,0.0,0.0,0.0004001598440615098
fcc(100),hollow,Pd,7,-0.4967664650782381,-0.49111672430155306,-0.4854669835248681,0.0,0.0,0.001232330523137857
fcc(100),hollow,Pd,8,-0.4854669835248681,-0.47981724274818316,-0.47416750197149815,0.0,0.0,0.0025240354155120453
fcc(100),hollow,Pd,9,-0.47416750197149815,-0.46851776119481314,-0.4628680204181282,0.25,0.01106245445063976,0.0037405631604499733
fcc(100),hollow,Pd,10,-0.4628680204181282,-0.45721827964144324,-0.45156853886475823,0.0,0.0,0.004800816886701191
fcc(100),hollow,Pd,11,-0.45156853886475823,-0.4459187980880732,-0.4402690573113882,0.0,0.0,0.0061305929285425395
fcc(100),hollow,Pd,12,-0.4402690573113882,-0.43461931653470326,-0.4289695757580183,0.5,0.02212490890127952,0.00741173786474351
fcc(100),hollow,Pd,13,-0.4289695757580183,-0.4233198349813333,-0.4176700942046483,0.0,0.0,0.009013297931004981
fcc(100),hollow,Pd,14,-0.4176700942046483,-0.4120203534279633,-0.40637061265127833,0.0,0.0,0.013691962678776821
fcc(100),hollow,Pd,15,-0.40637061265127833,-0.4007208718745934,-0.39507113109790837,0.5,0.02212490890127952,0.023005446807796363
fcc(100),hollow,Pd,16,-0.39507113109790837,-0.38942139032122336,-0.3837716495445384,0.75,0.033187363351919276,0.03344404972376384
fcc(100),hollow,Pd,17,-0.3837716495445384,-0.37812190876785345,-0.37247216799116845,1.75,0.07743718115447831,0.03972135659826522
fcc(100),hollow,Pd,18,-0.37247216799116845,-0.36682242721448344,-0.36117268643779843,0.25,0.01106245445063976,0.04232568617358543
fcc(100),hollow,Pd,19,-0.36117268643779843,-0.3555229456611135,-0.3498732048844285,1.0,0.04424981780255904,0.047816274808447946
fcc(100),hollow,Pd,20,-0.3498732048844285,-0.3442234641077435,-0.3385737233310585,1.0,0.04424981780255904,0.06079099716411595
fcc(100),hollow,Pd,21,-0.3385737233310585,-0.3329239825543735,-0.32727424177768855,2.25,0.09956209005575783,0.08178283397771917
fcc(100),hollow,Pd,22,-0.32727424177768855,-0.3216245010010036,-0.3159747602243186,1.25,0.0553122722531988,0.1114117252899988
fcc(100),hollow,Pd,23,-0.3159747602243186,-0.3103250194476336,-0.3046752786709486,4.0,0.17699927121023615,0.14757600418789962
fcc(100),hollow,Pd,24,-0.3046752786709486,-0.29902553789426367,-0.29337579711757866,4.25,0.1880617256608759,0.18174348898585171
fcc(100),hollow,Pd,25,-0.29337579711757866,-0.28772605634089365,-0.2820763155642087,5.75,0.25443645236471446,0.20922952209317477
fcc(100),hollow,Pd,26,-0.2820763155642087,-0.27642657478752375,-0.27077683401083874,3.5,0.15487436230895663,0.24040062111411345
fcc(100),hollow,Pd,27,-0.27077683401083874,-0.26512709323415373,-0.2594773524574687,6.0,0.2654989068153542,0.2900200565395796
fcc(100),hollow,Pd,28,-0.2594773524574687,-0.2538276116807837,-0.24817787090409876,8.5,0.3761234513217518,0.35764663394996915
fcc(100),hollow,Pd,29,-0.24817787090409876,-0.24252813012741378,-0.2368783893507288,9.5,0.42037326912431083,0.42951379327502764
fcc(100),hollow,Pd,30,-0.2368783893507288,-0.23122864857404382,-0.22557890779735884,12.5,0.5531227225319879,0.4949022593489451
fcc(100),hollow,Pd,31,-0.22557890779735884,-0.21992916702067386,-0.21427942624398888,11.0,0.4867479958281494,0.5526335064942939
fcc(100),hollow,Pd,32,-0.21427942624398888,-0.2086296854673039,-0.20297994469061892,15.25,0.6748097214890253,0.6047149206920681
fcc(100),hollow,Pd,33,-0.20297994469061892,-0.19733020391393394,-0.19168046313724896,14.25,0.6305599036864663,0.6527964868138818
fcc(100),hollow,Pd,34,-0.19168046313724896,-0.18603072236056398,-0.180380981583879,15.25,0.6748097214890253,0.7021880507768269
fcc(100),hollow,Pd,35,-0.180380981583879,-0.17473124080719402,-0.16908150003050904,17.25,0.7633093570941434,0.7564699774213293
fcc(100),hollow,Pd,36,-0.16908150003050904,-0.16343175925382403,-0.15778201847713902,18.75,0.829684083797982,0.8087004603258637
fcc(100),hollow,Pd,37,-0.15778201847713902,-0.15213227770045404,-0.14648253692376906,19.5,0.8628714471499013,0.8450884940986907
fcc(100),hollow,Pd,38,-0.14648253692376906,-0.14083279614708408,-0.1351830553703991,21.5,0.9513710827550192,0.8574837976252686
fcc(100),hollow,Pd,39,-0.1351830553703991,-0.12953331459371412,-0.12388357381702914,18.0,0.7964967204460627,0.85677894848874
fcc(100),hollow,Pd,40,-0.12388357381702914,-0.11823383304034416,-0.11258409226365917,17.0,0.7522469026435036,0.862426962218758
fcc(100),hollow,Pd,41,-0.11258409226365917,-0.1069343514869742,-0.10128461071028921,23.5,1.0398707183601374,0.8681942405040131
fcc(100),hollow,Pd,42,-0.10128461071028921,-0.09563486993360423,-0.08998512915691925,19.0,0.8407465382486217,0.8439726663713819
fcc(100),hollow,Pd,43,-0.08998512915691925,-0.08433538838023424,-0.07868564760354924,20.0,0.8849963560511808,0.7758487484108625
fcc(100),hollow,Pd,44,-0.07868564760354924,-0.07303590682686428,-0.06738616605017933,13.75,0.6084349947851868,0.681763656439347
fcc(100),hollow,Pd,45,-0.06738616605017933,-0.06173642527349432,-0.056086684496809314,13.0,0.5752476314332675,0.5930984433631246
fcc(100),hollow,Pd,46,-0.056086684496809314,-0.05043694372012436,-0.04478720294343941,10.5,0.4646230869268699,0.5292184433820648
fcc(100),hollow,Pd,47,-0.04478720294343941,-0.0391374621667544,-0.03348772139006939,11.25,0.4978104502787892,0.48526358632972044
fcc(100),hollow,Pd,48,-0.03348772139006939,-0.027837980613384383,-0.022188239836699375,11.5,0.5088729047294289,0.44250516565496245
fcc(100),hollow,Pd,49,-0.022188239836699375,-0.016538499060014422,-0.01088875828332947,8.0,0.3539985424204723,0.39193266432635115
fcc(100),hollow,Pd,50,-0.01088875828332947,-0.005239017506644461,0.0004107232700405472,7.5,0.3318736335191928,0.34230593731525993
fcc(100),hollow,Pd,51,0.0004107232700405472,0.0060604640467255,0.011710204823410453,6.25,0.27656136126599395,0.304655385581018
fcc(100),hollow,Pd,52,0.011710204823410453,0.01735994560009546,0.02300968637678047,6.25,0.27656136126599395,0.27983045991689215
fcc(100),hollow,Pd,53,0.02300968637678047,0.028659427153465422,0.034309167930150375,6.0,0.2654989068153542,0.2608468346639692
fcc(100),hollow,Pd,54,0.034309167930150375,0.03995890870683538,0.04560864948352039,6.0,0.2654989068153542,0.24124424400206157
fcc(100),hollow,Pd,55,0.04560864948352039,0.0512583902602054,0.05690813103689041,4.0,0.17699927121023615,0.2191107919134459
fcc(100),hollow,Pd,56,0.05690813103689041,0.06255787181357536,0.06820761259026031,5.25,0.23231154346343494,0.19081616616416505
fcc(100),hollow,Pd,57,0.06820761259026031,0.07385735336694532,0.07950709414363033,4.75,0.21018663456215542,0.15020816072358562
fcc(100),hollow,Pd,58,0.07950709414363033,0.08515683492031528,0.09080657569700024,0.75,0.033187363351919276,0.10243520172534695
fcc(100),hollow,Pd,59,0.09080657569700024,0.09645631647368524,0.10210605725037025,1.0,0.04424981780255904,0.06297572363361353
fcc(100),hollow,Pd,60,0.10210605725037025,0.1077557980270552,0.11340553880374016,1.0,0.04424981780255904,0.038618909262733335
fcc(100),hollow,Pd,61,0.11340553880374016,0.11905527958042517,0.12470502035711017,0.25,0.01106245445063976,0.02534864332259925
fcc(100),hollow,Pd,62,0.12470502035711017,0.13035476113379513,0.13600450191048008,0.25,0.01106245445063976,0.019819377478811368
fcc(100),hollow,Pd,63,0.13600450191048008,0.1416542426871651,0.1473039834638501,0.25,0.01106245445063976,0.020575170080054193
fcc(100),hollow,Pd,64,0.1473039834638501,0.1529537242405351,0.1586034650172201,0.75,0.033187363351919276,0.023479197738795636
fcc(100),hollow,Pd,65,0.1586034650172201,0.16425320579390507,0.16990294657059002,1.0,0.04424981780255904,0.023395309091103923
fcc(100),hollow,Pd,66,0.16990294657059002,0.17555268734727503,0.18120242812396004,0.0,0.0,0.0194715427198436
fcc(100),hollow,Pd,67,0.18120242812396004,0.186852168900645,0.19250190967732994,0.5,0.02212490890127952,0.014369670420467292
fcc(100),hollow,Pd,68,0.19250190967732994,0.19815165045401495,0.20380139123069996,0.25,0.01106245445063976,0.00951233412563474
fcc(100),hollow,Pd,69,0.20380139123069996,0.2094511320073849,0.21510087278406986,0.0,0.0,0.005157775297281664
fcc(100),hollow,Pd,70,0.21510087278406986,0.22075061356075487,0.22640035433743988,0.0,0.0,0.0021384578786200347
fcc(100),hollow,Pd,71,0.22640035433743988,0.23205009511412483,0.23769983589080979,0.0,0.0,0.0009684115196091074
fcc(100),hollow,Pd,72,0.23769983589080979,0.2433495766674948,0.2489993174441798,0.0,0.0,0.0013163764388809012
fcc(100),hollow,Pd,73,0.2489993174441798,0.2546490582208648,0.2602987989975498,0.0,0.0,0.0023692919698535555
fcc(100),hollow,Pd,74,0.2602987989975498,0.26594853977423477,0.2715982805509197,0.25,0.01106245445063976,0.0029432044843504027
fcc(100),hollow,Pd,75,0.2715982805509197,0.27724802132760473,0.28289776210428974,0.0,0.0,0.0023559435840259575
fcc(100),hollow,Pd,76,0.28289776210428974,0.2885475028809747,0.29419724365765965,0.0,0.0,0.0012095817675139265
fcc(100),hollow,Pd,77,0.29419724365765965,0.29984698443434465,0.30549672521102966,0.0,0.0,0.0003981858360458769
fcc(100),hollow,Pd,78,0.30549672521102966,0.3111464659877146,0.31679620676439957,0.0,0.0,8.404591574304399e-05
fcc(100),hollow,Pd,79,0.31679620676439957,0.3224459475410846,0.3280956883177696,0.0,0.0,1.1374377811965334e-05
fcc(100),hollow,Pd,80,0.3280956883177696,0.3337454290944546,0.3393951698711396,0.0,0.0,9.870040078164312e-07
fcc(100),hollow,Pd,81,0.3393951698711396,0.34504491064782455,0.3506946514245095,0.0,0.0,0.0
fcc(100),hollow,Pd,82,0.3506946514245095,0.3563443922011945,0.3619941329778795,0.0,0.0,0.0
fcc(100),hollow,Pd,83,0.3619941329778795,0.3676438737545645,0.37329361453124943,0.0,0.0,0.0
fcc(100),hollow,Pd,84,0.37329361453124943,0.37894335530793444,0.38459309608461945,0.0,0.0,0.0
fcc(100),hollow,Pd,85,0.38459309608461945,0.3902428368613044,0.39589257763798935,0.0,0.0,0.0
fcc(100),hollow,Pd,86,0.39589257763798935,0.40154231841467436,0.40719205919135937,0.0,0.0,0.0
fcc(100),hollow,Pd,87,0.40719205919135937,0.4128417999680444,0.4184915407447294,0.0,0.0,0.0
fcc(100),hollow,Pd,88,0.4184915407447294,0.4241412815214144,0.4297910222980994,0.0,0.0,0.0
fcc(100),hollow,Pd,89,0.4297910222980994,0.4354407630747843,0.44109050385146914,0.0,0.0,0.0
fcc(100),hollow,Pt,0,-0.5758628359518279,-0.5702130951751428,-0.5645633543984578,0.0,0.0,0.0
fcc(100),hollow,Pt,1,-0.5645633543984578,-0.5589136136217729,-0.5532638728450879,0.0,0.0,0.0
fcc(100),hollow,Pt,2,-0.5532638728450879,-0.5476141320684029,-0.5419643912917179,0.0,0.0,0.0
fcc(100),hollow,Pt,3,-0.5419643912917179,-0.5363146505150329,-0.530664909738348,0.0,0.0,0.0
fcc(100),hollow,Pt,4,-0.530664909738348,-0.525015168961663,-0.519365428184978,0.0,0.0,0.0
fcc(100),hollow,Pt,5,-0.519365428184978,-0.5137156874082931,-0.5080659466316081,0.0,0.0,0.0
fcc(100),hollow,Pt,6,-0.5080659466316081,-0.5024162058549231,-0.4967664650782381,0.0,0.0,0.0
fcc(100),hollow,Pt,7,-0.4967664650782381,-0.49111672430155306,-0.4854669835248681,0.0,0.0,0.0
fcc(100),hollow,Pt,8,-0.4854669835248681,-0.47981724274818316,-0.47416750197149815,0.0,0.0,0.0
fcc(100),hollow,Pt,9,-0.47416750197149815,-0.46851776119481314,-0.4628680204181282,0.0,0.0,0.0
fcc(100),hollow,Pt,10,-0.4628680204181282,-0.45721827964144324,-0.45156853886475823,0.0,0.0,0.0
fcc(100),hollow,Pt,11,-0.45156853886475823,-0.4459187980880732,-0.4402690573113882,0.0,0.0,0.0
fcc(100),hollow,Pt,12,-0.4402690573113882,-0.43461931653470326,-0.4289695757580183,0.0,0.0,0.0
fcc(100),hollow,Pt,13,-0.4289695757580183,-0.4233198349813333,-0.4176700942046483,0.0,0.0,3.948016031265725e-06
fcc(100),hollow,Pt,14,-0.4176700942046483,-0.4120203534279633,-0.40637061265127833,0.0,0.0,4.648451525567777e-05
fcc(100),hollow,Pt,15,-0.40637061265127833,-0.4007208718745934,-0.39507113109790837,0.0,0.0,0.0003475580407841413
fcc(100),hollow,Pt,16,-0.39507113109790837,-0.38942139032122336,-0.3837716495445384,0.0,0.0,0.0016817242799656337
fcc(100),hollow,Pt,17,-0.3837716495445384,-0.37812190876785345,-0.37247216799116845,0.0,0.0,0.005299306819208308
fcc(100),hollow,Pt,18,-0.37247216799116845,-0.36682242721448344,-0.36117268643779843,0.0,0.0,0.011125779965236032
fcc(100),hollow,Pt,19,-0.36117268643779843,-0.3555229456611135,-0.3498732048844285,1.0,0.04424981780255904,0.016673411723394344
fcc(100),hollow,Pt,20,-0.3498732048844285,-0.3442234641077435,-0.3385737233310585,0.25,0.01106245445063976,0.021245986419884275
fcc(100),hollow,Pt,21,-0.3385737233310585,-0.3329239825543735,-0.32727424177768855,0.0,0.0,0.028689436938500294
fcc(100),hollow,Pt,22,-0.32727424177768855,-0.3216245010010036,-0.3159747602243186,1.25,0.0553122722531988,0.04116149365995767
fcc(100),hollow,Pt,23,-0.3159747602243186,-0.3103250194476336,-0.3046752786709486,1.5,0.06637472670383855,0.05680112649392541
fcc(100),hollow,Pt,24,-0.3046752786709486,-0.29902553789426367,-0.29337579711757866,1.0,0.04424981780255904,0.07653664265821386
fcc(100),hollow,Pt,25,-0.29337579711757866,-0.28772605634089365,-0.2820763155642087,2.0,0.08849963560511807,0.1029710904733985
fcc(100),hollow,Pt,26,-0.2820763155642087,-0.27642657478752375,-0.27077683401083874,4.0,0.17699927121023615,0.13380301734760197
fcc(100),hollow,Pt,27,-0.27077683401083874,-0.26512709323415373,-0.2594773524574687,2.75,0.12168699895703736,0.16643731528717925
fcc(100),hollow,Pt,28,-0.2594773524574687,-0.2538276116807837,-0.24817787090409876,4.75,0.21018663456215542,0.2020162974299927
fcc(100),hollow,Pt,29,-0.24817787090409876,-0.24252813012741378,-0.2368783893507288,5.5,0.2433739979140747,0.23928477630160513
fcc(100),hollow,Pt,30,-0.2368783893507288,-0.23122864857404382,-0.22557890779735884,6.75,0.2986862701672735,0.2758340694418204
fcc(100),hollow,Pt,31,-0.22557890779735884,-0.21992916702067386,-0.21427942624398888,6.0,0.2654989068153542,0.3154329993201028
fcc(100),hollow,Pt,32,-0.21427942624398888,-0.2086296854673039,-0.20297994469061892,8.0,0.3539985424204723,0.36203687881173263
fcc(100),hollow,Pt,33,-0.20297994469061892,-0.19733020391393394,-0.19168046313724896,10.5,0.4646230869268699,0.4092363397807526
fcc(100),hollow,Pt,34,-0.19168046313724896,-0.18603072236056398,-0.180380981583879,9.5,0.42037326912431083,0.44640923202411953
fcc(100),hollow,Pt,35,-0.180380981583879,-0.17473124080719402,-0.16908150003050904,12.25,0.5420602680813482,0.4720169145377607
fcc(100),hollow,Pt,36,-0.16908150003050904,-0.16343175925382403,-0.15778201847713902,9.5,0.42037326912431083,0.49758403725449973
fcc(100),hollow,Pt,37,-0.15778201847713902,-0.15213227770045404,-0.14648253692376906,11.25,0.4978104502787892,0.5373922289967342
fcc(100),hollow,Pt,38,-0.14648253692376906,-0.14083279614708408,-0.1351830553703991,14.25,0.6305599036864663,0.5907430658265168
fcc(100),hollow,Pt,39,-0.1351830553703991,-0.12953331459371412,-0.12388357381702914,15.0,0.6637472670383856,0.6442980655601348
fcc(100),hollow,Pt,40,-0.12388357381702914,-0.11823383304034416,-0.11258409226365917,14.5,0.641622358137106,0.6880887491158585
fcc(100),hollow,Pt,41,-0.11258409226365917,-0.1069343514869742,-0.10128461071028921,19.25,0.8518089926992615,0.7176385692817894
fcc(100),hollow,Pt,42,-0.10128461071028921,-0.09563486993360423,-0.08998512915691925,14.25,0.6305599036864663,0.7343419757896721
fcc(100),hollow,Pt,43,-0.08998512915691925,-0.08433538838023424,-0.07868564760354924,17.75,0.7854342659954229,0.7425909774387175
fcc(100),hollow,Pt,44,-0.07868564760354924,-0.07303590682686428,-0.06738616605017933,17.75,0.7854342659954229,0.7354798808109255
fcc(100),hollow,Pt,45,-0.06738616605017933,-0.06173642527349432,-0.056086684496809314,17.25,0.7633093570941434,0.7014722377056347
fcc(100),hollow,Pt,46,-0.056086684496809314,-0.05043694372012436,-0.04478720294343941,13.5,0.597372540334547,0.6454976721602967
fcc(100),hollow,Pt,47,-0.04478720294343941,-0.0391374621667544,-0.03348772139006939,14.0,0.6194974492358265,0.5874727424304009
fcc(100),hollow,Pt,48,-0.03348772139006939,-0.027837980613384383,-0.022188239836699375,9.75,0.43143572357495064,0.5450455106979398
fcc(100),hollow,Pt,49,-0.022188239836699375,-0.016538499060014422,-0.01088875828332947,13.0,0.5752476314332675,0.5210977808383311
fcc(100),hollow,Pt,50,-0.01088875828332947,-0.005239017506644461,0.0004107232700405472,11.5,0.5088729047294289,0.5062840927103965
fcc(100),hollow,Pt,51,0.0004107232700405472,0.0060604640467255,0.011710204823410453,10.0,0.4424981780255904,0.4934539871031997
fcc(100),hollow,Pt,52,0.011710204823410453,0.01735994560009546,0.02300968637678047,12.5,0.5531227225319879,0.4806590880898998
fcc(100),hollow,Pt,53,0.02300968637678047,0.028659427153465422,0.034309167930150375,9.25,0.4093108146736711,0.46654585943517446
fcc(100),hollow,Pt,54,0.034309167930150375,0.03995890870683538,0.04560864948352039,10.75,0.4756855413775096,0.4488087383401714
fcc(100),hollow,Pt,55,0.04560864948352039,0.0512583902602054,0.05690813103689041,10.25,0.45356063247623013,0.4198445316843971
fcc(100),hollow,Pt,56,0.05690813103689041,0.06255787181357536,0.06820761259026031,9.5,0.42037326912431083,0.37309371127689733
fcc(100),hollow,Pt,57,0.06820761259026031,0.07385735336694532,0.07950709414363033,6.0,0.2654989068153542,0.31642585618105074
fcc(100),hollow,Pt,58,0.07950709414363033,0.08515683492031528,0.09080657569700024,5.5,0.2433739979140747,0.2655061124257824
fcc(100),hollow,Pt,59,0.09080657569700024,0.09645631647368524,0.10210605725037025,5.25,0.23231154346343494,0.22502686181970472
fcc(100),hollow,Pt,60,0.10210605725037025,0.1077557980270552,0.11340553880374016,4.75,0.21018663456215542,0.18908360674800034
fcc(100),hollow,Pt,61,0.11340553880374016,0.11905527958042517,0.12470502035711017,2.75,0.12168699895703736,0.15722014782455518
fcc(100),hollow,Pt,62,0.12470502035711017,0.13035476113379513,0.13600450191048008,2.75,0.12168699895703736,0.13768095667043698
fcc(100),hollow,Pt,63,0.13600450191048008,0.1416542426871651,0.1473039834638501,1.75,0.07743718115447831,0.13256179066954044
fcc(100),hollow,Pt,64,0.1473039834638501,0.1529537242405351,0.1586034650172201,5.0,0.2212490890127952,0.1270368545189796
fcc(100),hollow,Pt,65,0.1586034650172201,0.16425320579390507,0.16990294657059002,3.25,0.14381190785831688,0.10459764947656515
fcc(100),hollow,Pt,66,0.16990294657059002,0.17555268734727503,0.18120242812396004,0.0,0.0,0.0705807369223243
fcc(100),hollow,Pt,67,0.18120242812396004,0.186852168900645,0.19250190967732994,0.75,0.033187363351919276,0.04266695110198034
fcc(100),hollow,Pt,68,0.19250190967732994,0.19815165045401495,0.20380139123069996,1.0,0.04424981780255904,0.02583297106894655
fcc(100),hollow,Pt,69,0.20380139123069996,0.2094511320073849,0.21510087278406986,0.0,0.0,0.014749819924007274
fcc(100),hollow,Pt,70,0.21510087278406986,0.22075061356075487,0.22640035433743988,0.0,0.0,0.008045372661317855
fcc(100),hollow,Pt,71,0.22640035433743988,0.23205009511412483,0.23769983589080979,0.0,0.0,0.007894544737738854
fcc(100),hollow,Pt,72,0.23769983589080979,0.2433495766674948,0.2489993174441798,0.0,0.0,0.013468323946301543
fcc(100),hollow,Pt,73,0.2489993174441798,0.2546490582208648,0.2602987989975498,1.0,0.04424981780255904,0.019221342859691706
fcc(100),hollow,Pt,74,0.2602987989975498,0.26594853977423477,0.2715982805509197,0.75,0.033187363351919276,0.01984711813734636
fcc(100),hollow,Pt,75,0.2715982805509197,0.27724802132760473,0.28289776210428974,0.0,0.0,0.016744484892189285
fcc(100),hollow,Pt,76,0.28289776210428974,0.2885475028809747,0.29419724365765965,0.0,0.0,0.014645262982829116
fcc(100),hollow,Pt,77,0.29419724365765965,0.29984698443434465,0.30549672521102966,1.0,0.04424981780255904,0.013299611092480153
fcc(100),hollow,Pt,78,0.30549672521102966,0.3111464659877146,0.31679620676439957,0.0,0.0,0.009724370606604272
fcc(100),hollow,Pt,79,0.31679620676439957,0.3224459475410846,0.3280956883177696,0.0,0.0,0.004910521352958763
fcc(100),hollow,Pt,80,0.3280956883177696,0.3337454290944546,0.3393951698711396,0.0,0.0,0.0018478421034360888
fcc(100),hollow,Pt,81,0.3393951698711396,0.34504491064782455,0.3506946514245095,0.0,0.0,0.0015307411711098066
fcc(100),hollow,Pt,82,0.3506946514245095,0.3563443922011945,0.3619941329778795,0.0,0.0,0.00367424281378964
fcc(100),hollow,Pt,83,0.3619941329778795,0.3676438737545645,0.37329361453124943,0.0,0.0,0.007071778768109138
fcc(100),hollow,Pt,84,0.37329361453124943,0.37894335530793444,0.38459309608461945,0.75,0.033187363351919276,0.008826652441027759
fcc(100),hollow,Pt,85,0.38459309608461945,0.3902428368613044,0.39589257763798935,0.0,0.0,0.007067830752077872
fcc(100),hollow,Pt,86,0.39589257763798935,0.40154231841467436,0.40719205919135937,0.0,0.0,0.003628745302541779
fcc(100),hollow,Pt,87,0.40719205919135937,0.4128417999680444,0.4184915407447294,0.0,0.0,0.0011945575081376307
fcc(100),hollow,Pt,88,0.4184915407447294,0.4241412815214144,0.4297910222980994,0.0,0.0,0.00025213774722913197
fcc(100),hollow,Pt,89,0.4297910222980994,0.4354407630747843,0.44109050385146914,0.0,0.0,3.4123133435896e-05
