Local_Index,Global_Index,Ru,Rh,Pd,Ir,Pt
74,149,0.1953125,0.19921875,0.201171875,0.1953125,0.208984375
75,150,0.1953125,0.19921875,0.203125,0.1953125,0.20703125
76,151,0.1953125,0.19921875,0.203125,0.1953125,0.20703125
77,152,0.1953125,0.19921875,0.203125,0.1953125,0.20703125
78,153,0.1953125,0.19921875,0.203125,0.1953125,0.20703125
125,210,0.1953125,0.19921875,0.203125,0.1953125,0.20703125
126,211,0.193359375,0.19921875,0.203125,0.1953125,0.208984375
127,212,0.193359375,0.19921875,0.203125,0.1953125,0.208984375
128,213,0.193359375,0.19921875,0.203125,0.1953125,0.208984375
129,214,0.193359375,0.19921875,0.203125,0.1953125,0.208984375
130,215,0.1953125,0.19921875,0.203125,0.1953125,0.20703125
131,216,0.1953125,0.19921875,0.203125,0.1953125,0.20703125
173,268,0.1953125,0.19921875,0.203125,0.1953125,0.20703125
174,269,0.1953125,0.19921875,0.203125,0.1953125,0.20703125
175,270,0.193359375,0.19921875,0.203125,0.1953125,0.208984375
176,271,0.193359375,0.19921875,0.203125,0.1953125,0.208984375
177,272,0.19140625,0.19921875,0.203125,0.1953125,0.2109375
178,273,0.19140625,0.201171875,0.205078125,0.1953125,0.20703125
179,274,0.19140625,0.201171875,0.205078125,0.1953125,0.20703125
180,275,0.19140625,0.201171875,0.203125,0.1953125,0.208984375
181,276,0.193359375,0.201171875,0.203125,0.1953125,0.20703125
182,277,0.193359375,0.19921875,0.203125,0.1953125,0.208984375
185,280,0.1953125,0.19921875,0.201171875,0.1953125,0.208984375
186,281,0.1953125,0.19921875,0.201171875,0.1953125,0.208984375
187,282,0.1953125,0.19921875,0.203125,0.1953125,0.20703125
188,283,0.1953125,0.19921875,0.203125,0.1953125,0.20703125
223,328,0.1953125,0.19921875,0.203125,0.1953125,0.20703125
224,329,0.1953125,0.19921875,0.203125,0.1953125,0.20703125
225,330,0.193359375,0.19921875,0.203125,0.197265625,0.20703125
226,331,0.19140625,0.19921875,0.205078125,0.197265625,0.20703125
227,332,0.1875,0.19921875,0.205078125,0.197265625,0.2109375
228,333,0.185546875,0.201171875,0.20703125,0.1953125,0.2109375
229,334,0.18359375,0.201171875,0.20703125,0.1953125,0.212890625
230,335,0.18359375,0.201171875,0.20703125,0.193359375,0.21484375
231,336,0.185546875,0.201171875,0.20703125,0.193359375,0.212890625
232,337,0.189453125,0.201171875,0.205078125,0.193359375,0.2109375
233,338,0.19140625,0.201171875,0.205078125,0.193359375,0.208984375
234,339,0.193359375,0.201171875,0.203125,0.193359375,0.208984375
235,340,0.1953125,0.201171875,0.203125,0.1953125,0.205078125
236,341,0.1953125,0.19921875,0.203125,0.1953125,0.20703125
237,342,0.1953125,0.19921875,0.203125,0.1953125,0.20703125
238,343,0.193359375,0.19921875,0.203125,0.1953125,0.208984375
239,344,0.193359375,0.19921875,0.203125,0.1953125,0.208984375
240,345,0.193359375,0.19921875,0.203125,0.1953125,0.208984375
241,346,0.193359375,0.19921875,0.203125,0.1953125,0.208984375
270,385,0.1953125,0.19921875,0.201171875,0.1953125,0.208984375
272,387,0.1953125,0.19921875,0.201171875,0.1953125,0.208984375
273,388,0.1953125,0.19921875,0.203125,0.1953125,0.20703125
274,389,0.1953125,0.19921875,0.203125,0.1953125,0.20703125
275,390,0.193359375,0.19921875,0.203125,0.197265625,0.20703125
276,391,0.19140625,0.19921875,0.205078125,0.197265625,0.20703125
277,392,0.185546875,0.197265625,0.20703125,0.197265625,0.212890625
278,393,0.1796875,0.19921875,0.208984375,0.197265625,0.21484375
279,394,0.17578125,0.19921875,0.212890625,0.193359375,0.21875
280,395,0.171875,0.203125,0.21484375,0.19140625,0.21875
281,396,0.171875,0.205078125,0.216796875,0.185546875,0.220703125
282,397,0.17578125,0.205078125,0.21484375,0.18359375,0.220703125
283,398,0.181640625,0.205078125,0.2109375,0.1875,0.21484375
284,399,0.1875,0.203125,0.20703125,0.189453125,0.212890625
285,400,0.19140625,0.201171875,0.205078125,0.193359375,0.208984375
286,401,0.193359375,0.201171875,0.203125,0.193359375,0.208984375
287,402,0.193359375,0.201171875,0.203125,0.1953125,0.20703125
288,403,0.19140625,0.201171875,0.203125,0.1953125,0.208984375
289,404,0.19140625,0.201171875,0.203125,0.197265625,0.20703125
290,405,0.189453125,0.201171875,0.203125,0.197265625,0.208984375
291,406,0.189453125,0.201171875,0.203125,0.197265625,0.208984375
292,407,0.19140625,0.201171875,0.203125,0.197265625,0.20703125
293,408,0.19140625,0.201171875,0.203125,0.1953125,0.208984375
319,444,0.1953125,0.19921875,0.201171875,0.1953125,0.208984375
320,445,0.1953125,0.19921875,0.203125,0.1953125,0.20703125
321,446,0.1953125,0.19921875,0.203125,0.1953125,0.20703125
322,447,0.1953125,0.19921875,0.203125,0.1953125,0.20703125
323,448,0.1953125,0.19921875,0.203125,0.1953125,0.20703125
324,449,0.1953125,0.19921875,0.203125,0.1953125,0.20703125
325,450,0.193359375,0.19921875,0.203125,0.197265625,0.20703125
326,451,0.19140625,0.197265625,0.205078125,0.197265625,0.208984375
327,452,0.185546875,0.1953125,0.20703125,0.197265625,0.21484375
328,453,0.177734375,0.1953125,0.2109375,0.197265625,0.21875
329,454,0.16796875,0.193359375,0.21875,0.197265625,0.22265625
330,455,0.150390625,0.197265625,0.228515625,0.189453125,0.234375
331,456,0.138671875,0.205078125,0.23828125,0.17578125,0.2421875
332,457,0.140625,0.212890625,0.240234375,0.1640625,0.2421875
333,458,0.154296875,0.21484375,0.234375,0.158203125,0.23828125
334,459,0.171875,0.2109375,0.22265625,0.166015625,0.228515625
335,460,0.1796875,0.20703125,0.21484375,0.177734375,0.220703125
336,461,0.185546875,0.203125,0.208984375,0.1875,0.21484375
337,462,0.189453125,0.201171875,0.205078125,0.193359375,0.2109375
338,463,0.189453125,0.201171875,0.205078125,0.1953125,0.208984375
339,464,0.1875,0.201171875,0.205078125,0.197265625,0.208984375
340,465,0.18359375,0.201171875,0.205078125,0.197265625,0.212890625
341,466,0.18359375,0.203125,0.20703125,0.197265625,0.208984375
342,467,0.18359375,0.203125,0.20703125,0.197265625,0.208984375
343,468,0.185546875,0.203125,0.205078125,0.197265625,0.208984375
344,469,0.1875,0.201171875,0.205078125,0.1953125,0.2109375
370,505,0.1953125,0.19921875,0.203125,0.1953125,0.20703125
371,506,0.1953125,0.19921875,0.203125,0.1953125,0.20703125
372,507,0.1953125,0.19921875,0.203125,0.1953125,0.20703125
373,508,0.1953125,0.19921875,0.203125,0.193359375,0.208984375
374,509,0.1953125,0.19921875,0.203125,0.193359375,0.208984375
375,510,0.193359375,0.19921875,0.203125,0.1953125,0.208984375
376,511,0.193359375,0.197265625,0.205078125,0.1953125,0.208984375
377,512,0.189453125,0.1953125,0.20703125,0.197265625,0.2109375
378,513,0.181640625,0.19140625,0.2109375,0.19921875,0.216796875
379,514,0.169921875,0.18359375,0.220703125,0.201171875,0.224609375
380,515,0.140625,0.1796875,0.23828125,0.19921875,0.2421875
381,516,0.099609375,0.185546875,0.265625,0.1796875,0.26953125
382,517,0.076171875,0.201171875,0.287109375,0.140625,0.294921875
383,518,0.078125,0.22265625,0.294921875,0.103515625,0.30078125
384,519,0.10546875,0.232421875,0.279296875,0.095703125,0.287109375
385,520,0.14453125,0.2265625,0.25,0.123046875,0.255859375
386,521,0.171875,0.21484375,0.2265625,0.154296875,0.232421875
387,522,0.1796875,0.20703125,0.21484375,0.177734375,0.220703125
388,523,0.18359375,0.203125,0.208984375,0.189453125,0.21484375
389,524,0.181640625,0.201171875,0.20703125,0.1953125,0.21484375
390,525,0.177734375,0.203125,0.208984375,0.197265625,0.212890625
391,526,0.171875,0.203125,0.2109375,0.19921875,0.21484375
392,527,0.169921875,0.205078125,0.2109375,0.197265625,0.216796875
393,528,0.169921875,0.205078125,0.2109375,0.197265625,0.216796875
394,529,0.173828125,0.205078125,0.2109375,0.1953125,0.21484375
395,530,0.1796875,0.205078125,0.208984375,0.1953125,0.2109375
396,531,0.185546875,0.203125,0.20703125,0.1953125,0.208984375
397,532,0.189453125,0.201171875,0.205078125,0.1953125,0.208984375
419,564,0.1953125,0.19921875,0.203125,0.1953125,0.20703125
420,565,0.1953125,0.19921875,0.203125,0.1953125,0.20703125
421,566,0.193359375,0.197265625,0.205078125,0.1953125,0.208984375
422,567,0.193359375,0.19921875,0.205078125,0.193359375,0.208984375
423,568,0.19140625,0.19921875,0.205078125,0.193359375,0.2109375
424,569,0.19140625,0.19921875,0.205078125,0.19140625,0.212890625
425,570,0.193359375,0.19921875,0.205078125,0.19140625,0.2109375
426,571,0.193359375,0.19921875,0.205078125,0.19140625,0.2109375
427,572,0.19140625,0.197265625,0.20703125,0.1953125,0.208984375
428,573,0.1875,0.19140625,0.208984375,0.197265625,0.21484375
429,574,0.177734375,0.181640625,0.216796875,0.201171875,0.22265625
430,575,0.154296875,0.1640625,0.234375,0.20703125,0.240234375
431,576,0.1015625,0.154296875,0.26953125,0.19921875,0.275390625
432,577,0.05078125,0.15625,0.31640625,0.15625,0.3203125
433,578,0.0234375,0.177734375,0.359375,0.07421875,0.365234375
434,579,0.0234375,0.2109375,0.365234375,0.02734375,0.373046875
435,580,0.0546875,0.23828125,0.337890625,0.025390625,0.34375
436,581,0.107421875,0.2421875,0.291015625,0.060546875,0.298828125
437,582,0.158203125,0.224609375,0.24609375,0.119140625,0.251953125
438,583,0.17578125,0.2109375,0.22265625,0.1640625,0.2265625
439,584,0.177734375,0.203125,0.212890625,0.1875,0.21875
440,585,0.171875,0.203125,0.212890625,0.1953125,0.216796875
441,586,0.162109375,0.203125,0.21484375,0.19921875,0.220703125
442,587,0.14453125,0.20703125,0.220703125,0.201171875,0.2265625
443,588,0.1328125,0.212890625,0.2265625,0.19921875,0.228515625
444,589,0.1328125,0.21484375,0.2265625,0.1953125,0.23046875
445,590,0.146484375,0.212890625,0.22265625,0.19140625,0.2265625
446,591,0.166015625,0.208984375,0.21484375,0.19140625,0.21875
447,592,0.177734375,0.205078125,0.2109375,0.19140625,0.21484375
448,593,0.185546875,0.203125,0.20703125,0.193359375,0.2109375
449,594,0.19140625,0.201171875,0.205078125,0.1953125,0.20703125
470,625,0.193359375,0.197265625,0.203125,0.1953125,0.2109375
471,626,0.19140625,0.197265625,0.205078125,0.1953125,0.2109375
472,627,0.189453125,0.1953125,0.20703125,0.1953125,0.212890625
473,628,0.1875,0.197265625,0.208984375,0.19140625,0.21484375
474,629,0.1875,0.19921875,0.2109375,0.1875,0.21484375
475,630,0.1875,0.201171875,0.212890625,0.181640625,0.216796875
476,631,0.189453125,0.201171875,0.2109375,0.181640625,0.216796875
477,632,0.189453125,0.19921875,0.2109375,0.185546875,0.21484375
478,633,0.189453125,0.1953125,0.208984375,0.19140625,0.21484375
479,634,0.185546875,0.1875,0.212890625,0.197265625,0.216796875
480,635,0.177734375,0.166015625,0.224609375,0.205078125,0.2265625
481,636,0.14453125,0.142578125,0.248046875,0.2109375,0.25390625
482,637,0.078125,0.126953125,0.294921875,0.201171875,0.298828125
483,638,0.0234375,0.126953125,0.359375,0.125,0.365234375
484,639,0.01171875,0.14453125,0.40234375,0.03125,0.41015625
485,640,0.01171875,0.173828125,0.404296875,0.0,0.41015625
486,641,0.0234375,0.216796875,0.376953125,0.0,0.3828125
487,642,0.08203125,0.240234375,0.322265625,0.025390625,0.330078125
488,643,0.14453125,0.23046875,0.263671875,0.091796875,0.26953125
489,644,0.16796875,0.2109375,0.228515625,0.154296875,0.23828125
490,645,0.171875,0.203125,0.21875,0.18359375,0.22265625
491,646,0.158203125,0.19921875,0.220703125,0.197265625,0.224609375
492,647,0.12890625,0.203125,0.23046875,0.203125,0.234375
493,648,0.08984375,0.2109375,0.24609375,0.201171875,0.251953125
494,649,0.068359375,0.22265625,0.2578125,0.19140625,0.259765625
495,650,0.068359375,0.23046875,0.259765625,0.177734375,0.263671875
496,651,0.09375,0.23046875,0.25,0.169921875,0.255859375
497,652,0.13671875,0.220703125,0.232421875,0.171875,0.23828125
498,653,0.16796875,0.2109375,0.21875,0.181640625,0.220703125
499,654,0.1796875,0.205078125,0.2109375,0.189453125,0.21484375
500,655,0.1875,0.203125,0.205078125,0.193359375,0.2109375
519,684,0.1953125,0.197265625,0.203125,0.197265625,0.20703125
520,685,0.193359375,0.197265625,0.203125,0.197265625,0.208984375
521,686,0.19140625,0.1953125,0.205078125,0.197265625,0.2109375
522,687,0.1875,0.19140625,0.208984375,0.1953125,0.216796875
523,688,0.18359375,0.189453125,0.21484375,0.193359375,0.21875
524,689,0.181640625,0.189453125,0.220703125,0.18359375,0.224609375
525,690,0.1796875,0.1953125,0.2265625,0.16796875,0.23046875
526,691,0.181640625,0.201171875,0.228515625,0.154296875,0.234375
527,692,0.185546875,0.205078125,0.2265625,0.154296875,0.228515625
528,693,0.1875,0.203125,0.220703125,0.1640625,0.224609375
529,694,0.1875,0.197265625,0.216796875,0.177734375,0.220703125
530,695,0.185546875,0.18359375,0.216796875,0.19140625,0.22265625
531,696,0.177734375,0.15625,0.228515625,0.205078125,0.232421875
532,697,0.14453125,0.125,0.25390625,0.21484375,0.26171875
533,698,0.078125,0.107421875,0.30078125,0.205078125,0.30859375
534,699,0.0234375,0.099609375,0.37109375,0.12890625,0.376953125
535,700,0.01171875,0.11328125,0.4140625,0.033203125,0.427734375
536,701,0.01171875,0.150390625,0.404296875,0.0,0.43359375
537,702,0.0234375,0.1953125,0.376953125,0.0,0.404296875
538,703,0.083984375,0.228515625,0.326171875,0.0234375,0.337890625
539,704,0.142578125,0.22265625,0.267578125,0.091796875,0.275390625
540,705,0.166015625,0.20703125,0.232421875,0.15625,0.23828125
541,706,0.162109375,0.197265625,0.224609375,0.185546875,0.23046875
542,707,0.140625,0.189453125,0.232421875,0.19921875,0.23828125
543,708,0.08984375,0.189453125,0.25390625,0.205078125,0.26171875
544,709,0.044921875,0.197265625,0.28125,0.189453125,0.287109375
545,710,0.017578125,0.21484375,0.306640625,0.1484375,0.3125
546,711,0.01953125,0.236328125,0.314453125,0.109375,0.3203125
547,712,0.046875,0.25,0.296875,0.1015625,0.3046875
548,713,0.099609375,0.23828125,0.263671875,0.12890625,0.26953125
549,714,0.154296875,0.220703125,0.232421875,0.158203125,0.234375
550,715,0.177734375,0.208984375,0.21484375,0.1796875,0.21875
551,716,0.185546875,0.203125,0.20703125,0.189453125,0.21484375
552,717,0.19140625,0.201171875,0.205078125,0.193359375,0.208984375
570,745,0.1953125,0.197265625,0.203125,0.197265625,0.20703125
571,746,0.19140625,0.1953125,0.205078125,0.197265625,0.2109375
572,747,0.1875,0.189453125,0.208984375,0.19921875,0.21484375
573,748,0.18359375,0.181640625,0.216796875,0.197265625,0.220703125
574,749,0.17578125,0.171875,0.228515625,0.189453125,0.234375
575,750,0.162109375,0.171875,0.24609375,0.16796875,0.251953125
576,751,0.154296875,0.18359375,0.263671875,0.12890625,0.26953125
577,752,0.158203125,0.201171875,0.271484375,0.09375,0.275390625
578,753,0.171875,0.212890625,0.259765625,0.08984375,0.265625
579,754,0.18359375,0.2109375,0.2421875,0.1171875,0.24609375
580,755,0.185546875,0.19921875,0.228515625,0.15234375,0.234375
581,756,0.185546875,0.18359375,0.22265625,0.181640625,0.2265625
582,757,0.181640625,0.15625,0.228515625,0.19921875,0.234375
583,758,0.16015625,0.123046875,0.25,0.212890625,0.25390625
584,759,0.10546875,0.1015625,0.287109375,0.2109375,0.294921875
585,760,0.0546875,0.091796875,0.3359375,0.16796875,0.349609375
586,761,0.025390625,0.11328125,0.357421875,0.087890625,0.416015625
587,762,0.02734375,0.162109375,0.32421875,0.03515625,0.451171875
588,763,0.064453125,0.201171875,0.2890625,0.03125,0.4140625
589,764,0.115234375,0.21875,0.271484375,0.06640625,0.328125
590,765,0.15625,0.205078125,0.251953125,0.123046875,0.263671875
591,766,0.16796875,0.1953125,0.23046875,0.16796875,0.23828125
592,767,0.162109375,0.181640625,0.228515625,0.19140625,0.236328125
593,768,0.12890625,0.16796875,0.24609375,0.205078125,0.251953125
594,769,0.0703125,0.16015625,0.28125,0.203125,0.28515625
595,770,0.01953125,0.162109375,0.328125,0.158203125,0.33203125
596,771,0.009765625,0.181640625,0.36328125,0.07421875,0.37109375
597,772,0.01171875,0.21484375,0.369140625,0.02734375,0.376953125
598,773,0.021484375,0.24609375,0.349609375,0.02734375,0.35546875
599,774,0.080078125,0.251953125,0.298828125,0.0625,0.306640625
600,775,0.146484375,0.23046875,0.248046875,0.123046875,0.251953125
601,776,0.177734375,0.212890625,0.220703125,0.1640625,0.224609375
602,777,0.185546875,0.205078125,0.208984375,0.185546875,0.21484375
603,778,0.19140625,0.201171875,0.205078125,0.19140625,0.2109375
622,807,0.189453125,0.19140625,0.20703125,0.19921875,0.212890625
623,808,0.18359375,0.1796875,0.21484375,0.201171875,0.220703125
624,809,0.17578125,0.16015625,0.228515625,0.203125,0.232421875
625,810,0.1484375,0.146484375,0.25390625,0.189453125,0.26171875
626,811,0.111328125,0.146484375,0.294921875,0.14453125,0.302734375
627,812,0.087890625,0.166015625,0.333984375,0.0703125,0.341796875
628,813,0.08984375,0.1953125,0.33984375,0.025390625,0.349609375
629,814,0.1171875,0.21875,0.31640625,0.0234375,0.32421875
630,815,0.158203125,0.220703125,0.27734375,0.05859375,0.28515625
631,816,0.1796875,0.20703125,0.244140625,0.119140625,0.25
632,817,0.18359375,0.189453125,0.228515625,0.166015625,0.232421875
633,818,0.18359375,0.1640625,0.2265625,0.193359375,0.232421875
634,819,0.17578125,0.134765625,0.23828125,0.208984375,0.2421875
635,820,0.1484375,0.111328125,0.259765625,0.212890625,0.267578125
636,821,0.11328125,0.107421875,0.291015625,0.20703125,0.28125
637,822,0.1015625,0.138671875,0.2734375,0.19140625,0.294921875
638,823,0.115234375,0.1875,0.208984375,0.15234375,0.3359375
639,824,0.138671875,0.2109375,0.1796875,0.130859375,0.33984375
640,825,0.16015625,0.205078125,0.201171875,0.140625,0.29296875
641,826,0.171875,0.193359375,0.2265625,0.162109375,0.24609375
642,827,0.177734375,0.181640625,0.224609375,0.18359375,0.232421875
643,828,0.169921875,0.1640625,0.23046875,0.19921875,0.236328125
644,829,0.13671875,0.140625,0.25390625,0.208984375,0.259765625
645,830,0.07421875,0.126953125,0.296875,0.1953125,0.306640625
646,831,0.021484375,0.12890625,0.361328125,0.12109375,0.3671875
647,832,0.01171875,0.14453125,0.404296875,0.029296875,0.41015625
648,833,0.01171875,0.17578125,0.40234375,0.0,0.41015625
649,834,0.0234375,0.216796875,0.376953125,0.0,0.3828125
650,835,0.0859375,0.2421875,0.3203125,0.0234375,0.328125
651,836,0.15234375,0.232421875,0.259765625,0.08984375,0.265625
652,837,0.1796875,0.212890625,0.224609375,0.15234375,0.23046875
653,838,0.1875,0.205078125,0.2109375,0.181640625,0.21484375
654,839,0.19140625,0.201171875,0.205078125,0.19140625,0.2109375
655,840,0.193359375,0.201171875,0.203125,0.193359375,0.208984375
672,867,0.193359375,0.193359375,0.205078125,0.197265625,0.2109375
673,868,0.189453125,0.185546875,0.2109375,0.201171875,0.212890625
674,869,0.181640625,0.166015625,0.220703125,0.205078125,0.2265625
675,870,0.16015625,0.138671875,0.2421875,0.208984375,0.25
676,871,0.107421875,0.123046875,0.28515625,0.1953125,0.2890625
677,872,0.056640625,0.123046875,0.345703125,0.12109375,0.353515625
678,873,0.025390625,0.140625,0.3984375,0.03125,0.404296875
679,874,0.0234375,0.171875,0.3984375,0.0,0.40625
680,875,0.05859375,0.20703125,0.365234375,0.0,0.369140625
681,876,0.11328125,0.2265625,0.314453125,0.0234375,0.322265625
682,877,0.166015625,0.216796875,0.259765625,0.08984375,0.267578125
683,878,0.181640625,0.1953125,0.23046875,0.154296875,0.23828125
684,879,0.18359375,0.177734375,0.22265625,0.1875,0.228515625
685,880,0.18359375,0.154296875,0.2265625,0.205078125,0.23046875
686,881,0.177734375,0.134765625,0.23828125,0.212890625,0.236328125
687,882,0.17578125,0.134765625,0.255859375,0.224609375,0.208984375
688,883,0.1875,0.16015625,0.2265625,0.2421875,0.18359375
689,884,0.201171875,0.197265625,0.166015625,0.23828125,0.197265625
690,885,0.201171875,0.208984375,0.146484375,0.208984375,0.234375
691,886,0.189453125,0.19921875,0.177734375,0.1875,0.24609375
692,887,0.18359375,0.189453125,0.212890625,0.18359375,0.23046875
693,888,0.18359375,0.17578125,0.220703125,0.193359375,0.2265625
694,889,0.1796875,0.15234375,0.228515625,0.203125,0.236328125
695,890,0.158203125,0.123046875,0.251953125,0.20703125,0.259765625
696,891,0.10546875,0.103515625,0.294921875,0.19140625,0.3046875
697,892,0.056640625,0.09765625,0.361328125,0.1171875,0.3671875
698,893,0.025390625,0.11328125,0.408203125,0.02734375,0.42578125
699,894,0.02734375,0.154296875,0.392578125,0.0,0.42578125
700,895,0.0625,0.197265625,0.35546875,0.0,0.384765625
701,896,0.119140625,0.224609375,0.30859375,0.0234375,0.32421875
702,897,0.169921875,0.22265625,0.255859375,0.08984375,0.26171875
703,898,0.18359375,0.2109375,0.22265625,0.15234375,0.23046875
704,899,0.1875,0.205078125,0.2109375,0.181640625,0.21484375
705,900,0.19140625,0.201171875,0.205078125,0.19140625,0.2109375
706,901,0.193359375,0.201171875,0.203125,0.193359375,0.208984375
723,928,0.19140625,0.193359375,0.205078125,0.19921875,0.2109375
724,929,0.1875,0.18359375,0.2109375,0.201171875,0.216796875
725,930,0.1796875,0.15625,0.224609375,0.208984375,0.23046875
726,931,0.1484375,0.125,0.251953125,0.21875,0.255859375
727,932,0.080078125,0.107421875,0.30078125,0.20703125,0.3046875
728,933,0.0234375,0.099609375,0.37109375,0.12890625,0.376953125
729,934,0.01171875,0.11328125,0.412109375,0.033203125,0.4296875
730,935,0.013671875,0.150390625,0.400390625,0.0,0.435546875
731,936,0.021484375,0.197265625,0.373046875,0.0,0.408203125
732,937,0.08203125,0.2265625,0.326171875,0.0234375,0.341796875
733,938,0.142578125,0.21875,0.26953125,0.09375,0.275390625
734,939,0.173828125,0.203125,0.23046875,0.15625,0.236328125
735,940,0.181640625,0.189453125,0.21875,0.185546875,0.224609375
736,941,0.18359375,0.17578125,0.216796875,0.19921875,0.224609375
737,942,0.185546875,0.1640625,0.22265625,0.20703125,0.220703125
738,943,0.193359375,0.16796875,0.236328125,0.220703125,0.181640625
739,944,0.208984375,0.18359375,0.22265625,0.236328125,0.1484375
740,945,0.216796875,0.203125,0.19140625,0.234375,0.154296875
741,946,0.205078125,0.205078125,0.177734375,0.216796875,0.1953125
742,947,0.189453125,0.197265625,0.189453125,0.197265625,0.2265625
743,948,0.185546875,0.189453125,0.2109375,0.193359375,0.220703125
744,949,0.185546875,0.17578125,0.21875,0.1953125,0.224609375
745,950,0.185546875,0.15234375,0.228515625,0.201171875,0.232421875
746,951,0.17578125,0.119140625,0.248046875,0.203125,0.25390625
747,952,0.1484375,0.09765625,0.279296875,0.1875,0.287109375
748,953,0.115234375,0.087890625,0.3203125,0.140625,0.3359375
749,954,0.10546875,0.111328125,0.333984375,0.076171875,0.373046875
750,955,0.123046875,0.169921875,0.31640625,0.029296875,0.361328125
751,956,0.15625,0.208984375,0.279296875,0.029296875,0.326171875
752,957,0.177734375,0.216796875,0.25,0.064453125,0.291015625
753,958,0.18359375,0.2109375,0.236328125,0.119140625,0.25
754,959,0.185546875,0.20703125,0.21875,0.162109375,0.2265625
755,960,0.1875,0.203125,0.208984375,0.18359375,0.216796875
756,961,0.189453125,0.201171875,0.20703125,0.19140625,0.2109375
757,962,0.19140625,0.201171875,0.205078125,0.193359375,0.208984375
772,987,0.1953125,0.19921875,0.203125,0.1953125,0.20703125
773,988,0.1953125,0.197265625,0.203125,0.197265625,0.20703125
774,989,0.19140625,0.193359375,0.205078125,0.19921875,0.2109375
775,990,0.1875,0.181640625,0.2109375,0.203125,0.216796875
776,991,0.1796875,0.15625,0.224609375,0.2109375,0.228515625
777,992,0.146484375,0.125,0.25,0.22265625,0.255859375
778,993,0.078125,0.103515625,0.294921875,0.220703125,0.302734375
779,994,0.021484375,0.095703125,0.34765625,0.17578125,0.359375
780,995,0.01171875,0.11328125,0.3515625,0.08984375,0.43359375
781,996,0.013671875,0.1640625,0.322265625,0.037109375,0.462890625
782,997,0.01953125,0.212890625,0.302734375,0.03125,0.43359375
783,998,0.076171875,0.228515625,0.28125,0.0703125,0.34375
784,999,0.126953125,0.21484375,0.259765625,0.126953125,0.271484375
785,1000,0.16015625,0.205078125,0.23046875,0.16796875,0.236328125
786,1001,0.173828125,0.1953125,0.216796875,0.189453125,0.224609375
787,1002,0.177734375,0.189453125,0.21484375,0.197265625,0.220703125
788,1003,0.181640625,0.185546875,0.21484375,0.201171875,0.216796875
789,1004,0.185546875,0.1875,0.21875,0.205078125,0.203125
790,1005,0.193359375,0.193359375,0.22265625,0.212890625,0.177734375
791,1006,0.1953125,0.19921875,0.216796875,0.212890625,0.17578125
792,1007,0.189453125,0.1953125,0.208984375,0.203125,0.203125
793,1008,0.18359375,0.193359375,0.208984375,0.1953125,0.21875
794,1009,0.18359375,0.189453125,0.21484375,0.19140625,0.220703125
795,1010,0.18359375,0.181640625,0.21875,0.189453125,0.2265625
796,1011,0.185546875,0.16015625,0.228515625,0.1875,0.23828125
797,1012,0.1875,0.130859375,0.244140625,0.1875,0.25
798,1013,0.1796875,0.109375,0.263671875,0.1796875,0.267578125
799,1014,0.17578125,0.1015625,0.275390625,0.16015625,0.287109375
800,1015,0.201171875,0.12890625,0.25390625,0.146484375,0.26953125
801,1016,0.24609375,0.1875,0.1953125,0.130859375,0.240234375
802,1017,0.25390625,0.220703125,0.173828125,0.12890625,0.22265625
803,1018,0.216796875,0.212890625,0.201171875,0.138671875,0.23046875
804,1019,0.19140625,0.203125,0.21875,0.15625,0.23046875
805,1020,0.185546875,0.201171875,0.21484375,0.17578125,0.22265625
806,1021,0.18359375,0.201171875,0.2109375,0.1875,0.216796875
807,1022,0.18359375,0.201171875,0.208984375,0.19140625,0.21484375
808,1023,0.18359375,0.201171875,0.208984375,0.19140625,0.21484375
809,1024,0.185546875,0.203125,0.20703125,0.193359375,0.2109375
823,1048,0.1953125,0.19921875,0.203125,0.1953125,0.20703125
824,1049,0.193359375,0.197265625,0.203125,0.197265625,0.208984375
825,1050,0.19140625,0.193359375,0.205078125,0.197265625,0.212890625
826,1051,0.1875,0.185546875,0.2109375,0.201171875,0.21484375
827,1052,0.1796875,0.166015625,0.220703125,0.208984375,0.224609375
828,1053,0.15625,0.13671875,0.240234375,0.220703125,0.24609375
829,1054,0.099609375,0.1171875,0.2734375,0.228515625,0.28125
830,1055,0.048828125,0.111328125,0.30078125,0.216796875,0.322265625
831,1056,0.021484375,0.138671875,0.279296875,0.1953125,0.365234375
832,1057,0.021484375,0.205078125,0.228515625,0.171875,0.373046875
833,1058,0.052734375,0.240234375,0.208984375,0.154296875,0.34375
834,1059,0.0859375,0.2265625,0.228515625,0.158203125,0.30078125
835,1060,0.115234375,0.208984375,0.244140625,0.169921875,0.26171875
836,1061,0.142578125,0.203125,0.232421875,0.185546875,0.236328125
837,1062,0.15625,0.19921875,0.22265625,0.1953125,0.2265625
838,1063,0.1640625,0.197265625,0.21875,0.19921875,0.220703125
839,1064,0.171875,0.1953125,0.21484375,0.197265625,0.220703125
840,1065,0.17578125,0.193359375,0.212890625,0.19921875,0.21875
841,1066,0.181640625,0.1953125,0.212890625,0.19921875,0.2109375
842,1067,0.18359375,0.1953125,0.212890625,0.19921875,0.208984375
843,1068,0.181640625,0.193359375,0.2109375,0.197265625,0.216796875
844,1069,0.1796875,0.193359375,0.21484375,0.193359375,0.21875
845,1070,0.177734375,0.193359375,0.220703125,0.18359375,0.224609375
846,1071,0.17578125,0.189453125,0.23046875,0.169921875,0.234375
847,1072,0.17578125,0.17578125,0.2421875,0.158203125,0.248046875
848,1073,0.181640625,0.15625,0.251953125,0.15234375,0.2578125
849,1074,0.1875,0.134765625,0.259765625,0.15234375,0.265625
850,1075,0.197265625,0.126953125,0.25390625,0.16015625,0.26171875
851,1076,0.228515625,0.1484375,0.216796875,0.181640625,0.224609375
852,1077,0.26171875,0.185546875,0.1640625,0.201171875,0.1875
853,1078,0.251953125,0.2109375,0.15625,0.203125,0.177734375
854,1079,0.21484375,0.205078125,0.185546875,0.1875,0.20703125
855,1080,0.1875,0.1953125,0.212890625,0.181640625,0.22265625
856,1081,0.1796875,0.197265625,0.21484375,0.185546875,0.22265625
857,1082,0.17578125,0.201171875,0.21484375,0.189453125,0.21875
858,1083,0.171875,0.203125,0.216796875,0.1875,0.220703125
859,1084,0.171875,0.205078125,0.216796875,0.185546875,0.220703125
860,1085,0.17578125,0.205078125,0.21484375,0.18359375,0.220703125
861,1086,0.181640625,0.205078125,0.2109375,0.1875,0.21484375
873,1108,0.1953125,0.19921875,0.203125,0.1953125,0.20703125
874,1109,0.193359375,0.19921875,0.203125,0.1953125,0.208984375
875,1110,0.19140625,0.197265625,0.205078125,0.197265625,0.208984375
876,1111,0.189453125,0.1953125,0.20703125,0.197265625,0.2109375
877,1112,0.185546875,0.189453125,0.208984375,0.19921875,0.216796875
878,1113,0.1796875,0.177734375,0.216796875,0.205078125,0.220703125
879,1114,0.16796875,0.158203125,0.228515625,0.212890625,0.232421875
880,1115,0.134765625,0.140625,0.248046875,0.22265625,0.25390625
881,1116,0.095703125,0.134765625,0.263671875,0.23046875,0.275390625
882,1117,0.080078125,0.1640625,0.2421875,0.25390625,0.259765625
883,1118,0.087890625,0.212890625,0.197265625,0.275390625,0.2265625
884,1119,0.099609375,0.236328125,0.1875,0.259765625,0.216796875
885,1120,0.107421875,0.21875,0.21875,0.22265625,0.232421875
886,1121,0.10546875,0.197265625,0.244140625,0.201171875,0.251953125
887,1122,0.109375,0.197265625,0.244140625,0.19921875,0.25
888,1123,0.11328125,0.201171875,0.240234375,0.19921875,0.24609375
889,1124,0.125,0.203125,0.236328125,0.1953125,0.240234375
890,1125,0.14453125,0.203125,0.228515625,0.19140625,0.232421875
891,1126,0.162109375,0.201171875,0.220703125,0.19140625,0.224609375
892,1127,0.173828125,0.197265625,0.21484375,0.193359375,0.220703125
893,1128,0.17578125,0.1953125,0.212890625,0.1953125,0.220703125
894,1129,0.173828125,0.19140625,0.216796875,0.1953125,0.22265625
895,1130,0.166015625,0.19140625,0.2265625,0.185546875,0.23046875
896,1131,0.15234375,0.19140625,0.2421875,0.166015625,0.248046875
897,1132,0.138671875,0.19921875,0.263671875,0.130859375,0.267578125
898,1133,0.140625,0.201171875,0.279296875,0.09375,0.28515625
899,1134,0.158203125,0.19140625,0.279296875,0.08203125,0.2890625
900,1135,0.177734375,0.17578125,0.267578125,0.103515625,0.275390625
901,1136,0.193359375,0.1640625,0.25,0.13671875,0.255859375
902,1137,0.208984375,0.169921875,0.216796875,0.171875,0.232421875
903,1138,0.22265625,0.1875,0.19140625,0.19921875,0.19921875
904,1139,0.216796875,0.197265625,0.185546875,0.205078125,0.1953125
905,1140,0.1953125,0.19140625,0.19921875,0.197265625,0.216796875
906,1141,0.1796875,0.1875,0.216796875,0.19140625,0.224609375
907,1142,0.166015625,0.19140625,0.22265625,0.19140625,0.228515625
908,1143,0.150390625,0.197265625,0.23046875,0.185546875,0.236328125
909,1144,0.138671875,0.205078125,0.23828125,0.173828125,0.244140625
910,1145,0.140625,0.212890625,0.240234375,0.162109375,0.244140625
911,1146,0.154296875,0.21484375,0.234375,0.158203125,0.23828125
912,1147,0.171875,0.2109375,0.22265625,0.166015625,0.228515625
923,1168,0.1953125,0.19921875,0.203125,0.1953125,0.20703125
924,1169,0.193359375,0.19921875,0.203125,0.1953125,0.208984375
925,1170,0.19140625,0.19921875,0.205078125,0.1953125,0.208984375
926,1171,0.1875,0.19921875,0.20703125,0.1953125,0.2109375
927,1172,0.185546875,0.197265625,0.208984375,0.1953125,0.212890625
928,1173,0.181640625,0.1953125,0.2109375,0.1953125,0.216796875
929,1174,0.177734375,0.1875,0.21484375,0.19921875,0.220703125
930,1175,0.171875,0.177734375,0.220703125,0.203125,0.2265625
931,1176,0.158203125,0.16796875,0.228515625,0.2109375,0.234375
932,1177,0.142578125,0.162109375,0.23828125,0.21875,0.23828125
933,1178,0.138671875,0.177734375,0.234375,0.240234375,0.208984375
934,1179,0.142578125,0.203125,0.22265625,0.26171875,0.169921875
935,1180,0.13671875,0.208984375,0.22265625,0.259765625,0.171875
936,1181,0.1171875,0.193359375,0.240234375,0.23828125,0.2109375
937,1182,0.08984375,0.177734375,0.2578125,0.216796875,0.2578125
938,1183,0.0703125,0.1796875,0.267578125,0.208984375,0.2734375
939,1184,0.060546875,0.19140625,0.275390625,0.193359375,0.279296875
940,1185,0.06640625,0.203125,0.2734375,0.177734375,0.279296875
941,1186,0.091796875,0.2109375,0.26171875,0.16796875,0.267578125
942,1187,0.12890625,0.208984375,0.2421875,0.171875,0.248046875
943,1188,0.15625,0.201171875,0.228515625,0.181640625,0.232421875
944,1189,0.1640625,0.19140625,0.224609375,0.189453125,0.23046875
945,1190,0.158203125,0.181640625,0.232421875,0.19140625,0.236328125
946,1191,0.1328125,0.177734375,0.25,0.18359375,0.255859375
947,1192,0.09765625,0.18359375,0.28515625,0.142578125,0.291015625
948,1193,0.076171875,0.201171875,0.32421875,0.0703125,0.328125
949,1194,0.076171875,0.216796875,0.337890625,0.025390625,0.34375
950,1195,0.1015625,0.220703125,0.326171875,0.017578125,0.333984375
951,1196,0.14453125,0.212890625,0.29296875,0.048828125,0.30078125
952,1197,0.1796875,0.197265625,0.2578125,0.1015625,0.263671875
953,1198,0.19140625,0.189453125,0.2265625,0.154296875,0.23828125
954,1199,0.193359375,0.1875,0.212890625,0.18359375,0.22265625
955,1200,0.19140625,0.185546875,0.208984375,0.1953125,0.21875
956,1201,0.18359375,0.181640625,0.21484375,0.197265625,0.22265625
957,1202,0.169921875,0.177734375,0.224609375,0.19921875,0.228515625
958,1203,0.138671875,0.17578125,0.2421875,0.197265625,0.24609375
959,1204,0.099609375,0.18359375,0.265625,0.177734375,0.2734375
960,1205,0.076171875,0.201171875,0.2890625,0.138671875,0.294921875
961,1206,0.078125,0.22265625,0.294921875,0.1015625,0.302734375
962,1207,0.10546875,0.234375,0.279296875,0.095703125,0.28515625
963,1208,0.146484375,0.2265625,0.25,0.123046875,0.25390625
974,1229,0.193359375,0.19921875,0.203125,0.1953125,0.208984375
975,1230,0.19140625,0.19921875,0.205078125,0.1953125,0.208984375
976,1231,0.185546875,0.19921875,0.20703125,0.1953125,0.212890625
977,1232,0.181640625,0.19921875,0.2109375,0.193359375,0.21484375
978,1233,0.17578125,0.19921875,0.21484375,0.189453125,0.220703125
979,1234,0.171875,0.19921875,0.21875,0.185546875,0.224609375
980,1235,0.16796875,0.197265625,0.22265625,0.185546875,0.2265625
981,1236,0.166015625,0.193359375,0.22265625,0.19140625,0.2265625
982,1237,0.1640625,0.1875,0.22265625,0.19921875,0.2265625
983,1238,0.1640625,0.181640625,0.22265625,0.205078125,0.2265625
984,1239,0.1640625,0.18359375,0.228515625,0.212890625,0.2109375
985,1240,0.166015625,0.185546875,0.234375,0.2265625,0.1875
986,1241,0.154296875,0.1796875,0.244140625,0.234375,0.1875
987,1242,0.1171875,0.162109375,0.255859375,0.23046875,0.234375
988,1243,0.072265625,0.1484375,0.27734375,0.22265625,0.279296875
989,1244,0.03515625,0.150390625,0.3046875,0.201171875,0.30859375
990,1245,0.013671875,0.166015625,0.330078125,0.154296875,0.3359375
991,1246,0.015625,0.1953125,0.33984375,0.10546875,0.34375
992,1247,0.04296875,0.216796875,0.3203125,0.09375,0.326171875
993,1248,0.08984375,0.216796875,0.283203125,0.12109375,0.2890625
994,1249,0.12890625,0.201171875,0.25390625,0.15625,0.259765625
995,1250,0.146484375,0.181640625,0.244140625,0.1796875,0.248046875
996,1251,0.130859375,0.1640625,0.25390625,0.19140625,0.259765625
997,1252,0.091796875,0.15234375,0.28515625,0.181640625,0.2890625
998,1253,0.046875,0.15625,0.3359375,0.119140625,0.341796875
999,1254,0.017578125,0.177734375,0.3828125,0.033203125,0.388671875
1000,1255,0.013671875,0.19921875,0.390625,0.0,0.396484375
1001,1256,0.044921875,0.224609375,0.36328125,0.0,0.3671875
1002,1257,0.103515625,0.234375,0.3203125,0.013671875,0.328125
1003,1258,0.1640625,0.220703125,0.267578125,0.076171875,0.271484375
1004,1259,0.18359375,0.203125,0.23046875,0.146484375,0.236328125
1005,1260,0.1875,0.193359375,0.216796875,0.1796875,0.22265625
1006,1261,0.185546875,0.185546875,0.212890625,0.1953125,0.220703125
1007,1262,0.1796875,0.173828125,0.21875,0.201171875,0.2265625
1008,1263,0.154296875,0.16015625,0.236328125,0.20703125,0.2421875
1009,1264,0.1015625,0.15234375,0.26953125,0.19921875,0.27734375
1010,1265,0.05078125,0.15625,0.31640625,0.154296875,0.322265625
1011,1266,0.0234375,0.1796875,0.359375,0.07421875,0.36328125
1012,1267,0.0234375,0.2109375,0.365234375,0.02734375,0.373046875
1013,1268,0.0546875,0.23828125,0.337890625,0.025390625,0.34375
1014,1269,0.109375,0.244140625,0.2890625,0.060546875,0.296875
1025,1290,0.19140625,0.197265625,0.205078125,0.1953125,0.2109375
1026,1291,0.1875,0.197265625,0.208984375,0.1953125,0.2109375
1027,1292,0.1796875,0.1953125,0.212890625,0.193359375,0.21875
1028,1293,0.169921875,0.1953125,0.22265625,0.185546875,0.2265625
1029,1294,0.154296875,0.19921875,0.234375,0.173828125,0.23828125
1030,1295,0.138671875,0.205078125,0.244140625,0.162109375,0.25
1031,1296,0.134765625,0.208984375,0.24609375,0.16015625,0.25
1032,1297,0.14453125,0.20703125,0.23828125,0.16796875,0.2421875
1033,1298,0.15625,0.201171875,0.228515625,0.181640625,0.232421875
1034,1299,0.16796875,0.1953125,0.21875,0.193359375,0.224609375
1035,1300,0.171875,0.189453125,0.216796875,0.201171875,0.220703125
1036,1301,0.173828125,0.177734375,0.220703125,0.208984375,0.21875
1037,1302,0.16015625,0.16015625,0.234375,0.216796875,0.228515625
1038,1303,0.12109375,0.138671875,0.2578125,0.2265625,0.255859375
1039,1304,0.0625,0.125,0.29296875,0.21875,0.30078125
1040,1305,0.013671875,0.123046875,0.34375,0.169921875,0.349609375
1041,1306,0.01171875,0.13671875,0.3828125,0.078125,0.390625
1042,1307,0.01171875,0.169921875,0.39453125,0.0234375,0.400390625
1043,1308,0.013671875,0.205078125,0.37890625,0.015625,0.38671875
1044,1309,0.064453125,0.216796875,0.330078125,0.0546875,0.333984375
1045,1310,0.109375,0.201171875,0.287109375,0.111328125,0.291015625
1046,1311,0.125,0.171875,0.267578125,0.166015625,0.26953125
1047,1312,0.107421875,0.142578125,0.27734375,0.19140625,0.28125
1048,1313,0.0625,0.125,0.3125,0.18359375,0.31640625
1049,1314,0.013671875,0.123046875,0.37109375,0.1171875,0.375
1050,1315,0.01171875,0.134765625,0.408203125,0.02734375,0.41796875
1051,1316,0.01171875,0.166015625,0.408203125,0.0,0.4140625
1052,1317,0.013671875,0.20703125,0.38671875,0.0,0.392578125
1053,1318,0.076171875,0.234375,0.333984375,0.015625,0.33984375
1054,1319,0.142578125,0.2265625,0.271484375,0.080078125,0.279296875
1055,1320,0.177734375,0.20703125,0.23046875,0.150390625,0.234375
1056,1321,0.18359375,0.1953125,0.216796875,0.181640625,0.22265625
1057,1322,0.18359375,0.18359375,0.21484375,0.197265625,0.220703125
1058,1323,0.177734375,0.1640625,0.22265625,0.205078125,0.23046875
1059,1324,0.14453125,0.140625,0.248046875,0.212890625,0.25390625
1060,1325,0.076171875,0.126953125,0.294921875,0.19921875,0.302734375
1061,1326,0.021484375,0.126953125,0.359375,0.125,0.3671875
1062,1327,0.01171875,0.142578125,0.404296875,0.03125,0.41015625
1063,1328,0.01171875,0.17578125,0.40234375,0.0,0.41015625
1064,1329,0.0234375,0.21875,0.375,0.0,0.3828125
1065,1330,0.0859375,0.2421875,0.3203125,0.0234375,0.328125
1076,1351,0.189453125,0.1953125,0.20703125,0.1953125,0.212890625
1077,1352,0.181640625,0.19140625,0.212890625,0.1953125,0.21875
1078,1353,0.171875,0.185546875,0.224609375,0.189453125,0.228515625
1079,1354,0.14453125,0.18359375,0.24609375,0.171875,0.25390625
1080,1355,0.10546875,0.193359375,0.279296875,0.138671875,0.283203125
1081,1356,0.078125,0.208984375,0.3046875,0.099609375,0.30859375
1082,1357,0.078125,0.22265625,0.302734375,0.08984375,0.306640625
1083,1358,0.09765625,0.22265625,0.27734375,0.1171875,0.28515625
1084,1359,0.1328125,0.21484375,0.24609375,0.154296875,0.251953125
1085,1360,0.16015625,0.203125,0.2265625,0.1796875,0.23046875
1086,1361,0.173828125,0.19140625,0.216796875,0.1953125,0.22265625
1087,1362,0.177734375,0.177734375,0.21875,0.203125,0.22265625
1088,1363,0.169921875,0.15234375,0.228515625,0.212890625,0.236328125
1089,1364,0.1328125,0.125,0.255859375,0.22265625,0.263671875
1090,1365,0.072265625,0.10546875,0.302734375,0.212890625,0.306640625
1091,1366,0.017578125,0.09765625,0.369140625,0.140625,0.375
1092,1367,0.01171875,0.111328125,0.416015625,0.037109375,0.423828125
1093,1368,0.01171875,0.142578125,0.419921875,0.0,0.42578125
1094,1369,0.01171875,0.18359375,0.3984375,0.0,0.40625
1095,1370,0.0546875,0.208984375,0.359375,0.0078125,0.369140625
1096,1371,0.09765625,0.197265625,0.3125,0.076171875,0.31640625
1097,1372,0.109375,0.162109375,0.28515625,0.150390625,0.29296875
1098,1373,0.091796875,0.130859375,0.29296875,0.1875,0.296875
1099,1374,0.05078125,0.10546875,0.32421875,0.189453125,0.330078125
1100,1375,0.01171875,0.095703125,0.375,0.138671875,0.37890625
1101,1376,0.01171875,0.10546875,0.40625,0.064453125,0.412109375
1102,1377,0.01171875,0.142578125,0.408203125,0.013671875,0.423828125
1103,1378,0.013671875,0.193359375,0.37109375,0.015625,0.40625
1104,1379,0.076171875,0.2265625,0.302734375,0.05859375,0.3359375
1105,1380,0.138671875,0.220703125,0.25390625,0.119140625,0.267578125
1106,1381,0.173828125,0.205078125,0.224609375,0.1640625,0.232421875
1107,1382,0.181640625,0.1953125,0.21484375,0.1875,0.220703125
1108,1383,0.18359375,0.181640625,0.21484375,0.19921875,0.220703125
1109,1384,0.177734375,0.15625,0.2265625,0.208984375,0.23046875
1110,1385,0.146484375,0.125,0.251953125,0.216796875,0.259765625
1111,1386,0.078125,0.107421875,0.30078125,0.205078125,0.30859375
1112,1387,0.0234375,0.099609375,0.37109375,0.12890625,0.376953125
1113,1388,0.01171875,0.11328125,0.412109375,0.033203125,0.4296875
1114,1389,0.01171875,0.15234375,0.404296875,0.0,0.431640625
1115,1390,0.025390625,0.197265625,0.375,0.0,0.40234375
1116,1391,0.087890625,0.23046875,0.322265625,0.025390625,0.333984375
1128,1413,0.1796875,0.181640625,0.21875,0.197265625,0.22265625
1129,1414,0.16015625,0.16796875,0.240234375,0.185546875,0.24609375
1130,1415,0.107421875,0.162109375,0.28515625,0.15234375,0.29296875
1131,1416,0.056640625,0.171875,0.345703125,0.078125,0.34765625
1132,1417,0.0234375,0.1875,0.37890625,0.02734375,0.3828125
1133,1418,0.0234375,0.2109375,0.373046875,0.013671875,0.37890625
1134,1419,0.05078125,0.228515625,0.33203125,0.05078125,0.337890625
1135,1420,0.099609375,0.224609375,0.27734375,0.11328125,0.28515625
1136,1421,0.1484375,0.20703125,0.236328125,0.1640625,0.244140625
1137,1422,0.171875,0.193359375,0.21875,0.189453125,0.2265625
1138,1423,0.177734375,0.1796875,0.21875,0.201171875,0.22265625
1139,1424,0.177734375,0.154296875,0.2265625,0.208984375,0.232421875
1140,1425,0.154296875,0.12109375,0.25,0.21875,0.255859375
1141,1426,0.099609375,0.1015625,0.29296875,0.20703125,0.298828125
1142,1427,0.046875,0.09375,0.361328125,0.142578125,0.35546875
1143,1428,0.013671875,0.109375,0.41796875,0.04296875,0.416015625
1144,1429,0.013671875,0.14453125,0.408203125,0.0,0.43359375
1145,1430,0.02734375,0.1796875,0.37890625,0.0,0.4140625
1146,1431,0.0625,0.19921875,0.357421875,0.0078125,0.373046875
1147,1432,0.087890625,0.19140625,0.3203125,0.072265625,0.328125
1148,1433,0.09375,0.162109375,0.298828125,0.140625,0.3046875
1149,1434,0.078125,0.130859375,0.302734375,0.1796875,0.30859375
1150,1435,0.048828125,0.10546875,0.328125,0.18359375,0.333984375
1151,1436,0.01953125,0.091796875,0.361328125,0.158203125,0.369140625
1152,1437,0.01171875,0.1015625,0.3828125,0.109375,0.39453125
1153,1438,0.01171875,0.14453125,0.345703125,0.08984375,0.408203125
1154,1439,0.044921875,0.1953125,0.2734375,0.09765625,0.388671875
1155,1440,0.099609375,0.22265625,0.21875,0.134765625,0.32421875
1156,1441,0.1484375,0.216796875,0.208984375,0.162109375,0.263671875
1157,1442,0.173828125,0.203125,0.21484375,0.1796875,0.228515625
1158,1443,0.1796875,0.1953125,0.212890625,0.193359375,0.21875
1159,1444,0.18359375,0.18359375,0.212890625,0.19921875,0.220703125
1160,1445,0.181640625,0.15625,0.224609375,0.208984375,0.228515625
1161,1446,0.16015625,0.123046875,0.24609375,0.21875,0.251953125
1162,1447,0.10546875,0.1015625,0.287109375,0.212890625,0.29296875
1163,1448,0.0546875,0.091796875,0.3359375,0.16796875,0.349609375
1164,1449,0.025390625,0.115234375,0.35546875,0.087890625,0.416015625
1165,1450,0.02734375,0.1640625,0.322265625,0.03515625,0.451171875
1166,1451,0.06640625,0.203125,0.28515625,0.03125,0.4140625
1167,1452,0.12109375,0.224609375,0.267578125,0.06640625,0.3203125
1179,1474,0.1796875,0.16796875,0.224609375,0.19921875,0.228515625
1180,1475,0.150390625,0.146484375,0.255859375,0.185546875,0.26171875
1181,1476,0.083984375,0.13671875,0.318359375,0.134765625,0.326171875
1182,1477,0.025390625,0.140625,0.392578125,0.044921875,0.396484375
1183,1478,0.01171875,0.1484375,0.41796875,0.0,0.421875
1184,1479,0.01171875,0.173828125,0.404296875,0.0,0.41015625
1185,1480,0.0234375,0.212890625,0.375,0.009765625,0.37890625
1186,1481,0.078125,0.224609375,0.306640625,0.078125,0.3125
1187,1482,0.13671875,0.2109375,0.24609375,0.154296875,0.251953125
1188,1483,0.169921875,0.1953125,0.220703125,0.185546875,0.228515625
1189,1484,0.1796875,0.18359375,0.216796875,0.19921875,0.220703125
1190,1485,0.1796875,0.162109375,0.22265625,0.20703125,0.228515625
1191,1486,0.169921875,0.130859375,0.240234375,0.21484375,0.244140625
1192,1487,0.13671875,0.111328125,0.271484375,0.20703125,0.2734375
1193,1488,0.099609375,0.109375,0.32421875,0.169921875,0.296875
1194,1489,0.080078125,0.140625,0.359375,0.09765625,0.322265625
1195,1490,0.068359375,0.185546875,0.337890625,0.037109375,0.37109375
1196,1491,0.0703125,0.205078125,0.30078125,0.021484375,0.40234375
1197,1492,0.072265625,0.203125,0.30078125,0.05078125,0.373046875
1198,1493,0.072265625,0.19140625,0.31640625,0.087890625,0.33203125
1199,1494,0.06640625,0.169921875,0.310546875,0.134765625,0.318359375
1200,1495,0.05859375,0.14453125,0.318359375,0.154296875,0.32421875
1201,1496,0.046875,0.125,0.3359375,0.1484375,0.34375
1202,1497,0.0390625,0.115234375,0.35546875,0.134765625,0.35546875
1203,1498,0.0390625,0.12890625,0.3515625,0.134765625,0.345703125
1204,1499,0.060546875,0.17578125,0.28515625,0.1640625,0.314453125
1205,1500,0.09765625,0.220703125,0.1796875,0.197265625,0.3046875
1206,1501,0.130859375,0.232421875,0.142578125,0.201171875,0.29296875
1207,1502,0.158203125,0.220703125,0.173828125,0.19140625,0.255859375
1208,1503,0.171875,0.205078125,0.20703125,0.189453125,0.2265625
1209,1504,0.177734375,0.197265625,0.212890625,0.193359375,0.21875
1210,1505,0.181640625,0.1875,0.212890625,0.19921875,0.21875
1211,1506,0.181640625,0.166015625,0.220703125,0.205078125,0.2265625
1212,1507,0.173828125,0.134765625,0.234375,0.21484375,0.2421875
1213,1508,0.146484375,0.111328125,0.259765625,0.21484375,0.267578125
1214,1509,0.11328125,0.107421875,0.2890625,0.20703125,0.283203125
1215,1510,0.1015625,0.138671875,0.2734375,0.19140625,0.294921875
1216,1511,0.115234375,0.189453125,0.208984375,0.15234375,0.333984375
1217,1512,0.138671875,0.21484375,0.177734375,0.12890625,0.33984375
1218,1513,0.1640625,0.212890625,0.19921875,0.13671875,0.287109375
1230,1535,0.181640625,0.158203125,0.2265625,0.201171875,0.232421875
1231,1536,0.15234375,0.12890625,0.26171875,0.19140625,0.265625
1232,1537,0.0859375,0.115234375,0.32421875,0.142578125,0.33203125
1233,1538,0.025390625,0.109375,0.404296875,0.0546875,0.40625
1234,1539,0.013671875,0.119140625,0.43359375,0.0,0.43359375
1235,1540,0.013671875,0.154296875,0.40625,0.0,0.42578125
1236,1541,0.0234375,0.197265625,0.365234375,0.015625,0.3984375
1237,1542,0.080078125,0.21484375,0.302734375,0.0859375,0.31640625
1238,1543,0.138671875,0.20703125,0.24609375,0.15625,0.251953125
1239,1544,0.169921875,0.197265625,0.220703125,0.185546875,0.2265625
1240,1545,0.177734375,0.189453125,0.21484375,0.197265625,0.220703125
1241,1546,0.1796875,0.173828125,0.21875,0.205078125,0.22265625
1242,1547,0.173828125,0.15234375,0.228515625,0.208984375,0.236328125
1243,1548,0.158203125,0.1328125,0.251953125,0.20703125,0.25
1244,1549,0.142578125,0.138671875,0.2890625,0.201171875,0.228515625
1245,1550,0.142578125,0.173828125,0.279296875,0.1796875,0.224609375
1246,1551,0.140625,0.2265625,0.224609375,0.134765625,0.2734375
1247,1552,0.109375,0.232421875,0.205078125,0.109375,0.34375
1248,1553,0.0703125,0.205078125,0.251953125,0.107421875,0.365234375
1249,1554,0.044921875,0.189453125,0.302734375,0.12109375,0.341796875
1250,1555,0.03125,0.177734375,0.33203125,0.119140625,0.33984375
1251,1556,0.02734375,0.16796875,0.349609375,0.099609375,0.35546875
1252,1557,0.033203125,0.158203125,0.361328125,0.078125,0.369140625
1253,1558,0.048828125,0.15625,0.3671875,0.076171875,0.3515625
1254,1559,0.08203125,0.1796875,0.353515625,0.103515625,0.28125
1255,1560,0.11328125,0.216796875,0.271484375,0.173828125,0.224609375
1256,1561,0.140625,0.251953125,0.1640625,0.2265625,0.216796875
1257,1562,0.1484375,0.24609375,0.138671875,0.220703125,0.24609375
1258,1563,0.150390625,0.224609375,0.173828125,0.19921875,0.251953125
1259,1564,0.158203125,0.2109375,0.212890625,0.1875,0.23046875
1260,1565,0.169921875,0.203125,0.216796875,0.1875,0.22265625
1261,1566,0.17578125,0.1953125,0.21484375,0.193359375,0.220703125
1262,1567,0.1796875,0.1796875,0.216796875,0.19921875,0.224609375
1263,1568,0.181640625,0.15625,0.224609375,0.20703125,0.23046875
1264,1569,0.177734375,0.13671875,0.23828125,0.212890625,0.234375
1265,1570,0.17578125,0.134765625,0.2578125,0.224609375,0.20703125
1266,1571,0.18359375,0.162109375,0.228515625,0.240234375,0.185546875
1267,1572,0.197265625,0.19921875,0.166015625,0.23828125,0.19921875
1268,1573,0.19921875,0.21484375,0.146484375,0.20703125,0.232421875
1269,1574,0.189453125,0.20703125,0.173828125,0.18359375,0.24609375
1282,1597,0.166015625,0.125,0.251953125,0.201171875,0.255859375
1283,1598,0.11328125,0.107421875,0.30078125,0.171875,0.306640625
1284,1599,0.060546875,0.103515625,0.37890625,0.1015625,0.35546875
1285,1600,0.029296875,0.1328125,0.40625,0.056640625,0.375
1286,1601,0.029296875,0.18359375,0.3515625,0.044921875,0.390625
1287,1602,0.0625,0.203125,0.279296875,0.080078125,0.375
1288,1603,0.107421875,0.20703125,0.24609375,0.134765625,0.3046875
1289,1604,0.150390625,0.201171875,0.232421875,0.171875,0.244140625
1290,1605,0.169921875,0.197265625,0.21875,0.189453125,0.224609375
1291,1606,0.17578125,0.193359375,0.212890625,0.19921875,0.21875
1292,1607,0.173828125,0.185546875,0.216796875,0.203125,0.220703125
1293,1608,0.1640625,0.171875,0.224609375,0.20703125,0.232421875
1294,1609,0.150390625,0.162109375,0.2421875,0.205078125,0.240234375
1295,1610,0.14453125,0.16796875,0.26953125,0.205078125,0.212890625
1296,1611,0.150390625,0.197265625,0.25,0.205078125,0.197265625
1297,1612,0.150390625,0.22265625,0.197265625,0.201171875,0.228515625
1298,1613,0.107421875,0.216796875,0.1875,0.18359375,0.3046875
1299,1614,0.052734375,0.185546875,0.244140625,0.1640625,0.353515625
1300,1615,0.015625,0.173828125,0.310546875,0.142578125,0.357421875
1301,1616,0.009765625,0.171875,0.357421875,0.091796875,0.369140625
1302,1617,0.01171875,0.177734375,0.376953125,0.048828125,0.384765625
1303,1618,0.01171875,0.1875,0.392578125,0.005859375,0.40234375
1304,1619,0.048828125,0.193359375,0.384765625,0.00390625,0.369140625
1305,1620,0.095703125,0.216796875,0.359375,0.052734375,0.275390625
1306,1621,0.1328125,0.244140625,0.2890625,0.123046875,0.2109375
1307,1622,0.13671875,0.25390625,0.22265625,0.189453125,0.197265625
1308,1623,0.119140625,0.24609375,0.19921875,0.197265625,0.23828125
1309,1624,0.111328125,0.232421875,0.212890625,0.181640625,0.26171875
1310,1625,0.119140625,0.2265625,0.236328125,0.169921875,0.248046875
1311,1626,0.14453125,0.21875,0.23046875,0.16796875,0.23828125
1312,1627,0.1640625,0.208984375,0.22265625,0.17578125,0.228515625
1313,1628,0.17578125,0.1953125,0.21875,0.185546875,0.224609375
1314,1629,0.181640625,0.1796875,0.21875,0.197265625,0.22265625
1315,1630,0.18359375,0.166015625,0.224609375,0.205078125,0.220703125
1316,1631,0.193359375,0.166015625,0.236328125,0.21875,0.185546875
1317,1632,0.205078125,0.18359375,0.224609375,0.234375,0.15234375
1318,1633,0.2109375,0.205078125,0.193359375,0.234375,0.15625
1319,1634,0.203125,0.2109375,0.177734375,0.21484375,0.193359375
1320,1635,0.189453125,0.203125,0.189453125,0.1953125,0.22265625
1332,1657,0.189453125,0.1640625,0.21875,0.203125,0.224609375
1333,1658,0.181640625,0.134765625,0.236328125,0.205078125,0.2421875
1334,1659,0.154296875,0.115234375,0.267578125,0.197265625,0.265625
1335,1660,0.12109375,0.119140625,0.318359375,0.1875,0.25390625
1336,1661,0.109375,0.15625,0.306640625,0.177734375,0.25
1337,1662,0.119140625,0.20703125,0.220703125,0.181640625,0.271484375
1338,1663,0.134765625,0.21484375,0.17578125,0.185546875,0.2890625
1339,1664,0.150390625,0.203125,0.19140625,0.18359375,0.271484375
1340,1665,0.1640625,0.197265625,0.216796875,0.1875,0.234375
1341,1666,0.171875,0.1953125,0.21484375,0.197265625,0.220703125
1342,1667,0.169921875,0.193359375,0.21484375,0.201171875,0.220703125
1343,1668,0.15625,0.19140625,0.220703125,0.205078125,0.2265625
1344,1669,0.134765625,0.1875,0.23046875,0.208984375,0.23828125
1345,1670,0.111328125,0.185546875,0.248046875,0.201171875,0.25390625
1346,1671,0.10546875,0.189453125,0.26953125,0.185546875,0.25
1347,1672,0.11328125,0.205078125,0.26953125,0.173828125,0.23828125
1348,1673,0.11328125,0.20703125,0.251953125,0.16796875,0.259765625
1349,1674,0.083984375,0.1796875,0.24609375,0.16796875,0.322265625
1350,1675,0.037109375,0.158203125,0.279296875,0.16796875,0.357421875
1351,1676,0.009765625,0.14453125,0.337890625,0.138671875,0.369140625
1352,1677,0.01171875,0.1484375,0.376953125,0.076171875,0.38671875
1353,1678,0.01171875,0.16796875,0.404296875,0.00390625,0.412109375
1354,1679,0.01171875,0.185546875,0.3984375,0.0,0.404296875
1355,1680,0.04296875,0.203125,0.376953125,0.0,0.376953125
1356,1681,0.09375,0.220703125,0.353515625,0.005859375,0.326171875
1357,1682,0.119140625,0.234375,0.3125,0.076171875,0.2578125
1358,1683,0.1015625,0.234375,0.275390625,0.140625,0.248046875
1359,1684,0.072265625,0.232421875,0.263671875,0.15234375,0.279296875
1360,1685,0.05859375,0.240234375,0.275390625,0.13671875,0.2890625
1361,1686,0.06640625,0.25,0.279296875,0.119140625,0.28515625
1362,1687,0.09375,0.248046875,0.267578125,0.1171875,0.2734375
1363,1688,0.13671875,0.23046875,0.24609375,0.13671875,0.25
1364,1689,0.166015625,0.2109375,0.228515625,0.162109375,0.232421875
1365,1690,0.177734375,0.1953125,0.21875,0.181640625,0.2265625
1366,1691,0.181640625,0.185546875,0.216796875,0.1953125,0.220703125
1367,1692,0.185546875,0.18359375,0.22265625,0.205078125,0.203125
1368,1693,0.189453125,0.19140625,0.2265625,0.212890625,0.1796875
1369,1694,0.189453125,0.201171875,0.220703125,0.2109375,0.177734375
1370,1695,0.18359375,0.201171875,0.2109375,0.19921875,0.205078125
1371,1696,0.181640625,0.201171875,0.20703125,0.19140625,0.21875
1383,1718,0.19140625,0.177734375,0.212890625,0.201171875,0.216796875
1384,1719,0.185546875,0.15625,0.22265625,0.205078125,0.23046875
1385,1720,0.177734375,0.13671875,0.240234375,0.20703125,0.23828125
1386,1721,0.169921875,0.13671875,0.263671875,0.216796875,0.212890625
1387,1722,0.173828125,0.1640625,0.236328125,0.23828125,0.1875
1388,1723,0.181640625,0.19921875,0.173828125,0.24609375,0.19921875
1389,1724,0.18359375,0.208984375,0.1484375,0.2265625,0.232421875
1390,1725,0.17578125,0.19921875,0.17578125,0.205078125,0.244140625
1391,1726,0.173828125,0.193359375,0.208984375,0.197265625,0.2265625
1392,1727,0.169921875,0.193359375,0.21484375,0.201171875,0.220703125
1393,1728,0.15625,0.19140625,0.21875,0.20703125,0.2265625
1394,1729,0.125,0.19140625,0.232421875,0.212890625,0.23828125
1395,1730,0.0859375,0.1953125,0.251953125,0.2109375,0.255859375
1396,1731,0.060546875,0.19921875,0.2734375,0.189453125,0.27734375
1397,1732,0.0546875,0.205078125,0.294921875,0.14453125,0.30078125
1398,1733,0.064453125,0.20703125,0.314453125,0.09765625,0.31640625
1399,1734,0.076171875,0.19140625,0.31640625,0.0859375,0.330078125
1400,1735,0.06640625,0.16015625,0.318359375,0.10546875,0.349609375
1401,1736,0.033203125,0.12890625,0.337890625,0.1328125,0.3671875
1402,1737,0.01171875,0.109375,0.365234375,0.126953125,0.38671875
1403,1738,0.01171875,0.11328125,0.390625,0.076171875,0.408203125
1404,1739,0.01171875,0.140625,0.412109375,0.00390625,0.431640625
1405,1740,0.01171875,0.171875,0.396484375,0.0,0.419921875
1406,1741,0.048828125,0.19140625,0.3671875,0.0,0.392578125
1407,1742,0.091796875,0.201171875,0.341796875,0.00390625,0.361328125
1408,1743,0.095703125,0.1953125,0.3203125,0.064453125,0.32421875
1409,1744,0.068359375,0.1953125,0.3125,0.10546875,0.318359375
1410,1745,0.03125,0.2109375,0.322265625,0.1015625,0.333984375
1411,1746,0.01171875,0.2421875,0.3359375,0.068359375,0.341796875
1412,1747,0.017578125,0.26953125,0.33203125,0.04296875,0.337890625
1413,1748,0.046875,0.27734375,0.3125,0.041015625,0.322265625
1414,1749,0.1015625,0.259765625,0.283203125,0.068359375,0.287109375
1415,1750,0.15234375,0.2265625,0.24609375,0.125,0.25
1416,1751,0.173828125,0.205078125,0.224609375,0.166015625,0.23046875
1417,1752,0.177734375,0.193359375,0.21875,0.1875,0.22265625
1418,1753,0.17578125,0.189453125,0.216796875,0.1953125,0.22265625
1419,1754,0.173828125,0.19140625,0.220703125,0.197265625,0.216796875
1420,1755,0.169921875,0.19921875,0.220703125,0.19140625,0.21875
1421,1756,0.169921875,0.203125,0.21875,0.18359375,0.224609375
1422,1757,0.173828125,0.20703125,0.21484375,0.18359375,0.220703125
1435,1780,0.185546875,0.177734375,0.21484375,0.203125,0.21875
1436,1781,0.181640625,0.1640625,0.220703125,0.20703125,0.2265625
1437,1782,0.17578125,0.162109375,0.232421875,0.212890625,0.216796875
1438,1783,0.177734375,0.17578125,0.22265625,0.2265625,0.197265625
1439,1784,0.181640625,0.193359375,0.19140625,0.228515625,0.205078125
1440,1785,0.1796875,0.19921875,0.177734375,0.216796875,0.2265625
1441,1786,0.177734375,0.1953125,0.193359375,0.205078125,0.228515625
1442,1787,0.173828125,0.19140625,0.212890625,0.201171875,0.220703125
1443,1788,0.16796875,0.1875,0.216796875,0.205078125,0.22265625
1444,1789,0.140625,0.1796875,0.228515625,0.21484375,0.236328125
1445,1790,0.087890625,0.177734375,0.251953125,0.224609375,0.2578125
1446,1791,0.041015625,0.1796875,0.279296875,0.21484375,0.28515625
1447,1792,0.013671875,0.19140625,0.3125,0.1640625,0.318359375
1448,1793,0.009765625,0.2109375,0.34765625,0.078125,0.353515625
1449,1794,0.025390625,0.2109375,0.36328125,0.029296875,0.37109375
1450,1795,0.05078125,0.185546875,0.369140625,0.017578125,0.376953125
1451,1796,0.064453125,0.1484375,0.365234375,0.046875,0.375
1452,1797,0.046875,0.111328125,0.37109375,0.08984375,0.380859375
1453,1798,0.021484375,0.095703125,0.373046875,0.12109375,0.388671875
1454,1799,0.01171875,0.099609375,0.380859375,0.099609375,0.408203125
1455,1800,0.013671875,0.119140625,0.37109375,0.05859375,0.4375
1456,1801,0.033203125,0.16015625,0.345703125,0.013671875,0.447265625
1457,1802,0.078125,0.177734375,0.31640625,0.013671875,0.4140625
1458,1803,0.10546875,0.16796875,0.3046875,0.05078125,0.37109375
1459,1804,0.091796875,0.15625,0.3203125,0.0859375,0.345703125
1460,1805,0.05078125,0.154296875,0.337890625,0.107421875,0.349609375
1461,1806,0.009765625,0.171875,0.365234375,0.080078125,0.373046875
1462,1807,0.01171875,0.205078125,0.376953125,0.0234375,0.3828125
1463,1808,0.009765625,0.248046875,0.3671875,0.0,0.375
1464,1809,0.01953125,0.27734375,0.34765625,0.0,0.35546875
1465,1810,0.076171875,0.271484375,0.310546875,0.0234375,0.318359375
1466,1811,0.13671875,0.236328125,0.267578125,0.087890625,0.271484375
1467,1812,0.1640625,0.20703125,0.236328125,0.150390625,0.2421875
1468,1813,0.16796875,0.19140625,0.2265625,0.181640625,0.232421875
1469,1814,0.16015625,0.1875,0.228515625,0.19140625,0.232421875
1470,1815,0.146484375,0.193359375,0.232421875,0.1875,0.240234375
1471,1816,0.1328125,0.20703125,0.23828125,0.17578125,0.24609375
1472,1817,0.134765625,0.216796875,0.240234375,0.162109375,0.24609375
1473,1818,0.15234375,0.220703125,0.232421875,0.158203125,0.236328125
1484,1839,0.193359375,0.1953125,0.205078125,0.197265625,0.208984375
1485,1840,0.189453125,0.193359375,0.20703125,0.19921875,0.2109375
1486,1841,0.18359375,0.189453125,0.2109375,0.201171875,0.21484375
1487,1842,0.17578125,0.185546875,0.21484375,0.205078125,0.21875
1488,1843,0.1640625,0.18359375,0.220703125,0.20703125,0.224609375
1489,1844,0.15625,0.1875,0.224609375,0.208984375,0.22265625
1490,1845,0.15625,0.193359375,0.21875,0.20703125,0.224609375
1491,1846,0.162109375,0.1953125,0.212890625,0.203125,0.2265625
1492,1847,0.169921875,0.193359375,0.21484375,0.19921875,0.22265625
1493,1848,0.171875,0.1875,0.216796875,0.201171875,0.22265625
1494,1849,0.162109375,0.173828125,0.22265625,0.208984375,0.232421875
1495,1850,0.12890625,0.158203125,0.2421875,0.22265625,0.248046875
1496,1851,0.068359375,0.146484375,0.2734375,0.234375,0.27734375
1497,1852,0.015625,0.14453125,0.30859375,0.216796875,0.314453125
1498,1853,0.009765625,0.158203125,0.345703125,0.134765625,0.3515625
1499,1854,0.01171875,0.181640625,0.380859375,0.0390625,0.38671875
1500,1855,0.01171875,0.193359375,0.39453125,0.0,0.400390625
1501,1856,0.041015625,0.1796875,0.38671875,0.0,0.392578125
1502,1857,0.078125,0.1484375,0.3828125,0.001953125,0.388671875
1503,1858,0.08203125,0.107421875,0.3671875,0.0703125,0.373046875
1504,1859,0.0625,0.091796875,0.357421875,0.12890625,0.359375
1505,1860,0.046875,0.095703125,0.337890625,0.15625,0.36328125
1506,1861,0.052734375,0.11328125,0.296875,0.138671875,0.3984375
1507,1862,0.083984375,0.1484375,0.236328125,0.107421875,0.423828125
1508,1863,0.119140625,0.15625,0.220703125,0.1015625,0.40234375
1509,1864,0.12890625,0.138671875,0.25,0.123046875,0.359375
1510,1865,0.103515625,0.1171875,0.291015625,0.1484375,0.33984375
1511,1866,0.05859375,0.109375,0.3359375,0.142578125,0.353515625
1512,1867,0.01171875,0.126953125,0.3828125,0.0859375,0.392578125
1513,1868,0.01171875,0.1640625,0.40234375,0.013671875,0.408203125
1514,1869,0.01171875,0.20703125,0.38671875,0.0,0.39453125
1515,1870,0.01953125,0.25,0.361328125,0.0,0.369140625
1516,1871,0.076171875,0.2578125,0.32421875,0.009765625,0.33203125
1517,1872,0.134765625,0.2265625,0.27734375,0.07421875,0.287109375
1518,1873,0.158203125,0.193359375,0.248046875,0.146484375,0.25390625
1519,1874,0.154296875,0.173828125,0.2421875,0.1796875,0.25
1520,1875,0.12890625,0.171875,0.251953125,0.189453125,0.2578125
1521,1876,0.095703125,0.185546875,0.26953125,0.17578125,0.2734375
1522,1877,0.07421875,0.212890625,0.287109375,0.13671875,0.2890625
1523,1878,0.076171875,0.240234375,0.2890625,0.099609375,0.294921875
1524,1879,0.1015625,0.248046875,0.2734375,0.095703125,0.28125
1535,1900,0.19140625,0.197265625,0.205078125,0.197265625,0.208984375
1536,1901,0.185546875,0.197265625,0.20703125,0.201171875,0.208984375
1537,1902,0.17578125,0.1953125,0.2109375,0.203125,0.21484375
1538,1903,0.16015625,0.193359375,0.216796875,0.20703125,0.22265625
1539,1904,0.138671875,0.1953125,0.224609375,0.2109375,0.23046875
1540,1905,0.12109375,0.201171875,0.23046875,0.2109375,0.236328125
1541,1906,0.119140625,0.205078125,0.232421875,0.205078125,0.23828125
1542,1907,0.13671875,0.205078125,0.228515625,0.1953125,0.234375
1543,1908,0.154296875,0.19921875,0.224609375,0.19140625,0.23046875
1544,1909,0.166015625,0.185546875,0.224609375,0.1953125,0.228515625
1545,1910,0.162109375,0.16015625,0.232421875,0.208984375,0.236328125
1546,1911,0.12890625,0.1328125,0.251953125,0.2265625,0.259765625
1547,1912,0.0703125,0.115234375,0.28515625,0.240234375,0.2890625
1548,1913,0.017578125,0.107421875,0.322265625,0.22265625,0.330078125
1549,1914,0.009765625,0.119140625,0.36328125,0.134765625,0.373046875
1550,1915,0.01171875,0.150390625,0.3984375,0.03515625,0.404296875
1551,1916,0.01171875,0.173828125,0.404296875,0.0,0.41015625
1552,1917,0.056640625,0.171875,0.3828125,0.0,0.388671875
1553,1918,0.1015625,0.150390625,0.3671875,0.00390625,0.376953125
1554,1919,0.1171875,0.119140625,0.34765625,0.07421875,0.341796875
1555,1920,0.107421875,0.099609375,0.3359375,0.15625,0.30078125
1556,1921,0.095703125,0.107421875,0.3125,0.21484375,0.26953125
1557,1922,0.09765625,0.1328125,0.2421875,0.232421875,0.294921875
1558,1923,0.1171875,0.150390625,0.1640625,0.21484375,0.353515625
1559,1924,0.138671875,0.146484375,0.150390625,0.19921875,0.365234375
1560,1925,0.14453125,0.119140625,0.201171875,0.1953125,0.33984375
1561,1926,0.125,0.091796875,0.2578125,0.197265625,0.328125
1562,1927,0.083984375,0.08203125,0.314453125,0.18359375,0.3359375
1563,1928,0.044921875,0.091796875,0.357421875,0.1328125,0.373046875
1564,1929,0.01953125,0.130859375,0.384765625,0.05859375,0.40625
1565,1930,0.021484375,0.18359375,0.3828125,0.001953125,0.41015625
1566,1931,0.052734375,0.224609375,0.3515625,0.0,0.37109375
1567,1932,0.103515625,0.224609375,0.310546875,0.04296875,0.318359375
1568,1933,0.146484375,0.197265625,0.2734375,0.1015625,0.28125
1569,1934,0.15625,0.166015625,0.25390625,0.16015625,0.263671875
1570,1935,0.138671875,0.14453125,0.26171875,0.189453125,0.265625
1571,1936,0.09375,0.138671875,0.28515625,0.189453125,0.29296875
1572,1937,0.046875,0.158203125,0.322265625,0.146484375,0.326171875
1573,1938,0.01953125,0.201171875,0.3515625,0.0703125,0.357421875
1574,1939,0.021484375,0.24609375,0.349609375,0.025390625,0.357421875
1575,1940,0.052734375,0.271484375,0.322265625,0.025390625,0.328125
1588,1963,0.1640625,0.193359375,0.21484375,0.20703125,0.220703125
1589,1964,0.12890625,0.1953125,0.228515625,0.21484375,0.232421875
1590,1965,0.087890625,0.19921875,0.2421875,0.22265625,0.248046875
1591,1966,0.0625,0.208984375,0.25390625,0.21484375,0.259765625
1592,1967,0.0625,0.21875,0.2578125,0.197265625,0.263671875
1593,1968,0.087890625,0.220703125,0.255859375,0.17578125,0.259765625
1594,1969,0.126953125,0.2109375,0.24609375,0.166015625,0.25
1595,1970,0.15625,0.185546875,0.23828125,0.173828125,0.24609375
1596,1971,0.1640625,0.15234375,0.2421875,0.193359375,0.248046875
1597,1972,0.14453125,0.1171875,0.2578125,0.21875,0.26171875
1598,1973,0.09765625,0.091796875,0.283203125,0.23828125,0.2890625
1599,1974,0.046875,0.080078125,0.318359375,0.232421875,0.322265625
1600,1975,0.01953125,0.08984375,0.353515625,0.173828125,0.36328125
1601,1976,0.01953125,0.125,0.37890625,0.080078125,0.396484375
1602,1977,0.046875,0.158203125,0.373046875,0.0234375,0.3984375
1603,1978,0.09375,0.16796875,0.353515625,0.01171875,0.373046875
1604,1979,0.130859375,0.15234375,0.330078125,0.048828125,0.337890625
1605,1980,0.138671875,0.1328125,0.318359375,0.111328125,0.298828125
1606,1981,0.126953125,0.126953125,0.32421875,0.189453125,0.232421875
1607,1982,0.109375,0.13671875,0.3125,0.244140625,0.197265625
1608,1983,0.099609375,0.162109375,0.25390625,0.265625,0.21875
1609,1984,0.109375,0.17578125,0.169921875,0.2578125,0.287109375
1610,1985,0.12890625,0.154296875,0.15234375,0.2265625,0.337890625
1611,1986,0.142578125,0.119140625,0.201171875,0.212890625,0.32421875
1612,1987,0.14453125,0.091796875,0.2421875,0.212890625,0.30859375
1613,1988,0.125,0.076171875,0.27734375,0.208984375,0.3125
1614,1989,0.1015625,0.08203125,0.298828125,0.185546875,0.33203125
1615,1990,0.087890625,0.119140625,0.302734375,0.13671875,0.353515625
1616,1991,0.095703125,0.169921875,0.279296875,0.087890625,0.3671875
1617,1992,0.12109375,0.201171875,0.251953125,0.078125,0.34765625
1618,1993,0.15234375,0.1953125,0.24609375,0.10546875,0.30078125
1619,1994,0.16796875,0.166015625,0.251953125,0.1484375,0.265625
1620,1995,0.1640625,0.1328125,0.255859375,0.18359375,0.263671875
1621,1996,0.130859375,0.11328125,0.2734375,0.203125,0.279296875
1622,1997,0.072265625,0.109375,0.30859375,0.193359375,0.31640625
1623,1998,0.01953125,0.12890625,0.36328125,0.1171875,0.37109375
1624,1999,0.01171875,0.169921875,0.392578125,0.02734375,0.3984375
1625,2000,0.01171875,0.220703125,0.380859375,0.0,0.38671875
1626,2001,0.0234375,0.267578125,0.3515625,0.0,0.357421875
1639,2024,0.1484375,0.18359375,0.224609375,0.21484375,0.228515625
1640,2025,0.091796875,0.181640625,0.24609375,0.228515625,0.251953125
1641,2026,0.04296875,0.18359375,0.26953125,0.23046875,0.2734375
1642,2027,0.015625,0.1953125,0.2890625,0.20703125,0.29296875
1643,2028,0.017578125,0.216796875,0.30078125,0.158203125,0.306640625
1644,2029,0.044921875,0.234375,0.302734375,0.111328125,0.306640625
1645,2030,0.09765625,0.228515625,0.287109375,0.095703125,0.291015625
1646,2031,0.1484375,0.197265625,0.263671875,0.119140625,0.271484375
1647,2032,0.171875,0.15625,0.25390625,0.16015625,0.2578125
1648,2033,0.169921875,0.115234375,0.255859375,0.197265625,0.26171875
1649,2034,0.142578125,0.087890625,0.26953125,0.224609375,0.275390625
1650,2035,0.10546875,0.07421875,0.291015625,0.232421875,0.296875
1651,2036,0.083984375,0.083984375,0.294921875,0.216796875,0.3203125
1652,2037,0.08984375,0.119140625,0.275390625,0.169921875,0.345703125
1653,2038,0.119140625,0.15234375,0.265625,0.111328125,0.3515625
1654,2039,0.146484375,0.162109375,0.26953125,0.09375,0.328125
1655,2040,0.15625,0.150390625,0.28125,0.1171875,0.294921875
1656,2041,0.142578125,0.140625,0.2890625,0.162109375,0.265625
1657,2042,0.115234375,0.142578125,0.31640625,0.2109375,0.21484375
1658,2043,0.080078125,0.15625,0.333984375,0.240234375,0.189453125
1659,2044,0.056640625,0.18359375,0.310546875,0.236328125,0.212890625
1660,2045,0.060546875,0.19140625,0.265625,0.205078125,0.27734375
1661,2046,0.0859375,0.169921875,0.234375,0.181640625,0.328125
1662,2047,0.12109375,0.138671875,0.240234375,0.18359375,0.31640625
1663,2048,0.1484375,0.109375,0.251953125,0.197265625,0.29296875
1664,2049,0.162109375,0.09375,0.2578125,0.208984375,0.27734375
1665,2050,0.16796875,0.1015625,0.25390625,0.21484375,0.26171875
1666,2051,0.177734375,0.1328125,0.23046875,0.21484375,0.244140625
1667,2052,0.19140625,0.173828125,0.173828125,0.203125,0.2578125
1668,2053,0.197265625,0.193359375,0.14453125,0.181640625,0.283203125
1669,2054,0.193359375,0.1796875,0.17578125,0.177734375,0.2734375
1670,2055,0.189453125,0.150390625,0.21484375,0.189453125,0.255859375
1671,2056,0.17578125,0.1171875,0.248046875,0.205078125,0.25390625
1672,2057,0.140625,0.09375,0.271484375,0.216796875,0.27734375
1673,2058,0.076171875,0.083984375,0.314453125,0.203125,0.322265625
1674,2059,0.021484375,0.1015625,0.373046875,0.123046875,0.380859375
1675,2060,0.01171875,0.146484375,0.3984375,0.029296875,0.4140625
1676,2061,0.01171875,0.201171875,0.37890625,0.0,0.408203125
1690,2085,0.138671875,0.1640625,0.236328125,0.22265625,0.23828125
1691,2086,0.0703125,0.150390625,0.265625,0.240234375,0.2734375
1692,2087,0.017578125,0.146484375,0.298828125,0.234375,0.302734375
1693,2088,0.009765625,0.158203125,0.32421875,0.177734375,0.330078125
1694,2089,0.009765625,0.1953125,0.3515625,0.0859375,0.357421875
1695,2090,0.01953125,0.232421875,0.353515625,0.033203125,0.361328125
1696,2091,0.080078125,0.23828125,0.328125,0.021484375,0.33203125
1697,2092,0.150390625,0.212890625,0.291015625,0.048828125,0.296875
1698,2093,0.185546875,0.171875,0.263671875,0.109375,0.26953125
1699,2094,0.19140625,0.126953125,0.251953125,0.169921875,0.259765625
1700,2095,0.18359375,0.1015625,0.251953125,0.20703125,0.255859375
1701,2096,0.173828125,0.091796875,0.259765625,0.228515625,0.24609375
1702,2097,0.177734375,0.107421875,0.232421875,0.251953125,0.23046875
1703,2098,0.19140625,0.138671875,0.1796875,0.248046875,0.2421875
1704,2099,0.19921875,0.15625,0.158203125,0.21484375,0.271484375
1705,2100,0.189453125,0.158203125,0.193359375,0.185546875,0.2734375
1706,2101,0.173828125,0.14453125,0.232421875,0.18359375,0.265625
1707,2102,0.13671875,0.134765625,0.26953125,0.197265625,0.26171875
1708,2103,0.0859375,0.13671875,0.30859375,0.21484375,0.25390625
1709,2104,0.0390625,0.154296875,0.35546875,0.205078125,0.24609375
1710,2105,0.01171875,0.181640625,0.375,0.154296875,0.27734375
1711,2106,0.01171875,0.19921875,0.345703125,0.095703125,0.34765625
1712,2107,0.04296875,0.1953125,0.318359375,0.083984375,0.359375
1713,2108,0.09375,0.169921875,0.298828125,0.11328125,0.32421875
1714,2109,0.146484375,0.138671875,0.271484375,0.158203125,0.28515625
1715,2110,0.1796875,0.125,0.25390625,0.19140625,0.25
1716,2111,0.20703125,0.1328125,0.240234375,0.22265625,0.197265625
1717,2112,0.228515625,0.162109375,0.203125,0.2421875,0.1640625
1718,2113,0.2421875,0.197265625,0.13671875,0.25,0.173828125
1719,2114,0.23046875,0.205078125,0.115234375,0.234375,0.21484375
1720,2115,0.2109375,0.181640625,0.146484375,0.212890625,0.248046875
1721,2116,0.197265625,0.150390625,0.197265625,0.2109375,0.244140625
1722,2117,0.189453125,0.115234375,0.234375,0.21484375,0.24609375
1723,2118,0.162109375,0.08984375,0.259765625,0.22265625,0.265625
1724,2119,0.107421875,0.078125,0.296875,0.21484375,0.302734375
1725,2120,0.052734375,0.09375,0.333984375,0.16796875,0.3515625
1726,2121,0.025390625,0.1484375,0.337890625,0.083984375,0.404296875
1741,2146,0.142578125,0.138671875,0.2421875,0.228515625,0.248046875
1742,2147,0.07421875,0.119140625,0.27734375,0.24609375,0.283203125
1743,2148,0.01953125,0.111328125,0.314453125,0.232421875,0.322265625
1744,2149,0.009765625,0.125,0.353515625,0.15234375,0.359375
1745,2150,0.01171875,0.162109375,0.384765625,0.048828125,0.392578125
1746,2151,0.0234375,0.205078125,0.3828125,0.0,0.388671875
1747,2152,0.0859375,0.228515625,0.33984375,0.0,0.345703125
1748,2153,0.1640625,0.220703125,0.30078125,0.0078125,0.306640625
1749,2154,0.201171875,0.19140625,0.265625,0.0703125,0.271484375
1750,2155,0.201171875,0.154296875,0.244140625,0.150390625,0.25
1751,2156,0.201171875,0.12890625,0.240234375,0.1953125,0.234375
1752,2157,0.2109375,0.125,0.244140625,0.228515625,0.19140625
1753,2158,0.232421875,0.140625,0.205078125,0.26171875,0.16015625
1754,2159,0.25,0.166015625,0.140625,0.275390625,0.16796875
1755,2160,0.240234375,0.17578125,0.123046875,0.255859375,0.205078125
1756,2161,0.2109375,0.158203125,0.162109375,0.224609375,0.244140625
1757,2162,0.181640625,0.13671875,0.212890625,0.21484375,0.25390625
1758,2163,0.134765625,0.119140625,0.26171875,0.21484375,0.26953125
1759,2164,0.0703125,0.115234375,0.306640625,0.208984375,0.298828125
1760,2165,0.015625,0.12890625,0.36328125,0.158203125,0.333984375
1761,2166,0.01171875,0.15625,0.390625,0.0703125,0.37109375
1762,2167,0.01171875,0.189453125,0.390625,0.009765625,0.3984375
1763,2168,0.017578125,0.212890625,0.373046875,0.00390625,0.392578125
1764,2169,0.078125,0.205078125,0.328125,0.048828125,0.33984375
1765,2170,0.14453125,0.1796875,0.279296875,0.109375,0.287109375
1766,2171,0.18359375,0.162109375,0.248046875,0.16796875,0.23828125
1767,2172,0.205078125,0.169921875,0.23828125,0.20703125,0.1796875
1768,2173,0.22265625,0.189453125,0.208984375,0.232421875,0.146484375
1769,2174,0.23046875,0.208984375,0.169921875,0.2421875,0.1484375
1770,2175,0.220703125,0.208984375,0.1484375,0.232421875,0.189453125
1771,2176,0.203125,0.185546875,0.166015625,0.21484375,0.23046875
1772,2177,0.1953125,0.16015625,0.203125,0.2109375,0.23046875
1773,2178,0.19140625,0.126953125,0.228515625,0.21484375,0.23828125
1774,2179,0.1796875,0.103515625,0.244140625,0.220703125,0.251953125
1775,2180,0.1484375,0.095703125,0.265625,0.220703125,0.26953125
1776,2181,0.11328125,0.111328125,0.279296875,0.2109375,0.28515625
1777,2182,0.099609375,0.166015625,0.26171875,0.185546875,0.287109375
1792,2207,0.16015625,0.12109375,0.2421875,0.228515625,0.248046875
1793,2208,0.103515625,0.09765625,0.2734375,0.244140625,0.28125
1794,2209,0.05078125,0.083984375,0.314453125,0.23046875,0.3203125
1795,2210,0.0234375,0.095703125,0.35546875,0.15625,0.369140625
1796,2211,0.025390625,0.142578125,0.384765625,0.05078125,0.396484375
1797,2212,0.0625,0.1875,0.369140625,0.0,0.380859375
1798,2213,0.123046875,0.216796875,0.326171875,0.0,0.333984375
1799,2214,0.185546875,0.220703125,0.2890625,0.0078125,0.296875
1800,2215,0.20703125,0.205078125,0.2578125,0.068359375,0.26171875
1801,2216,0.201171875,0.1796875,0.234375,0.146484375,0.23828125
1802,2217,0.201171875,0.1640625,0.2265625,0.189453125,0.21875
1803,2218,0.2109375,0.162109375,0.23046875,0.21875,0.177734375
1804,2219,0.228515625,0.17578125,0.20703125,0.244140625,0.14453125
1805,2220,0.23828125,0.1875,0.171875,0.25390625,0.1484375
1806,2221,0.23046875,0.181640625,0.154296875,0.24609375,0.1875
1807,2222,0.208984375,0.15625,0.177734375,0.228515625,0.228515625
1808,2223,0.1875,0.125,0.216796875,0.22265625,0.248046875
1809,2224,0.14453125,0.103515625,0.2578125,0.220703125,0.2734375
1810,2225,0.078125,0.091796875,0.306640625,0.208984375,0.314453125
1811,2226,0.021484375,0.1015625,0.369140625,0.1328125,0.375
1812,2227,0.01171875,0.1328125,0.404296875,0.033203125,0.41796875
1813,2228,0.01171875,0.17578125,0.396484375,0.0,0.416015625
1814,2229,0.021484375,0.21484375,0.373046875,0.0,0.390625
1815,2230,0.083984375,0.228515625,0.333984375,0.01171875,0.341796875
1816,2231,0.15234375,0.2109375,0.275390625,0.078125,0.283203125
1817,2232,0.18359375,0.19140625,0.236328125,0.15234375,0.236328125
1818,2233,0.193359375,0.189453125,0.2265625,0.1875,0.203125
1819,2234,0.201171875,0.19921875,0.21875,0.208984375,0.171875
1820,2235,0.203125,0.205078125,0.201171875,0.21484375,0.17578125
1821,2236,0.1953125,0.201171875,0.19140625,0.208984375,0.203125
1822,2237,0.1875,0.189453125,0.19921875,0.201171875,0.22265625
1823,2238,0.185546875,0.173828125,0.21484375,0.201171875,0.224609375
1824,2239,0.1875,0.15234375,0.224609375,0.20703125,0.228515625
1825,2240,0.185546875,0.130859375,0.232421875,0.212890625,0.23828125
1826,2241,0.177734375,0.12109375,0.244140625,0.21484375,0.2421875
1827,2242,0.177734375,0.138671875,0.25,0.2265625,0.20703125
1828,2243,0.18359375,0.18359375,0.21875,0.234375,0.1796875
1845,2270,0.109375,0.078125,0.28515625,0.23046875,0.296875
1846,2271,0.09375,0.09375,0.296875,0.193359375,0.322265625
1847,2272,0.115234375,0.15234375,0.302734375,0.10546875,0.32421875
1848,2273,0.15625,0.201171875,0.29296875,0.0390625,0.310546875
1849,2274,0.189453125,0.220703125,0.2734375,0.021484375,0.294921875
1850,2275,0.203125,0.216796875,0.263671875,0.046875,0.26953125
1851,2276,0.203125,0.208984375,0.240234375,0.1015625,0.24609375
1852,2277,0.197265625,0.1953125,0.22265625,0.15625,0.228515625
1853,2278,0.1953125,0.185546875,0.216796875,0.185546875,0.216796875
1854,2279,0.19921875,0.18359375,0.21875,0.201171875,0.197265625
1855,2280,0.20703125,0.189453125,0.21875,0.21484375,0.169921875
1856,2281,0.212890625,0.19140625,0.201171875,0.220703125,0.173828125
1857,2282,0.20703125,0.177734375,0.19140625,0.216796875,0.20703125
1858,2283,0.19921875,0.154296875,0.205078125,0.21484375,0.2265625
1859,2284,0.19140625,0.12109375,0.2265625,0.21875,0.2421875
1860,2285,0.166015625,0.095703125,0.251953125,0.22265625,0.263671875
1861,2286,0.111328125,0.080078125,0.29296875,0.2109375,0.3046875
1862,2287,0.056640625,0.08984375,0.33984375,0.146484375,0.3671875
1863,2288,0.025390625,0.123046875,0.369140625,0.05078125,0.431640625
1864,2289,0.025390625,0.177734375,0.359375,0.0,0.4375
1865,2290,0.05859375,0.21484375,0.33984375,0.0,0.38671875
1866,2291,0.115234375,0.232421875,0.30859375,0.021484375,0.322265625
1867,2292,0.16796875,0.220703125,0.259765625,0.083984375,0.267578125
1868,2293,0.18359375,0.205078125,0.228515625,0.150390625,0.232421875
1869,2294,0.185546875,0.19921875,0.216796875,0.181640625,0.216796875
1870,2295,0.185546875,0.197265625,0.212890625,0.1953125,0.208984375
1871,2296,0.1796875,0.19921875,0.212890625,0.197265625,0.2109375
1872,2297,0.173828125,0.19921875,0.212890625,0.1953125,0.21875
1873,2298,0.171875,0.197265625,0.216796875,0.19140625,0.22265625
1874,2299,0.173828125,0.19140625,0.220703125,0.189453125,0.224609375
1875,2300,0.17578125,0.1796875,0.22265625,0.19140625,0.23046875
1876,2301,0.1796875,0.166015625,0.2265625,0.1953125,0.232421875
1877,2302,0.18359375,0.16015625,0.228515625,0.201171875,0.2265625
1878,2303,0.193359375,0.169921875,0.236328125,0.21484375,0.185546875
1897,2332,0.189453125,0.11328125,0.224609375,0.23046875,0.2421875
1898,2333,0.2265625,0.166015625,0.185546875,0.205078125,0.216796875
1899,2334,0.251953125,0.21484375,0.1796875,0.140625,0.212890625
1900,2335,0.232421875,0.22265625,0.21484375,0.103515625,0.2265625
1901,2336,0.205078125,0.2109375,0.232421875,0.111328125,0.240234375
1902,2337,0.193359375,0.203125,0.2265625,0.14453125,0.232421875
1903,2338,0.189453125,0.19921875,0.216796875,0.171875,0.22265625
1904,2339,0.1875,0.1953125,0.212890625,0.1875,0.216796875
1905,2340,0.1875,0.193359375,0.2109375,0.193359375,0.21484375
1906,2341,0.189453125,0.193359375,0.2109375,0.197265625,0.208984375
1907,2342,0.193359375,0.189453125,0.2109375,0.197265625,0.208984375
1908,2343,0.193359375,0.181640625,0.2109375,0.19921875,0.21484375
1909,2344,0.1953125,0.16015625,0.216796875,0.205078125,0.22265625
1910,2345,0.1953125,0.12890625,0.228515625,0.212890625,0.234375
1911,2346,0.1875,0.099609375,0.244140625,0.21875,0.25
1912,2347,0.158203125,0.08203125,0.263671875,0.21484375,0.28125
1913,2348,0.12109375,0.08984375,0.2734375,0.185546875,0.330078125
1914,2349,0.103515625,0.130859375,0.27734375,0.107421875,0.380859375
1915,2350,0.10546875,0.185546875,0.26171875,0.0546875,0.392578125
1916,2351,0.12890625,0.216796875,0.26171875,0.041015625,0.3515625
1917,2352,0.16015625,0.22265625,0.26171875,0.0625,0.29296875
1918,2353,0.1796875,0.21484375,0.240234375,0.119140625,0.24609375
1919,2354,0.18359375,0.205078125,0.220703125,0.1640625,0.2265625
1920,2355,0.181640625,0.201171875,0.212890625,0.185546875,0.21875
1921,2356,0.17578125,0.201171875,0.212890625,0.193359375,0.216796875
1922,2357,0.166015625,0.201171875,0.216796875,0.193359375,0.22265625
1923,2358,0.1484375,0.20703125,0.2265625,0.1875,0.23046875
1924,2359,0.13671875,0.212890625,0.234375,0.17578125,0.240234375
1925,2360,0.13671875,0.21484375,0.240234375,0.1640625,0.244140625
1926,2361,0.15234375,0.20703125,0.23828125,0.16015625,0.2421875
1927,2362,0.166015625,0.197265625,0.23046875,0.169921875,0.236328125
1928,2363,0.1796875,0.189453125,0.22265625,0.181640625,0.2265625
1929,2364,0.185546875,0.19140625,0.22265625,0.1953125,0.205078125
1949,2394,0.251953125,0.177734375,0.150390625,0.2421875,0.177734375
1950,2395,0.25390625,0.2109375,0.146484375,0.21484375,0.173828125
1951,2396,0.22265625,0.2109375,0.185546875,0.1796875,0.201171875
1952,2397,0.193359375,0.19921875,0.216796875,0.166015625,0.224609375
1953,2398,0.181640625,0.197265625,0.220703125,0.173828125,0.2265625
1954,2399,0.17578125,0.197265625,0.21875,0.18359375,0.224609375
1955,2400,0.173828125,0.19921875,0.216796875,0.1875,0.22265625
1956,2401,0.173828125,0.19921875,0.216796875,0.1875,0.22265625
1957,2402,0.177734375,0.19921875,0.21484375,0.18359375,0.224609375
1958,2403,0.18359375,0.197265625,0.212890625,0.185546875,0.220703125
1959,2404,0.189453125,0.189453125,0.212890625,0.189453125,0.21875
1960,2405,0.193359375,0.171875,0.21484375,0.197265625,0.22265625
1961,2406,0.1953125,0.146484375,0.22265625,0.20703125,0.228515625
1962,2407,0.1953125,0.1171875,0.234375,0.21484375,0.23828125
1963,2408,0.1875,0.1015625,0.240234375,0.216796875,0.25390625
1964,2409,0.185546875,0.111328125,0.21875,0.21875,0.265625
1965,2410,0.1953125,0.15625,0.1796875,0.208984375,0.259765625
1966,2411,0.203125,0.203125,0.158203125,0.1640625,0.271484375
1967,2412,0.19140625,0.21484375,0.1875,0.12890625,0.27734375
1968,2413,0.185546875,0.212890625,0.21484375,0.1328125,0.25390625
1969,2414,0.18359375,0.205078125,0.224609375,0.15625,0.23046875
1970,2415,0.18359375,0.203125,0.21484375,0.177734375,0.220703125
1971,2416,0.177734375,0.19921875,0.212890625,0.19140625,0.21875
1972,2417,0.1640625,0.19921875,0.21875,0.1953125,0.22265625
1973,2418,0.134765625,0.203125,0.232421875,0.19140625,0.23828125
1974,2419,0.095703125,0.216796875,0.25390625,0.171875,0.26171875
1975,2420,0.072265625,0.232421875,0.27734375,0.134765625,0.283203125
1976,2421,0.07421875,0.24609375,0.287109375,0.099609375,0.29296875
1977,2422,0.1015625,0.2421875,0.27734375,0.095703125,0.283203125
1978,2423,0.140625,0.224609375,0.251953125,0.123046875,0.259765625
1979,2424,0.169921875,0.2109375,0.228515625,0.15625,0.234375
1980,2425,0.181640625,0.203125,0.216796875,0.177734375,0.220703125
2001,2456,0.21875,0.197265625,0.17578125,0.216796875,0.19140625
2002,2457,0.19921875,0.193359375,0.193359375,0.19921875,0.21484375
2003,2458,0.181640625,0.1875,0.21484375,0.19140625,0.224609375
2004,2459,0.166015625,0.189453125,0.22265625,0.193359375,0.228515625
2005,2460,0.150390625,0.193359375,0.228515625,0.193359375,0.234375
2006,2461,0.13671875,0.19921875,0.234375,0.1875,0.2421875
2007,2462,0.138671875,0.20703125,0.23828125,0.171875,0.244140625
2008,2463,0.15625,0.2109375,0.234375,0.158203125,0.240234375
2009,2464,0.17578125,0.208984375,0.228515625,0.15625,0.23046875
2010,2465,0.185546875,0.201171875,0.220703125,0.16796875,0.224609375
2011,2466,0.19140625,0.1875,0.216796875,0.181640625,0.22265625
2012,2467,0.193359375,0.166015625,0.21875,0.197265625,0.224609375
2013,2468,0.193359375,0.14453125,0.224609375,0.20703125,0.23046875
2014,2469,0.193359375,0.126953125,0.228515625,0.216796875,0.234375
2015,2470,0.20703125,0.140625,0.2109375,0.236328125,0.205078125
2016,2471,0.224609375,0.177734375,0.166015625,0.251953125,0.1796875
2017,2472,0.228515625,0.216796875,0.142578125,0.234375,0.177734375
2018,2473,0.20703125,0.21875,0.173828125,0.1953125,0.205078125
2019,2474,0.1875,0.205078125,0.201171875,0.17578125,0.23046875
2020,2475,0.18359375,0.19921875,0.21484375,0.1796875,0.22265625
2021,2476,0.181640625,0.197265625,0.212890625,0.189453125,0.21875
2022,2477,0.173828125,0.193359375,0.216796875,0.197265625,0.21875
2023,2478,0.1484375,0.189453125,0.23046875,0.19921875,0.232421875
2024,2479,0.095703125,0.193359375,0.2578125,0.189453125,0.263671875
2025,2480,0.046875,0.20703125,0.296875,0.14453125,0.3046875
2026,2481,0.01953125,0.232421875,0.3359375,0.0703125,0.341796875
2027,2482,0.021484375,0.25390625,0.345703125,0.02734375,0.3515625
2028,2483,0.05078125,0.263671875,0.326171875,0.025390625,0.333984375
2029,2484,0.10546875,0.25390625,0.287109375,0.05859375,0.294921875
2030,2485,0.16015625,0.2265625,0.244140625,0.119140625,0.25
2031,2486,0.181640625,0.2109375,0.220703125,0.1640625,0.22265625
2052,2517,0.193359375,0.185546875,0.205078125,0.203125,0.212890625
2053,2518,0.18359375,0.181640625,0.212890625,0.201171875,0.220703125
2054,2519,0.169921875,0.17578125,0.22265625,0.205078125,0.2265625
2055,2520,0.13671875,0.173828125,0.23828125,0.2109375,0.240234375
2056,2521,0.095703125,0.177734375,0.2578125,0.20703125,0.26171875
2057,2522,0.072265625,0.19140625,0.275390625,0.177734375,0.283203125
2058,2523,0.076171875,0.212890625,0.287109375,0.1328125,0.291015625
2059,2524,0.10546875,0.23046875,0.28125,0.095703125,0.287109375
2060,2525,0.15234375,0.228515625,0.259765625,0.09375,0.265625
2061,2526,0.181640625,0.21484375,0.23828125,0.12109375,0.244140625
2062,2527,0.1875,0.201171875,0.224609375,0.15625,0.23046875
2063,2528,0.189453125,0.18359375,0.21875,0.18359375,0.224609375
2064,2529,0.1875,0.166015625,0.220703125,0.19921875,0.2265625
2065,2530,0.185546875,0.154296875,0.2265625,0.208984375,0.224609375
2066,2531,0.189453125,0.1640625,0.2265625,0.228515625,0.19140625
2067,2532,0.197265625,0.19140625,0.20703125,0.244140625,0.16015625
2068,2533,0.197265625,0.21484375,0.193359375,0.234375,0.16015625
2069,2534,0.189453125,0.212890625,0.19921875,0.20703125,0.19140625
2070,2535,0.1796875,0.201171875,0.212890625,0.189453125,0.216796875
2071,2536,0.1796875,0.197265625,0.212890625,0.19140625,0.21875
2072,2537,0.1796875,0.19140625,0.212890625,0.1953125,0.220703125
2073,2538,0.169921875,0.181640625,0.220703125,0.201171875,0.2265625
2074,2539,0.13671875,0.16796875,0.2421875,0.205078125,0.248046875
2075,2540,0.07421875,0.162109375,0.283203125,0.19140625,0.2890625
2076,2541,0.021484375,0.169921875,0.341796875,0.119140625,0.34765625
2077,2542,0.01171875,0.189453125,0.380859375,0.029296875,0.388671875
2078,2543,0.01171875,0.216796875,0.3828125,0.0,0.388671875
2079,2544,0.021484375,0.25,0.359375,0.0,0.369140625
2080,2545,0.083984375,0.259765625,0.3125,0.0234375,0.3203125
2081,2546,0.150390625,0.236328125,0.2578125,0.08984375,0.265625
2082,2547,0.1796875,0.21484375,0.22265625,0.15234375,0.23046875
2104,2579,0.1796875,0.173828125,0.216796875,0.20703125,0.22265625
2105,2580,0.15234375,0.158203125,0.232421875,0.216796875,0.240234375
2106,2581,0.09765625,0.146484375,0.26171875,0.2265625,0.267578125
2107,2582,0.046875,0.14453125,0.294921875,0.212890625,0.30078125
2108,2583,0.021484375,0.1640625,0.330078125,0.150390625,0.333984375
2109,2584,0.021484375,0.201171875,0.3515625,0.06640625,0.359375
2110,2585,0.0546875,0.236328125,0.33984375,0.0234375,0.345703125
2111,2586,0.111328125,0.248046875,0.3046875,0.025390625,0.310546875
2112,2587,0.169921875,0.234375,0.265625,0.05859375,0.271484375
2113,2588,0.1875,0.2109375,0.236328125,0.12109375,0.244140625
2114,2589,0.185546875,0.193359375,0.224609375,0.16796875,0.228515625
2115,2590,0.1796875,0.177734375,0.22265625,0.193359375,0.2265625
2116,2591,0.166015625,0.166015625,0.228515625,0.20703125,0.232421875
2117,2592,0.1484375,0.16796875,0.2421875,0.216796875,0.224609375
2118,2593,0.138671875,0.185546875,0.251953125,0.224609375,0.19921875
2119,2594,0.138671875,0.203125,0.24609375,0.21484375,0.197265625
2120,2595,0.1484375,0.205078125,0.232421875,0.193359375,0.220703125
2121,2596,0.162109375,0.201171875,0.22265625,0.185546875,0.228515625
2122,2597,0.173828125,0.1953125,0.216796875,0.189453125,0.224609375
2123,2598,0.177734375,0.1875,0.216796875,0.197265625,0.220703125
2124,2599,0.171875,0.166015625,0.2265625,0.205078125,0.23046875
2125,2600,0.138671875,0.142578125,0.25,0.212890625,0.255859375
2126,2601,0.076171875,0.126953125,0.294921875,0.201171875,0.30078125
2127,2602,0.021484375,0.126953125,0.359375,0.125,0.3671875
2128,2603,0.01171875,0.14453125,0.3984375,0.03125,0.4140625
2129,2604,0.01171875,0.177734375,0.390625,0.0,0.419921875
2130,2605,0.025390625,0.220703125,0.36328125,0.0,0.390625
2131,2606,0.0859375,0.244140625,0.31640625,0.025390625,0.328125
2132,2607,0.154296875,0.23046875,0.259765625,0.08984375,0.265625
2155,2640,0.177734375,0.162109375,0.220703125,0.212890625,0.2265625
2156,2641,0.14453125,0.13671875,0.2421875,0.2265625,0.25
2157,2642,0.07421875,0.119140625,0.279296875,0.23828125,0.2890625
2158,2643,0.01953125,0.11328125,0.322265625,0.212890625,0.33203125
2159,2644,0.01171875,0.130859375,0.369140625,0.11328125,0.375
2160,2645,0.01171875,0.169921875,0.39453125,0.01953125,0.404296875
2161,2646,0.0234375,0.21484375,0.376953125,0.0,0.384765625
2162,2647,0.0859375,0.2421875,0.33203125,0.0,0.33984375
2163,2648,0.15625,0.240234375,0.28515625,0.02734375,0.291015625
2164,2649,0.18359375,0.216796875,0.25,0.09375,0.255859375
2165,2650,0.181640625,0.193359375,0.23046875,0.158203125,0.236328125
2166,2651,0.166015625,0.17578125,0.232421875,0.19140625,0.234375
2167,2652,0.134765625,0.162109375,0.244140625,0.208984375,0.25
2168,2653,0.09375,0.162109375,0.263671875,0.21484375,0.265625
2169,2654,0.0703125,0.173828125,0.279296875,0.203125,0.2734375
2170,2655,0.0703125,0.193359375,0.28125,0.181640625,0.2734375
2171,2656,0.095703125,0.20703125,0.263671875,0.166015625,0.267578125
2172,2657,0.134765625,0.20703125,0.2421875,0.16796875,0.248046875
2173,2658,0.1640625,0.197265625,0.2265625,0.1796875,0.232421875
2174,2659,0.17578125,0.181640625,0.22265625,0.19140625,0.228515625
2175,2660,0.17578125,0.15625,0.228515625,0.205078125,0.234375
2176,2661,0.158203125,0.123046875,0.25,0.21484375,0.25390625
2177,2662,0.10546875,0.1015625,0.287109375,0.2109375,0.294921875
2207,2702,0.146484375,0.123046875,0.248046875,0.23046875,0.251953125
2208,2703,0.076171875,0.1015625,0.28515625,0.244140625,0.29296875
2209,2704,0.021484375,0.08984375,0.33203125,0.21875,0.337890625
2210,2705,0.01171875,0.103515625,0.373046875,0.119140625,0.392578125
2211,2706,0.01171875,0.150390625,0.388671875,0.021484375,0.427734375
2212,2707,0.0234375,0.197265625,0.373046875,0.0,0.40625
2213,2708,0.0859375,0.23046875,0.3359375,0.0,0.34765625
2214,2709,0.154296875,0.232421875,0.291015625,0.02734375,0.294921875
2215,2710,0.1796875,0.2109375,0.25390625,0.09375,0.26171875
2216,2711,0.173828125,0.18359375,0.23828125,0.158203125,0.24609375
2217,2712,0.1484375,0.162109375,0.24609375,0.1953125,0.248046875
2218,2713,0.095703125,0.14453125,0.271484375,0.212890625,0.275390625
2219,2714,0.046875,0.142578125,0.30078125,0.203125,0.306640625
2220,2715,0.01953125,0.15625,0.328125,0.16015625,0.3359375
2221,2716,0.01953125,0.185546875,0.33984375,0.109375,0.345703125
2222,2717,0.048828125,0.21484375,0.3203125,0.08984375,0.326171875
2223,2718,0.1015625,0.21875,0.279296875,0.1171875,0.283203125
2224,2719,0.15234375,0.203125,0.244140625,0.150390625,0.25
2225,2720,0.177734375,0.181640625,0.228515625,0.1796875,0.232421875
2226,2721,0.181640625,0.154296875,0.23046875,0.19921875,0.234375
2227,2722,0.177734375,0.119140625,0.2421875,0.21484375,0.24609375
2259,2764,0.103515625,0.09765625,0.275390625,0.2421875,0.28125
2260,2765,0.05078125,0.0859375,0.306640625,0.232421875,0.32421875
2261,2766,0.025390625,0.103515625,0.306640625,0.177734375,0.38671875
2262,2767,0.02734375,0.15625,0.298828125,0.083984375,0.43359375
2263,2768,0.06640625,0.205078125,0.2890625,0.029296875,0.41015625
2264,2769,0.12109375,0.224609375,0.283203125,0.02734375,0.34375
2265,2770,0.169921875,0.21484375,0.271484375,0.060546875,0.283203125
2266,2771,0.1796875,0.1953125,0.248046875,0.123046875,0.25390625
2267,2772,0.169921875,0.169921875,0.2421875,0.171875,0.24609375
2268,2773,0.134765625,0.140625,0.2578125,0.203125,0.263671875
2269,2774,0.07421875,0.123046875,0.29296875,0.2109375,0.298828125
2270,2775,0.01953125,0.1171875,0.341796875,0.173828125,0.34765625
2271,2776,0.01171875,0.1328125,0.3828125,0.083984375,0.388671875
2272,2777,0.01171875,0.166015625,0.39453125,0.02734375,0.400390625
2273,2778,0.0234375,0.208984375,0.375,0.013671875,0.37890625
2274,2779,0.08203125,0.2265625,0.318359375,0.048828125,0.32421875
2275,2780,0.146484375,0.212890625,0.263671875,0.10546875,0.271484375
2276,2781,0.1796875,0.1875,0.234375,0.16015625,0.23828125
2315,2830,0.173828125,0.216796875,0.21875,0.109375,0.28125
2317,2832,0.185546875,0.181640625,0.234375,0.158203125,0.240234375
2318,2833,0.17578125,0.15625,0.236328125,0.1875,0.244140625
2319,2834,0.140625,0.125,0.259765625,0.208984375,0.265625
2320,2835,0.078125,0.10546875,0.302734375,0.20703125,0.306640625
2321,2836,0.021484375,0.09765625,0.36328125,0.146484375,0.37109375
2322,2837,0.01171875,0.109375,0.412109375,0.046875,0.419921875
2323,2838,0.01171875,0.146484375,0.41796875,0.0,0.423828125
2324,2839,0.0234375,0.19140625,0.388671875,0.0,0.396484375
2325,2840,0.087890625,0.2265625,0.3359375,0.0078125,0.341796875
2326,2841,0.15625,0.220703125,0.2734375,0.0703125,0.279296875
2327,2842,0.18359375,0.197265625,0.234375,0.146484375,0.23828125
2370,2895,0.16015625,0.123046875,0.25,0.2109375,0.255859375
2371,2896,0.107421875,0.1015625,0.2890625,0.20703125,0.294921875
2372,2897,0.056640625,0.09375,0.34765625,0.1484375,0.353515625
2373,2898,0.025390625,0.111328125,0.400390625,0.052734375,0.41015625
2374,2899,0.02734375,0.15234375,0.404296875,0.0,0.416015625
2375,2900,0.064453125,0.193359375,0.365234375,0.0,0.376953125
2376,2901,0.123046875,0.22265625,0.31640625,0.01171875,0.326171875
2377,2902,0.17578125,0.21875,0.263671875,0.072265625,0.26953125
