method,element,bin_center_eV,density
Homogeneous,Fe,-0.463289590920767,2.380912139272316e-06
Homogeneous,Fe,-0.45392122037448335,2.9818890095502364e-05
Homogeneous,Fe,-0.44455284982819965,0.0002301787363160366
Homogeneous,Fe,-0.43518447928191595,0.0011672374570174313
Homogeneous,Fe,-0.4258161087356323,0.003924880095780374
Homogeneous,Fe,-0.41644773818934866,0.008951202678659372
Homogeneous,Fe,-0.40707936764306496,0.014486390660888339
Homogeneous,Fe,-0.39771099709678126,0.018252765409093125
Homogeneous,Fe,-0.38834262655049756,0.020509103990920423
Homogeneous,Fe,-0.3789742560042139,0.0226944804217286
Homogeneous,Fe,-0.36960588545793027,0.02595656307564466
Homogeneous,Fe,-0.3602375149116466,0.032979641887941766
Homogeneous,Fe,-0.3508691443653629,0.04591845867339603
Homogeneous,Fe,-0.3415007738190792,0.062168079954767974
Homogeneous,Fe,-0.3321324032727955,0.07919797096711276
Homogeneous,Fe,-0.3227640327265119,0.10253004645415413
Homogeneous,Fe,-0.3133956621802282,0.13905027219504
Homogeneous,Fe,-0.3040272916339445,0.18603614531059368
Homogeneous,Fe,-0.2946589210876608,0.23804598199351773
Homogeneous,Fe,-0.2852905505413771,0.2959829509574146
Homogeneous,Fe,-0.2759221799950935,0.3594091998930963
Homogeneous,Fe,-0.2665538094488098,0.42228525423096114
Homogeneous,Fe,-0.2571854389025261,0.4797266026080885
Homogeneous,Fe,-0.24781706835624243,0.5346624841859239
Homogeneous,Fe,-0.23844869780995875,0.6007815419161489
Homogeneous,Fe,-0.22908032726367505,0.6912806673910329
Homogeneous,Fe,-0.2197119567173914,0.7989051602604971
Homogeneous,Fe,-0.2103435861711077,0.8957636736939457
Homogeneous,Fe,-0.20097521562482404,0.9609240299367146
Homogeneous,Fe,-0.19160684507854037,1.0007803670002178
Homogeneous,Fe,-0.1822384745322567,1.0343398267754056
Homogeneous,Fe,-0.17287010398597302,1.068986143906057
Homogeneous,Fe,-0.16350173343968932,1.0974394975343191
Homogeneous,Fe,-0.15413336289340565,1.1122310814621963
Homogeneous,Fe,-0.14476499234712198,1.1207841135946477
Homogeneous,Fe,-0.1353966218008383,1.1320064974337434
Homogeneous,Fe,-0.12602825125455464,1.1279211532950588
Homogeneous,Fe,-0.11665988070827094,1.0789643303613219
Homogeneous,Fe,-0.10729151016198726,0.9842363118533713
Homogeneous,Fe,-0.09792313961570359,0.8690549208272805
Homogeneous,Fe,-0.08855476906941992,0.7559664701685911
Homogeneous,Fe,-0.07918639852313625,0.6547227385758774
Homogeneous,Fe,-0.06981802797685255,0.5694267148003843
Homogeneous,Fe,-0.060449657430568876,0.5002841758957853
Homogeneous,Fe,-0.051081286884285204,0.4403981675984933
Homogeneous,Fe,-0.04171291633800153,0.38281544951358915
Homogeneous,Fe,-0.03234454579171786,0.32481896674334115
Homogeneous,Fe,-0.02297617524543419,0.264955814690764
Homogeneous,Fe,-0.013607804699150516,0.20558780542515656
Homogeneous,Fe,-0.004239434152866817,0.15400350047600242
Homogeneous,Fe,0.005128936393416855,0.11471077038271821
Homogeneous,Fe,0.014497306939700527,0.085884350652941
Homogeneous,Fe,0.0238656774859842,0.06464553253055731
Homogeneous,Fe,0.03323404803226787,0.048953986639703115
Homogeneous,Fe,0.04260241857855157,0.0360593440269047
Homogeneous,Fe,0.05197078912483527,0.023901890796749443
Homogeneous,Fe,0.061339159671118915,0.013407729714564687
Homogeneous,Fe,0.07070753021740256,0.006761343909346413
Homogeneous,Fe,0.08007590076368626,0.0037071625313414417
Homogeneous,Fe,0.08944427130996996,0.0021460295675307505
Homogeneous,Fe,0.09881264185625366,0.0010040154926489297
Homogeneous,Fe,0.1081810124025373,0.0003225570827255881
Homogeneous,Fe,0.11754938294882095,6.758025278660987e-05
Homogeneous,Fe,0.12691775349510465,9.145992652077721e-06
Homogeneous,Fe,0.13628612404138835,7.936373797575289e-07
Homogeneous,Fe,0.14565449458767205,0.0
Homogeneous,Fe,0.1550228651339557,0.0
Homogeneous,Fe,0.16439123568023933,0.0
Homogeneous,Fe,0.17375960622652303,0.0
Homogeneous,Fe,0.18312797677280673,0.0
Homogeneous,Fe,0.19249634731909043,0.0
Homogeneous,Fe,0.20186471786537408,0.0
Homogeneous,Fe,0.21123308841165772,0.0
Homogeneous,Fe,0.22060145895794142,0.0
Homogeneous,Fe,0.22996982950422512,0.0
Homogeneous,Fe,0.23933820005050882,0.0
Homogeneous,Fe,0.24870657059679246,0.0
Homogeneous,Fe,0.2580749411430761,0.0
Homogeneous,Fe,0.2674433116893598,0.0
Homogeneous,Fe,0.2768116822356435,0.0
Homogeneous,Fe,0.2861800527819272,0.0
Homogeneous,Fe,0.29554842332821085,0.0
Homogeneous,Fe,0.3049167938744945,0.0
Homogeneous,Fe,0.3142851644207782,0.0
Homogeneous,Fe,0.3236535349670619,0.0
Homogeneous,Fe,0.3330219055133456,0.0
Homogeneous,Fe,0.34239027605962924,0.0
Homogeneous,Fe,0.3517586466059129,0.0
Homogeneous,Fe,0.3611270171521966,0.0
Homogeneous,Fe,0.3704953876984803,0.0
Homogeneous,Co,-0.463289590920767,0.0
Homogeneous,Co,-0.45392122037448335,0.0
Homogeneous,Co,-0.44455284982819965,0.0
Homogeneous,Co,-0.43518447928191595,7.936373797574386e-07
Homogeneous,Co,-0.4258161087356323,1.0733267411591558e-05
Homogeneous,Co,-0.41644773818934866,8.745951285027042e-05
Homogeneous,Co,-0.40707936764306496,0.0004736286614636369
Homogeneous,Co,-0.39771099709678126,0.0017520903614383484
Homogeneous,Co,-0.38834262655049756,0.004528066168551097
Homogeneous,Co,-0.3789742560042139,0.008466713451021731
Homogeneous,Co,-0.36960588545793027,0.012243014956812888
Homogeneous,Co,-0.3602375149116466,0.015534404538656718
Homogeneous,Co,-0.3508691443653629,0.019744976445521423
Homogeneous,Co,-0.3415007738190792,0.025616076999764335
Homogeneous,Co,-0.3321324032727955,0.03383033600474767
Homogeneous,Co,-0.3227640327265119,0.04789759973790387
Homogeneous,Co,-0.3133956621802282,0.07041170136030124
Homogeneous,Co,-0.3040272916339445,0.09918665683351022
Homogeneous,Co,-0.2946589210876608,0.13158956369408165
Homogeneous,Co,-0.2852905505413771,0.16770781441778065
Homogeneous,Co,-0.2759221799950935,0.20982133926887625
Homogeneous,Co,-0.2665538094488098,0.2611295375422711
Homogeneous,Co,-0.2571854389025261,0.3181943565430932
Homogeneous,Co,-0.24781706835624243,0.37239179920029813
Homogeneous,Co,-0.23844869780995875,0.42651564654039414
Homogeneous,Co,-0.22908032726367505,0.49512251736190127
Homogeneous,Co,-0.2197119567173914,0.5848385253973097
Homogeneous,Co,-0.2103435861711077,0.6791735177021089
Homogeneous,Co,-0.20097521562482404,0.74878138648981
Homogeneous,Co,-0.19160684507854037,0.7843493269007941
Homogeneous,Co,-0.1822384745322567,0.803273991907138
Homogeneous,Co,-0.17287010398597302,0.8183587556944271
Homogeneous,Co,-0.16350173343968932,0.8273668959891377
Homogeneous,Co,-0.15413336289340565,0.8277105649220738
Homogeneous,Co,-0.14476499234712198,0.8232623245404874
Homogeneous,Co,-0.1353966218008383,0.8229316973274485
Homogeneous,Co,-0.12602825125455464,0.8248728022803142
Homogeneous,Co,-0.11665988070827094,0.8111289056886887
Homogeneous,Co,-0.10729151016198726,0.7761145743979514
Homogeneous,Co,-0.09792313961570359,0.7346587039865208
Homogeneous,Co,-0.08855476906941992,0.692012079259903
Homogeneous,Co,-0.07918639852313625,0.6398795110176978
Homogeneous,Co,-0.06981802797685255,0.5830835429215532
Homogeneous,Co,-0.060449657430568876,0.5369353867894965
Homogeneous,Co,-0.051081286884285204,0.5005753185204495
Homogeneous,Co,-0.04171291633800153,0.46045330552152813
Homogeneous,Co,-0.03234454579171786,0.4104768316747949
Homogeneous,Co,-0.02297617524543419,0.3528357826528161
Homogeneous,Co,-0.013607804699150516,0.29273087509533857
Homogeneous,Co,-0.004239434152866817,0.2367104304084914
Homogeneous,Co,0.005128936393416855,0.1882344278549111
Homogeneous,Co,0.014497306939700527,0.14711286756625958
Homogeneous,Co,0.0238656774859842,0.11300849090588173
Homogeneous,Co,0.03323404803226787,0.08590724749432647
Homogeneous,Co,0.04260241857855157,0.06538773991806791
Homogeneous,Co,0.05197078912483527,0.05052024324550597
Homogeneous,Co,0.061339159671118915,0.03988050033400551
Homogeneous,Co,0.07070753021740256,0.03185237898952072
Homogeneous,Co,0.08007590076368626,0.025090283818125208
Homogeneous,Co,0.08944427130996996,0.01875686866826445
Homogeneous,Co,0.09881264185625366,0.012956848100341978
Homogeneous,Co,0.1081810124025373,0.008950607584370792
Homogeneous,Co,0.11754938294882095,0.0073408501754417925
Homogeneous,Co,0.12691775349510465,0.006698951742555387
Homogeneous,Co,0.13628612404138835,0.00532939881569084
Homogeneous,Co,0.14565449458767205,0.0031986966995630767
Homogeneous,Co,0.1550228651339557,0.0013611593885465918
Homogeneous,Co,0.16439123568023933,0.0003969024160250031
Homogeneous,Co,0.17375960622652303,7.751988281844512e-05
Homogeneous,Co,0.18312797677280673,9.93963003183525e-06
Homogeneous,Co,0.19249634731909043,7.936373797575289e-07
Homogeneous,Co,0.20186471786537408,0.0
Homogeneous,Co,0.21123308841165772,0.0
Homogeneous,Co,0.22060145895794142,0.0
Homogeneous,Co,0.22996982950422512,0.0
Homogeneous,Co,0.23933820005050882,0.0
Homogeneous,Co,0.24870657059679246,0.0
Homogeneous,Co,0.2580749411430761,0.0
Homogeneous,Co,0.2674433116893598,0.0
Homogeneous,Co,0.2768116822356435,0.0
Homogeneous,Co,0.2861800527819272,0.0
Homogeneous,Co,0.29554842332821085,0.0
Homogeneous,Co,0.3049167938744945,0.0
Homogeneous,Co,0.3142851644207782,0.0
Homogeneous,Co,0.3236535349670619,0.0
Homogeneous,Co,0.3330219055133456,0.0
Homogeneous,Co,0.34239027605962924,0.0
Homogeneous,Co,0.3517586466059129,0.0
Homogeneous,Co,0.3611270171521966,0.0
Homogeneous,Co,0.3704953876984803,0.0
Homogeneous,Ni,-0.463289590920767,0.0
Homogeneous,Ni,-0.45392122037448335,0.0
Homogeneous,Ni,-0.44455284982819965,0.0
Homogeneous,Ni,-0.43518447928191595,1.5872747595148773e-06
Homogeneous,Ni,-0.4258161087356323,1.987926006366824e-05
Homogeneous,Ni,-0.41644773818934866,0.00015345249087735774
Homogeneous,Ni,-0.40707936764306496,0.0007771001215052775
Homogeneous,Ni,-0.39771099709678126,0.002611799355861883
Homogeneous,Ni,-0.38834262655049756,0.005966163142122442
Homogeneous,Ni,-0.3789742560042139,0.009905306606669847
Homogeneous,Ni,-0.36960588545793027,0.01420163515069531
Homogeneous,Ni,-0.3602375149116466,0.021977461782308243
Homogeneous,Ni,-0.3508691443653629,0.035643488152914925
Homogeneous,Ni,-0.3415007738190792,0.0507867964097142
Homogeneous,Ni,-0.3321324032727955,0.06160679903597639
Homogeneous,Ni,-0.3227640327265119,0.07097566207948551
Homogeneous,Ni,-0.3133956621802282,0.08841437653236961
Homogeneous,Ni,-0.3040272916339445,0.12100586438531692
Homogeneous,Ni,-0.2946589210876608,0.16751164004748786
Homogeneous,Ni,-0.2852905505413771,0.21950235808032734
Homogeneous,Ni,-0.2759221799950935,0.27261873013320637
Homogeneous,Ni,-0.2665538094488098,0.33063019369217117
Homogeneous,Ni,-0.2571854389025261,0.3946944257898194
Homogeneous,Ni,-0.24781706835624243,0.4658026715121553
Homogeneous,Ni,-0.23844869780995875,0.5550739565779081
Homogeneous,Ni,-0.22908032726367505,0.6729108879239628
Homogeneous,Ni,-0.2197119567173914,0.8069802958757694
Homogeneous,Ni,-0.2103435861711077,0.9185583571881173
Homogeneous,Ni,-0.20097521562482404,0.9796235464156327
Homogeneous,Ni,-0.19160684507854037,1.0162496653104685
Homogeneous,Ni,-0.1822384745322567,1.0751837794147792
Homogeneous,Ni,-0.17287010398597302,1.1474291762445274
Homogeneous,Ni,-0.16350173343968932,1.1814288185528508
Homogeneous,Ni,-0.15413336289340565,1.1626048460576874
Homogeneous,Ni,-0.14476499234712198,1.1247654485725043
Homogeneous,Ni,-0.1353966218008383,1.0936987056369807
Homogeneous,Ni,-0.12602825125455464,1.0562188590764785
Homogeneous,Ni,-0.11665988070827094,0.9890688890684898
Homogeneous,Ni,-0.10729151016198726,0.8971824537645416
Homogeneous,Ni,-0.09792313961570359,0.8001507211949948
Homogeneous,Ni,-0.08855476906941992,0.700286895648447
Homogeneous,Ni,-0.07918639852313625,0.5937540726827946
Homogeneous,Ni,-0.06981802797685255,0.49352489865853755
Homogeneous,Ni,-0.060449657430568876,0.41715008869906556
Homogeneous,Ni,-0.051081286884285204,0.3642238760534748
Homogeneous,Ni,-0.04171291633800153,0.3186737638938767
Homogeneous,Ni,-0.03234454579171786,0.2654101830209869
Homogeneous,Ni,-0.02297617524543419,0.2035496994350433
Homogeneous,Ni,-0.013607804699150516,0.14694783997448438
Homogeneous,Ni,-0.004239434152866817,0.1074768641120324
Homogeneous,Ni,0.005128936393416855,0.08209409219825183
Homogeneous,Ni,0.014497306939700527,0.062101422763067335
Homogeneous,Ni,0.0238656774859842,0.04515612761794548
Homogeneous,Ni,0.03323404803226787,0.032649158504031585
Homogeneous,Ni,0.04260241857855157,0.02393987890486288
Homogeneous,Ni,0.05197078912483527,0.017393497200151622
Homogeneous,Ni,0.061339159671118915,0.01276242998673683
Homogeneous,Ni,0.07070753021740256,0.0097758173889911
Homogeneous,Ni,0.08007590076368626,0.007028273905793803
Homogeneous,Ni,0.08944427130996996,0.004004582347648045
Homogeneous,Ni,0.09881264185625366,0.001633634566409968
Homogeneous,Ni,0.1081810124025373,0.0004569239509190503
Homogeneous,Ni,0.11754938294882095,8.58722380907653e-05
Homogeneous,Ni,0.12691775349510465,1.073326741159278e-05
Homogeneous,Ni,0.13628612404138835,7.936373797575289e-07
Homogeneous,Ni,0.14565449458767205,0.0
Homogeneous,Ni,0.1550228651339557,0.0
Homogeneous,Ni,0.16439123568023933,0.0
Homogeneous,Ni,0.17375960622652303,0.0
Homogeneous,Ni,0.18312797677280673,0.0
Homogeneous,Ni,0.19249634731909043,0.0
Homogeneous,Ni,0.20186471786537408,0.0
Homogeneous,Ni,0.21123308841165772,0.0
Homogeneous,Ni,0.22060145895794142,0.0
Homogeneous,Ni,0.22996982950422512,0.0
Homogeneous,Ni,0.23933820005050882,0.0
Homogeneous,Ni,0.24870657059679246,0.0
Homogeneous,Ni,0.2580749411430761,0.0
Homogeneous,Ni,0.2674433116893598,0.0
Homogeneous,Ni,0.2768116822356435,0.0
Homogeneous,Ni,0.2861800527819272,0.0
Homogeneous,Ni,0.29554842332821085,0.0
Homogeneous,Ni,0.3049167938744945,0.0
Homogeneous,Ni,0.3142851644207782,0.0
Homogeneous,Ni,0.3236535349670619,0.0
Homogeneous,Ni,0.3330219055133456,0.0
Homogeneous,Ni,0.34239027605962924,0.0
Homogeneous,Ni,0.3517586466059129,0.0
Homogeneous,Ni,0.3611270171521966,0.0
Homogeneous,Ni,0.3704953876984803,0.0
Homogeneous,Pd,-0.463289590920767,0.0
Homogeneous,Pd,-0.45392122037448335,0.0
Homogeneous,Pd,-0.44455284982819965,0.0
Homogeneous,Pd,-0.43518447928191595,0.0
Homogeneous,Pd,-0.4258161087356323,7.936373797574386e-07
Homogeneous,Pd,-0.41644773818934866,9.145992652076681e-06
Homogeneous,Pd,-0.40707936764306496,6.758025278660218e-05
Homogeneous,Pd,-0.39771099709678126,0.00032017617058627913
Homogeneous,Pd,-0.38834262655049756,0.0009726093277937983
Homogeneous,Pd,-0.3789742560042139,0.001895177933771044
Homogeneous,Pd,-0.36960588545793027,0.0023749456786548826
Homogeneous,Pd,-0.3602375149116466,0.001964345461317161
Homogeneous,Pd,-0.3508691443653629,0.0013202234763363076
Homogeneous,Pd,-0.3415007738190792,0.0014963198941196415
Homogeneous,Pd,-0.3321324032727955,0.00293560724048759
Homogeneous,Pd,-0.3227640327265119,0.005408464790222535
Homogeneous,Pd,-0.3133956621802282,0.008275750796116785
Homogeneous,Pd,-0.3040272916339445,0.010995333775364729
Homogeneous,Pd,-0.2946589210876608,0.014889642210814102
Homogeneous,Pd,-0.2852905505413771,0.023780737423080747
Homogeneous,Pd,-0.2759221799950935,0.04153703598478665
Homogeneous,Pd,-0.2665538094488098,0.07001529288562777
Homogeneous,Pd,-0.2571854389025261,0.10774208627373173
Homogeneous,Pd,-0.24781706835624243,0.15079604987604212
Homogeneous,Pd,-0.23844869780995875,0.19655232907145517
Homogeneous,Pd,-0.22908032726367505,0.24468906018469463
Homogeneous,Pd,-0.2197119567173914,0.29787415402360123
Homogeneous,Pd,-0.2103435861711077,0.36063450163740685
Homogeneous,Pd,-0.20097521562482404,0.43140202866102856
Homogeneous,Pd,-0.19160684507854037,0.5040719231554845
Homogeneous,Pd,-0.1822384745322567,0.5820484427913677
Homogeneous,Pd,-0.17287010398597302,0.6748467192362396
Homogeneous,Pd,-0.16350173343968932,0.7807978678886686
Homogeneous,Pd,-0.15413336289340565,0.8885452127891269
Homogeneous,Pd,-0.14476499234712198,0.9895553854525293
Homogeneous,Pd,-0.1353966218008383,1.0746040817263294
Homogeneous,Pd,-0.12602825125455464,1.1257595769883317
Homogeneous,Pd,-0.11665988070827094,1.1337662741092145
Homogeneous,Pd,-0.10729151016198726,1.1150719348577616
Homogeneous,Pd,-0.09792313961570359,1.0883090440193353
Homogeneous,Pd,-0.08855476906941992,1.0550156278246168
Homogeneous,Pd,-0.07918639852313625,1.014277821579903
Homogeneous,Pd,-0.06981802797685255,0.9676077650770829
Homogeneous,Pd,-0.060449657430568876,0.9149581098701722
Homogeneous,Pd,-0.051081286884285204,0.8603234334354763
Homogeneous,Pd,-0.04171291633800153,0.804329617689569
Homogeneous,Pd,-0.03234454579171786,0.7342386575678569
Homogeneous,Pd,-0.02297617524543419,0.6450985481463947
Homogeneous,Pd,-0.013607804699150516,0.5528527676468609
Homogeneous,Pd,-0.004239434152866817,0.4708539987442936
Homogeneous,Pd,0.005128936393416855,0.3976174212723485
Homogeneous,Pd,0.014497306939700527,0.33044976599590586
Homogeneous,Pd,0.0238656774859842,0.2707485367057872
Homogeneous,Pd,0.03323404803226787,0.21834247272653293
Homogeneous,Pd,0.04260241857855157,0.17073179016739326
Homogeneous,Pd,0.05197078912483527,0.12730281633782084
Homogeneous,Pd,0.061339159671118915,0.08975993933108971
Homogeneous,Pd,0.07070753021740256,0.058743432312406356
Homogeneous,Pd,0.08007590076368626,0.03466381548264873
Homogeneous,Pd,0.08944427130996996,0.01870786285301297
Homogeneous,Pd,0.09881264185625366,0.01040670839498165
Homogeneous,Pd,0.1081810124025373,0.007528715740406029
Homogeneous,Pd,0.11754938294882095,0.007696954609025301
Homogeneous,Pd,0.12691775349510465,0.00845976280813256
Homogeneous,Pd,0.13628612404138835,0.007676906516388957
Homogeneous,Pd,0.14565449458767205,0.005091493721194418
Homogeneous,Pd,0.1550228651339557,0.002333768716340169
Homogeneous,Pd,0.16439123568023933,0.0007170785866112095
Homogeneous,Pd,0.17375960622652303,0.00014510013560503195
Homogeneous,Pd,0.18312797677280673,1.9085622683909854e-05
Homogeneous,Pd,0.19249634731909043,1.587274759514787e-06
Homogeneous,Pd,0.20186471786537408,0.0
Homogeneous,Pd,0.21123308841165772,0.0
Homogeneous,Pd,0.22060145895794142,0.0
Homogeneous,Pd,0.22996982950422512,0.0
Homogeneous,Pd,0.23933820005050882,0.0
Homogeneous,Pd,0.24870657059679246,0.0
Homogeneous,Pd,0.2580749411430761,0.0
Homogeneous,Pd,0.2674433116893598,0.0
Homogeneous,Pd,0.2768116822356435,0.0
Homogeneous,Pd,0.2861800527819272,0.0
Homogeneous,Pd,0.29554842332821085,0.0
Homogeneous,Pd,0.3049167938744945,0.0
Homogeneous,Pd,0.3142851644207782,0.0
Homogeneous,Pd,0.3236535349670619,0.0
Homogeneous,Pd,0.3330219055133456,0.0
Homogeneous,Pd,0.34239027605962924,0.0
Homogeneous,Pd,0.3517586466059129,0.0
Homogeneous,Pd,0.3611270171521966,0.0
Homogeneous,Pd,0.3704953876984803,0.0
Homogeneous,Pt,-0.463289590920767,0.0
Homogeneous,Pt,-0.45392122037448335,0.0
Homogeneous,Pt,-0.44455284982819965,0.0
Homogeneous,Pt,-0.43518447928191595,7.936373797574386e-07
Homogeneous,Pt,-0.4258161087356323,9.145992652076681e-06
Homogeneous,Pt,-0.41644773818934866,6.758025278660218e-05
Homogeneous,Pt,-0.40707936764306496,0.00032017617058627913
Homogeneous,Pt,-0.39771099709678126,0.0009726093277937983
Homogeneous,Pt,-0.38834262655049756,0.001895177933771044
Homogeneous,Pt,-0.3789742560042139,0.0023749456786548826
Homogeneous,Pt,-0.36960588545793027,0.001962758186557646
Homogeneous,Pt,-0.3602375149116466,0.0013066933153106988
Homogeneous,Pt,-0.3508691443653629,0.0014160353444588973
Homogeneous,Pt,-0.3415007738190792,0.002703117328173917
Homogeneous,Pt,-0.3321324032727955,0.005414122048248115
Homogeneous,Pt,-0.3227640327265119,0.010547261444754737
Homogeneous,Pt,-0.3133956621802282,0.018726112953741915
Homogeneous,Pt,-0.3040272916339445,0.028669144313352612
Homogeneous,Pt,-0.2946589210876608,0.039348508081197484
Homogeneous,Pt,-0.2852905505413771,0.05186080926223206
Homogeneous,Pt,-0.2759221799950935,0.06960014170997818
Homogeneous,Pt,-0.2665538094488098,0.09974208018016745
Homogeneous,Pt,-0.2571854389025261,0.14807332797604664
Homogeneous,Pt,-0.24781706835624243,0.20945497601948365
Homogeneous,Pt,-0.23844869780995875,0.27337242420054747
Homogeneous,Pt,-0.22908032726367505,0.34040986803355594
Homogeneous,Pt,-0.2197119567173914,0.41835314806831103
Homogeneous,Pt,-0.2103435861711077,0.5006955458258676
Homogeneous,Pt,-0.20097521562482404,0.5725104277801336
Homogeneous,Pt,-0.19160684507854037,0.6377147433847319
Homogeneous,Pt,-0.1822384745322567,0.7143633344632427
Homogeneous,Pt,-0.17287010398597302,0.8055093675583325
Homogeneous,Pt,-0.16350173343968932,0.8882925514199654
Homogeneous,Pt,-0.15413336289340565,0.9371549188993128
Homogeneous,Pt,-0.14476499234712198,0.9562102533913303
Homogeneous,Pt,-0.1353966218008383,0.9697456827580434
Homogeneous,Pt,-0.12602825125455464,0.9837451845561511
Homogeneous,Pt,-0.11665988070827094,0.9855900760165709
Homogeneous,Pt,-0.10729151016198726,0.9687787009294402
Homogeneous,Pt,-0.09792313961570359,0.931144371595455
Homogeneous,Pt,-0.08855476906941992,0.872427956360965
Homogeneous,Pt,-0.07918639852313625,0.8066735468061677
Homogeneous,Pt,-0.06981802797685255,0.7561802068932794
Homogeneous,Pt,-0.060449657430568876,0.7315948059967246
Homogeneous,Pt,-0.051081286884285204,0.7217605327947721
Homogeneous,Pt,-0.04171291633800153,0.7006617311529607
Homogeneous,Pt,-0.03234454579171786,0.6456191573398902
Homogeneous,Pt,-0.02297617524543419,0.5560465339193681
Homogeneous,Pt,-0.013607804699150516,0.45787074942351996
Homogeneous,Pt,-0.004239434152866817,0.38178415193543935
Homogeneous,Pt,0.005128936393416855,0.3349641866946295
Homogeneous,Pt,0.014497306939700527,0.29904209727252573
Homogeneous,Pt,0.0238656774859842,0.25258193832749676
Homogeneous,Pt,0.03323404803226787,0.1936549133391266
Homogeneous,Pt,0.04260241857855157,0.13927108811765587
Homogeneous,Pt,0.05197078912483527,0.1019344310474391
Homogeneous,Pt,0.061339159671118915,0.07891020099079811
Homogeneous,Pt,0.07070753021740256,0.06439993021285925
Homogeneous,Pt,0.08007590076368626,0.0550337246096482
Homogeneous,Pt,0.08944427130996996,0.0465277825461711
Homogeneous,Pt,0.09881264185625366,0.0363585403540194
Homogeneous,Pt,0.1081810124025373,0.02558193402016995
Homogeneous,Pt,0.11754938294882095,0.01607745802512857
Homogeneous,Pt,0.12691775349510465,0.008881312758062091
Homogeneous,Pt,0.13628612404138835,0.004150715846768864
Homogeneous,Pt,0.14565449458767205,0.001536078414247126
Homogeneous,Pt,0.1550228651339557,0.00041836895084818525
Homogeneous,Pt,0.16439123568023933,7.91071575779599e-05
Homogeneous,Pt,0.17375960622652303,9.93963003183525e-06
Homogeneous,Pt,0.18312797677280673,7.936373797575289e-07
Homogeneous,Pt,0.19249634731909043,0.0
Homogeneous,Pt,0.20186471786537408,0.0
Homogeneous,Pt,0.21123308841165772,0.0
Homogeneous,Pt,0.22060145895794142,0.0
Homogeneous,Pt,0.22996982950422512,0.0
Homogeneous,Pt,0.23933820005050882,0.0
Homogeneous,Pt,0.24870657059679246,0.0
Homogeneous,Pt,0.2580749411430761,0.0
Homogeneous,Pt,0.2674433116893598,0.0
Homogeneous,Pt,0.2768116822356435,0.0
Homogeneous,Pt,0.2861800527819272,0.0
Homogeneous,Pt,0.29554842332821085,0.0
Homogeneous,Pt,0.3049167938744945,0.0
Homogeneous,Pt,0.3142851644207782,0.0
Homogeneous,Pt,0.3236535349670619,0.0
Homogeneous,Pt,0.3330219055133456,0.0
Homogeneous,Pt,0.34239027605962924,0.0
Homogeneous,Pt,0.3517586466059129,0.0
Homogeneous,Pt,0.3611270171521966,0.0
Homogeneous,Pt,0.3704953876984803,0.0
CEMC,Fe,-0.463289590920767,0.0
CEMC,Fe,-0.45392122037448335,0.0
CEMC,Fe,-0.44455284982819965,0.0
CEMC,Fe,-0.43518447928191595,0.0
CEMC,Fe,-0.4258161087356323,0.0
CEMC,Fe,-0.41644773818934866,0.0
CEMC,Fe,-0.40707936764306496,0.0
CEMC,Fe,-0.39771099709678126,0.0
CEMC,Fe,-0.38834262655049756,0.0
CEMC,Fe,-0.3789742560042139,0.0
CEMC,Fe,-0.36960588545793027,0.0
CEMC,Fe,-0.3602375149116466,0.0
CEMC,Fe,-0.3508691443653629,0.0
CEMC,Fe,-0.3415007738190792,0.0
CEMC,Fe,-0.3321324032727955,0.0
CEMC,Fe,-0.3227640327265119,0.0
CEMC,Fe,-0.3133956621802282,4.177038840828624e-08
CEMC,Fe,-0.3040272916339445,4.813680343198254e-07
CEMC,Fe,-0.2946589210876608,3.5568554098211672e-06
CEMC,Fe,-0.2852905505413771,1.6893147787686134e-05
CEMC,Fe,-0.2759221799950935,5.171310304345434e-05
CEMC,Fe,-0.2665538094488098,0.00010382620087313054
CEMC,Fe,-0.2571854389025261,0.0001463462160977459
CEMC,Fe,-0.24781706835624243,0.00018040516019978716
CEMC,Fe,-0.23844869780995875,0.00027826021267862407
CEMC,Fe,-0.22908032726367505,0.0005559123227414119
CEMC,Fe,-0.2197119567173914,0.0011368067607448616
CEMC,Fe,-0.2103435861711077,0.0020415506410881167
CEMC,Fe,-0.20097521562482404,0.0030848836590242406
CEMC,Fe,-0.19160684507854037,0.004155458786322369
CEMC,Fe,-0.1822384745322567,0.00555149019741218
CEMC,Fe,-0.17287010398597302,0.007723572352067564
CEMC,Fe,-0.16350173343968932,0.010819145972042156
CEMC,Fe,-0.15413336289340565,0.014815545209540308
CEMC,Fe,-0.14476499234712198,0.020160036956321643
CEMC,Fe,-0.1353966218008383,0.027785438966497197
CEMC,Fe,-0.12602825125455464,0.03819325717301846
CEMC,Fe,-0.11665988070827094,0.05135536450808061
CEMC,Fe,-0.10729151016198726,0.06767002204864393
CEMC,Fe,-0.09792313961570359,0.08775919037184864
CEMC,Fe,-0.08855476906941992,0.11132114835960714
CEMC,Fe,-0.07918639852313625,0.13707601585107146
CEMC,Fe,-0.06981802797685255,0.16389330242983685
CEMC,Fe,-0.060449657430568876,0.1916155165308795
CEMC,Fe,-0.051081286884285204,0.22072058896749389
CEMC,Fe,-0.04171291633800153,0.25138852279515644
CEMC,Fe,-0.03234454579171786,0.28286403365822926
CEMC,Fe,-0.02297617524543419,0.3135161917857242
CEMC,Fe,-0.013607804699150516,0.341761848513965
CEMC,Fe,-0.004239434152866817,0.3668770487182342
CEMC,Fe,0.005128936393416855,0.3886391260285232
CEMC,Fe,0.014497306939700527,0.4060259720961991
CEMC,Fe,0.0238656774859842,0.4166083656880634
CEMC,Fe,0.03323404803226787,0.4171890900263586
CEMC,Fe,0.04260241857855157,0.4046852848469263
CEMC,Fe,0.05197078912483527,0.3784753981319423
CEMC,Fe,0.061339159671118915,0.34290762651380285
CEMC,Fe,0.07070753021740256,0.30480210274112896
CEMC,Fe,0.08007590076368626,0.2675759143568163
CEMC,Fe,0.08944427130996996,0.23068956536550994
CEMC,Fe,0.09881264185625366,0.19383632837666373
CEMC,Fe,0.1081810124025373,0.1576326682656705
CEMC,Fe,0.11754938294882095,0.12288734306125683
CEMC,Fe,0.12691775349510465,0.09162998204508771
CEMC,Fe,0.13628612404138835,0.06590297691236503
CEMC,Fe,0.14565449458767205,0.04585342299029998
CEMC,Fe,0.1550228651339557,0.03070567903963403
CEMC,Fe,0.16439123568023933,0.019833221987172252
CEMC,Fe,0.17375960622652303,0.012304712177494091
CEMC,Fe,0.18312797677280673,0.007093256342605647
CEMC,Fe,0.19249634731909043,0.003684802121246988
CEMC,Fe,0.20186471786537408,0.0017462499119685877
CEMC,Fe,0.21123308841165772,0.0007747848540400383
CEMC,Fe,0.22060145895794142,0.00031192225125563057
CEMC,Fe,0.22996982950422512,0.00010405711543164623
CEMC,Fe,0.23933820005050882,2.6224723463441923e-05
CEMC,Fe,0.24870657059679246,4.686673032089701e-06
CEMC,Fe,0.2580749411430761,5.649088111358841e-07
CEMC,Fe,0.2674433116893598,4.1770388408248256e-08
CEMC,Fe,0.2768116822356435,0.0
CEMC,Fe,0.2861800527819272,0.0
CEMC,Fe,0.29554842332821085,0.0
CEMC,Fe,0.3049167938744945,0.0
CEMC,Fe,0.3142851644207782,0.0
CEMC,Fe,0.3236535349670619,0.0
CEMC,Fe,0.3330219055133456,0.0
CEMC,Fe,0.34239027605962924,0.0
CEMC,Fe,0.3517586466059129,0.0
CEMC,Fe,0.3611270171521966,0.0
CEMC,Fe,0.3704953876984803,0.0
CEMC,Co,-0.463289590920767,0.0
CEMC,Co,-0.45392122037448335,0.0
CEMC,Co,-0.44455284982819965,0.0
CEMC,Co,-0.43518447928191595,0.0
CEMC,Co,-0.4258161087356323,0.0
CEMC,Co,-0.41644773818934866,0.0
CEMC,Co,-0.40707936764306496,0.0
CEMC,Co,-0.39771099709678126,0.0
CEMC,Co,-0.38834262655049756,0.0
CEMC,Co,-0.3789742560042139,0.0
CEMC,Co,-0.36960588545793027,0.0
CEMC,Co,-0.3602375149116466,0.0
CEMC,Co,-0.3508691443653629,0.0
CEMC,Co,-0.3415007738190792,0.0
CEMC,Co,-0.3321324032727955,0.0
CEMC,Co,-0.3227640327265119,0.0
CEMC,Co,-0.3133956621802282,8.354077681657248e-08
CEMC,Co,-0.3040272916339445,9.627360686396508e-07
CEMC,Co,-0.2946589210876608,7.1137108196423344e-06
CEMC,Co,-0.2852905505413771,3.378629557537227e-05
CEMC,Co,-0.2759221799950935,0.00010342620608690868
CEMC,Co,-0.2665538094488098,0.0002076106313578528
CEMC,Co,-0.2571854389025261,0.0002913756563930062
CEMC,Co,-0.24781706835624243,0.0003475843339149484
CEMC,Co,-0.23844869780995875,0.00046725693434746966
CEMC,Co,-0.22908032726367505,0.0007105701217073766
CEMC,Co,-0.2197119567173914,0.0010605741063103385
CEMC,Co,-0.2103435861711077,0.0015486892522989814
CEMC,Co,-0.20097521562482404,0.0022457254471020516
CEMC,Co,-0.19160684507854037,0.003170714700711209
CEMC,Co,-0.1822384745322567,0.004409759909088348
CEMC,Co,-0.17287010398597302,0.0060882165534000615
CEMC,Co,-0.16350173343968932,0.008132051886414375
CEMC,Co,-0.15413336289340565,0.010496265202131044
CEMC,Co,-0.14476499234712198,0.013464568236864444
CEMC,Co,-0.1353966218008383,0.01732931957147385
CEMC,Co,-0.12602825125455464,0.022086070746035556
CEMC,Co,-0.11665988070827094,0.02786598038472977
CEMC,Co,-0.10729151016198726,0.03535253651914749
CEMC,Co,-0.09792313961570359,0.04505258940928429
CEMC,Co,-0.08855476906941992,0.05622866069712506
CEMC,Co,-0.07918639852313625,0.06731210902605285
CEMC,Co,-0.06981802797685255,0.07772179487068133
CEMC,Co,-0.060449657430568876,0.0886834310109295
CEMC,Co,-0.051081286884285204,0.10167099749126886
CEMC,Co,-0.04171291633800153,0.11701384564868013
CEMC,Co,-0.03234454579171786,0.13417962119069898
CEMC,Co,-0.02297617524543419,0.15144322029030247
CEMC,Co,-0.013607804699150516,0.16606051877206887
CEMC,Co,-0.004239434152866817,0.17712319615187033
CEMC,Co,0.005128936393416855,0.1867543193536049
CEMC,Co,0.014497306939700527,0.19659098568996874
CEMC,Co,0.0238656774859842,0.20501874885589932
CEMC,Co,0.03323404803226787,0.20942087085001404
CEMC,Co,0.04260241857855157,0.20820267296727976
CEMC,Co,0.05197078912483527,0.20084538304261051
CEMC,Co,0.061339159671118915,0.1888394388966319
CEMC,Co,0.07070753021740256,0.17478306968299534
CEMC,Co,0.08007590076368626,0.16008176676597974
CEMC,Co,0.08944427130996996,0.14485861604460273
CEMC,Co,0.09881264185625366,0.12924171833936818
CEMC,Co,0.1081810124025373,0.11375155358648964
CEMC,Co,0.11754938294882095,0.09841744672671945
CEMC,Co,0.12691775349510465,0.08261990113509746
CEMC,Co,0.13628612404138835,0.06624878032183777
CEMC,Co,0.14565449458767205,0.05057903055039965
CEMC,Co,0.1550228651339557,0.03758060496996485
CEMC,Co,0.16439123568023933,0.027951345961366936
CEMC,Co,0.17375960622652303,0.020656921556077377
CEMC,Co,0.18312797677280673,0.014605223798458227
CEMC,Co,0.19249634731909043,0.009626926312120053
CEMC,Co,0.20186471786537408,0.006020305612121813
CEMC,Co,0.21123308841165772,0.0037867099562972784
CEMC,Co,0.22060145895794142,0.002408320992513486
CEMC,Co,0.22996982950422512,0.001396340097804382
CEMC,Co,0.23933820005050882,0.0006690802831562277
CEMC,Co,0.24870657059679246,0.00025989449076021235
CEMC,Co,0.2580749411430761,8.282540882411019e-05
CEMC,Co,0.2674433116893598,2.0952944004295698e-05
CEMC,Co,0.2768116822356435,3.891018517089227e-06
CEMC,Co,0.2861800527819272,4.813680343200442e-07
CEMC,Co,0.29554842332821085,4.177038840830524e-08
CEMC,Co,0.3049167938744945,0.0
CEMC,Co,0.3142851644207782,0.0
CEMC,Co,0.3236535349670619,0.0
CEMC,Co,0.3330219055133456,0.0
CEMC,Co,0.34239027605962924,0.0
CEMC,Co,0.3517586466059129,0.0
CEMC,Co,0.3611270171521966,0.0
CEMC,Co,0.3704953876984803,0.0
CEMC,Ni,-0.463289590920767,0.0
CEMC,Ni,-0.45392122037448335,0.0
CEMC,Ni,-0.44455284982819965,0.0
CEMC,Ni,-0.43518447928191595,0.0
CEMC,Ni,-0.4258161087356323,0.0
CEMC,Ni,-0.41644773818934866,0.0
CEMC,Ni,-0.40707936764306496,0.0
CEMC,Ni,-0.39771099709678126,0.0
CEMC,Ni,-0.38834262655049756,0.0
CEMC,Ni,-0.3789742560042139,0.0
CEMC,Ni,-0.36960588545793027,0.0
CEMC,Ni,-0.3602375149116466,0.0
CEMC,Ni,-0.3508691443653629,0.0
CEMC,Ni,-0.3415007738190792,0.0
CEMC,Ni,-0.3321324032727955,8.354077681657248e-08
CEMC,Ni,-0.3227640327265119,9.627360686396508e-07
CEMC,Ni,-0.3133956621802282,7.1137108196423344e-06
CEMC,Ni,-0.3040272916339445,3.370275479855569e-05
CEMC,Ni,-0.2946589210876608,0.00010237992924145245
CEMC,Ni,-0.2852905505413771,0.00019940887330434595
CEMC,Ni,-0.2759221799950935,0.0002493239386138902
CEMC,Ni,-0.2665538094488098,0.0002029037607098096
CEMC,Ni,-0.2571854389025261,0.00012959919936973412
CEMC,Ni,-0.24781706835624243,0.0001738201143611539
CEMC,Ni,-0.23844869780995875,0.0005081222084724646
CEMC,Ni,-0.22908032726367505,0.0013433673547647604
CEMC,Ni,-0.2197119567173914,0.00295718203955532
CEMC,Ni,-0.2103435861711077,0.005667226166797112
CEMC,Ni,-0.20097521562482404,0.009458734528594913
CEMC,Ni,-0.19160684507854037,0.013796262052524252
CEMC,Ni,-0.1822384745322567,0.01840627444627243
CEMC,Ni,-0.17287010398597302,0.023820970627709118
CEMC,Ni,-0.16350173343968932,0.030606494769861776
CEMC,Ni,-0.15413336289340565,0.038978303851019185
CEMC,Ni,-0.14476499234712198,0.049977939116224016
CEMC,Ni,-0.1353966218008383,0.06577072758286746
CEMC,Ni,-0.12602825125455464,0.08760107236387621
CEMC,Ni,-0.11665988070827094,0.11453868457316452
CEMC,Ni,-0.10729151016198726,0.14556685235409428
CEMC,Ni,-0.09792313961570359,0.18146265766921024
CEMC,Ni,-0.08855476906941992,0.222245965858761
CEMC,Ni,-0.07918639852313625,0.2649997235527501
CEMC,Ni,-0.06981802797685255,0.3075148133699675
CEMC,Ni,-0.060449657430568876,0.3526815619276191
CEMC,Ni,-0.051081286884285204,0.4053383544902986
CEMC,Ni,-0.04171291633800153,0.46394260324898223
CEMC,Ni,-0.03234454579171786,0.5200958714885
CEMC,Ni,-0.02297617524543419,0.5669476663136446
CEMC,Ni,-0.013607804699150516,0.6039376640241888
CEMC,Ni,-0.004239434152866817,0.6340250114495825
CEMC,Ni,0.005128936393416855,0.6572543320374669
CEMC,Ni,0.014497306939700527,0.6680947128238593
CEMC,Ni,0.0238656774859842,0.6611105778658355
CEMC,Ni,0.03323404803226787,0.6365905409931196
CEMC,Ni,0.04260241857855157,0.5981212119796128
CEMC,Ni,0.05197078912483527,0.5474288530705314
CEMC,Ni,0.061339159671118915,0.4846770557676538
CEMC,Ni,0.07070753021740256,0.41253412198450234
CEMC,Ni,0.08007590076368626,0.33744569557105775
CEMC,Ni,0.08944427130996996,0.26621601813549245
CEMC,Ni,0.09881264185625366,0.20283660946888712
CEMC,Ni,0.1081810124025373,0.14894481953775685
CEMC,Ni,0.11754938294882095,0.10466430523695149
CEMC,Ni,0.12691775349510465,0.06930366597417162
CEMC,Ni,0.13628612404138835,0.04259736566634218
CEMC,Ni,0.14565449458767205,0.024221790100736308
CEMC,Ni,0.1550228651339557,0.012846612239079963
CEMC,Ni,0.16439123568023933,0.0064697490253730165
CEMC,Ni,0.17375960622652303,0.003106213058719855
CEMC,Ni,0.18312797677280673,0.0013448876932479923
CEMC,Ni,0.19249634731909043,0.0004741045164483788
CEMC,Ni,0.20186471786537408,0.00012403010411348695
CEMC,Ni,0.21123308841165772,2.2659604407262985e-05
CEMC,Ni,0.22060145895794142,2.7827736672699724e-06
CEMC,Ni,0.22996982950422512,2.088519420411273e-07
CEMC,Ni,0.23933820005050882,0.0
CEMC,Ni,0.24870657059679246,0.0
CEMC,Ni,0.2580749411430761,0.0
CEMC,Ni,0.2674433116893598,0.0
CEMC,Ni,0.2768116822356435,0.0
CEMC,Ni,0.2861800527819272,0.0
CEMC,Ni,0.29554842332821085,0.0
CEMC,Ni,0.3049167938744945,0.0
CEMC,Ni,0.3142851644207782,0.0
CEMC,Ni,0.3236535349670619,0.0
CEMC,Ni,0.3330219055133456,0.0
CEMC,Ni,0.34239027605962924,0.0
CEMC,Ni,0.3517586466059129,0.0
CEMC,Ni,0.3611270171521966,0.0
CEMC,Ni,0.3704953876984803,0.0
CEMC,Pd,-0.463289590920767,0.0
CEMC,Pd,-0.45392122037448335,0.0
CEMC,Pd,-0.44455284982819965,0.0
CEMC,Pd,-0.43518447928191595,0.0
CEMC,Pd,-0.4258161087356323,0.0
CEMC,Pd,-0.41644773818934866,0.0
CEMC,Pd,-0.40707936764306496,0.0
CEMC,Pd,-0.39771099709678126,0.0
CEMC,Pd,-0.38834262655049756,0.0
CEMC,Pd,-0.3789742560042139,0.0
CEMC,Pd,-0.36960588545793027,0.0
CEMC,Pd,-0.3602375149116466,0.0
CEMC,Pd,-0.3508691443653629,0.0
CEMC,Pd,-0.3415007738190792,0.0
CEMC,Pd,-0.3321324032727955,0.0
CEMC,Pd,-0.3227640327265119,0.0
CEMC,Pd,-0.3133956621802282,0.0
CEMC,Pd,-0.3040272916339445,0.0
CEMC,Pd,-0.2946589210876608,0.0
CEMC,Pd,-0.2852905505413771,0.0
CEMC,Pd,-0.2759221799950935,4.177038840828624e-08
CEMC,Pd,-0.2665538094488098,5.649088111363979e-07
CEMC,Pd,-0.2571854389025261,4.728443420502249e-06
CEMC,Pd,-0.24781706835624243,2.678963227460217e-05
CEMC,Pd,-0.23844869780995875,0.00010845139574497659
CEMC,Pd,-0.22908032726367505,0.0003334825164384818
CEMC,Pd,-0.2197119567173914,0.0008371836754498368
CEMC,Pd,-0.2103435861711077,0.0018053864087554494
CEMC,Pd,-0.20097521562482404,0.0033783178577586333
CEMC,Pd,-0.19160684507854037,0.0054596068212743485
CEMC,Pd,-0.1822384745322567,0.007885792755414914
CEMC,Pd,-0.17287010398597302,0.011051989787174078
CEMC,Pd,-0.16350173343968932,0.01589049650486728
CEMC,Pd,-0.15413336289340565,0.02336352208882473
CEMC,Pd,-0.14476499234712198,0.03496577355751847
CEMC,Pd,-0.1353966218008383,0.052993701585963865
CEMC,Pd,-0.12602825125455464,0.07910900752793755
CEMC,Pd,-0.11665988070827094,0.11349004877190294
CEMC,Pd,-0.10729151016198726,0.15672691357489968
CEMC,Pd,-0.09792313961570359,0.21149295154872153
CEMC,Pd,-0.08855476906941992,0.28030369555254087
CEMC,Pd,-0.07918639852313625,0.36366357904690527
CEMC,Pd,-0.06981802797685255,0.46333070259694803
CEMC,Pd,-0.060449657430568876,0.5845113151539598
CEMC,Pd,-0.051081286884285204,0.7316795489831219
CEMC,Pd,-0.04171291633800153,0.906064451801456
CEMC,Pd,-0.03234454579171786,1.1086810319980551
CEMC,Pd,-0.02297617524543419,1.3394536301376938
CEMC,Pd,-0.013607804699150516,1.5941634308008146
CEMC,Pd,-0.004239434152866817,1.8679112783569587
CEMC,Pd,0.005128936393416855,2.158625020469492
CEMC,Pd,0.014497306939700527,2.460105427737893
CEMC,Pd,0.0238656774859842,2.7549061157101886
CEMC,Pd,0.03323404803226787,3.0264756525864915
CEMC,Pd,0.04260241857855157,3.2685918810339927
CEMC,Pd,0.05197078912483527,3.469330853582809
CEMC,Pd,0.061339159671118915,3.6049926247850936
CEMC,Pd,0.07070753021740256,3.6566919367621935
CEMC,Pd,0.08007590076368626,3.621105164732767
CEMC,Pd,0.08944427130996996,3.5070135633303354
CEMC,Pd,0.09881264185625366,3.3249657323562647
CEMC,Pd,0.1081810124025373,3.08071461265028
CEMC,Pd,0.11754938294882095,2.7762984899933265
CEMC,Pd,0.12691775349510465,2.417885769875301
CEMC,Pd,0.13628612404138835,2.02745585969733
CEMC,Pd,0.14565449458767205,1.6404418445333788
CEMC,Pd,0.1550228651339557,1.2899761757749377
CEMC,Pd,0.16439123568023933,0.9911867404701616
CEMC,Pd,0.17375960622652303,0.7387396748742151
CEMC,Pd,0.18312797677280673,0.5248642674626675
CEMC,Pd,0.19249634731909043,0.3529247910142985
CEMC,Pd,0.20186471786537408,0.2274386124169352
CEMC,Pd,0.21123308841165772,0.1427921891783148
CEMC,Pd,0.22060145895794142,0.08772201169235896
CEMC,Pd,0.22996982950422512,0.05251636260953097
CEMC,Pd,0.23933820005050882,0.030324904857965945
CEMC,Pd,0.24870657059679246,0.01662455432080207
CEMC,Pd,0.2580749411430761,0.008572980123367342
CEMC,Pd,0.2674433116893598,0.004160608452224121
CEMC,Pd,0.2768116822356435,0.0018716074524116923
CEMC,Pd,0.2861800527819272,0.0007393962999534172
CEMC,Pd,0.29554842332821085,0.00023747810585383807
CEMC,Pd,0.3049167938744945,5.761748799366226e-05
CEMC,Pd,0.3142851644207782,9.980025263792893e-06
CEMC,Pd,0.3236535349670619,1.1715880106886946e-06
CEMC,Pd,0.3330219055133456,8.354077681718033e-08
CEMC,Pd,0.34239027605962924,0.0
CEMC,Pd,0.3517586466059129,0.0
CEMC,Pd,0.3611270171521966,0.0
CEMC,Pd,0.3704953876984803,0.0
CEMC,Pt,-0.463289590920767,0.0
CEMC,Pt,-0.45392122037448335,0.0
CEMC,Pt,-0.44455284982819965,0.0
CEMC,Pt,-0.43518447928191595,0.0
CEMC,Pt,-0.4258161087356323,0.0
CEMC,Pt,-0.41644773818934866,0.0
CEMC,Pt,-0.40707936764306496,0.0
CEMC,Pt,-0.39771099709678126,0.0
CEMC,Pt,-0.38834262655049756,0.0
CEMC,Pt,-0.3789742560042139,0.0
CEMC,Pt,-0.36960588545793027,0.0
CEMC,Pt,-0.3602375149116466,0.0
CEMC,Pt,-0.3508691443653629,0.0
CEMC,Pt,-0.3415007738190792,0.0
CEMC,Pt,-0.3321324032727955,4.177038840828624e-08
CEMC,Pt,-0.3227640327265119,4.813680343198254e-07
CEMC,Pt,-0.3133956621802282,3.5568554098211672e-06
CEMC,Pt,-0.3040272916339445,1.6851377399277846e-05
CEMC,Pt,-0.2946589210876608,5.1189964620726226e-05
CEMC,Pt,-0.2852905505413771,9.970443665217298e-05
CEMC,Pt,-0.2759221799950935,0.00012455754333592437
CEMC,Pt,-0.2665538094488098,0.00010026934546330938
CEMC,Pt,-0.2571854389025261,5.608548959486162e-05
CEMC,Pt,-0.24781706835624243,4.552471142275103e-05
CEMC,Pt,-0.23844869780995875,0.0001252112897104549
CEMC,Pt,-0.22908032726367505,0.00039180537654438384
CEMC,Pt,-0.2197119567173914,0.0009816159332464824
CEMC,Pt,-0.2103435861711077,0.001953111322544001
CEMC,Pt,-0.20097521562482404,0.0031950742962123216
CEMC,Pt,-0.19160684507854037,0.004653739441089244
CEMC,Pt,-0.1822384745322567,0.006642216579894276
CEMC,Pt,-0.17287010398597302,0.009671348848046943
CEMC,Pt,-0.16350173343968932,0.014094411963350423
CEMC,Pt,-0.15413336289340565,0.020265840178104247
CEMC,Pt,-0.14476499234712198,0.02904644023982686
CEMC,Pt,-0.1353966218008383,0.04142045561067654
CEMC,Pt,-0.12602825125455464,0.057301800876405184
CEMC,Pt,-0.11665988070827094,0.07635958346537397
CEMC,Pt,-0.10729151016198726,0.10040048952054986
CEMC,Pt,-0.09792313961570359,0.1324912734757684
CEMC,Pt,-0.08855476906941992,0.17340527569573044
CEMC,Pt,-0.07918639852313625,0.22071983370489504
CEMC,Pt,-0.06981802797685255,0.2717551393334637
CEMC,Pt,-0.060449657430568876,0.3269374222059219
CEMC,Pt,-0.051081286884285204,0.38864444885098587
CEMC,Pt,-0.04171291633800153,0.45665787577519196
CEMC,Pt,-0.03234454579171786,0.5280484340667718
CEMC,Pt,-0.02297617524543419,0.6006320800758932
CEMC,Pt,-0.013607804699150516,0.6743575672937143
CEMC,Pt,-0.004239434152866817,0.750638135667436
CEMC,Pt,0.005128936393416855,0.8297097152366065
CEMC,Pt,0.014497306939700527,0.9079299692266048
CEMC,Pt,0.0238656774859842,0.9786680607486232
CEMC,Pt,0.03323404803226787,1.0366110488365026
CEMC,Pt,0.04260241857855157,1.0803711121265542
CEMC,Pt,0.05197078912483527,1.1105992612963518
CEMC,Pt,0.061339159671118915,1.1265877935267228
CEMC,Pt,0.07070753021740256,1.1282078148616725
CEMC,Pt,0.08007590076368626,1.119914690143577
CEMC,Pt,0.08944427130996996,1.1036649174639641
CEMC,Pt,0.09881264185625366,1.0734887751113371
CEMC,Pt,0.1081810124025373,1.0257614266946826
CEMC,Pt,0.11754938294882095,0.9628911265707257
CEMC,Pt,0.12691775349510465,0.8860942754028028
CEMC,Pt,0.13628612404138835,0.7975675394675739
CEMC,Pt,0.14565449458767205,0.7035558227138294
CEMC,Pt,0.1550228651339557,0.6096561995253199
CEMC,Pt,0.16439123568023933,0.5177856812243189
CEMC,Pt,0.17375960622652303,0.4278548190414724
CEMC,Pt,0.18312797677280673,0.34216342751194545
CEMC,Pt,0.19249634731909043,0.2656757633073639
CEMC,Pt,0.20186471786537408,0.20076048058546508
CEMC,Pt,0.21123308841165772,0.1468722126106385
CEMC,Pt,0.22060145895794142,0.10390685163798054
CEMC,Pt,0.22996982950422512,0.07168796267216693
CEMC,Pt,0.23933820005050882,0.04850974691312447
CEMC,Pt,0.24870657059679246,0.032006223232095066
CEMC,Pt,0.2580749411430761,0.020622846405866525
CEMC,Pt,0.2674433116893598,0.013274460899729964
CEMC,Pt,0.2768116822356435,0.008441098915168428
CEMC,Pt,0.2861800527819272,0.004879896705679658
CEMC,Pt,0.29554842332821085,0.0023883855844869946
CEMC,Pt,0.3049167938744945,0.0010723286887421234
CEMC,Pt,0.3142851644207782,0.0005647913810499592
CEMC,Pt,0.3236535349670619,0.0003319634877154625
CEMC,Pt,0.3330219055133456,0.00015737705061307975
CEMC,Pt,0.34239027605962924,5.080475452828326e-05
CEMC,Pt,0.3517586466059129,1.0670566229463502e-05
CEMC,Pt,0.3611270171521966,1.444104102959476e-06
CEMC,Pt,0.3704953876984803,1.2531116522485873e-07
CEMC + layer shuffled,Fe,-0.463289590920767,0.0
CEMC + layer shuffled,Fe,-0.45392122037448335,0.0
CEMC + layer shuffled,Fe,-0.44455284982819965,0.0
CEMC + layer shuffled,Fe,-0.43518447928191595,0.0
CEMC + layer shuffled,Fe,-0.4258161087356323,0.0
CEMC + layer shuffled,Fe,-0.41644773818934866,0.0
CEMC + layer shuffled,Fe,-0.40707936764306496,0.0
CEMC + layer shuffled,Fe,-0.39771099709678126,0.0
CEMC + layer shuffled,Fe,-0.38834262655049756,0.0
CEMC + layer shuffled,Fe,-0.3789742560042139,0.0
CEMC + layer shuffled,Fe,-0.36960588545793027,0.0
CEMC + layer shuffled,Fe,-0.3602375149116466,0.0
CEMC + layer shuffled,Fe,-0.3508691443653629,0.0
CEMC + layer shuffled,Fe,-0.3415007738190792,0.0
CEMC + layer shuffled,Fe,-0.3321324032727955,0.0
CEMC + layer shuffled,Fe,-0.3227640327265119,0.0
CEMC + layer shuffled,Fe,-0.3133956621802282,1.6708155363314496e-07
CEMC + layer shuffled,Fe,-0.3040272916339445,2.009012914095874e-06
CEMC + layer shuffled,Fe,-0.2946589210876608,1.5440780038374036e-05
CEMC + layer shuffled,Fe,-0.2852905505413771,7.795044367198039e-05
CEMC + layer shuffled,Fe,-0.2759221799950935,0.0002664374636822199
CEMC + layer shuffled,Fe,-0.2665538094488098,0.0006537127806505307
CEMC + layer shuffled,Fe,-0.2571854389025261,0.0012661958965407406
CEMC + layer shuffled,Fe,-0.24781706835624243,0.0021452890937650087
CEMC + layer shuffled,Fe,-0.23844869780995875,0.0033309833337980283
CEMC + layer shuffled,Fe,-0.22908032726367505,0.004751747116541271
CEMC + layer shuffled,Fe,-0.2197119567173914,0.006325712214734127
CEMC + layer shuffled,Fe,-0.2103435861711077,0.008043578252457198
CEMC + layer shuffled,Fe,-0.20097521562482404,0.00996754110149543
CEMC + layer shuffled,Fe,-0.19160684507854037,0.01233584943998346
CEMC + layer shuffled,Fe,-0.1822384745322567,0.015423874001130204
CEMC + layer shuffled,Fe,-0.17287010398597302,0.019547318361821144
CEMC + layer shuffled,Fe,-0.16350173343968932,0.02535676608840767
CEMC + layer shuffled,Fe,-0.15413336289340565,0.03341043779050414
CEMC + layer shuffled,Fe,-0.14476499234712198,0.04334909710781261
CEMC + layer shuffled,Fe,-0.1353966218008383,0.054066894153985155
CEMC + layer shuffled,Fe,-0.12602825125455464,0.06529906100121573
CEMC + layer shuffled,Fe,-0.11665988070827094,0.07874516472915534
CEMC + layer shuffled,Fe,-0.10729151016198726,0.0963653375120276
CEMC + layer shuffled,Fe,-0.09792313961570359,0.11787205965552161
CEMC + layer shuffled,Fe,-0.08855476906941992,0.1408813464590719
CEMC + layer shuffled,Fe,-0.07918639852313625,0.16368917078510842
CEMC + layer shuffled,Fe,-0.06981802797685255,0.18727299952240709
CEMC + layer shuffled,Fe,-0.060449657430568876,0.2130556450191941
CEMC + layer shuffled,Fe,-0.051081286884285204,0.2401776329468154
CEMC + layer shuffled,Fe,-0.04171291633800153,0.26687998821503334
CEMC + layer shuffled,Fe,-0.03234454579171786,0.2919929302286447
CEMC + layer shuffled,Fe,-0.02297617524543419,0.3140617319678911
CEMC + layer shuffled,Fe,-0.013607804699150516,0.33189672169424933
CEMC + layer shuffled,Fe,-0.004239434152866817,0.34586442385302985
CEMC + layer shuffled,Fe,0.005128936393416855,0.356095767130522
CEMC + layer shuffled,Fe,0.014497306939700527,0.3607686221211166
CEMC + layer shuffled,Fe,0.0238656774859842,0.3587384093827164
CEMC + layer shuffled,Fe,0.03323404803226787,0.35045235274308956
CEMC + layer shuffled,Fe,0.04260241857855157,0.33589034258491957
CEMC + layer shuffled,Fe,0.05197078912483527,0.31588361978522767
CEMC + layer shuffled,Fe,0.061339159671118915,0.29286189900608184
CEMC + layer shuffled,Fe,0.07070753021740256,0.2683371436018096
CEMC + layer shuffled,Fe,0.08007590076368626,0.24216571739931314
CEMC + layer shuffled,Fe,0.08944427130996996,0.21425704710581941
CEMC + layer shuffled,Fe,0.09881264185625366,0.1855393172735888
CEMC + layer shuffled,Fe,0.1081810124025373,0.15729549411401175
CEMC + layer shuffled,Fe,0.11754938294882095,0.13028814753025417
CEMC + layer shuffled,Fe,0.12691775349510465,0.10511058818298545
CEMC + layer shuffled,Fe,0.13628612404138835,0.08255594991359336
CEMC + layer shuffled,Fe,0.14565449458767205,0.06271311162746213
CEMC + layer shuffled,Fe,0.1550228651339557,0.04525747668369948
CEMC + layer shuffled,Fe,0.16439123568023933,0.030743451970798585
CEMC + layer shuffled,Fe,0.17375960622652303,0.019869711909489697
CEMC + layer shuffled,Fe,0.18312797677280673,0.012379105557056774
CEMC + layer shuffled,Fe,0.19249634731909043,0.007397319298451905
CEMC + layer shuffled,Fe,0.20186471786537408,0.004091759843795563
CEMC + layer shuffled,Fe,0.21123308841165772,0.0020002694467991904
CEMC + layer shuffled,Fe,0.22060145895794142,0.0008673642594159959
CEMC + layer shuffled,Fe,0.22996982950422512,0.00036401514667299117
CEMC + layer shuffled,Fe,0.23933820005050882,0.00015648619588785187
CEMC + layer shuffled,Fe,0.24870657059679246,6.093924418053473e-05
CEMC + layer shuffled,Fe,0.2580749411430761,1.7981195021534403e-05
CEMC + layer shuffled,Fe,0.2674433116893598,3.6403961866344288e-06
CEMC + layer shuffled,Fe,0.2768116822356435,4.813680343193876e-07
CEMC + layer shuffled,Fe,0.2861800527819272,4.1770388408248256e-08
CEMC + layer shuffled,Fe,0.29554842332821085,0.0
CEMC + layer shuffled,Fe,0.3049167938744945,0.0
CEMC + layer shuffled,Fe,0.3142851644207782,0.0
CEMC + layer shuffled,Fe,0.3236535349670619,0.0
CEMC + layer shuffled,Fe,0.3330219055133456,0.0
CEMC + layer shuffled,Fe,0.34239027605962924,0.0
CEMC + layer shuffled,Fe,0.3517586466059129,0.0
CEMC + layer shuffled,Fe,0.3611270171521966,0.0
CEMC + layer shuffled,Fe,0.3704953876984803,0.0
CEMC + layer shuffled,Co,-0.463289590920767,0.0
CEMC + layer shuffled,Co,-0.45392122037448335,0.0
CEMC + layer shuffled,Co,-0.44455284982819965,0.0
CEMC + layer shuffled,Co,-0.43518447928191595,0.0
CEMC + layer shuffled,Co,-0.4258161087356323,0.0
CEMC + layer shuffled,Co,-0.41644773818934866,0.0
CEMC + layer shuffled,Co,-0.40707936764306496,0.0
CEMC + layer shuffled,Co,-0.39771099709678126,0.0
CEMC + layer shuffled,Co,-0.38834262655049756,0.0
CEMC + layer shuffled,Co,-0.3789742560042139,0.0
CEMC + layer shuffled,Co,-0.36960588545793027,0.0
CEMC + layer shuffled,Co,-0.3602375149116466,0.0
CEMC + layer shuffled,Co,-0.3508691443653629,0.0
CEMC + layer shuffled,Co,-0.3415007738190792,0.0
CEMC + layer shuffled,Co,-0.3321324032727955,8.354077681657248e-08
CEMC + layer shuffled,Co,-0.3227640327265119,9.627360686396508e-07
CEMC + layer shuffled,Co,-0.3133956621802282,7.15548120805062e-06
CEMC + layer shuffled,Co,-0.3040272916339445,3.4267663609692096e-05
CEMC + layer shuffled,Co,-0.2946589210876608,0.00010689952071991328
CEMC + layer shuffled,Co,-0.2852905505413771,0.0002236663542421241
CEMC + layer shuffled,Co,-0.2759221799950935,0.0003375026934965943
CEMC + layer shuffled,Co,-0.2665538094488098,0.0004289233784035435
CEMC + layer shuffled,Co,-0.2571854389025261,0.0005637849911591828
CEMC + layer shuffled,Co,-0.24781706835624243,0.000839483223041019
CEMC + layer shuffled,Co,-0.23844869780995875,0.0012925275550378689
CEMC + layer shuffled,Co,-0.22908032726367505,0.0018057531707334244
CEMC + layer shuffled,Co,-0.2197119567173914,0.0022489426049761008
CEMC + layer shuffled,Co,-0.2103435861711077,0.0027836058500866198
CEMC + layer shuffled,Co,-0.20097521562482404,0.0037167204067802564
CEMC + layer shuffled,Co,-0.19160684507854037,0.005110331218132065
CEMC + layer shuffled,Co,-0.1822384745322567,0.006884258679372492
CEMC + layer shuffled,Co,-0.17287010398597302,0.00924160207689936
CEMC + layer shuffled,Co,-0.16350173343968932,0.012661366988497237
CEMC + layer shuffled,Co,-0.15413336289340565,0.01727272354606106
CEMC + layer shuffled,Co,-0.14476499234712198,0.022490960310584233
CEMC + layer shuffled,Co,-0.1353966218008383,0.027774674527725033
CEMC + layer shuffled,Co,-0.12602825125455464,0.033533154842032106
CEMC + layer shuffled,Co,-0.11665988070827094,0.040695680971490227
CEMC + layer shuffled,Co,-0.10729151016198726,0.04961965525709306
CEMC + layer shuffled,Co,-0.09792313961570359,0.05972012166504071
CEMC + layer shuffled,Co,-0.08855476906941992,0.06997429559941812
CEMC + layer shuffled,Co,-0.07918639852313625,0.07994882603951434
CEMC + layer shuffled,Co,-0.06981802797685255,0.09056827947137748
CEMC + layer shuffled,Co,-0.060449657430568876,0.10309461213781901
CEMC + layer shuffled,Co,-0.051081286884285204,0.11704577675888958
CEMC + layer shuffled,Co,-0.04171291633800153,0.130539220050297
CEMC + layer shuffled,Co,-0.03234454579171786,0.14285238952287344
CEMC + layer shuffled,Co,-0.02297617524543419,0.15459533881896995
CEMC + layer shuffled,Co,-0.013607804699150516,0.16595982200648182
CEMC + layer shuffled,Co,-0.004239434152866817,0.17651495481548485
CEMC + layer shuffled,Co,0.005128936393416855,0.18551843212562485
CEMC + layer shuffled,Co,0.014497306939700527,0.19201295991724637
CEMC + layer shuffled,Co,0.0238656774859842,0.19556351116368237
CEMC + layer shuffled,Co,0.03323404803226787,0.1959776004602062
CEMC + layer shuffled,Co,0.04260241857855157,0.19188534171524835
CEMC + layer shuffled,Co,0.05197078912483527,0.18202609778368153
CEMC + layer shuffled,Co,0.061339159671118915,0.16814200671729687
CEMC + layer shuffled,Co,0.07070753021740256,0.15348138316920742
CEMC + layer shuffled,Co,0.08007590076368626,0.13906685268724436
CEMC + layer shuffled,Co,0.08944427130996996,0.12454080430066303
CEMC + layer shuffled,Co,0.09881264185625366,0.1105829553371276
CEMC + layer shuffled,Co,0.1081810124025373,0.09790540971038289
CEMC + layer shuffled,Co,0.11754938294882095,0.08616095928887968
CEMC + layer shuffled,Co,0.12691775349510465,0.07458552635345554
CEMC + layer shuffled,Co,0.13628612404138835,0.06258119812011084
CEMC + layer shuffled,Co,0.14565449458767205,0.05030097003324441
CEMC + layer shuffled,Co,0.1550228651339557,0.03885139641743437
CEMC + layer shuffled,Co,0.16439123568023933,0.02936567675121098
CEMC + layer shuffled,Co,0.17375960622652303,0.02199559338379639
CEMC + layer shuffled,Co,0.18312797677280673,0.01616452150116532
CEMC + layer shuffled,Co,0.19249634731909043,0.011473496344374086
CEMC + layer shuffled,Co,0.20186471786537408,0.007844755033882525
CEMC + layer shuffled,Co,0.21123308841165772,0.005175010879319031
CEMC + layer shuffled,Co,0.22060145895794142,0.0032463510545379846
CEMC + layer shuffled,Co,0.22996982950422512,0.0018917335928409662
CEMC + layer shuffled,Co,0.23933820005050882,0.0010346850672104046
CEMC + layer shuffled,Co,0.24870657059679246,0.000552314860287319
CEMC + layer shuffled,Co,0.2580749411430761,0.00030033862078661193
CEMC + layer shuffled,Co,0.2674433116893598,0.00019194129160568502
CEMC + layer shuffled,Co,0.2768116822356435,0.00014925462191968196
CEMC + layer shuffled,Co,0.2861800527819272,0.0001042657985190895
CEMC + layer shuffled,Co,0.29554842332821085,5.1754873431886156e-05
CEMC + layer shuffled,Co,0.3049167938744945,1.6893147787693818e-05
CEMC + layer shuffled,Co,0.3142851644207782,3.556855409822785e-06
CEMC + layer shuffled,Co,0.3236535349670619,4.813680343200442e-07
CEMC + layer shuffled,Co,0.3330219055133456,4.177038840830524e-08
CEMC + layer shuffled,Co,0.34239027605962924,0.0
CEMC + layer shuffled,Co,0.3517586466059129,0.0
CEMC + layer shuffled,Co,0.3611270171521966,0.0
CEMC + layer shuffled,Co,0.3704953876984803,0.0
CEMC + layer shuffled,Ni,-0.463289590920767,0.0
CEMC + layer shuffled,Ni,-0.45392122037448335,0.0
CEMC + layer shuffled,Ni,-0.44455284982819965,0.0
CEMC + layer shuffled,Ni,-0.43518447928191595,0.0
CEMC + layer shuffled,Ni,-0.4258161087356323,0.0
CEMC + layer shuffled,Ni,-0.41644773818934866,0.0
CEMC + layer shuffled,Ni,-0.40707936764306496,0.0
CEMC + layer shuffled,Ni,-0.39771099709678126,0.0
CEMC + layer shuffled,Ni,-0.38834262655049756,0.0
CEMC + layer shuffled,Ni,-0.3789742560042139,0.0
CEMC + layer shuffled,Ni,-0.36960588545793027,0.0
CEMC + layer shuffled,Ni,-0.3602375149116466,0.0
CEMC + layer shuffled,Ni,-0.3508691443653629,0.0
CEMC + layer shuffled,Ni,-0.3415007738190792,0.0
CEMC + layer shuffled,Ni,-0.3321324032727955,1.2531116522485873e-07
CEMC + layer shuffled,Ni,-0.3227640327265119,1.5276448797760485e-06
CEMC + layer shuffled,Ni,-0.3133956621802282,1.1675072686511438e-05
CEMC + layer shuffled,Ni,-0.3040272916339445,5.856691493587857e-05
CEMC + layer shuffled,Ni,-0.2946589210876608,0.0001958520363557952
CEMC + layer shuffled,Ni,-0.2852905505413771,0.0004570301074700009
CEMC + layer shuffled,Ni,-0.2759221799950935,0.0008191287090538413
CEMC + layer shuffled,Ni,-0.2665538094488098,0.0013111259622427469
CEMC + layer shuffled,Ni,-0.2571854389025261,0.00207083916926431
CEMC + layer shuffled,Ni,-0.24781706835624243,0.003158104160478547
CEMC + layer shuffled,Ni,-0.23844869780995875,0.00449843945997642
CEMC + layer shuffled,Ni,-0.22908032726367505,0.006082038717992638
CEMC + layer shuffled,Ni,-0.2197119567173914,0.00820287722400352
CEMC + layer shuffled,Ni,-0.2103435861711077,0.011552405103673393
CEMC + layer shuffled,Ni,-0.20097521562482404,0.016741335708217432
CEMC + layer shuffled,Ni,-0.19160684507854037,0.023620387975227
CEMC + layer shuffled,Ni,-0.1822384745322567,0.031763277608543215
CEMC + layer shuffled,Ni,-0.17287010398597302,0.04180484308638781
CEMC + layer shuffled,Ni,-0.16350173343968932,0.05503295961157062
CEMC + layer shuffled,Ni,-0.15413336289340565,0.07195969466900007
CEMC + layer shuffled,Ni,-0.14476499234712198,0.09275471303753188
CEMC + layer shuffled,Ni,-0.1353966218008383,0.11714225443657116
CEMC + layer shuffled,Ni,-0.12602825125455464,0.1432925584918581
CEMC + layer shuffled,Ni,-0.11665988070827094,0.17029040262638914
CEMC + layer shuffled,Ni,-0.10729151016198726,0.20045350519084895
CEMC + layer shuffled,Ni,-0.09792313961570359,0.2356928120406262
CEMC + layer shuffled,Ni,-0.08855476906941992,0.2740671105092568
CEMC + layer shuffled,Ni,-0.07918639852313625,0.312704890057114
CEMC + layer shuffled,Ni,-0.06981802797685255,0.351972306310115
CEMC + layer shuffled,Ni,-0.060449657430568876,0.3943677646910356
CEMC + layer shuffled,Ni,-0.051081286884285204,0.44007829212299987
CEMC + layer shuffled,Ni,-0.04171291633800153,0.48478409326253646
CEMC + layer shuffled,Ni,-0.03234454579171786,0.5227200377115052
CEMC + layer shuffled,Ni,-0.02297617524543419,0.5517224517913781
CEMC + layer shuffled,Ni,-0.013607804699150516,0.5730317998023011
CEMC + layer shuffled,Ni,-0.004239434152866817,0.5867923074185722
CEMC + layer shuffled,Ni,0.005128936393416855,0.591098057403846
CEMC + layer shuffled,Ni,0.014497306939700527,0.5848942267863461
CEMC + layer shuffled,Ni,0.0238656774859842,0.5685914475405683
CEMC + layer shuffled,Ni,0.03323404803226787,0.5424460521193513
CEMC + layer shuffled,Ni,0.04260241857855157,0.5066504190148732
CEMC + layer shuffled,Ni,0.05197078912483527,0.46208251892465374
CEMC + layer shuffled,Ni,0.061339159671118915,0.410930423076757
CEMC + layer shuffled,Ni,0.07070753021740256,0.3570933985618776
CEMC + layer shuffled,Ni,0.08007590076368626,0.30422901151617576
CEMC + layer shuffled,Ni,0.08944427130996996,0.25353552917958844
CEMC + layer shuffled,Ni,0.09881264185625366,0.20457098045476962
CEMC + layer shuffled,Ni,0.1081810124025373,0.1575860050559066
CEMC + layer shuffled,Ni,0.11754938294882095,0.11506150584893718
CEMC + layer shuffled,Ni,0.12691775349510465,0.08058880527216256
CEMC + layer shuffled,Ni,0.13628612404138835,0.05530001317083501
CEMC + layer shuffled,Ni,0.14565449458767205,0.03704577613382132
CEMC + layer shuffled,Ni,0.1550228651339557,0.02356267753589384
CEMC + layer shuffled,Ni,0.16439123568023933,0.014174508722857224
CEMC + layer shuffled,Ni,0.17375960622652303,0.008394856069599497
CEMC + layer shuffled,Ni,0.18312797677280673,0.005017828217967073
CEMC + layer shuffled,Ni,0.19249634731909043,0.00291043764199761
CEMC + layer shuffled,Ni,0.20186471786537408,0.0015562199001214357
CEMC + layer shuffled,Ni,0.21123308841165772,0.0007465457511933707
CEMC + layer shuffled,Ni,0.22060145895794142,0.0003098717889424967
CEMC + layer shuffled,Ni,0.22996982950422512,0.00010412077958188302
CEMC + layer shuffled,Ni,0.23933820005050882,2.626649385185017e-05
CEMC + layer shuffled,Ni,0.24870657059679246,4.686673032089701e-06
CEMC + layer shuffled,Ni,0.2580749411430761,5.649088111358841e-07
CEMC + layer shuffled,Ni,0.2674433116893598,4.1770388408248256e-08
CEMC + layer shuffled,Ni,0.2768116822356435,0.0
CEMC + layer shuffled,Ni,0.2861800527819272,0.0
CEMC + layer shuffled,Ni,0.29554842332821085,0.0
CEMC + layer shuffled,Ni,0.3049167938744945,0.0
CEMC + layer shuffled,Ni,0.3142851644207782,0.0
CEMC + layer shuffled,Ni,0.3236535349670619,0.0
CEMC + layer shuffled,Ni,0.3330219055133456,0.0
CEMC + layer shuffled,Ni,0.34239027605962924,0.0
CEMC + layer shuffled,Ni,0.3517586466059129,0.0
CEMC + layer shuffled,Ni,0.3611270171521966,0.0
CEMC + layer shuffled,Ni,0.3704953876984803,0.0
CEMC + layer shuffled,Pd,-0.463289590920767,0.0
CEMC + layer shuffled,Pd,-0.45392122037448335,0.0
CEMC + layer shuffled,Pd,-0.44455284982819965,0.0
CEMC + layer shuffled,Pd,-0.43518447928191595,0.0
CEMC + layer shuffled,Pd,-0.4258161087356323,0.0
CEMC + layer shuffled,Pd,-0.41644773818934866,0.0
CEMC + layer shuffled,Pd,-0.40707936764306496,0.0
CEMC + layer shuffled,Pd,-0.39771099709678126,0.0
CEMC + layer shuffled,Pd,-0.38834262655049756,0.0
CEMC + layer shuffled,Pd,-0.3789742560042139,0.0
CEMC + layer shuffled,Pd,-0.36960588545793027,0.0
CEMC + layer shuffled,Pd,-0.3602375149116466,0.0
CEMC + layer shuffled,Pd,-0.3508691443653629,0.0
CEMC + layer shuffled,Pd,-0.3415007738190792,0.0
CEMC + layer shuffled,Pd,-0.3321324032727955,0.0
CEMC + layer shuffled,Pd,-0.3227640327265119,0.0
CEMC + layer shuffled,Pd,-0.3133956621802282,0.0
CEMC + layer shuffled,Pd,-0.3040272916339445,0.0
CEMC + layer shuffled,Pd,-0.2946589210876608,8.354077681657248e-08
CEMC + layer shuffled,Pd,-0.2852905505413771,1.004506457047937e-06
CEMC + layer shuffled,Pd,-0.2759221799950935,7.59507885396216e-06
CEMC + layer shuffled,Pd,-0.2665538094488098,3.77608548692763e-05
CEMC + layer shuffled,Pd,-0.2571854389025261,0.00012542542693665107
CEMC + layer shuffled,Pd,-0.24781706835624243,0.000298763109400657
CEMC + layer shuffled,Pd,-0.23844869780995875,0.0005951419025308505
CEMC + layer shuffled,Pd,-0.22908032726367505,0.0011751784979389206
CEMC + layer shuffled,Pd,-0.2197119567173914,0.0022713447823760197
CEMC + layer shuffled,Pd,-0.2103435861711077,0.0038735861603617014
CEMC + layer shuffled,Pd,-0.20097521562482404,0.005784339303341826
CEMC + layer shuffled,Pd,-0.19160684507854037,0.008111898860296092
CEMC + layer shuffled,Pd,-0.1822384745322567,0.011564462284630548
CEMC + layer shuffled,Pd,-0.17287010398597302,0.017388635801042055
CEMC + layer shuffled,Pd,-0.16350173343968932,0.026701262133099684
CEMC + layer shuffled,Pd,-0.15413336289340565,0.03964549241084188
CEMC + layer shuffled,Pd,-0.14476499234712198,0.055865603986265215
CEMC + layer shuffled,Pd,-0.1353966218008383,0.0758926400633818
CEMC + layer shuffled,Pd,-0.12602825125455464,0.10153292878414302
CEMC + layer shuffled,Pd,-0.11665988070827094,0.13554097353807848
CEMC + layer shuffled,Pd,-0.10729151016198726,0.1809030842760081
CEMC + layer shuffled,Pd,-0.09792313961570359,0.2390071663532958
CEMC + layer shuffled,Pd,-0.08855476906941992,0.30924517829151704
CEMC + layer shuffled,Pd,-0.07918639852313625,0.39161175426960404
CEMC + layer shuffled,Pd,-0.06981802797685255,0.4890490014875799
CEMC + layer shuffled,Pd,-0.060449657430568876,0.6069793662014193
CEMC + layer shuffled,Pd,-0.051081286884285204,0.7507470745793229
CEMC + layer shuffled,Pd,-0.04171291633800153,0.9225902612731579
CEMC + layer shuffled,Pd,-0.03234454579171786,1.1189440364415604
CEMC + layer shuffled,Pd,-0.02297617524543419,1.3308064910677009
CEMC + layer shuffled,Pd,-0.013607804699150516,1.551266844236324
CEMC + layer shuffled,Pd,-0.004239434152866817,1.7813269411439205
CEMC + layer shuffled,Pd,0.005128936393416855,2.023606590100892
CEMC + layer shuffled,Pd,0.014497306939700527,2.2782547771947517
CEMC + layer shuffled,Pd,0.0238656774859842,2.5423517739188517
CEMC + layer shuffled,Pd,0.03323404803226787,2.7983076555657025
CEMC + layer shuffled,Pd,0.04260241857855157,3.0152903216185707
CEMC + layer shuffled,Pd,0.05197078912483527,3.176079043871084
CEMC + layer shuffled,Pd,0.061339159671118915,3.2892487260476644
CEMC + layer shuffled,Pd,0.07070753021740256,3.3654457989443523
CEMC + layer shuffled,Pd,0.08007590076368626,3.3910368149600845
CEMC + layer shuffled,Pd,0.08944427130996996,3.3387772813774275
CEMC + layer shuffled,Pd,0.09881264185625366,3.201941761447732
CEMC + layer shuffled,Pd,0.1081810124025373,3.000452486433845
CEMC + layer shuffled,Pd,0.11754938294882095,2.7571378554263117
CEMC + layer shuffled,Pd,0.12691775349510465,2.486555271916454
CEMC + layer shuffled,Pd,0.13628612404138835,2.1982939883569976
CEMC + layer shuffled,Pd,0.14565449458767205,1.897992620250474
CEMC + layer shuffled,Pd,0.1550228651339557,1.5914434866007692
CEMC + layer shuffled,Pd,0.16439123568023933,1.2893126905459036
CEMC + layer shuffled,Pd,0.17375960622652303,1.0059520447826997
CEMC + layer shuffled,Pd,0.18312797677280673,0.7571198335506206
CEMC + layer shuffled,Pd,0.19249634731909043,0.5545302023652213
CEMC + layer shuffled,Pd,0.20186471786537408,0.3980688356395965
CEMC + layer shuffled,Pd,0.21123308841165772,0.27796040122037763
CEMC + layer shuffled,Pd,0.22060145895794142,0.18448836197577625
CEMC + layer shuffled,Pd,0.22996982950422512,0.11345910319430283
CEMC + layer shuffled,Pd,0.23933820005050882,0.06412443497383838
CEMC + layer shuffled,Pd,0.24870657059679246,0.03403611895517549
CEMC + layer shuffled,Pd,0.2580749411430761,0.01755967018730506
CEMC + layer shuffled,Pd,0.2674433116893598,0.00888595246126105
CEMC + layer shuffled,Pd,0.2768116822356435,0.004408839210880237
CEMC + layer shuffled,Pd,0.2861800527819272,0.0022173812287574752
CEMC + layer shuffled,Pd,0.29554842332821085,0.0011145073032236207
CEMC + layer shuffled,Pd,0.3049167938744945,0.0004909921376788491
CEMC + layer shuffled,Pd,0.3142851644207782,0.00016535342066659628
CEMC + layer shuffled,Pd,0.3236535349670619,3.957294981104587e-05
CEMC + layer shuffled,Pd,0.3330219055133456,6.528604392582268e-06
CEMC + layer shuffled,Pd,0.34239027605962924,7.319903647730452e-07
CEMC + layer shuffled,Pd,0.3517586466059129,4.1770388408590166e-08
CEMC + layer shuffled,Pd,0.3611270171521966,0.0
CEMC + layer shuffled,Pd,0.3704953876984803,0.0
CEMC + layer shuffled,Pt,-0.463289590920767,0.0
CEMC + layer shuffled,Pt,-0.45392122037448335,0.0
CEMC + layer shuffled,Pt,-0.44455284982819965,0.0
CEMC + layer shuffled,Pt,-0.43518447928191595,0.0
CEMC + layer shuffled,Pt,-0.4258161087356323,0.0
CEMC + layer shuffled,Pt,-0.41644773818934866,0.0
CEMC + layer shuffled,Pt,-0.40707936764306496,0.0
CEMC + layer shuffled,Pt,-0.39771099709678126,0.0
CEMC + layer shuffled,Pt,-0.38834262655049756,0.0
CEMC + layer shuffled,Pt,-0.3789742560042139,0.0
CEMC + layer shuffled,Pt,-0.36960588545793027,0.0
CEMC + layer shuffled,Pt,-0.3602375149116466,0.0
CEMC + layer shuffled,Pt,-0.3508691443653629,0.0
CEMC + layer shuffled,Pt,-0.3415007738190792,0.0
CEMC + layer shuffled,Pt,-0.3321324032727955,4.177038840828624e-08
CEMC + layer shuffled,Pt,-0.3227640327265119,5.231384227281116e-07
CEMC + layer shuffled,Pt,-0.3133956621802282,4.0382234441409925e-06
CEMC + layer shuffled,Pt,-0.3040272916339445,2.04500031975073e-05
CEMC + layer shuffled,Pt,-0.2946589210876608,6.860625083114047e-05
CEMC + layer shuffled,Pt,-0.2852905505413771,0.00015545576313976832
CEMC + layer shuffled,Pt,-0.2759221799950935,0.0002488337474065622
CEMC + layer shuffled,Pt,-0.2665538094488098,0.00031488764928492945
CEMC + layer shuffled,Pt,-0.2571854389025261,0.0003878866167178171
CEMC + layer shuffled,Pt,-0.24781706835624243,0.0005414645953389107
CEMC + layer shuffled,Pt,-0.23844869780995875,0.000840088159641637
CEMC + layer shuffled,Pt,-0.22908032726367505,0.0013972612705002278
CEMC + layer shuffled,Pt,-0.2197119567173914,0.002383815228729618
CEMC + layer shuffled,Pt,-0.2103435861711077,0.003942176435600733
CEMC + layer shuffled,Pt,-0.20097521562482404,0.006170817932753925
CEMC + layer shuffled,Pt,-0.19160684507854037,0.009143131246216383
CEMC + layer shuffled,Pt,-0.1822384745322567,0.013017472904866574
CEMC + layer shuffled,Pt,-0.17287010398597302,0.018219013082846448
CEMC + layer shuffled,Pt,-0.16350173343968932,0.025209424938008842
CEMC + layer shuffled,Pt,-0.15413336289340565,0.034294669208846454
CEMC + layer shuffled,Pt,-0.14476499234712198,0.04610148147067701
CEMC + layer shuffled,Pt,-0.1353966218008383,0.06130702199209325
CEMC + layer shuffled,Pt,-0.12602825125455464,0.0796921444779397
CEMC + layer shuffled,Pt,-0.11665988070827094,0.10097554130984526
CEMC + layer shuffled,Pt,-0.10729151016198726,0.12596858558938537
CEMC + layer shuffled,Pt,-0.09792313961570359,0.15536163968311012
CEMC + layer shuffled,Pt,-0.08855476906941992,0.18921530010534185
CEMC + layer shuffled,Pt,-0.07918639852313625,0.22865952315032717
CEMC + layer shuffled,Pt,-0.06981802797685255,0.2755641369581872
CEMC + layer shuffled,Pt,-0.060449657430568876,0.3300156465363148
CEMC + layer shuffled,Pt,-0.051081286884285204,0.38996587397309956
CEMC + layer shuffled,Pt,-0.04171291633800153,0.45392985002653746
CEMC + layer shuffled,Pt,-0.03234454579171786,0.5215730943944173
CEMC + layer shuffled,Pt,-0.02297617524543419,0.5897799933059819
CEMC + layer shuffled,Pt,-0.013607804699150516,0.6538732665344137
CEMC + layer shuffled,Pt,-0.004239434152866817,0.7147545715605521
CEMC + layer shuffled,Pt,0.005128936393416855,0.7773737187642451
CEMC + layer shuffled,Pt,0.014497306939700527,0.842314771185239
CEMC + layer shuffled,Pt,0.0238656774859842,0.90536366887925
CEMC + layer shuffled,Pt,0.03323404803226787,0.9626570077758185
CEMC + layer shuffled,Pt,0.04260241857855157,1.0110473416608323
CEMC + layer shuffled,Pt,0.05197078912483527,1.047927056981042
CEMC + layer shuffled,Pt,0.061339159671118915,1.074025168091536
CEMC + layer shuffled,Pt,0.07070753021740256,1.0903456018613544
CEMC + layer shuffled,Pt,0.08007590076368626,1.0929070719215557
CEMC + layer shuffled,Pt,0.08944427130996996,1.077987372777714
CEMC + layer shuffled,Pt,0.09881264185625366,1.0480623011067252
CEMC + layer shuffled,Pt,0.1081810124025373,1.007089042249534
CEMC + layer shuffled,Pt,0.11754938294882095,0.9566854096278997
CEMC + layer shuffled,Pt,0.12691775349510465,0.8977794410578199
CEMC + layer shuffled,Pt,0.13628612404138835,0.8303219848671636
CEMC + layer shuffled,Pt,0.14565449458767205,0.7531040324413733
CEMC + layer shuffled,Pt,0.1550228651339557,0.6663658909771814
CEMC + layer shuffled,Pt,0.16439123568023933,0.5721903686967844
CEMC + layer shuffled,Pt,0.17375960622652303,0.4747388334663871
CEMC + layer shuffled,Pt,0.18312797677280673,0.38210280985439643
CEMC + layer shuffled,Pt,0.19249634731909043,0.30195504482203683
CEMC + layer shuffled,Pt,0.20186471786537408,0.23503140545693102
CEMC + layer shuffled,Pt,0.21123308841165772,0.17811356222711205
CEMC + layer shuffled,Pt,0.22060145895794142,0.12977164622302448
CEMC + layer shuffled,Pt,0.22996982950422512,0.08995681585979601
CEMC + layer shuffled,Pt,0.23933820005050882,0.058925260360005394
CEMC + layer shuffled,Pt,0.24870657059679246,0.03678598464058912
CEMC + layer shuffled,Pt,0.2580749411430761,0.022055575951688312
CEMC + layer shuffled,Pt,0.2674433116893598,0.01244924087162121
CEMC + layer shuffled,Pt,0.2768116822356435,0.006596410771235068
CEMC + layer shuffled,Pt,0.2861800527819272,0.003470328947801139
CEMC + layer shuffled,Pt,0.29554842332821085,0.0018085961449811087
CEMC + layer shuffled,Pt,0.3049167938744945,0.0008177640558380952
CEMC + layer shuffled,Pt,0.3142851644207782,0.0002814900035421159
CEMC + layer shuffled,Pt,0.3236535349670619,6.893682480000899e-05
CEMC + layer shuffled,Pt,0.3330219055133456,1.1696645458944601e-05
CEMC + layer shuffled,Pt,0.34239027605962924,1.3386695643107244e-06
CEMC + layer shuffled,Pt,0.3517586466059129,8.354077681626857e-08
CEMC + layer shuffled,Pt,0.3611270171521966,0.0
CEMC + layer shuffled,Pt,0.3704953876984803,0.0
