temperature_K,element,raw_mean_surface_atomic_fraction,smoothed_mean_surface_atomic_fraction,sd_surface_atomic_fraction,n_slabs,surface_atoms_per_slab
2000,Fe,0.10050000000000003,0.09902506693433273,0.0318673236370655,20,100
2000,Co,0.07700000000000004,0.07587386857824308,0.02657660229362821,20,100
2000,Ni,0.09750000000000003,0.10518638232129865,0.02899637000874783,20,100
2000,Pd,0.4725,0.4744141291382059,0.05230225918437438,20,100
2000,Pt,0.2525,0.24550055302791976,0.04423323351698834,20,100
1990,Fe,0.09800000000000003,0.09878709829750075,0.02894641146743591,20,100
1990,Co,0.07550000000000003,0.07588697396974961,0.027042850986419387,20,100
1990,Ni,0.10650000000000001,0.10575997317002872,0.0292493814599467,20,100
1990,Pd,0.47300000000000003,0.4743919624877489,0.046351063122991906,20,100
1990,Pt,0.24699999999999994,0.24517399207497217,0.0357034570049633,20,100
1980,Fe,0.09350000000000001,0.09846223729371245,0.03133435981894569,20,100
1980,Co,0.07800000000000003,0.07591077299585548,0.020157276340658833,20,100
1980,Ni,0.10600000000000002,0.10640035007803249,0.0281724015754127,20,100
1980,Pd,0.47650000000000003,0.4743591258889195,0.04997631017739674,20,100
1980,Pt,0.246,0.2448675137434802,0.050199601592044535,20,100
1970,Fe,0.10250000000000001,0.09803938167509127,0.03290736599672033,20,100
1970,Co,0.07200000000000001,0.07594140727448002,0.02015727634065883,20,100
1970,Ni,0.10150000000000003,0.10711451713531077,0.02814903943392441,20,100
1970,Pd,0.4800000000000001,0.4743144300453646,0.0522141340009933,20,100
1970,Pt,0.244,0.24459026386975352,0.03952347736672337,20,100
1960,Fe,0.10800000000000001,0.09750594954269567,0.032379330639029265,20,100
1960,Co,0.07600000000000003,0.07599552997855533,0.020875571218153782,20,100
1960,Ni,0.09850000000000005,0.10788798401441091,0.027198103649064637,20,100
1960,Pd,0.4715000000000001,0.47426219527550073,0.03963982580024393,20,100
1960,Pt,0.24599999999999994,0.24434834118883753,0.037332080179469186,20,100
1950,Fe,0.10000000000000002,0.0968569056342832,0.02224268064117415,20,100
1950,Co,0.07350000000000002,0.07605941814095202,0.022307657406087453,20,100
1950,Ni,0.10500000000000002,0.10871720830100244,0.029647046537910865,20,100
1950,Pd,0.4710000000000002,0.4742129695502402,0.042907489224830536,20,100
1950,Pt,0.2505,0.2441534983735222,0.039400106866005216,20,100
1940,Fe,0.1015,0.09609770766999715,0.02412140346794021,20,100
1940,Co,0.08000000000000003,0.07613119618014684,0.02513123449750173,20,100
1940,Ni,0.10900000000000003,0.10958110418105001,0.035967821876314886,20,100
1940,Pd,0.4785000000000001,0.4741928672545137,0.03950682819063322,20,100
1940,Pt,0.231,0.2439971247142925,0.03522857691674399,20,100
1930,Fe,0.09600000000000002,0.0952401267531701,0.031689280937184254,20,100
1930,Co,0.07450000000000001,0.07620501311706948,0.018771478925557028,20,100
1930,Ni,0.11550000000000005,0.11045361822997968,0.02211810403980842,20,100
1930,Pd,0.475,0.47422983236701866,0.03395042825867399,20,100
1930,Pt,0.23900000000000002,0.24387140953276223,0.029181825634603822,20,100
1920,Fe,0.09350000000000003,0.09432001615022555,0.028704483420208985,20,100
1920,Co,0.07400000000000001,0.07627506314476315,0.019029063643750174,20,100
1920,Ni,0.11900000000000002,0.11130141848080395,0.02633788546042214,20,100
1920,Pd,0.47450000000000003,0.4743618147975819,0.040324342915650194,20,100
1920,Pt,0.23900000000000002,0.2437416874266256,0.03093286448525513,20,100
1910,Fe,0.09700000000000002,0.09337225072340384,0.024083189157584593,20,100
1910,Co,0.07900000000000001,0.07632735002387583,0.019439514830419644,20,100
1910,Ni,0.10700000000000001,0.11208560162795517,0.026773907172154724,20,100
1910,Pd,0.47350000000000014,0.474633569475587,0.048911843361834496,20,100
1910,Pt,0.24349999999999997,0.2435812281491783,0.040036167859100906,20,100
1900,Fe,0.09950000000000002,0.09243973781511362,0.025438263760679394,20,100
1900,Co,0.07550000000000003,0.07634523613917871,0.020641042405337658,20,100
1900,Ni,0.11500000000000002,0.11277989277243412,0.03332456024900364,20,100
1900,Pd,0.471,0.4750818895582222,0.05349864730213181,20,100
1900,Pt,0.23900000000000002,0.24335324371505151,0.03177221560122187,20,100
1890,Fe,0.08200000000000002,0.09156766204389669,0.026277867413271455,20,100
1890,Co,0.07550000000000003,0.0763149855757574,0.02114486375359025,20,100
1890,Ni,0.1135,0.11335112591170099,0.03297127936792709,20,100
1890,Pd,0.47350000000000003,0.4757415105297692,0.059936369768719154,20,100
1890,Pt,0.2555,0.24302471593887578,0.039533463506782524,20,100
1880,Fe,0.07900000000000003,0.0907865896561003,0.019439514830419644,20,100
1880,Co,0.07950000000000003,0.07622756585122659,0.01820208200931103,20,100
1880,Ni,0.12000000000000002,0.11377317255016776,0.03077935056255462,20,100
1880,Pd,0.47000000000000003,0.4766398217135197,0.04984185516527038,20,100
1880,Pt,0.25149999999999995,0.24257285022898567,0.044753711989533394,20,100
1870,Fe,0.08200000000000003,0.09011580333523879,0.018806493839265095,20,100
1870,Co,0.0805,0.07607014026553578,0.0179105966869954,20,100
1870,Ni,0.12099999999999997,0.11402830283994915,0.030590676254117214,20,100
1870,Pd,0.4640000000000001,0.4778003322858213,0.051646572210095734,20,100
1870,Pt,0.2525,0.24198542127345518,0.042036951163921185,20,100
1860,Fe,0.08650000000000002,0.08956125551032273,0.022307657406087453,20,100
1860,Co,0.07550000000000004,0.07583554631250543,0.021636956688426454,20,100
1860,Ni,0.11750000000000002,0.11411075533482139,0.0304138126514911,20,100
1860,Pd,0.4705000000000001,0.47921764767864566,0.0387264359592419,20,100
1860,Pt,0.25000000000000006,0.2412747951637048,0.04091068577433426,20,100
1850,Fe,0.08900000000000002,0.08911285951886926,0.025526044491233284,20,100
1850,Co,0.07600000000000001,0.07551792697359196,0.024365635853109108,20,100
1850,Ni,0.11300000000000003,0.11402082608154328,0.02657660229362821,20,100
1850,Pd,0.4805,0.4808590781799872,0.03886210439354434,20,100
1850,Pt,0.24150000000000005,0.24048930924600834,0.03543340677650786,20,100
1840,Fe,0.09200000000000001,0.08875825216748813,0.03533300231556299,20,100
1840,Co,0.07900000000000003,0.0751134046071272,0.0251102830686847,20,100
1840,Ni,0.1155,0.11375888311139759,0.031535276821529984,20,100
1840,Pd,0.48149999999999993,0.4826853312297983,0.040167412819742065,20,100
1840,Pt,0.23200000000000007,0.23968412888418897,0.035033818248267366,20,100
1830,Fe,0.09200000000000003,0.08848937559769175,0.029307803882601857,20,100
1830,Co,0.07500000000000002,0.07462956456792824,0.027434131641941365,20,100
1830,Ni,0.11150000000000002,0.11331840708849296,0.02777257261172764,20,100
1830,Pd,0.489,0.4846290308268372,0.034625819389886674,20,100
1830,Pt,0.2325,0.23893362191904985,0.03711645967690572,20,100
1820,Fe,0.09400000000000003,0.08829248989787528,0.02500526260399472,20,100
1820,Co,0.06750000000000002,0.07406111961965406,0.026925824035672525,20,100
1820,Ni,0.11550000000000002,0.1127161158503979,0.03316228041171571,20,100
1820,Pd,0.49099999999999994,0.48661856082477756,0.04115439478994093,20,100
1820,Pt,0.23200000000000004,0.23831171380729546,0.03693522067506555,20,100
1810,Fe,0.09200000000000003,0.08814344401196778,0.028580449703655086,20,100
1810,Co,0.07900000000000003,0.07342054987462208,0.028818853478052762,20,100
1810,Ni,0.11000000000000001,0.11196593175048254,0.0282842712474619,20,100
1810,Pd,0.48950000000000005,0.4885868210178344,0.038726435959241905,20,100
1810,Pt,0.22950000000000004,0.23788325334509317,0.03425523394507151,20,100
1800,Fe,0.08800000000000001,0.08804548120570074,0.021908902300206645,20,100
1800,Co,0.07400000000000002,0.07271217233902587,0.026036411750510195,20,100
1800,Ni,0.11549999999999998,0.1110829084257401,0.022820812292383686,20,100
1800,Pd,0.48650000000000004,0.49047812293882714,0.03674592709260085,20,100
1800,Pt,0.23600000000000004,0.23768131509070634,0.02760625405877978,20,100
1790,Fe,0.08450000000000002,0.08801462049497102,0.021636956688426447,20,100
1790,Co,0.07250000000000004,0.07195751249904161,0.022912878474779196,20,100
1790,Ni,0.1165,0.11008491108799542,0.03344673691896289,20,100
1790,Pd,0.4925,0.492214609301087,0.038234043799514054,20,100
1790,Pt,0.23400000000000004,0.23772834661690498,0.028727393858384315,20,100
1780,Fe,0.07700000000000001,0.08805730131449899,0.026377821625073794,20,100
1780,Co,0.07200000000000001,0.07117574156554243,0.027834094957538375,20,100
1780,Ni,0.11550000000000002,0.10899925899420773,0.026650762801367186,20,100
1780,Pd,0.49749999999999994,0.4937590041999611,0.034924731095675794,20,100
1780,Pt,0.23800000000000007,0.2380086939257899,0.030366186180649932,20,100
1770,Fe,0.08300000000000002,0.08817577586511648,0.01838191330743634,20,100
1770,Co,0.07500000000000002,0.07039186914038045,0.02946898458772509,20,100
1770,Ni,0.11050000000000001,0.10787336856672375,0.02684752267312965,20,100
1770,Pd,0.5039999999999999,0.49509863421598305,0.03330876287421266,20,100
1770,Pt,0.22750000000000004,0.23846035221179632,0.0233677690757793,20,100
1760,Fe,0.08500000000000003,0.08836090562372434,0.025649458802128853,20,100
1760,Co,0.07250000000000004,0.06963977156894605,0.028631046821680536,20,100
1760,Ni,0.10050000000000003,0.1067521271431063,0.02964260802504253,20,100
1760,Pd,0.5115000000000001,0.4962361241587953,0.02833539724165,20,100
1760,Pt,0.2305,0.23901107150542827,0.038316548575476395,20,100
1750,Fe,0.08800000000000004,0.08858600847663296,0.021908902300206645,20,100
1750,Co,0.06550000000000003,0.06895217354152473,0.029105072807981337,20,100
1750,Ni,0.10350000000000004,0.10569466005906296,0.037173136876824886,20,100
1750,Pd,0.5065000000000001,0.4971977846004408,0.03787444632216459,20,100
1750,Pt,0.23650000000000002,0.23956937332233869,0.045799908067018745,20,100
1740,Fe,0.09500000000000001,0.08882811233955773,0.02800375914615375,20,100
1740,Co,0.06100000000000001,0.06836234460864021,0.021496633763403394,20,100
1740,Ni,0.1015,0.1047271152261982,0.027198103649064637,20,100
1740,Pd,0.49650000000000005,0.49804573534792546,0.03828906673684994,20,100
1740,Pt,0.24599999999999994,0.24003669247767864,0.04417667877249739,20,100
1730,Fe,0.09450000000000003,0.08905102862437723,0.02892367451359562,20,100
1730,Co,0.06350000000000003,0.0678911954147058,0.01755442664221313,20,100
1730,Ni,0.098,0.10390640579881723,0.026675437154214006,20,100
1730,Pd,0.48850000000000005,0.49884907504007436,0.038835008622850116,20,100
1730,Pt,0.2555,0.2403022951220255,0.04273233707134385,20,100
1720,Fe,0.09100000000000001,0.0891979641769151,0.026536965280826472,20,100
1720,Co,0.06300000000000001,0.0675501202496942,0.023863647755750297,20,100
1720,Ni,0.09550000000000004,0.10324466449370702,0.01848897253129978,20,100
1720,Pd,0.49700000000000005,0.49969214309186344,0.0409235487476986,20,100
1720,Pt,0.2535,0.24031510798782046,0.041710152746127216,20,100
1710,Fe,0.08800000000000004,0.08921915707982053,0.027453309646130387,20,100
1710,Co,0.06450000000000002,0.06734852144465553,0.025021043774769818,20,100
1710,Ni,0.09950000000000002,0.10275559741733786,0.02438183102661747,20,100
1710,Pd,0.502,0.5006580982904252,0.041751142436307564,20,100
1710,Pt,0.246,0.24001862576776095,0.04321305845520115,20,100
1700,Fe,0.08300000000000005,0.08907142219737954,0.02273416163537063,20,100
1700,Co,0.06500000000000003,0.06726714919633472,0.02164303704731799,20,100
1700,Ni,0.10600000000000002,0.10244839370471058,0.023708759207472133,20,100
1700,Pd,0.496,0.5017940489113321,0.03733208017946919,20,100
1700,Pt,0.25000000000000006,0.23941898599024333,0.03783621211707669,20,100
1690,Fe,0.09250000000000004,0.08872344310448023,0.025313819816144115,20,100
1690,Co,0.06500000000000003,0.0672841722675509,0.02139847510553276,20,100
1690,Ni,0.09800000000000005,0.10229673369415568,0.02745330964613039,20,100
1690,Pd,0.49400000000000005,0.5031372223051555,0.05009464726106501,20,100
1690,Pt,0.25050000000000006,0.23855842862865784,0.05083254241547488,20,100
1680,Fe,0.09900000000000005,0.08815299683846439,0.026734562687750537,20,100
1680,Co,0.07200000000000002,0.06736071805210882,0.02440879910368821,20,100
1680,Ni,0.09950000000000006,0.1022753507828048,0.0303445130737702,20,100
1680,Pd,0.493,0.5047102276712093,0.04040583595159701,20,100
1680,Pt,0.2365,0.23750070665541284,0.04727021984516814,20,100
1670,Fe,0.10300000000000001,0.08735291876143945,0.02617753154701063,20,100
1670,Co,0.068,0.06745868309897511,0.0198944583661936,20,100
1670,Ni,0.10150000000000003,0.10236211585110729,0.02978431236671236,20,100
1670,Pd,0.4945000000000001,0.5064856891921075,0.04223680111491698,20,100
1670,Pt,0.23300000000000004,0.2363405930963708,0.044021525835006056,20,100
1660,Fe,0.0915,0.08633679960038748,0.031165939573092997,20,100
1660,Co,0.06750000000000002,0.06754819105500452,0.03492473109567579,20,100
1660,Ni,0.10400000000000005,0.1025092732863457,0.033466401061363026,20,100
1660,Pd,0.5050000000000001,0.5084172294985636,0.035614899306772994,20,100
1660,Pt,0.23200000000000004,0.23518850655969897,0.040859193386685026,20,100
1650,Fe,0.08150000000000003,0.085141249399668,0.026611236249690508,20,100
1650,Co,0.06800000000000002,0.06757979413255959,0.02726092248506719,20,100
1650,Ni,0.10600000000000001,0.10268227374759749,0.0303315017762062,20,100
1650,Pd,0.522,0.5104494202745894,0.03650522673463854,20,100
1650,Pt,0.2225,0.23414726244558562,0.034622019157269215,20,100
1640,Fe,0.079,0.08381488326961758,0.02221900561515559,20,100
1640,Co,0.07050000000000002,0.06753358713822606,0.02282081229238369,20,100
1640,Ni,0.10600000000000002,0.1028399491133147,0.03912194161579245,20,100
1640,Pd,0.516,0.5125215589598743,0.0440573788550675,20,100
1640,Pt,0.2285,0.2332900215189676,0.03468277291166474,20,100
1630,Fe,0.08550000000000003,0.0824135311624644,0.022118104039808417,20,100
1630,Co,0.07500000000000004,0.06739177359520018,0.023055995909273173,20,100
1630,Ni,0.09700000000000003,0.10294882284086632,0.03555573830362393,20,100
1630,Pd,0.5225,0.5145674812740083,0.0401149663631392,20,100
1630,Pt,0.22000000000000003,0.23267839112746075,0.03627381250550059,20,100
1620,Fe,0.08250000000000003,0.08099637571545815,0.016181535936466537,20,100
1620,Co,0.065,0.06714768219472582,0.02544343571636173,20,100
1620,Ni,0.10350000000000001,0.10298861721308619,0.028520537383288892,20,100
1620,Pd,0.525,0.5165497290850024,0.041103207711935645,20,100
1620,Pt,0.22400000000000003,0.23231759579172764,0.03118704184348635,20,100
1610,Fe,0.07950000000000003,0.0796128577219666,0.0208944716939295,20,100
1610,Co,0.06750000000000003,0.0668160379765275,0.021734038305216807,20,100
1610,Ni,0.10400000000000002,0.10294597231904103,0.03250910803548996,20,100
1610,Pd,0.5245,0.5184481293975569,0.04501169438689181,20,100
1610,Pt,0.22449999999999998,0.232177002584908,0.03235900590497018,20,100
1600,Fe,0.07050000000000002,0.07832103406139698,0.02187885304412267,20,100
1600,Co,0.07100000000000002,0.06642615086853873,0.025731406163633862,20,100
1600,Ni,0.10900000000000001,0.10280235937783187,0.03640416401862206,20,100
1600,Pd,0.516,0.5202718165569944,0.03871624166187949,20,100
1600,Pt,0.23349999999999999,0.23217863913523823,0.03910512148447808,20,100
1590,Fe,0.07300000000000004,0.07715329740764831,0.028672378052018898,20,100
1590,Co,0.06800000000000003,0.06600155584864113,0.021667341419992586,20,100
1590,Ni,0.10350000000000001,0.10255248287909287,0.031165939573093,20,100
1590,Pd,0.5190000000000001,0.5220651075341718,0.039855000346651355,20,100
1590,Pt,0.2365,0.232227556330446,0.03513507768897809,20,100
1580,Fe,0.06850000000000002,0.07611457425034439,0.027772572611727647,20,100
1580,Co,0.06450000000000003,0.06557917476325775,0.023502519461807314,20,100
1580,Ni,0.1135,0.10221222182136548,0.029068883707497262,20,100
1580,Pd,0.5205,0.5238706167762978,0.039798836269683224,20,100
1580,Pt,0.233,0.23222341238873478,0.027357285183869748,20,100
1570,Fe,0.06950000000000003,0.07520032749759284,0.024596747752497688,20,100
1570,Co,0.06100000000000001,0.06519781634395728,0.01970840055995359,20,100
1570,Ni,0.10450000000000004,0.10179792492708066,0.016375527311718614,20,100
1570,Pd,0.5225000000000002,0.5257240266858554,0.04228661602371184,20,100
1570,Pt,0.2425,0.23207990454551394,0.028261001583919778,20,100
1560,Fe,0.07250000000000002,0.07438539336514235,0.026925824035672518,20,100
1560,Co,0.06600000000000003,0.06489829385848372,0.025833474815685004,20,100
1560,Ni,0.09450000000000001,0.10133688043474902,0.017312909694943344,20,100
1560,Pd,0.5315000000000001,0.5276680241527149,0.04081730799034825,20,100
1560,Pt,0.2355,0.23171140818891026,0.03017056774233354,20,100
1550,Fe,0.07550000000000003,0.07363885086454923,0.021392325234704346,20,100
1550,Co,0.057000000000000016,0.06469990416803165,0.027164217950128904,20,100
1550,Ni,0.1005,0.10085085011617985,0.028741131355236305,20,100
1550,Pd,0.5265000000000001,0.5297511599492711,0.043802787702682984,20,100
1550,Pt,0.24050000000000007,0.23105923490196828,0.02584875035155166,20,100
1540,Fe,0.07950000000000003,0.07292374183348072,0.02372540277512913,20,100
1540,Co,0.06150000000000002,0.06461489767154346,0.02852053738328889,20,100
1540,Ni,0.09150000000000004,0.10036509139874407,0.020072237962970283,20,100
1540,Pd,0.5225,0.5319960965307146,0.04435206041615084,20,100
1540,Pt,0.24500000000000002,0.23010017256551743,0.03677813996040812,20,100
1530,Fe,0.08000000000000002,0.07220993480251152,0.02695024655682549,20,100
1530,Co,0.06000000000000002,0.06463711648022755,0.025751852258368565,20,100
1530,Ni,0.09400000000000001,0.09990418784531233,0.02909150717088553,20,100
1530,Pd,0.531,0.5343973861168151,0.046555004253599104,20,100
1530,Pt,0.23500000000000001,0.22885137475513362,0.030864730339780534,20,100
1520,Fe,0.07350000000000001,0.07148362640199114,0.02390221306644396,20,100
1520,Co,0.05700000000000001,0.06473923880663392,0.024300747226977896,20,100
1520,Ni,0.10500000000000002,0.09947747100812765,0.02164303704731799,20,100
1520,Pd,0.534,0.5369236716906035,0.04694902050432777,20,100
1520,Pt,0.2305,0.22737599209264406,0.03379115424579572,20,100
1510,Fe,0.06999999999999999,0.07074748673970047,0.02051956704170308,20,100
1510,Co,0.06850000000000002,0.06489284390851453,0.026212692787233722,20,100
1510,Ni,0.10350000000000001,0.09908185379934994,0.02601113122046831,20,100
1510,Pd,0.5320000000000001,0.5395304264940712,0.040209975196002765,20,100
1510,Pt,0.22600000000000003,0.22574738905836386,0.026237779110122463,20,100
1500,Fe,0.07000000000000002,0.07001892498275822,0.018064212949190018,20,100
1500,Co,0.07100000000000004,0.0650472159168573,0.01943951483041964,20,100
1500,Ni,0.09900000000000003,0.09871820123499647,0.028078836383147704,20,100
1500,Pd,0.5395000000000001,0.5421527546105852,0.037201443095947945,20,100
1500,Pt,0.2205,0.22406290325480308,0.022820812292383686,20,100
1490,Fe,0.07000000000000002,0.06930861780486341,0.03008759142727674,20,100
1490,Co,0.06700000000000002,0.06514515662538116,0.030966875341581566,20,100
1490,Ni,0.09850000000000003,0.09838811753510456,0.02390221306644396,20,100
1490,Pd,0.552,0.544718597983253,0.04829732475973558,20,100
1490,Pt,0.2125,0.22243951005139795,0.03258591881876523,20,100
1480,Fe,0.06750000000000002,0.06864095251760842,0.028996370008747833,20,100
1480,Co,0.06700000000000002,0.06513106467560432,0.03130495168499706,20,100
1480,Ni,0.09250000000000003,0.09808827478913892,0.02425196682202996,20,100
1480,Pd,0.5555000000000001,0.5471688265894261,0.048717769372494654,20,100
1480,Pt,0.21750000000000003,0.22097088142822238,0.03446966629860003,20,100
1470,Fe,0.06050000000000001,0.0680360024782275,0.02211810403980842,20,100
1470,Co,0.06400000000000002,0.06496202034732104,0.02663594721819606,20,100
1470,Ni,0.09700000000000003,0.09781694742182208,0.025152168474057428,20,100
1470,Pd,0.558,0.5494345215828763,0.03764096312879304,20,100
1470,Pt,0.22050000000000006,0.2197505081697531,0.030860466961026876,20,100
1460,Fe,0.05650000000000001,0.06751435878970118,0.02277463963548745,20,100
1460,Co,0.07050000000000002,0.06461720120786182,0.018488972531299785,20,100
1460,Ni,0.10500000000000002,0.09756114548958499,0.023283154063783857,20,100
1460,Pd,0.555,0.5514726867812854,0.038593700058565585,20,100
1460,Pt,0.21300000000000002,0.21883460773156685,0.035258444303979744,20,100
1450,Fe,0.06450000000000003,0.06707813091292215,0.01932410548076104,20,100
1450,Co,0.07750000000000003,0.0640817620116251,0.02149051198234137,20,100
1450,Ni,0.09650000000000002,0.09732366364163249,0.018715318802914816,20,100
1450,Pd,0.555,0.5532673944827114,0.03762697800361078,20,100
1450,Pt,0.2065,0.2182490489511088,0.036602415796027216,20,100
1440,Fe,0.07250000000000004,0.06672008926836956,0.02197486602557807,20,100
1440,Co,0.06700000000000002,0.06337287527866742,0.021051315748352697,20,100
1440,Ni,0.09450000000000004,0.09710332849012039,0.0241650029675366,20,100
1440,Pd,0.5655,0.5548307712910288,0.0458228855715707,20,100
1440,Pt,0.20050000000000004,0.21797293567181417,0.03691740425384896,20,100
1430,Fe,0.07100000000000002,0.06641283892469634,0.024899799195977464,20,100
1430,Co,0.06150000000000001,0.06252624909517279,0.023680993933621334,20,100
1430,Ni,0.09500000000000001,0.09690006774681872,0.027625312572654125,20,100
1430,Pd,0.5679999999999998,0.5561906462470747,0.039416801119907176,20,100
1430,Pt,0.2045,0.21797019798623748,0.0318673236370655,20,100
1420,Fe,0.06800000000000002,0.06613448931651458,0.023078812338319498,20,100
1420,Co,0.06150000000000002,0.061592705882480975,0.018431951662948316,20,100
1420,Ni,0.09200000000000003,0.09669727521206542,0.027834094957538375,20,100
1420,Pd,0.5535,0.5573941692252388,0.03297127936792708,20,100
1420,Pt,0.22499999999999995,0.21818136036370045,0.027047716121114944,20,100
1410,Fe,0.06350000000000001,0.06584800298558383,0.021343062474478067,20,100
1410,Co,0.06400000000000003,0.06063771635400538,0.02062190965683675,20,100
1410,Ni,0.09600000000000002,0.09649690855995889,0.02414866237986779,20,100
1410,Pd,0.55,0.5585128970030362,0.03755697426297109,20,100
1410,Pt,0.2265,0.2185044750974157,0.02300457620378583,20,100
1400,Fe,0.06500000000000002,0.06552798889469319,0.021398475105532763,20,100
1400,Co,0.05750000000000001,0.0597191544493002,0.022213082915965965,20,100
1400,Ni,0.0975,0.09628359169290952,0.02468219046834761,20,100
1400,Pd,0.5575,0.5596123680975421,0.03446966629860001,20,100
1400,Pt,0.22250000000000006,0.21885689686555523,0.026532006490671844,20,100
1390,Fe,0.06200000000000002,0.06514615493036727,0.01880649383926509,20,100
1390,Co,0.05300000000000001,0.058905824694389416,0.023192557789991713,20,100
1390,Ni,0.10000000000000002,0.09603686328083916,0.024494897427831785,20,100
1390,Pd,0.5589999999999999,0.5607707371206128,0.036977945062599556,20,100
1390,Pt,0.22600000000000003,0.21914041997379144,0.036331804249169895,20,100
1380,Fe,0.0675,0.06468192040173389,0.01996707816698066,20,100
1380,Co,0.04950000000000001,0.05823863407224847,0.01932410548076104,20,100
1380,Ni,0.09850000000000003,0.09576456421902095,0.028887258163600896,20,100
1380,Pd,0.5614999999999999,0.5620430318636805,0.039373381336821146,20,100
1380,Pt,0.22300000000000003,0.2192718494433163,0.035850567051229985,20,100
1370,Fe,0.06800000000000003,0.06411633587297624,0.02546411303445653,20,100
1370,Co,0.04750000000000002,0.05774337304071882,0.014823523268955434,20,100
1370,Ni,0.10300000000000001,0.09546243720843603,0.026773907172154724,20,100
1370,Pd,0.5569999999999999,0.56347025329309,0.03921600103072857,20,100
1370,Pt,0.2245,0.21920760058477892,0.03316228041171571,20,100
1360,Fe,0.07050000000000003,0.06344989936581706,0.027429335045761345,20,100
1360,Co,0.05200000000000001,0.05743032443716477,0.017044832524535803,20,100
1360,Ni,0.09400000000000003,0.09514046370759248,0.027796251167151453,20,100
1360,Pd,0.5595000000000001,0.5650753370943093,0.03831654857547639,20,100
1360,Pt,0.22400000000000003,0.2189039753951165,0.02479388719231543,20,100
1350,Fe,0.06850000000000002,0.06267929545753503,0.022774639635487447,20,100
1350,Co,0.05850000000000001,0.05727554611932104,0.018715318802914816,20,100
1350,Ni,0.09000000000000001,0.09482541817092668,0.03769685174625259,20,100
1350,Pd,0.5640000000000002,0.5668659026765622,0.043455966824264516,20,100
1350,Pt,0.21900000000000003,0.21835383757565502,0.04423620807961683,20,100
1340,Fe,0.05850000000000001,0.06181475571315179,0.029784312366712362,20,100
1340,Co,0.06000000000000002,0.05725332675790834,0.023395906074624075,20,100
1340,Ni,0.0935,0.09453240852949789,0.029249381459946697,20,100
1340,Pd,0.5675000000000001,0.5688227781033649,0.04447056980686628,20,100
1340,Pt,0.22050000000000006,0.21757673089607726,0.03516502448980266,20,100
1330,Fe,0.05850000000000001,0.06087611510781499,0.027003898354048615,20,100
1330,Co,0.05800000000000002,0.05732214480584313,0.02483630619200766,20,100
1330,Ni,0.09500000000000001,0.09428802193372039,0.026056618514708554,20,100
1330,Pd,0.568,0.570925146681462,0.04990517323674443,20,100
1330,Pt,0.2205,0.21658857147115948,0.03663116303454148,20,100
1320,Fe,0.06000000000000002,0.05988312421492191,0.021521103473958813,20,100
1320,Co,0.05800000000000002,0.05743138307428385,0.02261811104775156,20,100
1320,Ni,0.09250000000000003,0.09411202012569665,0.030240265941464974,20,100
1320,Pd,0.5720000000000001,0.5731342981269859,0.050115655711248756,20,100
1320,Pt,0.21750000000000003,0.21543917445811178,0.03567027363299351,20,100
1310,Fe,0.05950000000000002,0.05885917125156569,0.021392325234704346,20,100
1310,Co,0.05750000000000001,0.057540227201698636,0.02124419425334094,20,100
1310,Ni,0.08950000000000002,0.09400827416660967,0.01959457497423847,20,100
1310,Pd,0.5725,0.5754104518187935,0.04677774999651908,20,100
1310,Pt,0.221,0.21418187556133264,0.03768288736283355,20,100
1300,Fe,0.05850000000000003,0.057823955422496055,0.019808291724745766,20,100
1300,Co,0.06000000000000001,0.05761464837107584,0.02224268064117415,20,100
1300,Ni,0.08750000000000004,0.09397326420916634,0.01860248992954834,20,100
1300,Pd,0.5774999999999999,0.577717466067219,0.050354009927606296,20,100
1300,Pt,0.2165,0.21287066593004297,0.044988302573236216,20,100
1290,Fe,0.056500000000000015,0.05678398317915007,0.024978938496682614,20,100
1290,Co,0.06400000000000003,0.057642134018424114,0.02112618729145617,20,100
1290,Ni,0.09200000000000001,0.09399807882387783,0.01908430051942668,20,100
1290,Pd,0.5845,0.5800317828572225,0.0488256834915913,20,100
1290,Pt,0.203,0.2115440211213256,0.037710810958634856,20,100
1280,Fe,0.054000000000000006,0.05574990777553119,0.019574419397183716,20,100
1280,Co,0.06100000000000002,0.0576254212103048,0.02403944127558095,20,100
1280,Ni,0.09400000000000001,0.0940507645120236,0.026237779110122466,20,100
1280,Pd,0.5930000000000001,0.5823424879556156,0.045664681734298086,20,100
1280,Pt,0.198,0.21023141854652494,0.036505226734638546,20,100
1270,Fe,0.05250000000000001,0.054729637727155715,0.023813972015560417,20,100
1270,Co,0.057500000000000016,0.05757363457690293,0.024251966822029965,20,100
1270,Ni,0.09650000000000002,0.09409700205680938,0.03437793049709592,20,100
1270,Pd,0.5874999999999999,0.5846671492018526,0.03891623933797466,20,100
1270,Pt,0.20600000000000002,0.20893257643727955,0.03500375919661682,20,100
1260,Fe,0.04850000000000001,0.05371789522999185,0.01785172850248165,20,100
1260,Co,0.05850000000000002,0.057504958751102314,0.02852053738328889,20,100
1260,Ni,0.09900000000000003,0.09410208218792349,0.03697794506259957,20,100
1260,Pd,0.59,0.5870577938724254,0.04154895653892747,20,100
1260,Pt,0.20400000000000004,0.207617269958557,0.03362330019182343,20,100
1250,Fe,0.05399999999999999,0.05270550488450643,0.022337129816094387,20,100
1250,Co,0.05400000000000003,0.05744072937022381,0.023033156878497434,20,100
1250,Ni,0.09800000000000002,0.09402502712707556,0.03071087583799658,20,100
1250,Pd,0.587,0.589555797639179,0.04040583595159698,20,100
1250,Pt,0.20700000000000002,0.20627294097901544,0.034656206249082534,20,100
1240,Fe,0.055500000000000015,0.05168026906264889,0.02235479461111784,20,100
1240,Co,0.05200000000000001,0.057403812689129294,0.021667341419992586,20,100
1240,Ni,0.095,0.09384641345846041,0.02964704653791087,20,100
1240,Pd,0.5864999999999999,0.5922236984186594,0.0431978313295812,20,100
1240,Pt,0.21100000000000002,0.20484580637110228,0.037402504841535046,20,100
1230,Fe,0.05750000000000001,0.050642418917285284,0.0229128784747792,20,100
1230,Co,0.05550000000000001,0.0573986099341204,0.020124611797498106,20,100
1230,Ni,0.09600000000000002,0.09355529386223102,0.03152275702609649,20,100
1230,Pd,0.5860000000000001,0.5951154754393094,0.04838442550634397,20,100
1230,Pt,0.20500000000000002,0.20328820184705404,0.03620119218740556,20,100
1220,Fe,0.04950000000000001,0.04957816820832429,0.02012461179749811,20,100
1220,Co,0.05100000000000001,0.05742128829831281,0.015183093090324964,20,100
1220,Ni,0.09650000000000002,0.09315603624875163,0.026011131220468307,20,100
1220,Pd,0.5930000000000001,0.59828574859643,0.04780442613288792,20,100
1220,Pt,0.21000000000000002,0.2015587586481813,0.04103913408340616,20,100
1210,Fe,0.04900000000000001,0.048497268127501256,0.019439514830419644,20,100
1210,Co,0.056000000000000015,0.0574476960002616,0.025005262603994726,20,100
1210,Ni,0.09750000000000003,0.09265908724140123,0.02446802424647964,20,100
1210,Pd,0.5905,0.6017530409490129,0.05968998858135346,20,100
1210,Pt,0.20700000000000002,0.1996429076818231,0.04589461612731589,20,100
1200,Fe,0.04500000000000002,0.04740613562038616,0.014327007988227582,20,100
1200,Co,0.05950000000000002,0.057444520908861346,0.025230516193063133,20,100
1200,Ni,0.09600000000000004,0.09209991542853846,0.02583347481568501,20,100
1200,Pd,0.5924999999999998,0.6054896484049808,0.05466404572236529,20,100
1200,Pt,0.20700000000000002,0.19755977963723334,0.036142990876153074,20,100
1190,Fe,0.04450000000000002,0.04633205930222553,0.017614288458371995,20,100
1190,Co,0.06200000000000002,0.0573745599425182,0.016415653633362465,20,100
1190,Ni,0.08450000000000005,0.09150509882836257,0.02282081229238369,20,100
1190,Pd,0.5980000000000001,0.6094358067886214,0.045026308099294914,20,100
1190,Pt,0.21100000000000002,0.19535247513827242,0.0416628068387646,20,100
1180,Fe,0.04650000000000001,0.04530066463988696,0.016630662866176475,20,100
1180,Co,0.06250000000000003,0.057199538825997716,0.020487480130686235,20,100
1180,Ni,0.08700000000000002,0.09090993294365862,0.027928480087537882,20,100
1180,Pd,0.6159999999999999,0.6134942168740288,0.038168601038853375,20,100
1180,Pt,0.188,0.19309564671642798,0.03791958249825683,20,100
1170,Fe,0.04350000000000002,0.04432590578853516,0.016630662866176472,20,100
1170,Co,0.06150000000000002,0.05688424058058869,0.021343062474478064,20,100
1170,Ni,0.08750000000000001,0.09034843746145256,0.024894514297436356,20,100
1170,Pd,0.6210000000000001,0.6175531251168845,0.035228576916744,20,100
1170,Pt,0.18650000000000003,0.19088829105253913,0.029249381459946697,20,100
1160,Fe,0.041,0.0434350885494069,0.015861240410775607,20,100
1160,Co,0.05950000000000002,0.05640646901292251,0.02114486375359025,20,100
1160,Ni,0.08950000000000002,0.08985361829786825,0.02305028827311459,20,100
1160,Pd,0.6289999999999999,0.6214760729061884,0.039722723180090604,20,100
1160,Pt,0.18100000000000002,0.18882875123361403,0.02403944127558095,20,100
1150,Fe,0.04250000000000002,0.04265448919355964,0.019701723141310308,20,100
1150,Co,0.06000000000000002,0.055767668105312945,0.02247805947796066,20,100
1150,Ni,0.09000000000000004,0.08944019417722425,0.024494897427831785,20,100
1150,Pd,0.6340000000000001,0.6251464609324814,0.03803045870711638,20,100
1150,Pt,0.17350000000000004,0.1869911875914217,0.027003898354048615,20,100
1140,Fe,0.039500000000000014,0.04199473675535112,0.020641042405337654,20,100
1140,Co,0.0615,0.05496968033202064,0.023457688673327065,20,100
1140,Ni,0.08700000000000001,0.08912217112476574,0.02677390717215472,20,100
1140,Pd,0.643,0.6284898025970482,0.04953467684891378,20,100
1140,Pt,0.16899999999999998,0.1854236091908144,0.0368353377242989,20,100
1130,Fe,0.03700000000000001,0.04146062292245116,0.018666040089734593,20,100
1130,Co,0.053500000000000006,0.054039045325544134,0.019808291724745766,20,100
1130,Ni,0.08700000000000004,0.08891137588940896,0.02341839133312916,20,100
1130,Pd,0.648,0.6314455962541285,0.050638034384401134,20,100
1130,Pt,0.17450000000000002,0.18414335960846728,0.034408536272574175,20,100
1120,Fe,0.0365,0.04104717110222713,0.016944180805158294,20,100
1120,Co,0.05150000000000001,0.05300873749646543,0.016630662866176475,20,100
1120,Ni,0.08900000000000004,0.08881362448776224,0.021001253095445222,20,100
1120,Pd,0.6435,0.634023342508395,0.03937338133682116,20,100
1120,Pt,0.1795,0.18310712440515026,0.03804083678309265,20,100
1110,Fe,0.03700000000000001,0.04073555252324904,0.014545753585442762,20,100
1110,Co,0.05100000000000001,0.05191754253750403,0.019166857359844667,20,100
1110,Ni,0.08950000000000001,0.08882038898842534,0.023946211655115287,20,100
1110,Pd,0.6469999999999999,0.6362806609497336,0.037289761541064774,20,100
1110,Pt,0.17550000000000002,0.18224585500108817,0.030860466961026883,20,100
1100,Fe,0.03800000000000001,0.04050668581931133,0.0198944583661936,20,100
1100,Co,0.04900000000000001,0.05079691659832375,0.017441631985447622,20,100
1100,Ni,0.08450000000000002,0.0889135998726502,0.02211810403980842,20,100
1100,Pd,0.641,0.6383082344113975,0.03959000405471857,20,100
1100,Pt,0.18750000000000003,0.18147456329831746,0.03625567106275274,20,100
1090,Fe,0.041,0.04032946594710491,0.024039441275580956,20,100
1090,Co,0.04700000000000001,0.049681230347505254,0.02577228213247305,20,100
1090,Ni,0.08500000000000002,0.08908004586121675,0.02743413164194137,20,100
1090,Pd,0.64,0.6402153985070235,0.0500526039072368,20,100
1090,Pt,0.18700000000000003,0.1806938593371496,0.0407947365025905,20,100
1080,Fe,0.0485,0.04017990423204074,0.023457688673327065,20,100
1080,Co,0.045000000000000005,0.04859095538030973,0.02395170579575316,20,100
1080,Ni,0.08750000000000001,0.08928884912036941,0.025930067895256884,20,100
1080,Pd,0.6240000000000001,0.6421263920632884,0.04694902050432777,20,100
1080,Pt,0.195,0.1798138992039916,0.034412360080584264,20,100
1070,Fe,0.04350000000000002,0.040032259869839604,0.02345768867332707,20,100
1070,Co,0.048,0.04754051436350298,0.0196281216089247,20,100
1070,Ni,0.08950000000000002,0.08950174767188314,0.030860466961026883,20,100
1070,Pd,0.631,0.6441501442981028,0.04387782079701244,20,100
1070,Pt,0.188,0.17877533379667165,0.03473205708669851,20,100
1060,Fe,0.041500000000000016,0.039870002351150825,0.021588252165910683,20,100
1060,Co,0.04600000000000002,0.046545088206457016,0.01984147702481637,20,100
1060,Ni,0.08950000000000005,0.08968463517309803,0.029464519251751628,20,100
1060,Pd,0.6375000000000001,0.6463676628791524,0.0373989867580168,20,100
1060,Pt,0.18550000000000003,0.17753261139014181,0.028186409565791215,20,100
1050,Fe,0.03500000000000001,0.039673269852067906,0.018496087779795344,20,100
1050,Co,0.04700000000000002,0.045603936961607604,0.019493588689617928,20,100
1050,Ni,0.09250000000000004,0.08981254714667478,0.029177316351468724,20,100
1050,Pd,0.6425000000000002,0.6488338991818637,0.038916239337974654,20,100
1050,Pt,0.18300000000000002,0.17607634685778592,0.03495862215760077,20,100
1040,Fe,0.039500000000000014,0.03943205353923741,0.015719582155957416,20,100
1040,Co,0.04850000000000001,0.04472539687215624,0.02254235779009911,20,100
1040,Ni,0.09300000000000005,0.08985872259162314,0.03045272436174852,20,100
1040,Pd,0.6495000000000001,0.6515606282164357,0.03926629732051595,20,100
1040,Pt,0.16949999999999998,0.17442319878054757,0.035015034364954546,20,100
1030,Fe,0.041000000000000016,0.03913406456864355,0.02074912807299318,20,100
1030,Co,0.04500000000000002,0.04391512599065241,0.022594829403858607,20,100
1030,Ni,0.09800000000000003,0.0898178080282261,0.03349783967896878,20,100
1030,Pd,0.6519999999999999,0.6545231737943519,0.036070107174486575,20,100
1030,Pt,0.164,0.1726098276181261,0.03871624166187948,20,100
1020,Fe,0.03600000000000001,0.03877544503919007,0.01465390194130093,20,100
1020,Co,0.03800000000000001,0.04317899356246736,0.02117595458607661,20,100
1020,Ni,0.09700000000000004,0.08968123710524474,0.027548999408709068,20,100
1020,Pd,0.6625,0.6576660088895016,0.0410231000393937,20,100
1020,Pt,0.16649999999999998,0.1706983154035964,0.04042862456491102,20,100
1010,Fe,0.03650000000000001,0.03834872425524119,0.016944180805158294,20,100
1010,Co,0.0355,0.04252072996138178,0.01637552731171861,20,100
1010,Ni,0.0965,0.08947566994069701,0.019808291724745766,20,100
1010,Pd,0.6605000000000001,0.6609421599252232,0.043465049480194876,20,100
1010,Pt,0.17099999999999999,0.16871271591745687,0.041026307349514686,20,100
1000,Fe,0.042000000000000016,0.03784843677869607,0.017350868323485927,20,100
1000,Co,0.04350000000000002,0.04194820788365768,0.01694418080515829,20,100
1000,Ni,0.08500000000000002,0.08922503398305283,0.022826577307580462,20,100
1000,Pd,0.6579999999999999,0.6642838135791259,0.04525948577515632,20,100
1000,Pt,0.17149999999999999,0.16669450777546774,0.03937338133682116,20,100
990,Fe,0.041,0.037268802142669435,0.019439514830419648,20,100
990,Co,0.04,0.041465968985036857,0.02,20,100
990,Ni,0.07750000000000004,0.08896269360001377,0.0276966651992238,20,100
990,Pd,0.6779999999999999,0.667624911394593,0.04420050011624659,20,100
990,Pt,0.1635,0.16467762387768675,0.04183614654691248,20,100
980,Fe,0.040000000000000015,0.036616527832396446,0.017471781760734557,20,100
980,Co,0.042000000000000016,0.04107055790481013,0.014363696929192158,20,100
980,Ni,0.08250000000000002,0.08872396874268308,0.027886046312580213,20,100
980,Pd,0.6714999999999999,0.6709119013540955,0.03759549245097846,20,100
980,Pt,0.16400000000000003,0.16267704416601506,0.02962928849706157,20,100
970,Fe,0.0395,0.035897292906292635,0.01700619082322051,20,100
970,Co,0.03850000000000001,0.04076942757552435,0.01631111987507134,20,100
970,Ni,0.08850000000000002,0.0885346256101745,0.027582412397834433,20,100
970,Pd,0.6759999999999999,0.6741041417687207,0.039920974568844324,20,100
970,Pt,0.1575,0.16069451213928773,0.036688589937185476,20,100
960,Fe,0.03450000000000001,0.035121079218163764,0.02012461179749811,20,100
960,Co,0.040500000000000015,0.04056254156297512,0.018488972531299785,20,100
960,Ni,0.08900000000000004,0.08839104704358194,0.026337885460422136,20,100
960,Pd,0.6779999999999998,0.6771924854666428,0.03562967420859368,20,100
960,Pt,0.158,0.15873284670863647,0.04137123333148797,20,100
950,Fe,0.03350000000000001,0.034305153056767956,0.01980829172474577,20,100
950,Co,0.04000000000000001,0.04044888819787135,0.020519567041703084,20,100
950,Ni,0.08400000000000003,0.08828661934019992,0.02583347481568501,20,100
950,Pd,0.6880000000000001,0.6801681384879119,0.03981536333998142,20,100
950,Pt,0.15450000000000003,0.15679120091724896,0.03804083678309265,20,100
940,Fe,0.03300000000000001,0.03346849205199609,0.020287408591745302,20,100
940,Co,0.040000000000000015,0.04042627735061759,0.014867838833500562,20,100
940,Ni,0.09000000000000004,0.08820883504428549,0.023395906074624075,20,100
940,Pd,0.683,0.683033163365369,0.025975697143777718,20,100
940,Pt,0.15400000000000003,0.15486323218773188,0.03424370860387888,20,100
930,Fe,0.03150000000000001,0.032628871763482545,0.016311119875071344,20,100
930,Co,0.03850000000000001,0.040487750908222354,0.018144159564878984,20,100
930,Ni,0.09050000000000005,0.08812784289189333,0.02258900524358558,20,100
930,Pd,0.6869999999999999,0.6858092515038373,0.03657724342869627,20,100
930,Pt,0.15250000000000002,0.15294628293256443,0.03092861049850803,20,100
920,Fe,0.029500000000000005,0.03179551328286483,0.015035046776746235,20,100
920,Co,0.03850000000000001,0.04062542788949802,0.018431951662948313,20,100
920,Ni,0.08850000000000002,0.08801108050537905,0.021588252165910683,20,100
920,Pd,0.6885000000000001,0.6885323734846941,0.03674592709260083,20,100
920,Pt,0.15500000000000003,0.15103560483756412,0.028562028528873972,20,100
910,Fe,0.027500000000000004,0.030983764682668842,0.018317377426626164,20,100
910,Co,0.03850000000000001,0.04080845564108794,0.016944180805158294,20,100
910,Ni,0.08800000000000001,0.08784058698609916,0.020925934551223876,20,100
910,Pd,0.6904999999999999,0.6912201391776466,0.03332061160745305,20,100
910,Pt,0.15550000000000003,0.14914705351249752,0.02964260802504253,20,100
900,Fe,0.029000000000000005,0.03018726356421857,0.013726654823065194,20,100
900,Co,0.03750000000000001,0.041024194321588395,0.015852942612451616,20,100
900,Ni,0.096,0.08760878810488472,0.023033156878497437,20,100
900,Pd,0.6915000000000001,0.6939041329264507,0.03759549245097846,20,100
900,Pt,0.146,0.14727562108285772,0.03152275702609649,20,100
890,Fe,0.029500000000000005,0.029400795128342132,0.01700619082322051,20,100
890,Co,0.040000000000000015,0.04123476095810823,0.016543403837370223,20,100
890,Ni,0.09300000000000003,0.08731579967973266,0.02341839133312916,20,100
890,Pd,0.6965000000000001,0.6966178323189846,0.039105121484478075,20,100
890,Pt,0.14100000000000001,0.1454308119148325,0.037120004537204807,20,100
880,Fe,0.028500000000000004,0.028602943276263042,0.01565247584249853,20,100
880,Co,0.043000000000000003,0.041407371915508695,0.018093325317714033,20,100
880,Ni,0.09050000000000002,0.0869895915217557,0.02282081229238369,20,100
880,Pd,0.6974999999999999,0.6993682988884592,0.03985169876851979,20,100
880,Pt,0.14049999999999999,0.14363179439801332,0.04322219215561425,20,100
870,Fe,0.033,0.02778325173797985,0.012607433062326869,20,100
870,Co,0.0455,0.04151578018488674,0.018771478925557028,20,100
870,Ni,0.08300000000000003,0.08664774166503222,0.02129986409642831,20,100
870,Pd,0.695,0.7021675191843111,0.04148557136618643,20,100
870,Pt,0.14350000000000002,0.14188570722778998,0.04614336925621915,20,100
860,Fe,0.029500000000000005,0.02693607561903291,0.015035046776746237,20,100
860,Co,0.045000000000000005,0.04153933350387775,0.016383560438182506,20,100
860,Ni,0.08450000000000002,0.08633124296074408,0.026452539426400315,20,100
860,Pd,0.7030000000000001,0.7050062735959611,0.04414092265269926,20,100
860,Pt,0.13799999999999996,0.14018707432038446,0.045259485775156344,20,100
850,Fe,0.027500000000000007,0.026048799983212936,0.015174424466672103,20,100
850,Co,0.048000000000000015,0.04146049317404592,0.020925934551223876,20,100
850,Ni,0.07900000000000003,0.0860576072549532,0.024473401243412258,20,100
850,Pd,0.712,0.7078887321068121,0.047417518414944265,20,100
850,Pt,0.1335,0.13854436748097582,0.04258428175549729,20,100
840,Fe,0.0245,0.025121880550308597,0.015719582155957416,20,100
840,Co,0.0505,0.041273400611055826,0.026452539426400315,20,100
840,Ni,0.07550000000000001,0.08584970301962198,0.024596747752497684,20,100
840,Pd,0.713,0.7108069651546102,0.041179964469195585,20,100
840,Pt,0.1365,0.13694805066440352,0.041074386948047006,20,100
830,Fe,0.024999999999999998,0.02416616111699971,0.016701717529076246,20,100
830,Co,0.04150000000000001,0.04099759530810644,0.017252002172135513,20,100
830,Ni,0.08000000000000002,0.08570629731367292,0.02361979544454408,20,100
830,Pd,0.7165000000000001,0.7137446887015759,0.04029823033857755,20,100
830,Pt,0.137,0.135385257559645,0.03686390332589664,20,100
820,Fe,0.023999999999999997,0.023193758506596412,0.01535543791899829,20,100
820,Co,0.03550000000000001,0.04065309708767118,0.016693837501494852,20,100
820,Ni,0.09300000000000003,0.08561410432211346,0.022028689427533745,20,100
820,Pd,0.713,0.716715817396109,0.03771081095863485,20,100
820,Pt,0.1345,0.1338232226875101,0.03776311204838589,20,100
810,Fe,0.021,0.02222070091628081,0.01651155894963793,20,100
810,Co,0.0365,0.040267948348882,0.013484884325167866,20,100
810,Ni,0.08800000000000002,0.08556015345354674,0.0246234804500437,20,100
810,Pd,0.7224999999999999,0.7197168419320714,0.03322570343004121,20,100
810,Pt,0.132,0.13223435534921885,0.028022547312739732,20,100
800,Fe,0.0195,0.021265038978123603,0.011459310165698641,20,100
800,Co,0.03700000000000001,0.039863060391082214,0.018381913307436343,20,100
800,Ni,0.08500000000000002,0.08552930728317643,0.02438722702779599,20,100
800,Pd,0.7310000000000001,0.7227603255453746,0.03416677364125315,20,100
800,Pt,0.12750000000000003,0.1305822678022432,0.02468219046834761,20,100
790,Fe,0.0185,0.020339405348686758,0.011367080817685315,20,100
790,Co,0.03700000000000001,0.039455273859240324,0.01780005913650733,20,100
790,Ni,0.08950000000000002,0.0855093794834753,0.02114486375359025,20,100
790,Pd,0.7200000000000002,0.7258574171156326,0.03387282717832439,20,100
790,Pt,0.13499999999999998,0.1288385241929649,0.026852423197524417,20,100
780,Fe,0.018999999999999996,0.01945703773371865,0.012523661815266247,20,100
780,Co,0.03750000000000001,0.039055379901205375,0.01712953743192089,20,100
780,Ni,0.09250000000000003,0.08548519711582733,0.022682012349227884,20,100
780,Pd,0.7215,0.7290221508268877,0.03897029908181763,20,100
780,Pt,0.1295,0.126980234422361,0.03748332962798263,20,100
770,Fe,0.016499999999999997,0.018626915377557198,0.011367080817685317,20,100
770,Co,0.04350000000000002,0.038666896826502095,0.018431951662948316,20,100
770,Ni,0.08650000000000002,0.08546342339398891,0.02254235779009911,20,100
770,Pd,0.7254999999999999,0.7322554501867348,0.03979883626968322,20,100
770,Pt,0.12799999999999997,0.12498731421521714,0.02820974075889764,20,100
760,Fe,0.0175,0.017849675845896078,0.010195458225163429,20,100
760,Co,0.03500000000000001,0.03828614453730118,0.013178930553209385,20,100
760,Ni,0.08400000000000003,0.08546099459832081,0.027984958365822918,20,100
760,Pd,0.7319999999999999,0.735556283298503,0.0412438193136735,20,100
760,Pt,0.13149999999999998,0.1228469017199791,0.030655127501043985,20,100
750,Fe,0.016499999999999997,0.017122697659480168,0.011367080817685317,20,100
750,Co,0.042000000000000016,0.037902352678224595,0.0196281216089247,20,100
750,Ni,0.08200000000000003,0.08549420332164875,0.02353049533108719,20,100
750,Pd,0.737,0.7389161965908203,0.041179964469195605,20,100
750,Pt,0.12250000000000001,0.12056454974982614,0.02844662592146544,20,100
740,Fe,0.017500000000000005,0.016440248250904864,0.010699237552766378,20,100
740,Co,0.039000000000000014,0.037505219434437125,0.0199736668746891,20,100
740,Ni,0.07700000000000003,0.08557806913478798,0.019761738683361684,20,100
740,Pd,0.751,0.7423209508584927,0.04363726075632831,20,100
740,Pt,0.1155,0.11815551232137744,0.032032056312059444,20,100
730,Fe,0.014999999999999996,0.01579379291363533,0.011920791213585396,20,100
730,Co,0.03650000000000001,0.037081070525829145,0.018715318802914816,20,100
730,Ni,0.08500000000000003,0.08573945881262975,0.018209309360006525,20,100
730,Pd,0.7494999999999999,0.7457529285462436,0.034561158606310184,20,100
730,Pt,0.11399999999999999,0.1156327492016621,0.033466401061363026,20,100
720,Fe,0.013500000000000002,0.015175811293273318,0.012258187382102497,20,100
720,Co,0.03650000000000001,0.03663331533045733,0.02007223796297028,20,100
720,Ni,0.08150000000000003,0.08597714319324153,0.024553914898486257,20,100
720,Pd,0.752,0.7491957980479568,0.03941680111990719,20,100
720,Pt,0.11649999999999998,0.11301793213507123,0.035876249290552865,20,100
710,Fe,0.0155,0.014575913424119505,0.010990426455975696,20,100
710,Co,0.03850000000000001,0.03615674607835071,0.021343062474478064,20,100
710,Ni,0.0895,0.08629705291530408,0.028741131355236305,20,100
710,Pd,0.7495,0.7526275298419859,0.03705969579788239,20,100
710,Pt,0.10700000000000001,0.1103427577402398,0.036720853103265165,20,100
700,Fe,0.013500000000000003,0.013989931457876201,0.010399898784932578,20,100
700,Co,0.037,0.03565913114796585,0.025567248786803713,20,100
700,Ni,0.08550000000000003,0.08667912735348465,0.026051568293028265,20,100
700,Pd,0.7529999999999999,0.7560256495661349,0.03495862215760078,20,100
700,Pt,0.11099999999999999,0.10764616047453848,0.029894551519069754,20,100
690,Fe,0.014499999999999996,0.01341028183158146,0.011909748329127608,20,100
690,Co,0.03400000000000001,0.03515466454884145,0.020621909656836752,20,100
690,Ni,0.08600000000000003,0.08709838402496281,0.02562893102068749,20,100
690,Pd,0.7585000000000001,0.7593785955214026,0.03453068810569279,20,100
690,Pt,0.10699999999999998,0.10495807407321159,0.029753372210469472,20,100
680,Fe,0.013500000000000002,0.012832073633170217,0.011367080817685317,20,100
680,Co,0.03150000000000001,0.03464914509270646,0.01565247584249853,20,100
680,Ni,0.08650000000000004,0.08753281655733139,0.026212692787233722,20,100
680,Pd,0.7645,0.7626681616349676,0.033162280411715726,20,100
680,Pt,0.10400000000000002,0.10231780308182445,0.03234680493454777,20,100
670,Fe,0.0125,0.012249696394924169,0.01118033988749895,20,100
670,Co,0.03400000000000001,0.03416374375027756,0.014290224851827541,20,100
670,Ni,0.08900000000000004,0.08794655706822374,0.021740091511936385,20,100
670,Pd,0.766,0.7658806127917135,0.0392562432178494,20,100
670,Pt,0.09850000000000003,0.09975938999486106,0.027961439613567077,20,100
660,Fe,0.012,0.011663097295062591,0.011964860832322377,20,100
660,Co,0.035,0.033706094442991365,0.010513149660756938,20,100
660,Ni,0.09200000000000003,0.08832118875324561,0.02117595458607661,20,100
660,Pd,0.7689999999999999,0.768998737287995,0.04063962287433807,20,100
660,Pt,0.09200000000000003,0.09731088222070557,0.028022547312739732,20,100
650,Fe,0.01,0.011072631681420423,0.011239029738980326,20,100
650,Co,0.03550000000000002,0.03327894573553446,0.015719582155957413,20,100
650,Ni,0.09250000000000004,0.088649956567991,0.02653200649067184,20,100
650,Pd,0.7739999999999998,0.7720118133442094,0.04581427035783776,20,100
650,Pt,0.08800000000000004,0.09498665267084459,0.03155613210905625,20,100
640,Fe,0.009000000000000001,0.010478929193437715,0.009119095061289915,20,100
640,Co,0.030500000000000006,0.03289098244341635,0.017312909694943344,20,100
640,Ni,0.09300000000000004,0.08892889327543516,0.02830287320359803,20,100
640,Pd,0.7825,0.7749151638578634,0.04411408654363079,20,100
640,Pt,0.08500000000000003,0.09278603122984747,0.03203616377585937,20,100
630,Fe,0.009999999999999998,0.009884715018345957,0.009176629354822472,20,100
630,Co,0.028500000000000004,0.03254646771104937,0.018144159564878984,20,100
630,Ni,0.09050000000000004,0.08915480847981316,0.03170173496829472,20,100
630,Pd,0.7814999999999998,0.7777252180215218,0.04451788522900833,20,100
630,Pt,0.08950000000000001,0.0906887907692697,0.030517466957034365,20,100
620,Fe,0.011499999999999998,0.00929354223573261,0.011367080817685315,20,100
620,Co,0.028999999999999998,0.03224115052533,0.014832396974191326,20,100
620,Ni,0.08700000000000004,0.08933941416889503,0.028488224714229227,20,100
620,Pd,0.784,0.7804513047567542,0.04405737885506748,20,100
620,Pt,0.08850000000000002,0.08867458831328821,0.02777257261172764,20,100
610,Fe,0.0095,0.008711920211302413,0.009445132413883327,20,100
610,Co,0.033000000000000015,0.031966950615540946,0.018093325317714033,20,100
610,Ni,0.08850000000000002,0.0894961869258192,0.02390221306644396,20,100
610,Pd,0.7835000000000001,0.7831137572612915,0.043440824844354596,20,100
610,Pt,0.08550000000000003,0.08671118498604585,0.03153527682152998,20,100
600,Fe,0.0075,0.008145034587539427,0.007863975156570493,20,100
600,Co,0.0335,0.03172082188681904,0.020072237962970276,20,100
600,Ni,0.08750000000000004,0.08963223471172428,0.019967078166980665,20,100
600,Pd,0.7839999999999999,0.7857462054130742,0.03719083078847314,20,100
600,Pt,0.08750000000000004,0.08475570340084325,0.030757968586675996,20,100
590,Fe,0.008,0.007601534498905478,0.008335087534664908,20,100
590,Co,0.03300000000000001,0.03148199000667115,0.01688973528196155,20,100
590,Ni,0.08600000000000003,0.08974265353432677,0.02348571794449599,20,100
590,Pd,0.7845000000000001,0.7883891520524005,0.03363503812207866,20,100
590,Pt,0.08850000000000002,0.08278466990769605,0.03183427480926146,20,100
580,Fe,0.0055,0.007088360062970338,0.006048053188292994,20,100
580,Co,0.028499999999999998,0.031242361958332687,0.017554426642213128,20,100
580,Ni,0.09050000000000004,0.08982635886716232,0.02564432839727663,20,100
580,Pd,0.789,0.7910785941909824,0.03492849839314597,20,100
580,Pt,0.08650000000000002,0.0807643249205525,0.03199917762101165,20,100
570,Fe,0.0045,0.006614557606750622,0.005104177855340404,20,100
570,Co,0.03500000000000001,0.03099099914259207,0.01933091333916522,20,100
570,Ni,0.08550000000000003,0.08986179616697862,0.019594574974238475,20,100
570,Pd,0.7929999999999999,0.7938484113069492,0.0265766022936282,20,100
570,Pt,0.08200000000000002,0.07868423577672953,0.021908902300206645,20,100
560,Fe,0.0055,0.006183490984941392,0.006048053188292994,20,100
560,Co,0.030000000000000006,0.03071580267351802,0.013377121081198772,20,100
560,Ni,0.09350000000000001,0.08983407855070968,0.01954078056944394,20,100
560,Pd,0.7915,0.7967239612766852,0.03422449107691279,20,100
560,Pt,0.0795,0.07654266651414587,0.0241650029675366,20,100
550,Fe,0.0045,0.005795795786013765,0.006863327411532596,20,100
550,Co,0.028000000000000004,0.030418852049439025,0.016415653633362465,20,100
550,Ni,0.09800000000000003,0.08971849766668813,0.026872016358247004,20,100
550,Pd,0.795,0.7997110775742455,0.028377159087807503,20,100
550,Pt,0.07450000000000002,0.07435577692361355,0.0208944716939295,20,100
540,Fe,0.005,0.005452486943565235,0.00760885910252682,20,100
540,Co,0.03550000000000001,0.03010885594200976,0.016375527311718614,20,100
540,Ni,0.09100000000000004,0.08950326880649301,0.02653696528082647,20,100
540,Pd,0.8045,0.8027992956160562,0.01986136159004527,20,100
540,Pt,0.064,0.072136092691876,0.020104987598001386,20,100
530,Fe,0.004999999999999999,0.005147450550155889,0.006882472016116852,20,100
530,Co,0.030500000000000006,0.029794279843843682,0.013945382182304159,20,100
530,Ni,0.0945,0.08916884462147608,0.028557421378504644,20,100
530,Pd,0.8035,0.8059786503604164,0.022774639635487433,20,100
530,Pt,0.0665,0.0699107746241079,0.02433861994963214,20,100
520,Fe,0.0045,0.004875496319476723,0.006048053188292993,20,100
520,Co,0.030500000000000006,0.02949359724870121,0.016050905860647505,20,100
520,Ni,0.08850000000000001,0.08871075887922852,0.02680828622881955,20,100
520,Pd,0.8105000000000002,0.8092245845591037,0.021636956688426422,20,100
520,Pt,0.06600000000000002,0.06769556299349004,0.022803508501982758,20,100
510,Fe,0.0045,0.004628854386764402,0.006048053188292993,20,100
510,Co,0.02950000000000001,0.02921859086828667,0.017312909694943344,20,100
510,Ni,0.09100000000000001,0.08813599533612484,0.024473401243412258,20,100
510,Pd,0.8085000000000001,0.8125103610123348,0.02476733842445687,20,100
510,Pt,0.06650000000000002,0.06550619839648934,0.024767338424456897,20,100
500,Fe,0.004,0.004399670219182319,0.0059824304161611875,20,100
500,Co,0.024999999999999994,0.028989025131215367,0.018496087779795344,20,100
500,Ni,0.08600000000000003,0.08746141249600223,0.022337129816094387,20,100
500,Pd,0.8185000000000002,0.8157983673145304,0.029068883707497245,20,100
500,Pt,0.06650000000000002,0.06335152483906988,0.023004576203785838,20,100
490,Fe,0.0045,0.004181195110814557,0.0060480531882929935,20,100
490,Co,0.024,0.028816951148734726,0.01535543791899829,20,100
490,Ni,0.08800000000000002,0.08670972017701448,0.022849622823099176,20,100
490,Pd,0.8210000000000001,0.8190632477116222,0.032265347225451435,20,100
490,Pt,0.06250000000000001,0.06122888585181411,0.028074149937920508,20,100
480,Fe,0.004999999999999999,0.0039673308315021395,0.00606976978666884,20,100
480,Co,0.026000000000000002,0.02871092530429373,0.01429022485182754,20,100
480,Ni,0.08600000000000002,0.08590994611588422,0.021618705350983244,20,100
480,Pd,0.8245000000000001,0.8222778678615418,0.031367935354770345,20,100
480,Pt,0.05850000000000001,0.05913392988677843,0.028149039433924414,20,100
470,Fe,0.004999999999999999,0.003754438975800882,0.00606976978666884,20,100
470,Co,0.026000000000000002,0.02866732489927273,0.01465390194130093,20,100
470,Ni,0.08550000000000002,0.0850949397138146,0.021392325234704346,20,100
470,Pd,0.8314999999999999,0.8254243378215583,0.031165939573092986,20,100
470,Pt,0.05200000000000001,0.05705895858955346,0.026675437154214006,20,100
460,Fe,0.0035000000000000005,0.0035419606984476073,0.005871429486123998,20,100
460,Co,0.028499999999999998,0.028677734508347447,0.011821033884786185,20,100
460,Ni,0.08300000000000003,0.08429064919667184,0.020799797569865153,20,100
460,Pd,0.8295000000000001,0.8284906258517654,0.029642608025042514,20,100
460,Pt,0.05550000000000001,0.05499902974476785,0.024809802816416614,20,100
450,Fe,0.003,0.0033328577046566254,0.004701623459816272,20,100
450,Co,0.02950000000000001,0.028727134643238648,0.01669383750149485,20,100
450,Ni,0.08500000000000002,0.08352278415369738,0.022594829403858614,20,100
450,Pd,0.8295,0.831473849010458,0.035905577927611586,20,100
450,Pt,0.053000000000000005,0.05294337448794944,0.029037181246409614,20,100
440,Fe,0.002,0.0031273338673828742,0.004103913408340616,20,100
440,Co,0.032500000000000015,0.02880686599813217,0.01831737742662616,20,100
440,Ni,0.07850000000000003,0.08281396836572429,0.02539685019840059,20,100
440,Pd,0.8324999999999998,0.8343837103943075,0.02826100158391976,20,100
440,Pt,0.054500000000000014,0.05086812137445326,0.027810448623342608,20,100
430,Fe,0.002,0.0029294962124631185,0.0041039134083406155,20,100
430,Co,0.031000000000000007,0.02889608275456371,0.015183093090324966,20,100
430,Ni,0.08000000000000002,0.0821967121944521,0.02752988806446741,20,100
430,Pd,0.8400000000000001,0.837157541172238,0.03524351377428043,20,100
430,Pt,0.047,0.048820167666283096,0.029217874846167648,20,100
420,Fe,0.0025,0.0027414991642280046,0.0044426165831931924,20,100
420,Co,0.031000000000000007,0.028988704697732976,0.013726654823065194,20,100
420,Ni,0.08050000000000002,0.08167007947998771,0.02665076280136719,20,100
420,Pd,0.8375,0.839820540313919,0.027886046312580202,20,100
420,Pt,0.04850000000000001,0.04677917634413255,0.024121403467940207,20,100
410,Fe,0.0025,0.0025636936612194864,0.0044426165831931924,20,100
410,Co,0.025999999999999995,0.029071884062964782,0.013917047478769186,20,100
410,Ni,0.07700000000000001,0.08124203152652107,0.026377821625073794,20,100
410,Pd,0.8480000000000001,0.8423672741843177,0.03001753873286328,20,100
410,Pt,0.04650000000000001,0.04475511656497718,0.023902213066443957,20,100
400,Fe,0.003,0.002396042018253125,0.004701623459816272,20,100
400,Co,0.027999999999999997,0.02915126597501219,0.01361114094757441,20,100
400,Ni,0.08000000000000003,0.08089880574738749,0.025546654946340206,20,100
400,Pd,0.8480000000000001,0.8447931163718952,0.025047323630532498,20,100
400,Pt,0.041000000000000016,0.04276076988745212,0.01970840055995359,20,100
390,Fe,0.0025,0.0022402788674159425,0.0044426165831931924,20,100
390,Co,0.030500000000000006,0.029225792970329127,0.016050905860647505,20,100
390,Ni,0.08150000000000003,0.08063109605293929,0.027198103649064637,20,100
390,Pd,0.8455,0.847086590176169,0.024596747752497688,20,100
390,Pt,0.040000000000000015,0.04081624193314675,0.016543403837370223,20,100
380,Fe,0.002,0.002095419824999569,0.0041039134083406155,20,100
380,Co,0.028000000000000004,0.029294866154052593,0.01321880637974788,20,100
380,Ni,0.07900000000000001,0.0804265993082529,0.024899799195977464,20,100
380,Pd,0.852,0.8492380723843421,0.03412052939676919,20,100
380,Pt,0.039000000000000014,0.03894504232835291,0.01774082416646034,20,100
370,Fe,0.0015,0.0019617661562710787,0.0036634754853252316,20,100
370,Co,0.031000000000000007,0.029371506863597838,0.017137217117324383,20,100
370,Ni,0.0775,0.08025697530549349,0.026729640555206245,20,100
370,Pd,0.8549999999999999,0.8512490384878927,0.03706324608728055,20,100
370,Pt,0.03500000000000001,0.0371607131867447,0.01933091333916522,20,100
360,Fe,0.0015,0.0018394343986139119,0.0036634754853252316,20,100
360,Co,0.028500000000000004,0.02945558962059293,0.011821033884786185,20,100
360,Ni,0.08,0.08010763638643095,0.02316985337163699,20,100
360,Pd,0.857,0.8531114140479076,0.0263778216250738,20,100
360,Pt,0.03300000000000001,0.03548592554645436,0.01625455401774498,20,100
350,Fe,0.002,0.0017279690736440392,0.0041039134083406155,20,100
350,Co,0.029000000000000005,0.029550346739529963,0.01682729612079261,20,100
350,Ni,0.0835,0.07995503540293497,0.026808286228819547,20,100
350,Pd,0.8525,0.8548314130295779,0.02613225472174388,20,100
350,Pt,0.03300000000000001,0.033935235754313314,0.015927467172350905,20,100
340,Fe,0.0015,0.0016276000456709643,0.0036634754853252325,20,100
340,Co,0.028499999999999998,0.029658348319078605,0.018431951662948313,20,100
340,Ni,0.08300000000000002,0.07979101612910063,0.027357285183869744,20,100
340,Pd,0.8574999999999999,0.8564047879470594,0.031768074010172384,20,100
340,Pt,0.029500000000000005,0.03251824755909034,0.02012461179749811,20,100
330,Fe,0.001,0.0015374980255045921,0.003077935056255462,20,100
330,Co,0.028499999999999998,0.02977608596478082,0.01631111987507134,20,100
330,Ni,0.0835,0.07960238540600867,0.026011131220468303,20,100
330,Pd,0.8605,0.8578437536719562,0.02946451925175163,20,100
330,Pt,0.026500000000000006,0.03124027693174966,0.019269556026896006,20,100
320,Fe,0.001,0.0014574678233799363,0.003077935056255462,20,100
320,Co,0.02950000000000001,0.029900175020667503,0.01637552731171861,20,100
320,Ni,0.08350000000000002,0.07938904422146205,0.022070461326349627,20,100
320,Pd,0.8585,0.8591551903779607,0.03375998877525381,20,100
320,Pt,0.027500000000000004,0.03009812255653002,0.023813972015560417,20,100
310,Fe,0.001,0.0013873688229069394,0.003077935056255462,20,100
310,Co,0.031500000000000014,0.03003021976500695,0.01899445902583726,20,100
310,Ni,0.07650000000000003,0.07915016577999914,0.021343062474478064,20,100
310,Pd,0.8649999999999999,0.8603458215446933,0.031034785237485422,20,100
310,Pt,0.026000000000000006,0.029086424087393852,0.02186080366414065,20,100
300,Fe,0.001,0.0013275640663188478,0.003077935056255462,20,100
300,Co,0.03150000000000001,0.030161676010137785,0.01954078056944394,20,100
300,Ni,0.07250000000000001,0.07889063921480824,0.02552088927670202,20,100
300,Pd,0.8744999999999999,0.8614327127479608,0.03347819400272679,20,100
300,Pt,0.0205,0.028187407960774482,0.0179105966869954,20,100
298,Fe,0.001,0.0013148211216929644,0.003077935056255462,20,100
298,Co,0.033000000000000015,0.030188776420341384,0.02002629849919719,20,100
298,Ni,0.073,0.0788291696228693,0.025975697143777742,20,100
298,Pd,0.873,0.8616736484655808,0.0326222397501427,20,100
298,Pt,0.02,0.027993584369515545,0.01777046633277277,20,100
