temperature_K,pair,raw_mean_WC_alpha,smoothed_mean_WC_alpha,sd_WC_alpha,n_valid_slabs
2000,Pd-Pt,-0.031425054761801255,-0.028243569141460836,0.046503629108398906,20
2000,Pd-Pd,0.0023974197565998336,0.007073429679097377,0.042374083120386076,20
2000,Pt-Pt,0.10622231361082135,0.07077272187499863,0.08298201090786528,20
2000,Rh-Pt,-0.1601756732601553,-0.09783495270678369,0.26360788166323074,20
2000,Pd-Rh,0.04854233938351864,0.0362614484232943,0.20634073758830362,20
1990,Pd-Pt,-0.01505901605461583,-0.02838242577049576,0.06182291046509396,20
1990,Pd-Pd,0.0032107922112525555,0.0070908819605479696,0.05307815552249595,20
1990,Pt-Pt,0.052215657742265206,0.06940796191688907,0.09190979590286347,20
1990,Rh-Pt,-0.1087595584246833,-0.09386260190269231,0.1581229021181232,20
1990,Pd-Rh,0.016298691533568832,0.037773095082252774,0.13765318696752904,20
1980,Pd-Pt,-0.02480239815594612,-0.028412890190365147,0.05105659610769219,20
1980,Pd-Pd,0.011595766248030503,0.006999838386757707,0.049336723099370663,20
1980,Pt-Pt,0.06442625527735298,0.0677923073342557,0.08052418546363864,20
1980,Rh-Pt,-0.09354776691687453,-0.08958349560241692,0.18993591731805204,20
1980,Pd-Rh,-0.0024045883257003244,0.039530566370374616,0.1315309414505183,20
1970,Pd-Pt,-0.025386875660259,-0.028309432451513385,0.0668502444814353,20
1970,Pd-Pd,0.00038363239173777044,0.006799877247125709,0.06804086499353573,20
1970,Pt-Pt,0.06572517878522117,0.06590086691521431,0.06367488462438425,20
1970,Rh-Pt,-0.08160215576915306,-0.08498067585110135,0.19486340163360397,20
1970,Pd-Rh,0.03154840709350564,0.041453426921640286,0.14663289033020363,20
1960,Pd-Pt,-0.0379243536153865,-0.028033232173228395,0.07616356116135205,20
1960,Pd-Pd,0.014207822956550348,0.006478930671955556,0.06715268380142272,20
1960,Pt-Pt,0.08536501323283388,0.06368598894042092,0.1010919968808323,20
1960,Rh-Pt,-0.12941552660315128,-0.08017443501968646,0.18818313727323097,20
1960,Pd-Rh,0.05999688799999746,0.0435085128108807,0.0997364873572697,20
1950,Pd-Pt,-0.03751847765559262,-0.02755403556972131,0.06575286456460833,20
1950,Pd-Pd,0.019780837246850647,0.006030496519584764,0.05398776884659013,20
1950,Pt-Pt,0.07632943704006723,0.06113523997540499,0.09181055653843842,20
1950,Rh-Pt,-0.09044724542032499,-0.07524156434417134,0.17666524153052374,20
1950,Pd-Rh,0.025727293711761128,0.04565990726609431,0.13431107962895505,20
1940,Pd-Pt,-0.024124394440061647,-0.026865335404237772,0.07608312642582869,20
1940,Pd-Pd,0.007380831801534543,0.005469132586031125,0.06543781492583804,20
1940,Pt-Pt,0.06055886589132514,0.058280320534979765,0.11434703699188715,20
1940,Rh-Pt,-0.08155512367200854,-0.07036292213808604,0.1252946958978765,20
1940,Pd-Rh,0.04424718098204876,0.04782571705864361,0.13720529519789423,20
1930,Pd-Pt,-0.04561793166387283,-0.025962411897446233,0.06819637325964299,20
1930,Pd-Pd,0.011553599771597001,0.004814255614281821,0.07478363363142328,20
1930,Pt-Pt,0.08228287521563735,0.05516354886802049,0.09336296049983188,20
1930,Rh-Pt,-0.06661493240686171,-0.06571721002300529,0.16220470821831978,20
1930,Pd-Rh,0.06635980493225618,0.049887091465777626,0.14785598225173863,20
1920,Pd-Pt,-0.04063569820499384,-0.024871206932048757,0.0563750361940029,20
1920,Pd-Pd,0.005649322031302817,0.00411587190429826,0.07168531076256934,20
1920,Pt-Pt,0.07910166556847557,0.05185449773098565,0.09617703891495069,20
1920,Rh-Pt,-0.07637795732037182,-0.06142454766911544,0.19693524991616182,20
1920,Pd-Rh,0.07324471046425576,0.051660041463948564,0.17251889367634188,20
1910,Pd-Pt,-0.028352619755339224,-0.02361112553057542,0.07818645917567656,20
1910,Pd-Pd,0.0023968590874966834,0.0034042671555796016,0.06345401086800126,20
1910,Pt-Pt,0.04421680028249507,0.04844091680977574,0.13747106412032134,20
1910,Rh-Pt,0.024339215467111097,-0.057725424179286354,0.21833888111812977,20
1910,Pd-Rh,0.030472804303817998,0.05303625901216411,0.17483367806698213,20
1900,Pd-Pt,-0.018371128337184517,-0.02224648040277045,0.0701810990660454,20
1900,Pd-Pd,0.0007216269526006735,0.0027451626010470847,0.06227645569986112,20
1900,Pt-Pt,0.024881677859314277,0.045033499207657625,0.10734898338094315,20
1900,Rh-Pt,-0.04113018795660319,-0.05466114208322926,0.21879282221150748,20
1900,Pd-Rh,0.08177643911566321,0.053839136497903325,0.18758778825825054,20
1890,Pd-Pt,-0.010301605992441287,-0.02084941857521367,0.06383920818920431,20
1890,Pd-Pd,-0.0005308697191371392,0.0021979016421753137,0.0597460589047441,20
1890,Pt-Pt,0.002175481504822341,0.0417531825499711,0.08037458536414313,20
1890,Rh-Pt,0.04482160424909015,-0.05229948099092774,0.21852695934501704,20
1890,Pd-Rh,0.032320572452547755,0.05396118892406186,0.21406359162619013,20
1880,Pd-Pt,-0.0019571329601538122,-0.019496836576102912,0.06891712491501609,20
1880,Pd-Pd,-0.007306617399924942,0.0018128505522563526,0.05488795653661713,20
1880,Pt-Pt,0.00806648670404821,0.03871016441524188,0.12471250885071039,20
1880,Rh-Pt,-0.023461647705980616,-0.05060003473380427,0.22247186494261034,20
1880,Pd-Rh,0.06443427439023604,0.05333831362224759,0.22739884178207523,20
1870,Pd-Pt,-0.00778467538365103,-0.018229939281703796,0.06846115573596874,20
1870,Pd-Pd,-0.019749978543545144,0.0016008313227344883,0.06273987914998337,20
1870,Pt-Pt,0.041924837926305546,0.03594989869232056,0.11272526971364026,20
1870,Rh-Pt,-0.1050703188029147,-0.04942248799245263,0.22543896175686276,20
1870,Pd-Rh,0.10427751671224698,0.05197411561923267,0.19458203140948585,20
1860,Pd-Pt,-0.01414347537541404,-0.017118644738651965,0.08287505250577322,20
1860,Pd-Pd,-0.008842916793622957,0.0015857461159392832,0.06828960494757873,20
1860,Pt-Pt,0.035347095821314456,0.03354294766362649,0.10529079304795169,20
1860,Rh-Pt,-0.10722656896218079,-0.048646276348980104,0.15313188445068474,20
1860,Pd-Rh,0.11889194001285786,0.04996471633104588,0.1551923760977322,20
1850,Pd-Pt,-0.032753971999366305,-0.0162084241349139,0.08558132577109602,20
1850,Pd-Pd,0.011546852649003103,0.0017596995685542772,0.07586815284521377,20
1850,Pt-Pt,0.06672197331996346,0.03154390678557254,0.11739551645449187,20
1850,Rh-Pt,-0.08910986237104382,-0.048104176849140874,0.17074637690804606,20
1850,Pd-Rh,0.07260554710599634,0.04744825551101921,0.16363002656080922,20
1840,Pd-Pt,-0.023537454295352606,-0.015530528631464488,0.08199164492992324,20
1840,Pd-Pd,0.018630227751375343,0.0021088412400366184,0.07965106582470866,20
1840,Pt-Pt,0.03541541694143832,0.02996241257036773,0.1178667274847168,20
1840,Rh-Pt,-0.016674429834363253,-0.04753314405467513,0.19412866450950375,20
1840,Pd-Rh,-0.00012118464273072616,0.044599189034397975,0.12174898487753276,20
1830,Pd-Pt,-0.00971679628089821,-0.015106386918022838,0.07250301266893376,20
1830,Pd-Pd,8.431729393496568e-05,0.002590047643995316,0.0696535850093045,20
1830,Pt-Pt,0.017299442176223645,0.02888634605881832,0.09613520982967878,20
1830,Rh-Pt,-0.041540825262360775,-0.04689732236964131,0.17971894108051265,20
1830,Pd-Rh,0.030441753726123667,0.04161044491128723,0.1446744683214572,20
1820,Pd-Pt,-0.0071412669310745415,-0.014929105427560756,0.06927269793003843,20
1820,Pd-Pd,1.0745831458480736e-05,0.0031662704949708483,0.05530765266128602,20
1820,Pt-Pt,0.017276804284111248,0.028293634350035835,0.1013187785594351,20
1820,Rh-Pt,-0.015559497309952885,-0.046119878545246615,0.14645951597876947,20
1820,Pd-Rh,-0.0005982014107046629,0.03871548984479849,0.10234981576920961,20
1810,Pd-Pt,-0.0012922736314808169,-0.015003009704055135,0.06765932413792271,20
1810,Pd-Pd,2.689294007868215e-06,0.003816865626840267,0.06067913281495765,20
1810,Pt-Pt,0.0009939813173578615,0.028199264599108438,0.09089454322158688,20
1810,Rh-Pt,-0.04773583548543845,-0.04507156632632221,0.19804142494880425,20
1810,Pd-Rh,-0.0130536418630126,0.03597996143821,0.1565697117804921,20
1800,Pd-Pt,0.002116761954772456,-0.015279961469578508,0.061537844708675175,20
1800,Pd-Pd,-0.0023841218280956644,0.004480484486208996,0.0543359062611361,20
1800,Pt-Pt,-0.0064046174891952915,0.02855454940417505,0.08480146444364654,20
1800,Rh-Pt,-0.03511853072127109,-0.043704926934279596,0.21355778550022653,20
1800,Pd-Rh,0.014862961185802348,0.03347809480741419,0.16517647613806102,20
1790,Pd-Pt,-0.011464173479049872,-0.015747082806107576,0.05526342034327926,20
1790,Pd-Pd,0.004171576407936817,0.005148621181312946,0.05350780829667025,20
1790,Pt-Pt,0.015904938814940178,0.029338451139096007,0.07322607885034259,20
1790,Rh-Pt,-0.062443325492134535,-0.04202380033861617,0.22831473520489692,20
1790,Pd-Rh,0.04846943349321999,0.031227073946325946,0.17783114721773818,20
1780,Pd-Pt,-0.019248159297886192,-0.01636092280839234,0.05744389095472205,20
1780,Pd-Pd,0.005758942133398198,0.005811724334059935,0.057227409927670524,20
1780,Pt-Pt,0.034856150843928,0.030438431587638346,0.07885425032020851,20
1780,Rh-Pt,-0.08002460990238672,-0.039973341269487456,0.21653315809155796,20
1780,Pd-Rh,0.06834745704503624,0.029124261165214074,0.17157285337542397,20
1770,Pd-Pt,-0.03386842464581871,-0.01705673106697292,0.05074657935444967,20
1770,Pd-Pd,0.021390228917378525,0.006445054493495445,0.05755853712200068,20
1770,Pt-Pt,0.04546392111909157,0.03174519387519375,0.08399520046867354,20
1770,Rh-Pt,-0.015894506788985702,-0.037654777883033765,0.25329813639404425,20
1770,Pd-Rh,0.02641050878065957,0.02711557841547507,0.22395378323984774,20
1760,Pd-Pt,-0.01879392319918769,-0.017832966392460212,0.06321635791281882,20
1760,Pd-Pd,0.006016423660767345,0.007073403872346395,0.055767627905134246,20
1760,Pt-Pt,0.04171175088519621,0.03318701132908173,0.09790699163039099,20
1760,Rh-Pt,-0.07445652543528518,-0.03509252007842213,0.2649871845190791,20
1760,Pd-Rh,0.051155273522243604,0.025111785066176902,0.15160758862290338,20
1750,Pd-Pt,-0.019763184819806035,-0.01866626621188189,0.053606598951968815,20
1750,Pd-Pd,0.007476167461064403,0.007708945508001495,0.051391433095850265,20
1750,Pt-Pt,0.04055103489717267,0.03467695355246436,0.08104488570497932,20
1750,Rh-Pt,-0.024181971764055704,-0.03242907353134348,0.19202596252938425,19
1750,Pd-Rh,0.024143131365941973,0.023103984184905637,0.15140509446671463,19
1740,Pd-Pt,-0.025661318830353868,-0.019545001935250814,0.06681961822799544,20
1740,Pd-Pd,0.01211434495048223,0.008368625318668003,0.05827030752647409,20
1740,Pt-Pt,0.05208490684427898,0.036161053561983444,0.10007455260935767,20
1740,Rh-Pt,-0.031133313094201732,-0.029853899093429958,0.2010787288950361,20
1740,Pd-Rh,0.01720164715403926,0.021080721113315857,0.13051146975282085,20
1730,Pd-Pt,-0.033837504810659856,-0.020459927510642663,0.06256195842698632,20
1730,Pd-Pd,0.017204787271030635,0.009061265004825906,0.04324931911159591,20
1730,Pt-Pt,0.06782510686840434,0.03760510549947994,0.10598511217268768,20
1730,Rh-Pt,-0.033441426964574125,-0.02770649890645838,0.17572235955373627,20
1730,Pd-Rh,0.013202906134550007,0.019264338285347578,0.13727868699494192,20
1720,Pd-Pt,-0.004337525217339017,-0.02140609239334465,0.057094147562519036,20
1720,Pd-Pd,-0.006477937114551463,0.009797206872114808,0.046142931980283304,20
1720,Pt-Pt,0.02706940977870731,0.03897954299016969,0.09417420396601438,20
1720,Rh-Pt,0.005321362779311533,-0.026110991354613814,0.21338636034890576,20
1720,Pd-Rh,0.009871869823495383,0.017726839762629787,0.14183194605285693,20
1710,Pd-Pt,-0.00486042766489333,-0.02235534452313992,0.05576709502196316,20
1710,Pd-Pd,-0.0034146418672744705,0.010563414428562885,0.044302195646967475,20
1710,Pt-Pt,0.013926024899294781,0.04027132252136557,0.09194937485742831,20
1710,Rh-Pt,-0.01569682715399672,-0.02532620041832983,0.21983002116951433,20
1710,Pd-Rh,0.0266294864376203,0.016645068871942108,0.16360091130564808,20
1700,Pd-Pt,-0.01054887387777521,-0.02327827879965977,0.06105562553772782,20
1700,Pd-Pd,0.0007655670802515391,0.011308000902139428,0.056148541303210994,20
1700,Pt-Pt,0.02025549698895742,0.041503674093459744,0.08378235135327304,20
1700,Rh-Pt,-0.030107765997461688,-0.025698316832869095,0.15067134174812755,20
1700,Pd-Rh,0.019957843177028735,0.016359303484533096,0.1475837752998068,20
1690,Pd-Pt,-0.02821511831220021,-0.024135757732252773,0.05883762879590504,20
1690,Pd-Pd,0.01754420566283647,0.011986439741717902,0.05930935246188016,20
1690,Pt-Pt,0.040890942562909684,0.042668191978783,0.07027069435019986,20
1690,Rh-Pt,0.022901268334109715,-0.027484362615117403,0.18966911250828244,20
1690,Pd-Rh,-0.00808975296208666,0.017084290094058662,0.19992657785994428,20
1680,Pd-Pt,-0.024324696122080457,-0.024866123757248376,0.07863023209097579,20
1680,Pd-Pd,0.016426680202083634,0.01254160128872372,0.06977761650573984,20
1680,Pt-Pt,0.033821227219726,0.04373219065372766,0.09059235842236812,20
1680,Rh-Pt,0.050315612212321656,-0.030797260825397105,0.1636240125078948,20
1680,Pd-Rh,-0.054872938223817204,0.018960724372238738,0.167220442270024,20
1670,Pd-Pt,-0.03514560144759941,-0.025402459475950715,0.07173611954751309,20
1670,Pd-Pd,0.02266168203275279,0.012912594673867366,0.06830172067069429,20
1670,Pt-Pt,0.0507233904257382,0.04463350640556921,0.09043290375522343,20
1670,Rh-Pt,-0.0297874728405432,-0.035641921914638365,0.17880802708782187,20
1670,Pd-Rh,0.008785819098471143,0.022070481227894925,0.13453746025796548,20
1660,Pd-Pt,-0.051331716298195953,-0.025663643688326642,0.05006754049469506,20
1660,Pd-Pd,0.03271487216475855,0.013019995059306145,0.041964422307571345,20
1660,Pt-Pt,0.07089384796833569,0.04527185080935557,0.06137082950633827,20
1660,Rh-Pt,-0.020960314135272905,-0.041933861171398114,0.18783836231817022,20
1660,Pd-Rh,0.00598749557165087,0.026459585760391598,0.13224213237349824,20
1650,Pd-Pt,-0.035579709738600016,-0.02559979777123609,0.03914073622784928,20
1650,Pd-Pd,0.02019177848211745,0.012815078932897095,0.03003317765660259,20
1650,Pt-Pt,0.06434843802866701,0.045596963931534264,0.05511553788696319,20
1650,Rh-Pt,-0.06005796479383665,-0.04952673070927509,0.17173205979295206,20
1650,Pd-Rh,0.013589117921037596,0.0319916261736291,0.11541181006989806,20
1640,Pd-Pt,-0.039300647695774585,-0.025200013722197923,0.05257072101888367,20
1640,Pd-Pd,0.0219875494830573,0.012295204672079405,0.04331796169698589,20
1640,Pt-Pt,0.0770916364846905,0.04557517245248229,0.07366077987400758,20
1640,Rh-Pt,-0.05403333952122351,-0.058285566469428465,0.13985055818301778,20
1640,Pd-Rh,0.01788077522610665,0.038520334513816853,0.10751011063404524,20
1630,Pd-Pt,-0.027613348930302317,-0.024487381090534954,0.05802645375983808,20
1630,Pd-Pd,0.01668122154008834,0.011482008859117583,0.04407394034886151,20
1630,Pt-Pt,0.04251895707347637,0.04521171217140375,0.07650627074592503,20
1630,Rh-Pt,-0.023119774813914924,-0.06781420268791599,0.17205114218053408,20
1630,Pd-Rh,0.02644048651278786,0.045730465195020734,0.12820602710740392,20
1620,Pd-Pt,-0.012961164298387007,-0.023507795537048053,0.052756189375332024,20
1620,Pd-Pd,0.0017408650317763674,0.010419378950350226,0.045470114434193944,20
1620,Pt-Pt,0.03476106486058411,0.044536741771307495,0.08877718922665301,20
1620,Rh-Pt,-0.09436248657064443,-0.07775651625013685,0.25235304857021035,20
1620,Pd-Rh,0.07169257923837803,0.053312072477722204,0.23369759481921468,20
1610,Pd-Pt,-0.019975992435892827,-0.02233737694023465,0.05396803885116203,20
1610,Pd-Pd,0.008293899137408207,0.009176103220425285,0.04341205589616893,20
1610,Pt-Pt,0.04213368804972538,0.04363111740288215,0.08816705852186361,20
1610,Rh-Pt,-0.08731348021177496,-0.08770906244582805,0.2477898440886902,20
1610,Pd-Rh,0.06548086025698613,0.06089622264831519,0.18278601913068232,20
1600,Pd-Pt,-0.020906028640438258,-0.021082570261776054,0.06899790552643466,20
1600,Pd-Pd,0.011754547775700308,0.007861363844967793,0.06009982897735373,20
1600,Pt-Pt,0.02887707937735251,0.042590850706729376,0.1029573081288198,20
1600,Rh-Pt,-0.03442976869639453,-0.09718291211704691,0.229727604549633,20
1600,Pd-Rh,0.06368483673223856,0.06804666546723061,0.1762746539011007,20
1590,Pd-Pt,-0.024654819337550083,-0.01984847607357157,0.06654501181780739,20
1590,Pd-Pd,0.011512708410699091,0.0065632966683017505,0.06634087678492925,20
1590,Pt-Pt,0.04902664776566572,0.04155453042821186,0.08156050832261558,20
1590,Rh-Pt,-0.14840141181544658,-0.10584192161795802,0.2926230485272782,20
1590,Pd-Rh,0.08275200658394562,0.07448474183358174,0.22945815332323413,20
1580,Pd-Pt,-0.020718231550386858,-0.01873101066373038,0.05531949508959998,20
1580,Pd-Pd,0.0014845646291778425,0.005372199882870913,0.0450214730188448,20
1580,Pt-Pt,0.052842151276056196,0.040617908245631426,0.08287627663029992,20
1580,Rh-Pt,-0.21953502653218795,-0.11332252506121311,0.25389698875661726,20
1580,Pd-Rh,0.1601185923588627,0.0799724290799334,0.22671079922835022,20
1570,Pd-Pt,-0.015936671901732556,-0.01783215842026706,0.0556376916710352,20
1570,Pd-Pd,-0.0016078599868371347,0.004383463226303815,0.04196111068526137,20
1570,Pt-Pt,0.0414186410886028,0.03989268033634225,0.08249812516251456,20
1570,Rh-Pt,-0.18597926995822706,-0.11927266631713036,0.24507070194870142,20
1570,Pd-Rh,0.13908767060757032,0.08428226318372098,0.16914360594179925,20
1560,Pd-Pt,-0.0034147186782587046,-0.017222946621727762,0.05888360245941255,20
1560,Pd-Pd,-0.005969358170967959,0.003662245969042081,0.03761059357531339,20
1560,Pt-Pt,0.020966328830344827,0.03947626890875627,0.10045618090998697,20
1560,Rh-Pt,-0.11494853522085569,-0.12368813730236318,0.2002522671512268,20
1560,Pd-Rh,0.063761371521316,0.08739488964529299,0.1730552976660618,20
1550,Pd-Pt,0.0039513059514675875,-0.01690168157572031,0.05330314373380634,20
1550,Pd-Pd,-0.013753650816066826,0.0032132274278741024,0.03942841837320072,20
1550,Pt-Pt,0.005869979009059284,0.03935564362569054,0.07271858156204397,20
1550,Rh-Pt,-0.12065674916672108,-0.12646730040379683,0.2614362716086251,19
1550,Pd-Rh,0.1272232421022365,0.08930398079862699,0.2225818427481228,19
1540,Pd-Pt,-0.013066553080507614,-0.016848392323206465,0.04991701024409526,20
1540,Pd-Pd,-0.004514153186172742,0.003019146159147679,0.038073469089106436,20
1540,Pt-Pt,0.04177536201522232,0.03951398169993772,0.07793300979076831,20
1540,Rh-Pt,-0.18393086711128653,-0.1278543724843198,0.24262192650469883,20
1540,Pd-Rh,0.11488643503109716,0.09020235218848208,0.16839840016343494,20
1530,Pd-Pt,-0.008608558554931678,-0.017018040207595543,0.05057328203542933,20
1530,Pd-Pd,0.0015661849876063727,0.003057004246383101,0.043392773465575386,20
1530,Pt-Pt,0.03068245118958509,0.03986773891231063,0.06822818509050761,20
1530,Rh-Pt,-0.16159168777325017,-0.12789370078684317,0.23029507694933107,20
1530,Pd-Rh,0.06224672869798009,0.09014076775965293,0.175163823962644,20
1520,Pd-Pt,-0.01765358897499718,-0.017318517259409288,0.052122753510679264,20
1520,Pd-Pd,0.00418731998999558,0.0032494852364966303,0.034738640717599294,20
1520,Pt-Pt,0.04722039065797747,0.04032100679247934,0.07576487109191833,20
1520,Rh-Pt,-0.16194698539282312,-0.12691483081896152,0.2021085215286527,20
1520,Pd-Rh,0.08503445440733595,0.08933616095261816,0.1623956569031403,20
1510,Pd-Pt,-0.01712466025913877,-0.01762676240929201,0.05786903698993031,20
1510,Pd-Pd,0.004356362524767338,0.0035076799044083586,0.04812829263960614,20
1510,Pt-Pt,0.034726327473290984,0.04070950066089533,0.0791490516304914,20
1510,Rh-Pt,-0.0627272964450291,-0.12509565232839157,0.23641172669320826,20
1510,Pd-Rh,0.08503026301477964,0.08783145438857118,0.22108803542626193,20
1500,Pd-Pt,-0.01326530262181606,-0.017811176176088198,0.06645077850260772,20
1500,Pd-Pd,-0.0023971957157910063,0.00372951225704404,0.06659537641454034,20
1500,Pt-Pt,0.03264255622901735,0.04087421055998217,0.08408505870196242,20
1500,Rh-Pt,-0.05303426634927022,-0.12287648870823399,0.38680922989378114,20
1500,Pd-Rh,0.05097547593208766,0.08590760702275618,0.322772501379562,20
1490,Pd-Pt,-0.024871235200533463,-0.017788832623815403,0.04614395726503534,20
1490,Pd-Pd,0.00863961601976781,0.003846055043149657,0.03384152252988329,20
1490,Pt-Pt,0.04908541979337881,0.04071142097223295,0.0702760412059632,20
1490,Rh-Pt,-0.14480583482821233,-0.12030825894478057,0.2989922703877756,19
1490,Pd-Rh,0.1176001204354674,0.08359075923984727,0.28946015672952097,19
1480,Pd-Pt,-0.04925995538054028,-0.017472471935335063,0.05360428258609944,20
1480,Pd-Pd,0.02527156355092009,0.0037869163361507465,0.04331750209974578,20
1480,Pt-Pt,0.08424033886909062,0.040117523627461404,0.06423268790440692,20
1480,Rh-Pt,-0.13123475995221057,-0.11761312802614095,0.2925610644656372,18
1480,Pd-Rh,0.10356711892348153,0.08103751745868265,0.17939653480017,18
1470,Pd-Pt,-0.04383000913823307,-0.01685664512870399,0.04831404050487615,20
1470,Pd-Pd,0.019790303079408135,0.003542888467242172,0.045068064918157166,20
1470,Pt-Pt,0.07654633789142104,0.0391017462693663,0.05967455274999908,20
1470,Rh-Pt,-0.1400250348325483,-0.11497127021901948,0.30297349359571213,20
1470,Pd-Rh,0.11845523450427928,0.07840585813353826,0.18157481331907707,20
1460,Pd-Pt,-0.03263206769916333,-0.01598399366250558,0.04971308068231921,20
1460,Pd-Pd,0.01313075502544423,0.0031405126192567876,0.04217799132651149,20
1460,Pt-Pt,0.0603007422570947,0.03770808189218538,0.07405140684808816,20
1460,Rh-Pt,-0.11464827852309982,-0.11252517493717454,0.40237669146595545,20
1460,Pd-Rh,0.09090763134206854,0.07586732743720129,0.22561678094526086,20
1450,Pd-Pt,-0.009033926769236788,-0.014957482511043984,0.0446713430948222,20
1450,Pd-Pd,0.003542442901380921,0.002639644567213681,0.03342423018555466,20
1450,Pt-Pt,0.02511259098295131,0.03609985451760859,0.07387996516137091,20
1450,Rh-Pt,-0.12096732916909717,-0.1104133081687969,0.2673597045811604,20
1450,Pd-Rh,0.04476526011224964,0.07358813609879951,0.18414663539712817,20
1440,Pd-Pt,-0.0053385541143953445,-0.01391632786116024,0.05405223856364659,20
1440,Pd-Pd,-0.0028137495530119625,0.0021353976566119417,0.041776781004467044,20
1440,Pt-Pt,0.030458190470483197,0.03446783568552117,0.1011933671897521,20
1440,Rh-Pt,-0.11787402162411027,-0.10888688744556407,0.3564960848305341,20
1440,Pd-Rh,0.03852241896758052,0.0718020919702365,0.22502205837927747,20
1430,Pd-Pt,0.006315850074932799,-0.01301499773605984,0.052735576168423594,20
1430,Pd-Pd,-0.014104553623775568,0.0017347178962949276,0.030335851514792192,20
1430,Pt-Pt,0.011129465229586355,0.033005309664177127,0.10605003975651323,20
1430,Rh-Pt,-0.13367216462758086,-0.10787257943676601,0.28866812221339216,20
1430,Pd-Rh,0.07463693525570991,0.07055041099019098,0.22890652371328948,20
1420,Pd-Pt,-0.003524439358901804,-0.012418619403953548,0.07502045228564942,20
1420,Pd-Pd,-0.00439010752033499,0.0015603024517068824,0.04483572126241409,20
1420,Pt-Pt,0.011525490219773343,0.03193521082035071,0.12455932607732574,20
1420,Rh-Pt,-0.0014334850410549882,-0.10741156672014439,0.3374410332748723,20
1420,Pd-Rh,0.011855904588395489,0.06981550980739636,0.22016081621016506,20
1410,Pd-Pt,0.002463412671176446,-0.012228511836372753,0.0851308887807019,20
1410,Pd-Pd,-0.007185722941568223,0.0016776526295220525,0.05646601158747243,20
1410,Pt-Pt,0.010159354757457462,0.03140577706431037,0.11823668933590657,20
1410,Rh-Pt,-0.0687159891367411,-0.10763784312085051,0.3397911817535243,20
1410,Pd-Rh,0.03386370472284331,0.06966801075124354,0.28366291484780626,20
1400,Pd-Pt,0.009099094748963981,-0.012503747379325128,0.08422975959353433,20
1400,Pd-Pd,-0.010714284105223387,0.0021321248465718495,0.06750267661260272,20
1400,Pt-Pt,-0.005104633668141017,0.031485849519311826,0.0988407677602853,20
1400,Rh-Pt,-0.04999862364107574,-0.10841268352146435,0.27963985759568777,20
1400,Pd-Rh,0.025124164159008967,0.06993816852779053,0.18008568324159013,20
1390,Pd-Pt,0.011736877678795499,-0.01321159433802355,0.07987599955658757,20
1390,Pd-Pd,-0.02201712824178314,0.0029064782526067997,0.06268304981951778,20
1390,Pt-Pt,0.013734099010639872,0.03212775809030408,0.11184136063251379,20
1390,Rh-Pt,-0.20166724605931838,-0.10954160341380867,0.3014209966930772,20
1390,Pd-Rh,0.12672306080261703,0.07038714057376115,0.23410810475173552,20
1380,Pd-Pt,-0.01406284867847637,-0.014254291974289698,0.047479135577830414,20
1380,Pd-Pd,0.007263508119453898,0.00393957119078971,0.04032021853844692,20
1380,Pt-Pt,0.024387795421417058,0.033173633855452855,0.08131372896569064,20
1380,Rh-Pt,-0.05485371621097969,-0.11080037877847336,0.2482333758102477,20
1380,Pd-Rh,0.06694181822779678,0.07082797385684318,0.1850918452919301,20
1370,Pd-Pt,-0.018838298019672572,-0.015540761321571693,0.055687053692213176,20
1370,Pd-Pd,0.005535377321931207,0.005162741580943743,0.044440562193448406,20
1370,Pt-Pt,0.04247810911570576,0.03450191298507665,0.09144669662968886,20
1370,Rh-Pt,-0.11327996876423618,-0.11184323441811105,0.2619096940492949,20
1370,Pd-Rh,0.1101422328572216,0.0709825556365618,0.22399133583929356,20
1360,Pd-Pt,-0.030745239492752752,-0.016907444354508215,0.052369023639247704,20
1360,Pd-Pd,0.016148110898202072,0.0064705637108097855,0.04607862515237048,20
1360,Pt-Pt,0.05462854584854928,0.035881659321279194,0.07804974552986302,20
1360,Rh-Pt,-0.11274461505084503,-0.11243772650654908,0.23160295761531288,20
1360,Pd-Rh,0.0766945833705434,0.07062063726962188,0.17194832042740402,20
1350,Pd-Pt,-0.02899444174268654,-0.018191383229162226,0.054660672324547875,20
1350,Pd-Pd,0.01590411328649862,0.007743617734518585,0.049887237859954144,20
1350,Pt-Pt,0.05314894505020584,0.03708901838239609,0.06320171123387396,20
1350,Rh-Pt,-0.25964409102549046,-0.11230601155458829,0.4307464821171283,20
1350,Pd-Rh,0.16184824154247446,0.06961529986391456,0.29846154811782555,20
1340,Pd-Pt,-0.0347628905139241,-0.019261062580826018,0.048540445536767986,20
1340,Pd-Pd,0.018350653481440337,0.008882996391261045,0.0414911930684401,20
1340,Pt-Pt,0.06561076603946932,0.037945680278325934,0.06811532397446587,20
1340,Rh-Pt,-0.14845761938931828,-0.1112867307500811,0.2976381719346507,20
1340,Pd-Rh,0.07505723910349253,0.06800875376020603,0.22525781724544008,20
1330,Pd-Pt,-0.03145433973254208,-0.019989458186495064,0.06187874185079778,20
1330,Pd-Pd,0.015092797585262274,0.009785043073595352,0.05083665216835184,20
1330,Pt-Pt,0.057890418382024945,0.03828992923973856,0.088686240047407,20
1330,Rh-Pt,-0.08104655172656833,-0.10954112955338591,0.27795801447962254,18
1330,Pd-Rh,0.042028478201615246,0.06599011255561334,0.20013358560339703,18
1320,Pd-Pt,-0.027178770657521632,-0.02033501255991873,0.05467461901866354,20
1320,Pd-Pd,0.017010392180943912,0.010409170467222098,0.04145228780437485,20
1320,Pt-Pt,0.04307370343916189,0.03808490605245255,0.07882550728407559,20
1320,Rh-Pt,-0.06101490288340573,-0.10704488640840751,0.37510498292602384,17
1320,Pd-Rh,0.036387515878685335,0.06368556382588629,0.2571298889668671,17
1310,Pd-Pt,-0.019577146272883823,-0.020276880135106597,0.041165614106072605,20
1310,Pd-Pd,0.013129846757671893,0.010728493943429443,0.03225070009950935,20
1310,Pt-Pt,0.029127126836830518,0.037328229443244015,0.06250792988933657,20
1310,Rh-Pt,-0.12081122170788425,-0.10415888061500295,0.3782486142782319,16
1310,Pd-Rh,0.06081615875580073,0.06139690164888642,0.2373457508126223,16
1300,Pd-Pt,-0.02925605774717822,-0.019817122984423757,0.056390894250054,20
1300,Pd-Pd,0.01757376197361169,0.010725346468892206,0.03875983444467383,20
1300,Pt-Pt,0.052250568926137844,0.036052021720201395,0.0902371438650352,20
1300,Rh-Pt,-0.08502013213115911,-0.10127490514755304,0.31877644979543107,17
1300,Pd-Rh,0.02458660645234016,0.05948194723020713,0.2395695225303137,17
1290,Pd-Pt,-0.01931081319814215,-0.01900760948093024,0.06557487315704862,20
1290,Pd-Pd,0.011074691505718165,0.010419298299007106,0.043604853866707975,20
1290,Pt-Pt,0.037857693093123215,0.034363791035657426,0.10822487617248162,20
1290,Rh-Pt,-0.19122012876553188,-0.09872697089399793,0.3491331669962117,17
1290,Pd-Rh,0.10580250734198703,0.058179745233199416,0.2601534752078112,17
1280,Pd-Pt,-0.008518881537225697,-0.017885610237999488,0.05266874441934333,20
1280,Pd-Pd,0.0009011482357831113,0.009828739063317375,0.037064635869635015,20
1280,Pt-Pt,0.022594265559978528,0.03234208406135523,0.07805123958125451,20
1280,Rh-Pt,-0.12374773248707234,-0.09709183341700044,0.1984511538248092,17
1280,Pd-Rh,0.06339546556969476,0.05779052800520323,0.18611169500126173,17
1270,Pd-Pt,-0.020523486954794147,-0.01650881740475446,0.0392068098167079,20
1270,Pd-Pd,0.015303363634835847,0.008975829624363295,0.026904531844045933,20
1270,Pt-Pt,0.02821169590197784,0.03012158511255502,0.06596210451125517,20
1270,Rh-Pt,0.015778069314336708,-0.09681650278046496,0.43917315511384,19
1270,Pd-Rh,-0.01320098599076874,0.05849513133035055,0.29406727887750517,19
1260,Pd-Pt,-0.020137885723036163,-0.014921478198763773,0.05333916684046785,20
1260,Pd-Pd,0.014895088453310107,0.007886058698789505,0.044560436969356805,20
1260,Pt-Pt,0.029393901585019026,0.027784460879318084,0.07643397515203408,20
1260,Rh-Pt,-0.016089135268450117,-0.09808411126912218,0.4533951916051085,20
1260,Pd-Rh,0.014910129900265301,0.060287107521880004,0.34453547432364007,20
1250,Pd-Pt,-0.026085231225707793,-0.013197947715321203,0.049265797338983106,20
1250,Pd-Pd,0.019684759490227598,0.006610814996252242,0.037380452585355745,20
1250,Pt-Pt,0.03631920701315791,0.025439901110372636,0.07698428225158058,20
1250,Rh-Pt,0.0035690494718716576,-0.10100806487634939,0.33110281537021835,16
1250,Pd-Rh,-0.012353438525910962,0.06313579779209534,0.2838881410701663,16
1240,Pd-Pt,-0.01214129000002625,-0.011420155331571301,0.06441893268525349,20
1240,Pd-Pd,0.004921642406269511,0.005211589055569846,0.04677086898980727,20
1240,Pt-Pt,0.02375113844998759,0.023212168396896778,0.09776197467397077,20
1240,Rh-Pt,-0.06113187416798103,-0.10557615309772723,0.4232295436114032,17
1240,Pd-Rh,0.0615781534205836,0.06690668650703524,0.3123600969616146,17
1230,Pd-Pt,0.0055969217994283615,-0.00965268211211034,0.07279960385297371,20
1230,Pd-Pd,-0.005759095911953805,0.0037510650810802645,0.05369245628414954,20
1230,Pt-Pt,-0.003904734918155367,0.021166792451114688,0.10240120990129492,20
1230,Rh-Pt,-0.17212420053473457,-0.11158283832672972,0.28889012638199496,19
1230,Pd-Rh,0.11908485249444616,0.07132126339846104,0.20202371652258738,19
1220,Pd-Pt,-0.009904361643622878,-0.007953427664533035,0.06354277566157032,20
1220,Pd-Pd,0.004079495309585529,0.0022771482597814725,0.04203514554138899,20
1220,Pt-Pt,0.015599705254815067,0.019376978319800443,0.10209375636671983,20
1220,Rh-Pt,-0.09902663301449106,-0.1187843603061656,0.32118143846644615,19
1220,Pd-Rh,0.09385409816087312,0.07612085850367999,0.2046625748696118,19
1210,Pd-Pt,-0.015559803001073546,-0.006406481243264188,0.06869225263901112,20
1210,Pd-Pd,0.007669407340771234,0.0008812433207098753,0.04767374395677033,20
1210,Pt-Pt,0.030400439398808776,0.01789066820402563,0.1015702291666564,20
1210,Rh-Pt,-0.1530973634540067,-0.12649165392899805,0.4279292665967315,19
1210,Pd-Rh,0.09385739735098309,0.08088012459079774,0.29657063922557353,19
1200,Pd-Pt,-0.0005807617477423199,-0.005101393929887349,0.06546862667501802,20
1200,Pd-Pd,-0.0015552608546189506,-0.00035149577892446584,0.04489827383681161,20
1200,Pt-Pt,0.005897464890359233,0.01678693802382857,0.09404273205442133,20
1200,Rh-Pt,-0.07118323441741098,-0.13411102398729205,0.3802432484540235,18
1200,Pd-Rh,0.04388350155992035,0.08522257693095836,0.2225989973541669,18
1190,Pd-Pt,0.0011892482169083007,-0.004127913340642381,0.06822452514010292,20
1190,Pd-Pd,-0.005657204322727366,-0.0013295941824532454,0.04619193591171094,20
1190,Pt-Pt,0.012634651446980765,0.016131688116869027,0.10406465163685195,20
1190,Rh-Pt,-0.08770411034955049,-0.14099015284459587,0.4142208877619088,18
1190,Pd-Rh,0.0544446160799296,0.08873251934993659,0.2818704116881605,18
1180,Pd-Pt,0.018353308382744703,-0.003549747533532777,0.05543872295331265,20
1180,Pd-Pd,-0.019996186737542228,-0.001988360236437272,0.035349733189009566,20
1180,Pt-Pt,-0.007502857373321864,0.015966627674901517,0.090623083691101,20
1180,Rh-Pt,-0.3547303199289825,-0.14702003220537246,0.338268360433994,18
1180,Pd-Rh,0.22361527802249193,0.09142265034828749,0.22906557813741016,18
1170,Pd-Pt,-0.00490419354766738,-0.003443247321736571,0.05605815403042781,20
1170,Pd-Pd,-0.006255638261039437,-0.002254680151003379,0.03851525299048584,20
1170,Pt-Pt,0.027722309841479508,0.016362750817726267,0.09385907392021124,20
1170,Rh-Pt,-0.18654984349753911,-0.15176822022862316,0.2752205084957971,18
1170,Pd-Rh,0.12684810215462677,0.09306505285793343,0.202722087112544,18
1160,Pd-Pt,0.0028624138309399083,-0.0038305502913501934,0.046893954202956466,20
1160,Pd-Pd,-0.00948874366408527,-0.002104072666340929,0.038306175088313396,20
1160,Pt-Pt,0.01608350423556653,0.017322933158035923,0.070899525475311,20
1160,Rh-Pt,-0.21202297223351946,-0.15506727104263968,0.4953117374557485,18
1160,Pd-Rh,0.11586530853927907,0.09365601252031479,0.3256517449058708,18
1150,Pd-Pt,0.01568458320341131,-0.004723189878141274,0.06967747842832853,20
1150,Pd-Pd,-0.01797601054489773,-0.0015248193066321684,0.0500362332309931,20
1150,Pt-Pt,-0.007158070518800508,0.018851399667874073,0.1042127955281478,20
1150,Rh-Pt,-0.2063504166442329,-0.15717593726158416,0.41995596811857694,18
1150,Pd-Rh,0.13077006520791767,0.09353083325135618,0.26708902489268893,18
1140,Pd-Pt,0.0031892783463631225,-0.006055511241419702,0.07544616880902398,20
1140,Pd-Pd,-0.006421642638039243,-0.0005621033766962499,0.04988232684448811,20
1140,Pt-Pt,0.005452775765190215,0.020850332244514196,0.12197164125833757,20
1140,Rh-Pt,-0.08595576733814857,-0.15835899590629168,0.4433075046556973,17
1140,Pd-Rh,0.05459694948211553,0.09295232400983951,0.29854721374155035,17
1130,Pd-Pt,-0.006736447246907718,-0.007754986776419489,0.06760665995790933,20
1130,Pd-Pd,0.002321836390845522,0.0007222135091807846,0.06034790985563912,20
1130,Pt-Pt,0.013328870392571617,0.02323771993974538,0.08678895665902059,20
1130,Rh-Pt,-0.161187393018203,-0.15882292311683494,0.37567186480566894,15
1130,Pd-Rh,0.10233493689527254,0.09211524044444815,0.25986443615938665,15
1120,Pd-Pt,-0.005916564559116494,-0.009691088106404282,0.06403701841585757,20
1120,Pd-Pd,-0.00316037546774528,0.0022252755928430937,0.04939095161081942,20
1120,Pt-Pt,0.0240321166052138,0.02584471013023224,0.10079587095323475,20
1120,Rh-Pt,-0.2539636306852865,-0.15933291714623557,0.2381655881420432,17
1120,Pd-Rh,0.1468664232848037,0.09166723653275713,0.17624893807692865,17
1110,Pd-Pt,-0.001240401344718145,-0.011686118357688529,0.059797091969325936,20
1110,Pd-Pd,-0.0025023957907809313,0.003807647898440144,0.039897527331231,20
1110,Pt-Pt,0.012505379364808583,0.028434108755585028,0.10446575169436509,20
1110,Rh-Pt,-0.05295833184903063,-0.160002864849973,0.551623524170898,16
1110,Pd-Rh,-0.007680204070263583,0.09175447677816344,0.3362479572307617,16
1100,Pd-Pt,-0.003916028492826002,-0.013613171958731754,0.05082480213090104,20
1100,Pd-Pd,0.0002669752826640781,0.00537186247922775,0.0351116278437581,20
1100,Pt-Pt,0.01698049430425051,0.030832234354807152,0.08192456406754565,20
1100,Rh-Pt,-0.06433801253947513,-0.1611929072552926,0.4358317810408659,17
1100,Pd-Rh,0.001510200323328231,0.0926615333957741,0.26099432960138763,17
1090,Pd-Pt,-0.0331797064344486,-0.015318563973312594,0.05572648095513682,20
1090,Pd-Pd,0.019163577351740617,0.006797866854090216,0.03988854053694426,20
1090,Pt-Pt,0.05796183142800354,0.03283654381066222,0.08595937012838878,20
1090,Rh-Pt,-0.04092639704597114,-0.16291676857348542,0.34433982035342003,18
1090,Pd-Rh,0.024897436496455778,0.09440465999578121,0.2626101422106935,18
1080,Pd-Pt,-0.04850205055180581,-0.016699682339829956,0.04053336321759268,20
1080,Pd-Pd,0.029299701140642696,0.00800888537476338,0.027764803985526984,20
1080,Pt-Pt,0.0861381688229054,0.03430438685560059,0.0806965952691357,20
1080,Rh-Pt,-0.19072167007817667,-0.165018001786914,0.4198403303816463,18
1080,Pd-Rh,0.10107789357341705,0.09680538659684787,0.30787940139712067,18
1070,Pd-Pt,-0.0485522930792897,-0.017672991302415494,0.05287848630014771,20
1070,Pd-Pd,0.030695575114388186,0.008938303275756483,0.035527082838512726,20
1070,Pt-Pt,0.08294652151185422,0.03512763921509172,0.08970715985050165,20
1070,Rh-Pt,-0.2555322707726399,-0.16729732569847236,0.5215566079094545,17
1070,Pd-Rh,0.12455307252039764,0.09966855986572548,0.38409348391907383,17
1060,Pd-Pt,-0.02623182713642948,-0.018178359216942386,0.06446584487516609,20
1060,Pd-Pd,0.013600496886804514,0.009543234576650335,0.04546676978092885,20
1060,Pt-Pt,0.05009102471178025,0.03522081624807811,0.10392914899210563,20
1060,Rh-Pt,-0.2595425191638632,-0.16948381604483173,0.4643666697206123,18
1060,Pd-Rh,0.1678919779697282,0.10272316406630677,0.34523931217074355,18
1050,Pd-Pt,-0.021005765870061078,-0.018252711677505702,0.06931428629157418,20
1050,Pd-Pd,0.0118333781158468,0.009844681387800598,0.050500534313683634,20
1050,Pt-Pt,0.03601704652408287,0.034646486521290785,0.1020645635409311,20
1050,Rh-Pt,-0.16783287459348878,-0.1709599882010179,0.4200887564327448,17
1050,Pd-Rh,0.12118501266919011,0.105449587321412,0.2860782789972645,17
1040,Pd-Pt,-0.01294109075016212,-0.017955615389420275,0.05771514673069336,20
1040,Pd-Pd,0.009061662214494703,0.009879475016443066,0.04438802139065159,20
1040,Pt-Pt,0.021429166683319685,0.03351431250235402,0.08384965541279586,20
1040,Rh-Pt,-0.08280558228130856,-0.17156386832758921,0.35812056147709875,17
1040,Pd-Rh,0.06130412514136586,0.10757666869744865,0.26279550237699545,17
1030,Pd-Pt,-0.0004975345296213462,-0.017353112617779345,0.0500318615095397,20
1030,Pd-Pd,-0.003565652885945736,0.009694301172523349,0.04269164484503968,20
1030,Pt-Pt,0.008535768017444134,0.03193095566955451,0.06253014466851863,20
1030,Rh-Pt,-0.26570215707825223,-0.17144845756463145,0.39725772283101557,19
1030,Pd-Rh,0.19421565467134858,0.10907378715008724,0.2965785125145994,19
1020,Pd-Pt,-0.011429942611181127,-0.01653215579819127,0.06862220607304943,20
1020,Pd-Pd,0.005307319939972727,0.009345060001396227,0.05420351410118155,20
1020,Pt-Pt,0.02580932330997569,0.03004322030936821,0.10110105432599573,20
1020,Rh-Pt,-0.2437200084407648,-0.17015443080799758,0.4357017457240343,18
1020,Pd-Rh,0.15828096545660697,0.10960732032602731,0.26704405625410294,18
1010,Pd-Pt,-0.009791662040790244,-0.015583789151935186,0.0606635370234083,20
1010,Pd-Pd,0.006054793909956497,0.008883832016946168,0.049101840660410644,20
1010,Pt-Pt,0.019085250876895415,0.0280226870120975,0.07678391853062067,20
1010,Rh-Pt,-0.14889187380982924,-0.16854984096948758,0.49153948378222195,19
1010,Pd-Rh,0.07975642443417577,0.10968735426206906,0.3404054715181128,19
1000,Pd-Pt,-0.028812939877855253,-0.01459849379613387,0.04825643371307258,20
1000,Pd-Pd,0.01694068019234769,0.008364600151644001,0.038596457722434474,20
1000,Pt-Pt,0.04675922372109603,0.026026049120520187,0.0643835678217502,20
1000,Rh-Pt,-0.28417968734442045,-0.16689135202985847,0.4716899944995156,18
1000,Pd-Rh,0.21220798418895814,0.10949531256080716,0.3443537870789439,18
990,Pd-Pt,-0.024455025711761787,-0.013658787112634773,0.058774739273907674,20
990,Pd-Pd,0.01577634944417721,0.007835973435965945,0.039569255306134,20
990,Pt-Pt,0.03790777254831023,0.024203315367499242,0.09511034300965353,20
990,Rh-Pt,-0.20387311095769747,-0.1659587648723213,0.3532928230001718,11
990,Pd-Rh,0.15533983609457436,0.1095418704107215,0.20616503489003468,11
980,Pd-Pt,-0.021094583150571194,-0.012788371648324932,0.05481748260883387,20
980,Pd-Pd,0.014501933892174346,0.007312412896211344,0.038468339572500475,20
980,Pt-Pt,0.03227924745878434,0.02259547215525365,0.08682079263521067,20
980,Rh-Pt,0.008515904228328161,-0.16628595359150583,0.44205486239063,12
980,Pd-Rh,-0.03604203184384635,0.11024976974107921,0.3192140345582574,12
970,Pd-Pt,-0.00985455920406717,-0.012030641081213128,0.04135378235496984,20
970,Pd-Pd,0.005912478673165833,0.006821511021523924,0.028465588571119707,20
970,Pt-Pt,0.01620129518803042,0.02127919391869324,0.06662570346148339,20
970,Rh-Pt,-0.15266292697162948,-0.16813542105942217,0.3799641202579887,14
970,Pd-Rh,0.08999347395438688,0.11179677535162372,0.28549674855816715,14
960,Pd-Pt,0.01760970013337057,-0.011398872480309085,0.04394405044514274,20
960,Pd-Pd,-0.010480091281012988,0.006371774494415282,0.030852829406657043,20
960,Pt-Pt,-0.030463308730969946,0.02027100599855613,0.07062483088832577,20
960,Rh-Pt,0.07107094015648739,-0.17212539301007138,0.3309666479519378,11
960,Pd-Rh,-0.04189033870428363,0.11463223930896294,0.21990435050091914,11
950,Pd-Pt,0.004672889036294686,-0.010889841480111366,0.05644674343817336,20
950,Pd-Pd,-0.0017732750528252738,0.005964311776767805,0.03980359358766881,20
950,Pt-Pt,-0.011434655682100942,0.019559362620354678,0.08777573926091867,20
950,Rh-Pt,-0.13019320249083138,-0.17824307648439414,0.5782213554255745,13
950,Pd-Rh,0.0955717257696531,0.11869626141667326,0.30721398355834184,13
940,Pd-Pt,-0.0033664751993408735,-0.010472293087536826,0.05643437379752631,20
940,Pd-Pd,0.0009660807834754703,0.005590347237204721,0.037996927023650685,20
940,Pt-Pt,0.007177375067652925,0.01907037846315278,0.08777358905854504,20
940,Rh-Pt,-0.155325197936149,-0.18624687813849242,0.39590336033367557,14
940,Pd-Rh,0.10705198530673313,0.1237718685717563,0.22370361779509518,14
930,Pd-Pt,-0.018985004091137632,-0.010107649342996752,0.03916110869880163,20
930,Pd-Pd,0.009735027559813375,0.005240852058209652,0.02606198934870761,20
930,Pt-Pt,0.036348066389041714,0.018710698795420817,0.06463773386715731,20
930,Rh-Pt,-0.19999462116156833,-0.19575221333526874,0.39924978264911004,14
930,Pd-Rh,0.1252809525055878,0.12954365625931946,0.251390275501754,14
920,Pd-Pt,-0.025094806070347614,-0.00976508099846271,0.051937034895376474,20
920,Pd-Pd,0.014517466847538768,0.004907204327393684,0.03804075769210854,20
920,Pt-Pt,0.04739445652472054,0.01840038840055756,0.07979762020280756,20
920,Rh-Pt,-0.3298672589705404,-0.20627069748540228,0.4684371296180614,15
920,Pd-Rh,0.19490226211119802,0.1356922768229098,0.3086705756536553,15
910,Pd-Pt,-0.01530199560481108,-0.009434479066864034,0.057551740839995966,20
910,Pd-Pd,0.008388638094816376,0.004598017874763598,0.042934139612056554,20
910,Pt-Pt,0.027102746816083968,0.01809422691576728,0.08394246303067995,20
910,Rh-Pt,-0.3602038804960138,-0.21710140132853792,0.5578556785793137,13
910,Pd-Rh,0.26820858320096624,0.14168285696028712,0.40034568627322764,13
900,Pd-Pt,-0.022004984471443396,-0.009129709738401446,0.05376892674731947,20
900,Pd-Pd,0.011374882939560904,0.004339692298136354,0.03846134733803908,20
900,Pt-Pt,0.0382327193072836,0.017777242015496807,0.08749036295463453,20
900,Rh-Pt,-0.15238254547941465,-0.22768452434750586,0.43341120868550026,9
900,Pd-Rh,0.1386008930231184,0.14713195819948943,0.32374746932827464,9
890,Pd-Pt,-0.01684621985532777,-0.008839340028262133,0.07305091992883614,20
890,Pd-Pd,0.005854989678824968,0.004129525010107704,0.05323334851600321,20
890,Pt-Pt,0.034024576151728665,0.017419591679541407,0.11013380510703576,20
890,Rh-Pt,-0.08756402419427993,-0.2372836847387848,0.4504992870468594,11
890,Pd-Rh,0.08276807587012038,0.15160898264713557,0.284038927046888,11
880,Pd-Pt,-0.007080195345684293,-0.00860825861392801,0.06321259632849183,20
880,Pd-Pd,0.0015628161663718888,0.004001382681979558,0.04670376989598257,20
880,Pt-Pt,0.01849261211578549,0.017076484292820993,0.09303133619016035,20
880,Rh-Pt,-0.4708227464427505,-0.2451174297726371,0.538644848390261,7
880,Pd-Rh,0.2850463280849592,0.15472140629817452,0.3287609298373472,7
870,Pd-Pt,0.015377494053272716,-0.008463750092422112,0.0707424193808013,20
870,Pd-Pd,-0.010047507198136806,0.0039724678626245425,0.04510721135801825,20
870,Pt-Pt,-0.024798195046225224,0.016794431654651356,0.1193624331845783,20
870,Rh-Pt,-0.11873860420372048,-0.2509068022391122,0.2180208233664012,7
870,Pd-Rh,0.07138062666714808,0.15637865200039514,0.17521845114925175,7
860,Pd-Pt,-0.0002599273641352151,-0.008397723220024177,0.06491047552313337,20
860,Pd-Pd,-0.00191684641020618,0.004023619283450945,0.041350475565236224,20
860,Pt-Pt,0.005685031600424256,0.016580025886741317,0.10861846107989066,20
860,Rh-Pt,-0.2823928673601876,-0.2542731663224794,0.4717374259053931,6
860,Pd-Rh,0.16845020026140975,0.15654948700968227,0.33558655420182687,6
850,Pd-Pt,0.007422408805951336,-0.008422646894367822,0.06811364401598315,20
850,Pd-Pd,-0.007018975005020095,0.0041527510752316305,0.049505393133464234,20
850,Pt-Pt,-0.004282577646709062,0.016471958884588033,0.09913022366094636,20
850,Rh-Pt,-0.2892183367093762,-0.25533048234932154,0.47912638035762084,9
850,Pd-Rh,0.15225842250878383,0.15549026145610603,0.31704781449880975,9
840,Pd-Pt,-0.009238828466839244,-0.008523976606243346,0.06712967284678681,20
840,Pd-Pd,0.0017961360628154454,0.00433997353531156,0.04698228423533929,20
840,Pt-Pt,0.0239908583978873,0.01646439844102677,0.10180362845686029,20
840,Rh-Pt,-0.48079090867809315,-0.2535919519450636,0.5678252602351771,7
840,Pd-Rh,0.27296423586997476,0.15297929719976486,0.35267463680432,7
830,Pd-Pt,-0.0063797128864795825,-0.008658973181324447,0.05466693989349959,20
830,Pd-Pd,0.005492068327669247,0.004539801733676455,0.037605967885597974,20
830,Pt-Pt,0.0062173068092136186,0.016516066925184206,0.08501312700862726,20
830,Rh-Pt,-0.39727597106188084,-0.24977411508375388,0.3245325254718591,7
830,Pd-Rh,0.24705509577539922,0.14967830597529286,0.2522945826313465,7
820,Pd-Pt,-0.01585359804593488,-0.008766884459979474,0.06166511353136537,20
820,Pd-Pd,0.014593724520527785,0.00469798643419111,0.0487324531996075,20
820,Pt-Pt,0.017745256068573696,0.016555831450531175,0.0918942363401367,20
820,Rh-Pt,-0.16462272579293855,-0.24453048882469475,0.642879586852991,10
820,Pd-Rh,0.08042171765433226,0.14616398518933135,0.47400119165451665,10
810,Pd-Pt,-0.017265954142599838,-0.008801518231854393,0.06012645309583103,20
810,Pd-Pd,0.010135368567155517,0.0047793866671615465,0.045457915306173005,20
810,Pt-Pt,0.029892322857772335,0.016520238607125228,0.09116051430150204,20
810,Rh-Pt,-0.350482348452372,-0.23824486229327396,0.4661677110267118,12
810,Pd-Rh,0.22963282990064346,0.14254583510890645,0.3333611141588536,12
800,Pd-Pt,-0.023715673170181306,-0.00872095157586725,0.05093855481082232,20
800,Pd-Pd,0.015107750288123029,0.004749510816252759,0.033851805219881646,20
800,Pt-Pt,0.03951281990998316,0.01635397861832961,0.08346133202394568,20
800,Rh-Pt,-0.11008977722120936,-0.23215493647717136,0.5430038827539877,13
800,Pd-Rh,0.04422265486548015,0.13959736238019999,0.35686847031573316,13
790,Pd-Pt,-0.021641741757995048,-0.008487890785543763,0.038254117772169464,20
790,Pd-Pd,0.013091223169193417,0.004587367838098501,0.029134764243978113,20
790,Pt-Pt,0.03811792482648828,0.01599088802073069,0.059382535469590755,20
790,Rh-Pt,-0.08068604281803193,-0.2264828002516756,0.49855191067193677,10
790,Pd-Rh,0.010708640018984906,0.13742411478703243,0.33914032757599166,10
780,Pd-Pt,-0.022105365271039974,-0.008102683702675584,0.04097708009877285,20
780,Pd-Pd,0.015363359219923472,0.004294763335363793,0.029549808367068338,20
780,Pt-Pt,0.03372563138360787,0.015428021083021506,0.06030064862872819,20
780,Rh-Pt,-0.05674461264523375,-0.22218654842082733,0.45545649150282597,7
780,Pd-Rh,0.0051903089630373255,0.1364562236022424,0.28492769532883294,7
770,Pd-Pt,-0.0010211966108203963,-0.007644577606129045,0.059668441674884595,20
770,Pd-Pd,-0.0018420124312052144,0.003930855726617157,0.03795988613851596,20
770,Pt-Pt,0.007907388456310133,0.0147794207426168,0.10107846466958939,20
770,Rh-Pt,-0.2604398474561687,-0.22006766206858527,0.24666223834432385,7
770,Pd-Rh,0.17547099615470094,0.13696034497500958,0.18278101920283282,7
760,Pd-Pt,0.00920927254383867,-0.007171683484498373,0.06370714790322916,20
760,Pd-Pd,-0.00950489244300704,0.0035418444873449944,0.04330857610700038,20
760,Pt-Pt,-0.006134397781038109,0.014123585235879945,0.0963552758656527,20
760,Rh-Pt,-0.23217357689407375,-0.22075902803195813,0.3058800656650058,7
760,Pd-Rh,0.14992338985567358,0.13912973546058333,0.21136810567107814,7
750,Pd-Pt,0.0013937964312419281,-0.006783767658987557,0.04390444457281643,20
750,Pd-Pd,-0.0017359381888056192,0.0032015222323130152,0.03045852712531719,20
750,Pt-Pt,-0.00015771603543770495,0.013611637215456093,0.0659328869909251,20
750,Rh-Pt,-0.33228134585329455,-0.22473937384852502,0.3209945840208129,6
750,Pd-Rh,0.23920659693944182,0.14297358175859573,0.2632680710106289,6
740,Pd-Pt,0.007780238061582917,-0.006534030968900106,0.06203662307396616,20
740,Pd-Pd,-0.005783088484185001,0.0029583372011806335,0.041176655627352364,20
740,Pt-Pt,-0.010555711891004915,0.0133058752682241,0.09585526451884933,20
740,Rh-Pt,-0.2334783880836513,-0.23235173313346674,0.46200383351513014,8
740,Pd-Rh,0.16787982273628263,0.14845729335299393,0.36271530637984734,8
730,Pd-Pt,-0.01119217817082534,-0.006493308527076539,0.04272370277285904,20
730,Pd-Pd,0.00797317376242453,0.0028684138502693083,0.03213006241331478,20
730,Pt-Pt,0.01525476115246308,0.013304441948894387,0.05848391526147442,20
730,Rh-Pt,0.024560507655242675,-0.24370309989586567,0.29319859355290767,8
730,Pd-Rh,0.013692827162610957,0.15546026638179347,0.26073822206710856,8
720,Pd-Pt,-0.01634923005602859,-0.006698381102001533,0.06463806064646219,20
720,Pd-Pd,0.00952231281556425,0.0029596312282388344,0.04179543942524085,20
720,Pt-Pt,0.028325929109062543,0.013661243619702576,0.10217880865223213,20
720,Rh-Pt,-0.26387374456596424,-0.2587432752791402,0.2988513528083593,10
720,Pd-Rh,0.16599509956543684,0.16388652729506373,0.23321668093863668,10
710,Pd-Pt,0.002248620829624781,-0.007165133123645023,0.043929864459751,20
710,Pd-Pd,-0.005565869497222181,0.003250570299495124,0.035683577396694234,20
710,Pt-Pt,0.004249227135472727,0.014393712074056998,0.0619500617734718,20
710,Rh-Pt,-0.17038251342835442,-0.2776418975645543,0.4240013247488953,9
710,Pd-Rh,0.1211980219990256,0.17372521816076558,0.3375731335417135,9
700,Pd-Pt,0.010787391370934457,-0.007851921705782415,0.043887028117201875,20
700,Pd-Pd,-0.010829992793064458,0.003727049212192802,0.028850704273244366,20
700,Pt-Pt,-0.009782366726164431,0.015410100074801373,0.07047691699174793,20
700,Rh-Pt,-0.3975889515635198,-0.2992217664695192,0.3195491560896493,9
700,Pd-Rh,0.29273846290323047,0.18430550293010112,0.2119210358049875,9
690,Pd-Pt,-0.010065883861497565,-0.008745257177806817,0.05416583799576214,20
690,Pd-Pd,0.00576494826000788,0.004380154880780881,0.03634297978533371,20
690,Pt-Pt,0.01657626792265949,0.016686425448049585,0.08556640956277368,20
690,Rh-Pt,0.003106044137298409,-0.32288747544056834,0.5073607618825563,7
690,Pd-Rh,-0.007240868202448022,0.19548974749088827,0.32999400876806306,7
680,Pd-Pt,-0.0067176855791078295,-0.009756816746044445,0.05397822847835521,20
680,Pd-Pd,0.003903433013820251,0.005156112893376032,0.03866551930580836,20
680,Pt-Pt,0.011241549327851324,0.018074487544627423,0.0801217666162303,20
680,Rh-Pt,-0.16416135137774387,-0.3472524096870193,0.3570450143219704,8
680,Pd-Rh,0.10935641897724468,0.2067126672836156,0.29121246140374585,8
670,Pd-Pt,-0.007830650845486653,-0.01082126750257267,0.06139157982605587,20
670,Pd-Pd,0.001209828472059038,0.006007958610682859,0.04458365285278112,20
670,Pt-Pt,0.019548932935706566,0.019470671828153104,0.09183662373488517,20
670,Rh-Pt,-0.45026505163700287,-0.37156730455315146,0.2369183987064284,5
670,Pd-Rh,0.35053916321809614,0.21784461266739102,0.1871515698713812,5
660,Pd-Pt,-0.021407808057631726,-0.011872055070975579,0.05978510846946654,20
660,Pd-Pd,0.012048077107284515,0.0068908163176504885,0.041297773752381146,20
660,Pt-Pt,0.038897349550126914,0.020763333363217108,0.09484382097473325,20
660,Rh-Pt,-0.5558504103395743,-0.3946796598973341,0.5327115632449323,3
660,Pd-Rh,0.2941767805155784,0.2286268882659548,0.30563100195744797,3
650,Pd-Pt,-0.02336473472273871,-0.012842019033849109,0.048786529817939066,20
650,Pd-Pd,0.013818183216128621,0.007758491362444789,0.03311903865665904,20
650,Pt-Pt,0.041453558929981905,0.021844535933038714,0.07616107949101387,20
650,Rh-Pt,-0.8642305407011288,-0.4159401800066696,0.13654765530934493,2
650,Pd-Rh,0.42307692307692313,0.23904037019245844,0.09065471553673685,2
640,Pd-Pt,-0.026653098235264905,-0.013658920718110859,0.05177662157956828,20
640,Pd-Pd,0.01925670864116095,0.008550442049310276,0.04053538035136089,20
640,Pt-Pt,0.04002479481817832,0.02261907591483529,0.07153380267114287,20
640,Rh-Pt,-0.5752765752765752,-0.4340079289369653,0.4181178126674772,3
640,Pd-Rh,0.28672691830586566,0.24858294206856582,0.18998566048548257,3
630,Pd-Pt,0.0026598517563756418,-0.014271783374640095,0.048438244973482696,20
630,Pd-Pd,-0.0026762061242658177,0.009220398344619735,0.03265942490727162,20
630,Pt-Pt,-0.0013509936986098147,0.023028866275583162,0.07559789586774165,20
630,Rh-Pt,-0.41479355970030274,-0.44888754199731434,0.5759186802871297,3
630,Pd-Rh,0.1895078101974654,0.2575154918688921,0.32030187068006194,3
620,Pd-Pt,-0.024047416846137936,-0.014654420685541536,0.04638779037912567,20
620,Pd-Pd,0.015317496251167895,0.00973942296563266,0.031614634475902605,20
620,Pt-Pt,0.040103234201527005,0.023057728848705116,0.07169840800963947,20
620,Rh-Pt,-0.45564323290291714,-0.4610286774852108,0.6352944556083298,3
620,Pd-Rh,0.19461050186732123,0.2661710351396336,0.32745714392488756,3
610,Pd-Pt,-0.016048227279693857,-0.014799421575856914,0.05032955649411126,20
610,Pd-Pd,0.01126287271736941,0.01008766060273635,0.038321702023737504,20
610,Pt-Pt,0.023525659190546923,0.02272368744617514,0.06932249535306342,20
610,Rh-Pt,-0.5509259259259259,-0.4709647275387311,0.4255735257141258,2
610,Pd-Rh,0.31172092189041345,0.27477653908901273,0.2251124628474795,2
600,Pd-Pt,-0.027269736915347183,-0.014703143680402367,0.07556203204211083,20
600,Pd-Pd,0.017236686710631742,0.01024833701579765,0.053733049778069364,20
600,Pt-Pt,0.04364883336605849,0.022056378874624357,0.11220068494700318,20
600,Rh-Pt,-0.4802631578947369,-0.48015889060870554,0.852870021167985,2
600,Pd-Rh,0.3123089747151987,0.28411052472988874,0.5730466180774557,2
590,Pd-Pt,-0.01802165717771003,-0.014346743702477028,0.06762284812555801,20
590,Pd-Pd,0.014358658372535204,0.01019087987556064,0.04355136467082829,20
590,Pt-Pt,0.0235316995268467,0.021069582828041677,0.10918568718181372,20
590,Rh-Pt,-0.28205128205128194,-0.4899171418168359,nan,1
590,Pd-Rh,0.16666666666666674,0.2946232440799846,nan,1
580,Pd-Pt,-0.014533570560587216,-0.013772407608455953,0.05901994169905586,20
580,Pd-Pd,0.014136292038624088,0.009937829411868104,0.04269397844763571,20
580,Pt-Pt,0.014051018567964518,0.019847828260071972,0.08597262206254973,20
580,Rh-Pt,nan,-0.5021006710622462,nan,0
580,Pd-Rh,nan,0.3070344172787806,nan,0
570,Pd-Pt,-0.01075722761536228,-0.01300404152818689,0.043742217662288224,20
570,Pd-Pd,0.009238204803999811,0.009499769550395304,0.03246956975375999,20
570,Pt-Pt,0.011654965715865107,0.018446510854591827,0.0625085216464544,20
570,Rh-Pt,-0.44927536231884035,-0.5174085943347454,nan,1
570,Pd-Rh,0.37106918238993714,0.3213338337720658,nan,1
560,Pd-Pt,-0.011513200442673755,-0.012072210970553585,0.060364842636101035,20
560,Pd-Pd,0.008301611635858486,0.0088974691421961,0.046311819374298846,20
560,Pt-Pt,0.015563826541046755,0.016916856786908414,0.08303648553104198,20
560,Rh-Pt,-0.5503875968992247,-0.5361083706154011,nan,1
560,Pd-Rh,0.40476190476190477,0.3372751686366755,nan,1
550,Pd-Pt,-0.010746184993740037,-0.011036986516268716,0.06453153895362165,20
550,Pd-Pd,0.011088394591380685,0.00817681726754685,0.04608457594367969,20
550,Pt-Pt,0.008681619765613536,0.0153456536578329,0.09473212753293923,20
550,Rh-Pt,nan,-0.5583049160869978,nan,0
550,Pd-Rh,nan,0.3545965565473453,nan,0
540,Pd-Pt,-0.023439861376706804,-0.009914394622415256,0.06157702151557119,20
540,Pd-Pd,0.01702475319517515,0.007354278250397383,0.043674198606732224,20
540,Pt-Pt,0.032154197401556915,0.013747560871139377,0.09001049889109261,20
540,Rh-Pt,nan,-0.5827916184348788,nan,0
540,Pd-Rh,nan,0.37242067077032776,nan,0
530,Pd-Pt,-0.010712393212462017,-0.008751765775164597,0.06388384896422321,20
530,Pd-Pd,0.007664477494210453,0.006475447373355753,0.04532924983670298,20
530,Pt-Pt,0.015361080368661411,0.012167111558456602,0.0927641735397386,20
530,Rh-Pt,-0.13636363636363646,-0.6086747840221772,nan,1
530,Pd-Rh,0.09090909090909094,0.39029183205069296,nan,1
520,Pd-Pt,0.0064621733488889836,-0.00759745606118754,0.062078800459313827,20
520,Pd-Pd,-0.004250599912005842,0.005583154414345863,0.04353624097925613,20
520,Pt-Pt,-0.011069058990312802,0.010651722670028745,0.09947906748965883,20
520,Rh-Pt,-0.49410774410774416,-0.6341841383130448,0.5059265690307788,2
520,Pd-Rh,0.28090428090428093,0.40740190289231115,0.26869377447685067,2
510,Pd-Pt,-0.005288389008515265,-0.006491201492590052,0.056819366384779336,20
510,Pd-Pd,0.0019492619853342164,0.004720831782498346,0.04262305469932555,20
510,Pt-Pt,0.011931920401972291,0.009227383409705362,0.08145040356957386,20
510,Rh-Pt,-0.7543859649122806,-0.6577675057613114,0.0,2
510,Pd-Rh,0.45355191256830607,0.4226882684183664,0.0,2
500,Pd-Pt,-0.009964000593054268,-0.0054233704772325775,0.06711572906548888,20
500,Pd-Pd,0.004475420290067844,0.0038849519210356924,0.04972267875428165,20
500,Pt-Pt,0.020129079228753406,0.007866095450364315,0.09455176803661476,20
500,Rh-Pt,-1.5641025641025639,-0.6789246254585717,nan,1
500,Pd-Rh,1.0,0.43631341352476427,nan,1
490,Pd-Pt,-0.0026122408303035473,-0.004398940939566846,0.058551151753543494,20
490,Pd-Pd,0.0010076199783123686,0.0030828919923020833,0.042447619524115646,20
490,Pt-Pt,0.0055145213684823615,0.006563281791807822,0.08270111184913767,20
490,Rh-Pt,-0.7094017094017093,-0.6970537408808792,nan,1
490,Pd-Rh,0.4444444444444444,0.44800338680194357,nan,1
480,Pd-Pt,0.010384161138334824,-0.003386830617794379,0.050678604270933666,20
480,Pd-Pd,-0.008520421758489122,0.0022893242550824774,0.0372317279271253,20
480,Pt-Pt,-0.013070633708562946,0.005274013175864481,0.07195736757617557,20
480,Rh-Pt,-0.5873015873015872,-0.7125903225404806,nan,1
480,Pd-Rh,0.41520467836257313,0.4581100926056947,nan,1
470,Pd-Pt,0.0036711957143802376,-0.0023820728976369212,0.07671521676045688,20
470,Pd-Pd,0.0002103976673284047,0.0014996580185177172,0.06541256907702674,20
470,Pt-Pt,-0.009505976310633091,0.003989438064164973,0.09316474081972535,20
470,Rh-Pt,-0.6260162601626016,-0.7254760714742655,nan,1
470,Pd-Rh,0.4252873563218391,0.46683586357964774,nan,1
460,Pd-Pt,-0.0021788776902986807,-0.0012819458345856114,0.046469820466691576,20
460,Pd-Pd,0.0026044867085091737,0.0006396916773568843,0.03451935753056728,20
460,Pt-Pt,0.0014621388423208647,0.0025618707840891807,0.0643982714291176,20
460,Rh-Pt,nan,-0.735858946614087,nan,0
460,Pd-Rh,nan,0.47451483810175266,nan,0
450,Pd-Pt,-0.017573562634842436,-6.743676281054109e-05,0.041967284390539164,20
450,Pd-Pd,0.014506938474101788,-0.0003075192799593473,0.037128421588212335,20
450,Pt-Pt,0.02245921260495757,0.0009734527885216943,0.05139016906639579,20
450,Rh-Pt,nan,-0.7441985496453923,nan,0
450,Pd-Rh,nan,0.4816322346128502,nan,0
440,Pd-Pt,-0.0006538191305429042,0.0013440426761076659,0.04444228173744559,20
440,Pd-Pd,-0.0006092587453842668,-0.0013992832662788153,0.03546784241075549,20
440,Pt-Pt,0.0031015448400699697,-0.000895928485812727,0.05824796415464646,20
440,Rh-Pt,nan,-0.7512594032660055,nan,0
440,Pd-Rh,nan,0.4890580692921532,nan,0
430,Pd-Pt,-0.004352491946174047,0.002916362361059859,0.056631336526555755,20
430,Pd-Pd,0.00224321754968283,-0.002606155889199477,0.043122914617408796,20
430,Pt-Pt,0.008459757075543839,-0.002998049369727577,0.08348162825905193,20
430,Rh-Pt,-0.8018018018018018,-0.7577347186190029,nan,1
430,Pd-Rh,0.4623655913978494,0.4977378046675429,nan,1
420,Pd-Pt,-0.014633151714551085,0.004691196005823953,0.06105980701524186,20
420,Pd-Pd,0.009587841192465463,-0.003951303456273947,0.04433530997977652,20
420,Pt-Pt,0.022797378398562978,-0.005399122419892853,0.09068583424108594,20
420,Rh-Pt,nan,-0.7630002136570788,nan,0
420,Pd-Rh,nan,0.5075741036180463,nan,0
410,Pd-Pt,0.004159511326265669,0.006652215904569298,0.06017928971024512,20
410,Pd-Pd,-0.004454497669813778,-0.005413864720099794,0.04773258597898943,20
410,Pt-Pt,-0.0036176246578389303,-0.008087911549349317,0.07792166736612782,20
410,Rh-Pt,nan,-0.7689495633253409,nan,0
410,Pd-Rh,nan,0.5199788173458331,nan,0
400,Pd-Pt,0.0071731462203931395,0.008763820762474079,0.05591757542018632,20
400,Pd-Pd,-0.006498476710159818,-0.0069638986419811545,0.04689790365661926,20
400,Pt-Pt,-0.008333760748471164,-0.011019066424795314,0.06974080321679968,20
400,Rh-Pt,nan,-0.7747592539451058,nan,0
400,Pd-Rh,nan,0.5346359873517774,nan,0
390,Pd-Pt,0.030535286627692428,0.010970969716705602,0.047101279170086365,20
390,Pd-Pd,-0.02429779066990393,-0.008561546733016076,0.03766415465962224,20
390,Pt-Pt,-0.03946142059459459,-0.014112978731673838,0.06153420277505559,20
390,Rh-Pt,nan,-0.7801120281229904,nan,0
390,Pd-Rh,nan,0.5508832452481415,nan,0
380,Pd-Pt,0.018232633965247817,0.013219378003680143,0.06454581681893015,20
380,Pd-Pd,-0.014048741506884116,-0.010164173210412089,0.046759312379190024,20
380,Pt-Pt,-0.02401158285502662,-0.01729864595412251,0.0917031470315615,20
380,Rh-Pt,nan,-0.7854849396629809,nan,0
380,Pd-Rh,nan,0.568275112872856,nan,0
370,Pd-Pt,0.019545727660414253,0.015433504361356012,0.05232913454991035,20
370,Pd-Pd,-0.018152365244346484,-0.01172374010890342,0.04424988754614127,20
370,Pt-Pt,-0.021892964718181092,-0.02045973981011172,0.06549802257837825,20
370,Rh-Pt,-0.8115942028985508,-0.7927071427864626,nan,1
370,Pd-Rh,0.6855345911949686,0.587391820947054,nan,1
360,Pd-Pt,0.0015855729229492465,0.0175624571913845,0.0639524038876754,20
360,Pd-Pd,-0.001754006181896195,-0.013210138146297248,0.049356857028191106,20
360,Pt-Pt,-0.00035039651647969516,-0.02351379003451843,0.08500198783318809,20
360,Rh-Pt,nan,-0.7975723964552544,nan,0
360,Pd-Rh,nan,0.6046560067351711,nan,0
350,Pd-Pt,0.016233776612739108,0.01958309754972762,0.06671455343917361,20
350,Pd-Pd,-0.009804344623652312,-0.014612521765756656,0.05805732756651296,20
350,Pt-Pt,-0.025084994980997078,-0.026423070532260676,0.0798599947236057,20
350,Rh-Pt,nan,-0.8006702288902686,nan,0
350,Pd-Rh,nan,0.6196242142016009,nan,0
340,Pd-Pt,0.026491724419289497,0.021458778996122366,0.06690286875849978,20
340,Pd-Pd,-0.015967040580387067,-0.01591287640693091,0.05930323766934617,20
340,Pt-Pt,-0.04101965406450543,-0.029122124943485227,0.0854880049019763,20
340,Rh-Pt,nan,-0.7989897137940759,nan,0
340,Pd-Rh,nan,0.62992597071575,nan,0
330,Pd-Pt,0.040852044302197146,0.023165704047359414,0.07112702903876153,20
330,Pd-Pd,-0.02809927487408042,-0.01710133929932489,0.05911219222839608,20
330,Pt-Pt,-0.0594086473314858,-0.031566537584133525,0.0902481477503812,20
330,Rh-Pt,nan,-0.8031913525455268,nan,0
330,Pd-Rh,nan,0.642540592522724,nan,0
320,Pd-Pt,0.024649351156129335,0.02469653353792504,0.05823640516467814,20
320,Pd-Pd,-0.019552199774496105,-0.018174739817202103,0.045851158314769144,20
320,Pt-Pt,-0.031795367524151144,-0.03374462484953301,0.07554808857141902,20
320,Rh-Pt,nan,-0.8074440449761338,nan,0
320,Pd-Rh,nan,0.653356725090508,nan,0
310,Pd-Pt,0.03768753596945332,0.02606859225850925,0.0592644727415373,20
310,Pd-Pd,-0.027674416867716954,-0.01915033006843898,0.05074241290602292,20
310,Pt-Pt,-0.052298793570564474,-0.03567454391867301,0.0737087150211219,20
310,Rh-Pt,nan,-0.8105816642042868,nan,0
310,Pd-Rh,nan,0.6624588158644605,nan,0
300,Pd-Pt,0.033292522250901624,0.027286574480434957,0.06683239307742486,20
300,Pd-Pd,-0.024506926886010267,-0.020026795486332603,0.05748776784539137,20
300,Pt-Pt,-0.04528457021526724,-0.03737025087825024,0.0804486597260553,20
300,Rh-Pt,nan,-0.8107797424941842,nan,0
300,Pd-Rh,nan,0.6669730237079906,nan,0
298,Pd-Pt,0.0360285989171038,0.027564761369386293,0.06911267620367106,20
298,Pd-Pd,-0.02772008483828909,-0.020231226711447888,0.058054034339387287,20
298,Pt-Pt,-0.04683539014670318,-0.03775193767170526,0.08489161885777934,20
298,Rh-Pt,nan,-0.8108148753584972,nan,0
298,Pd-Rh,nan,0.6677737023271882,nan,0
