top_fraction_percent,cemc_recall,random_recall
0.07593014426727411,0.0,0.0
0.15186028853454822,0.0,0.0
0.22779043280182232,0.0,0.0
0.30372057706909644,0.0,0.0
0.3796507213363705,0.0,0.0
0.45558086560364464,0.0,0.0
0.5315110098709187,0.0,0.0
0.6074411541381929,0.0,0.0
0.683371298405467,0.0,0.0
0.759301442672741,0.0,0.0
0.8352315869400152,0.0,0.0
0.9111617312072893,0.0,0.0
0.9870918754745633,0.0,0.0
1.0630220197418374,0.0,0.0
1.1389521640091116,0.0,0.0
1.2148823082763858,0.0,0.0
1.29081245254366,0.0,0.0
1.366742596810934,0.0,0.0
1.442672741078208,0.0,0.0
1.518602885345482,0.0,0.0
1.5945330296127564,0.0,0.0
1.6704631738800304,0.0,0.0
1.7463933181473046,0.043478260869565216,0.0
1.8223234624145785,0.041666666666666664,0.0
1.8982536066818527,0.04,0.0
1.9741837509491267,0.038461538461538464,0.0
2.050113895216401,0.037037037037037035,0.0
2.126044039483675,0.03571428571428571,0.0
2.201974183750949,0.034482758620689655,0.0
2.277904328018223,0.03225806451612903,0.0
2.3538344722854974,0.03225806451612903,0.0
2.4297646165527715,0.03125,0.0
2.5056947608200453,0.030303030303030304,0.0
2.58162490508732,0.058823529411764705,0.0
2.6575550493545936,0.05714285714285714,0.0
2.733485193621868,0.05555555555555555,0.0
2.809415337889142,0.08108108108108109,0.0
2.885345482156416,0.07894736842105263,0.0
2.9612756264236904,0.07692307692307693,0.0
3.037205770690964,0.075,0.0
3.1131359149582387,0.07317073170731707,0.0
3.189066059225513,0.06976744186046512,0.0
3.264996203492786,0.06976744186046512,0.0
3.340926347760061,0.06818181818181818,0.0
3.416856492027335,0.06666666666666667,0.0
3.492786636294609,0.06521739130434782,0.0
3.568716780561883,0.06382978723404255,0.0
3.644646924829157,0.0625,0.0
3.7205770690964313,0.061224489795918366,0.0
3.7965072133637054,0.08,0.0
3.8724373576309796,0.07692307692307693,0.0
3.9483675018982534,0.07692307692307693,0.0
4.024297646165528,0.07547169811320754,0.0
4.100227790432802,0.07407407407407407,0.0
4.176157934700076,0.07272727272727272,0.01818181818181818
4.25208807896735,0.07142857142857142,0.03571428571428571
4.328018223234624,0.07017543859649122,0.05263157894736842
4.403948367501898,0.06896551724137931,0.05172413793103448
4.479878511769172,0.06779661016949153,0.05084745762711865
4.555808656036446,0.06557377049180328,0.04918032786885246
4.6317388003037205,0.06557377049180328,0.04918032786885246
4.707668944570995,0.08064516129032258,0.06451612903225806
4.783599088838269,0.07936507936507936,0.06349206349206349
4.859529233105543,0.078125,0.0625
4.935459377372816,0.07692307692307693,0.06153846153846154
5.0113895216400905,0.07575757575757576,0.06060606060606061
5.087319665907366,0.08955223880597014,0.05970149253731343
5.16324981017464,0.08823529411764706,0.058823529411764705
5.239179954441914,0.10144927536231885,0.057971014492753624
5.315110098709187,0.1,0.05714285714285714
5.3910402429764614,0.09859154929577464,0.056338028169014086
5.466970387243736,0.09722222222222222,0.05555555555555555
5.54290053151101,0.0958904109589041,0.0547945205479452
5.618830675778284,0.0945945945945946,0.05405405405405406
5.694760820045558,0.09333333333333334,0.05333333333333334
5.770690964312832,0.09210526315789473,0.05263157894736842
5.8466211085801065,0.09090909090909091,0.05194805194805195
5.922551252847381,0.08974358974358974,0.05128205128205128
5.998481397114654,0.11392405063291139,0.05063291139240506
6.074411541381928,0.1125,0.0625
6.150341685649203,0.1111111111111111,0.06172839506172839
6.226271829916477,0.10975609756097561,0.06097560975609756
6.302201974183751,0.10843373493975904,0.060240963855421686
6.378132118451026,0.12941176470588237,0.058823529411764705
6.454062262718299,0.12941176470588237,0.058823529411764705
6.529992406985572,0.12790697674418605,0.05813953488372093
6.605922551252847,0.12643678160919541,0.05747126436781609
6.681852695520122,0.125,0.056818181818181816
6.757782839787396,0.13333333333333333,0.07777777777777778
6.83371298405467,0.13333333333333333,0.07777777777777778
6.909643128321943,0.13186813186813187,0.07692307692307693
6.985573272589218,0.14130434782608695,0.07608695652173914
7.061503416856492,0.13978494623655913,0.07526881720430108
7.137433561123766,0.13829787234042554,0.07446808510638298
7.213363705391041,0.14736842105263157,0.07368421052631578
7.289293849658314,0.15625,0.07291666666666667
7.365223993925589,0.16494845360824742,0.07216494845360824
7.4411541381928625,0.16326530612244897,0.07142857142857142
7.517084282460136,0.16161616161616163,0.08080808080808081
7.593014426727411,0.16,0.08
7.668944570994684,0.15841584158415842,0.07920792079207921
7.744874715261959,0.1650485436893204,0.08737864077669903
7.820804859529233,0.1650485436893204,0.08737864077669903
7.896735003796507,0.17307692307692307,0.08653846153846154
7.972665148063782,0.18095238095238095,0.08571428571428572
8.048595292331056,0.1792452830188679,0.09433962264150944
8.124525436598331,0.18518518518518517,0.10185185185185185
8.200455580865604,0.18518518518518517,0.10185185185185185
8.276385725132878,0.1834862385321101,0.11009174311926606
8.352315869400153,0.2,0.10909090909090909
8.428246013667426,0.1981981981981982,0.10810810810810811
8.5041761579347,0.20535714285714285,0.10714285714285714
8.580106302201974,0.20353982300884957,0.11504424778761062
8.656036446469248,0.21052631578947367,0.11403508771929824
8.731966590736523,0.20869565217391303,0.12173913043478261
8.807896735003796,0.21551724137931033,0.1206896551724138
8.88382687927107,0.21367521367521367,0.1282051282051282
8.959757023538344,0.22033898305084745,0.1271186440677966
9.03568716780562,0.226890756302521,0.13445378151260504
9.111617312072893,0.23140495867768596,0.14049586776859505
9.187547456340168,0.23140495867768596,0.14049586776859505
9.263477600607441,0.23770491803278687,0.13934426229508196
9.339407744874716,0.25203252032520324,0.13821138211382114
9.41533788914199,0.25806451612903225,0.14516129032258066
9.491268033409265,0.2619047619047619,0.14285714285714285
9.567198177676538,0.2619047619047619,0.14285714285714285
9.643128321943811,0.25984251968503935,0.14960629921259844
9.719058466211086,0.265625,0.1484375
9.79498861047836,0.26356589147286824,0.14728682170542637
9.870918754745633,0.26153846153846155,0.14615384615384616
9.946848899012908,0.2595419847328244,0.1450381679389313
10.022779043280181,0.25757575757575757,0.14393939393939395
10.098709187547456,0.2631578947368421,0.14285714285714285
10.174639331814731,0.26119402985074625,0.1417910447761194
10.250569476082005,0.25925925925925924,0.14074074074074075
10.32649962034928,0.27205882352941174,0.15441176470588236
10.402429764616553,0.27007299270072993,0.16058394160583941
10.478359908883828,0.2753623188405797,0.15942028985507245
10.554290053151101,0.2733812949640288,0.15827338129496402
10.630220197418375,0.2714285714285714,0.17142857142857143
10.70615034168565,0.2765957446808511,0.1702127659574468
10.782080485952923,0.28169014084507044,0.16901408450704225
10.858010630220196,0.2937062937062937,0.16783216783216784
10.933940774487471,0.2986111111111111,0.16666666666666666
11.009870918754745,0.296551724137931,0.1724137931034483
11.08580106302202,0.3013698630136986,0.17123287671232876
11.161731207289293,0.29931972789115646,0.17006802721088435
11.237661351556568,0.30405405405405406,0.16891891891891891
11.313591495823843,0.30201342281879195,0.174496644295302
11.389521640091116,0.31333333333333335,0.18666666666666668
11.465451784358391,0.31788079470198677,0.18543046357615894
11.541381928625665,0.3223684210526316,0.18421052631578946
11.617312072892938,0.3202614379084967,0.1830065359477124
11.693242217160213,0.3181818181818182,0.18181818181818182
11.769172361427486,0.3161290322580645,0.18064516129032257
11.845102505694761,0.3269230769230769,0.1794871794871795
11.921032649962035,0.3375796178343949,0.17834394904458598
11.996962794229308,0.34177215189873417,0.17721518987341772
12.072892938496583,0.33962264150943394,0.1761006289308176
12.148823082763856,0.35,0.175
12.224753227031131,0.35403726708074534,0.17391304347826086
12.300683371298406,0.35802469135802467,0.1728395061728395
12.37661351556568,0.3558282208588957,0.17177914110429449
12.452543659832955,0.3597560975609756,0.17682926829268292
12.52847380410023,0.3614457831325301,0.18072289156626506
12.604403948367501,0.3614457831325301,0.18072289156626506
12.680334092634777,0.3652694610778443,0.17964071856287425
12.756264236902052,0.3609467455621302,0.17751479289940827
12.832194381169323,0.3609467455621302,0.17751479289940827
12.908124525436598,0.3588235294117647,0.17647058823529413
12.984054669703873,0.3567251461988304,0.18128654970760233
13.059984813971145,0.3546511627906977,0.18023255813953487
13.13591495823842,0.35260115606936415,0.1791907514450867
13.211845102505695,0.3505747126436782,0.1839080459770115
13.287775246772968,0.35428571428571426,0.18285714285714286
13.363705391040243,0.35795454545454547,0.1875
13.439635535307518,0.3615819209039548,0.1864406779661017
13.515565679574792,0.36312849162011174,0.18435754189944134
13.591495823842065,0.36312849162011174,0.18435754189944134
13.66742596810934,0.3611111111111111,0.18333333333333332
13.743356112376615,0.35911602209944754,0.18232044198895028
13.819286256643887,0.35714285714285715,0.1813186813186813
13.895216400911162,0.36065573770491804,0.18579234972677597
13.971146545178437,0.3641304347826087,0.18478260869565216
14.047076689445708,0.3675675675675676,0.1837837837837838
14.123006833712983,0.3655913978494624,0.1827956989247312
14.198936977980258,0.36363636363636365,0.18716577540106952
14.274867122247532,0.3670212765957447,0.19148936170212766
14.350797266514807,0.37037037037037035,0.19047619047619047
14.426727410782082,0.3736842105263158,0.18947368421052632
14.502657555049355,0.3802083333333333,0.19270833333333334
14.578587699316628,0.3802083333333333,0.19270833333333334
14.654517843583903,0.38860103626943004,0.19689119170984457
14.730447987851178,0.39690721649484534,0.1958762886597938
14.80637813211845,0.39487179487179486,0.19487179487179487
14.882308276385725,0.3979591836734694,0.19387755102040816
14.958238420653,0.39593908629441626,0.19796954314720813
15.034168564920272,0.3939393939393939,0.19696969696969696
15.110098709187547,0.3969849246231156,0.19597989949748743
15.186028853454822,0.395,0.195
15.261958997722095,0.39303482587064675,0.19402985074626866
15.337889141989368,0.39603960396039606,0.19306930693069307
15.413819286256643,0.39408866995073893,0.1921182266009852
15.489749430523919,0.4,0.1902439024390244
15.565679574791192,0.4,0.1902439024390244
15.641609719058467,0.39805825242718446,0.1941747572815534
15.717539863325742,0.3961352657004831,0.1932367149758454
15.793470007593013,0.3942307692307692,0.19230769230769232
15.869400151860289,0.3923444976076555,0.19138755980861244
15.945330296127564,0.3952380952380952,0.19523809523809524
16.021260440394837,0.3981042654028436,0.1990521327014218
16.097190584662112,0.4009433962264151,0.2028301886792453
16.173120728929387,0.39906103286384975,0.20187793427230047
16.249050873196662,0.4,0.2
16.324981017463934,0.4,0.2
16.40091116173121,0.39814814814814814,0.2037037037037037
16.476841305998484,0.4036697247706422,0.20642201834862386
16.552771450265755,0.4036697247706422,0.20642201834862386
16.62870159453303,0.4018264840182648,0.2054794520547945
16.704631738800305,0.40454545454545454,0.20454545454545456
16.780561883067577,0.4072398190045249,0.2081447963800905
16.856492027334852,0.4099099099099099,0.21171171171171171
16.932422171602127,0.4125560538116592,0.21076233183856502
17.0083523158694,0.41517857142857145,0.21428571428571427
17.084282460136674,0.41333333333333333,0.21333333333333335
17.16021260440395,0.41150442477876104,0.21238938053097345
17.236142748671224,0.42105263157894735,0.2149122807017544
17.312072892938495,0.42105263157894735,0.2149122807017544
17.38800303720577,0.4192139737991266,0.21397379912663755
17.463933181473045,0.4217391304347826,0.21304347826086956
17.539863325740317,0.42424242424242425,0.21645021645021645
17.615793470007592,0.4267241379310345,0.21982758620689655
17.691723614274867,0.4291845493562232,0.21888412017167383
17.76765375854214,0.43162393162393164,0.2222222222222222
17.843583902809414,0.4297872340425532,0.225531914893617
17.91951404707669,0.4322033898305085,0.2288135593220339
17.995444191343964,0.43037974683544306,0.2320675105485232
18.07137433561124,0.4327731092436975,0.23529411764705882
18.147304479878514,0.4351464435146444,0.2384937238493724
18.223234624145785,0.43983402489626555,0.24481327800829875
18.29916476841306,0.43983402489626555,0.24481327800829875
18.375094912680336,0.44214876033057854,0.24380165289256198
18.45102505694761,0.448559670781893,0.24279835390946503
18.526955201214882,0.44672131147540983,0.2459016393442623
18.602885345482157,0.4448979591836735,0.24489795918367346
18.678815489749432,0.44308943089430897,0.24390243902439024
18.754745634016704,0.44534412955465585,0.25101214574898784
18.83067577828398,0.4435483870967742,0.2540322580645161
18.906605922551254,0.44176706827309237,0.2570281124497992
18.98253606681853,0.450199203187251,0.2549800796812749
19.0584662110858,0.450199203187251,0.2549800796812749
19.134396355353076,0.4523809523809524,0.25396825396825395
19.21032649962035,0.4566929133858268,0.2559055118110236
19.286256643887622,0.4566929133858268,0.2559055118110236
19.362186788154897,0.4549019607843137,0.25882352941176473
19.438116932422172,0.45703125,0.2578125
19.514047076689444,0.4591439688715953,0.25680933852140075
19.58997722095672,0.46124031007751937,0.2596899224806202
19.665907365223994,0.4594594594594595,0.25868725868725867
19.741837509491265,0.46153846153846156,0.25769230769230766
19.81776765375854,0.46360153256704983,0.2567049808429119
19.893697798025816,0.4618320610687023,0.25572519083969464
19.96962794229309,0.46387832699619774,0.25475285171102663
20.045558086560362,0.4659090909090909,0.26136363636363635
20.121488230827637,0.4679245283018868,0.2679245283018868
20.197418375094912,0.4699248120300752,0.2706766917293233
20.273348519362187,0.47191011235955055,0.27340823970037453
20.349278663629462,0.47388059701492535,0.27611940298507465
20.425208807896738,0.4795539033457249,0.2788104089219331
20.50113895216401,0.4777777777777778,0.2814814814814815
20.577069096431284,0.4797047970479705,0.28044280442804426
20.65299924069856,0.48161764705882354,0.28308823529411764
20.72892938496583,0.47985347985347987,0.28205128205128205
20.804859529233106,0.48175182481751827,0.28102189781021897
20.88078967350038,0.48363636363636364,0.28
20.956719817767656,0.48188405797101447,0.2826086956521739
21.032649962034927,0.48014440433212996,0.2815884476534296
21.108580106302202,0.48201438848920863,0.2805755395683453
21.184510250569478,0.48028673835125446,0.27956989247311825
21.26044039483675,0.48214285714285715,0.2857142857142857
21.336370539104024,0.48398576512455516,0.2846975088967972
21.4123006833713,0.48226950354609927,0.2872340425531915
21.48823082763857,0.48056537102473496,0.29328621908127206
21.564160971905846,0.4788732394366197,0.29577464788732394
21.64009111617312,0.4807017543859649,0.29473684210526313
21.716021260440392,0.486013986013986,0.3006993006993007
21.791951404707667,0.4878048780487805,0.30313588850174217
21.867881548974943,0.4861111111111111,0.3020833333333333
21.943811693242218,0.48788927335640137,0.30103806228373703
22.01974183750949,0.4896551724137931,0.3
22.095671981776764,0.4879725085910653,0.3024054982817869
22.17160212604404,0.4931506849315068,0.3013698630136986
22.247532270311314,0.4948805460750853,0.3037542662116041
22.323462414578586,0.4931972789115646,0.30612244897959184
22.39939255884586,0.49491525423728816,0.30847457627118646
22.475322703113136,0.49324324324324326,0.30743243243243246
22.55125284738041,0.49158249158249157,0.30976430976430974
22.627182991647686,0.49328859060402686,0.31208053691275167
22.70311313591496,0.49498327759197325,0.3110367892976589
22.779043280182233,0.49333333333333335,0.31333333333333335
22.854973424449508,0.4950166112956811,0.3122923588039867
22.930903568716783,0.4966887417218543,0.31125827814569534
23.006833712984054,0.5016501650165016,0.3102310231023102
23.08276385725133,0.506578947368421,0.3125
23.158694001518604,0.5049180327868853,0.3114754098360656
23.234624145785876,0.5065359477124183,0.3104575163398693
23.31055429005315,0.511400651465798,0.3127035830618892
23.386484434320426,0.512987012987013,0.3181818181818182
23.462414578587698,0.5145631067961165,0.31715210355987056
23.538344722854973,0.5129032258064516,0.3161290322580645
23.614274867122248,0.5144694533762058,0.31511254019292606
23.690205011389523,0.5128205128205128,0.3141025641025641
23.766135155656794,0.5111821086261981,0.31629392971246006
23.84206529992407,0.5095541401273885,0.3184713375796178
23.917995444191344,0.5111111111111111,0.31746031746031744
23.993925588458616,0.5158227848101266,0.31962025316455694
24.06985573272589,0.5141955835962145,0.3186119873817035
24.145785876993166,0.5188679245283019,0.31761006289308175
24.221716021260438,0.5203761755485894,0.3166144200626959
24.297646165527713,0.525,0.315625
24.373576309794988,0.5233644859813084,0.3177570093457944
24.449506454062263,0.5217391304347826,0.3198757763975155
24.525436598329538,0.5232198142414861,0.3188854489164087
24.601366742596813,0.5246913580246914,0.32407407407407407
24.677296886864085,0.5261538461538462,0.3230769230769231
24.75322703113136,0.5276073619631901,0.32515337423312884
24.829157175398635,0.5321100917431193,0.3241590214067278
24.90508731966591,0.5335365853658537,0.3231707317073171
24.98101746393318,0.5349544072948328,0.3221884498480243
25.05694760820046,0.5347432024169184,0.3202416918429003
25.13287775246773,0.5347432024169184,0.3202416918429003
25.208807896735003,0.5331325301204819,0.3192771084337349
25.28473804100228,0.5329341317365269,0.31736526946107785
25.360668185269553,0.5329341317365269,0.31736526946107785
25.436598329536825,0.5343283582089552,0.3164179104477612
25.512528473804103,0.5370919881305638,0.32047477744807124
25.588458618071375,0.5370919881305638,0.32047477744807124
25.664388762338646,0.5355029585798816,0.31952662721893493
25.740318906605925,0.5368731563421829,0.3215339233038348
25.816249050873196,0.5411764705882353,0.3264705882352941
25.892179195140468,0.5395894428152492,0.3255131964809384
25.968109339407746,0.5409356725146199,0.32456140350877194
26.044039483675018,0.5393586005830904,0.3236151603498542
26.11996962794229,0.5436046511627907,0.3226744186046512
26.195899772209568,0.5449275362318841,0.3217391304347826
26.27182991647684,0.546242774566474,0.3208092485549133
26.347760060744115,0.547550432276657,0.31988472622478387
26.42369020501139,0.5488505747126436,0.31896551724137934
26.499620349278665,0.5501432664756447,0.3209169054441261
26.575550493545936,0.5485714285714286,0.32
26.65148063781321,0.5470085470085471,0.32193732193732194
26.727410782080486,0.5482954545454546,0.32670454545454547
26.803340926347758,0.546742209631728,0.3314447592067989
26.879271070615037,0.5480225988700564,0.3333333333333333
26.955201214882308,0.5521126760563381,0.3323943661971831
27.031131359149583,0.5518207282913166,0.3333333333333333
27.10706150341686,0.5518207282913166,0.3333333333333333
27.18299164768413,0.553072625698324,0.3324022346368715
27.25892179195141,0.5527777777777778,0.33055555555555555
27.33485193621868,0.5527777777777778,0.33055555555555555
27.41078208048595,0.554016620498615,0.33240997229916897
27.48671222475323,0.5580110497237569,0.3314917127071823
27.5626423690205,0.559228650137741,0.3305785123966942
27.638572513287773,0.5604395604395604,0.3324175824175824
27.71450265755505,0.5589041095890411,0.3315068493150685
27.790432801822323,0.5601092896174863,0.3333333333333333
27.866362946089595,0.5613079019073569,0.33242506811989103
27.942293090356873,0.5597826086956522,0.33152173913043476
28.018223234624145,0.5582655826558266,0.3333333333333333
28.094153378891416,0.5567567567567567,0.3324324324324324
28.170083523158695,0.5606469002695418,0.33423180592991913
28.246013667425967,0.5618279569892473,0.3387096774193548
28.321943811693238,0.5656836461126006,0.34048257372654156
28.397873955960517,0.56951871657754,0.339572192513369
28.473804100227788,0.5706666666666667,0.33866666666666667
28.549734244495063,0.574468085106383,0.3404255319148936
28.62566438876234,0.5782493368700266,0.3395225464190981
28.701594533029613,0.582010582010582,0.3412698412698413
28.77752467729689,0.5815789473684211,0.3394736842105263
28.853454821564164,0.5815789473684211,0.3394736842105263
28.929384965831435,0.5853018372703412,0.33858267716535434
29.00531511009871,0.5822454308093995,0.3368146214099217
29.081245254365985,0.5822454308093995,0.3368146214099217
29.157175398633257,0.5833333333333334,0.3359375
29.233105542900535,0.582901554404145,0.33678756476683935
29.309035687167807,0.582901554404145,0.33678756476683935
29.38496583143508,0.5813953488372093,0.3385012919896641
29.460895975702357,0.5824742268041238,0.3402061855670103
29.53682611996963,0.5809768637532133,0.34190231362467866
29.6127562642369,0.5794871794871795,0.34102564102564104
29.68868640850418,0.5805626598465473,0.340153452685422
29.76461655277145,0.5841836734693877,0.34438775510204084
29.84054669703872,0.5826972010178118,0.3486005089058524
29.916476841306,0.583756345177665,0.350253807106599
29.992406985573272,0.5822784810126582,0.3493670886075949
30.068337129840543,0.5808080808080808,0.351010101010101
30.144267274107822,0.5818639798488665,0.3501259445843829
30.220197418375093,0.5804020100502513,0.3492462311557789
30.296127562642365,0.5789473684210527,0.3508771929824561
30.372057706909644,0.5775,0.35
30.447987851176915,0.5785536159600998,0.3541147132169576
30.52391799544419,0.5796019900497512,0.35572139303482586
30.599848139711465,0.5806451612903226,0.3548387096774194
30.675778283978737,0.5816831683168316,0.35396039603960394
30.751708428246015,0.5812807881773399,0.35714285714285715
30.827638572513287,0.5812807881773399,0.35714285714285715
30.903568716780562,0.5823095823095823,0.36117936117936117
30.979498861047837,0.5794621026894865,0.3594132029339853
31.055429005315112,0.5794621026894865,0.3594132029339853
31.131359149582384,0.5804878048780487,0.35853658536585364
31.207289293849662,0.5815085158150851,0.36009732360097324
31.283219438116934,0.5825242718446602,0.3592233009708738
31.359149582384205,0.5811138014527845,0.3583535108958838
31.435079726651484,0.5797101449275363,0.357487922705314
31.511009870918755,0.5783132530120482,0.3566265060240964
31.586940015186027,0.5769230769230769,0.3581730769230769
31.662870159453306,0.5755395683453237,0.3597122302158273
31.738800303720577,0.5741626794258373,0.361244019138756
31.81473044798785,0.5727923627684964,0.3627684964200477
31.890660592255127,0.5738095238095238,0.3619047619047619
31.9665907365224,0.5771971496437055,0.36104513064133015
32.042520880789674,0.580568720379147,0.36492890995260663
32.11845102505695,0.5815602836879432,0.3640661938534279
32.194381169324224,0.5849056603773585,0.36792452830188677
32.27031131359149,0.5835294117647059,0.36705882352941177
32.346241457858774,0.5821596244131455,0.3685446009389671
32.42217160212604,0.5807962529274004,0.36768149882903983
32.498101746393324,0.5827505827505828,0.3682983682983683
32.57403189066059,0.5827505827505828,0.3682983682983683
32.64996203492787,0.5837209302325581,0.3674418604651163
32.72589217919514,0.5833333333333334,0.3680555555555556
32.80182232346242,0.5833333333333334,0.3680555555555556
32.877752467729685,0.581986143187067,0.3672055427251732
32.95368261199697,0.5839080459770115,0.3701149425287356
33.029612756264235,0.5839080459770115,0.3701149425287356
33.10554290053151,0.5825688073394495,0.3738532110091743
33.181473044798786,0.585812356979405,0.37528604118993136
33.25740318906606,0.58675799086758,0.3767123287671233
33.33333333333333,0.5854214123006833,0.37585421412300685
33.40926347760061,0.5840909090909091,0.37727272727272726
33.48519362186788,0.5850340136054422,0.3786848072562358
33.561123766135154,0.583710407239819,0.3778280542986425
33.63705391040243,0.582392776523702,0.37697516930022573
33.712984054669704,0.581081081081081,0.3761261261261261
33.78891419893698,0.5842696629213483,0.3797752808988764
33.864844343204254,0.5852017937219731,0.3811659192825112
33.94077448747153,0.5838926174496645,0.38478747203579416
34.0167046317388,0.5825892857142857,0.3861607142857143
34.09263477600607,0.5812917594654788,0.38752783964365256
34.16856492027335,0.5844444444444444,0.38666666666666666
34.24449506454062,0.5853658536585366,0.3858093126385809
34.3204252088079,0.5862831858407079,0.3893805309734513
34.39635535307517,0.5849889624724062,0.38852097130242824
34.47228549734245,0.5824175824175825,0.389010989010989
34.54821564160972,0.5824175824175825,0.389010989010989
34.62414578587699,0.581140350877193,0.39035087719298245
34.70007593014427,0.5851528384279476,0.39082969432314413
34.77600607441154,0.5851528384279476,0.39082969432314413
34.851936218678816,0.5860566448801743,0.3899782135076253
34.92786636294609,0.5869565217391305,0.391304347826087
35.003796507213366,0.5856832971800434,0.3947939262472885
35.079726651480634,0.5865800865800865,0.3961038961038961
35.155656795747916,0.5896328293736501,0.3952483801295896
35.231586940015184,0.5905172413793104,0.39655172413793105
35.30751708428246,0.589247311827957,0.4
35.383447228549734,0.592274678111588,0.4012875536480687
35.45937737281701,0.5952890792291221,0.4025695931477516
35.53530751708428,0.5961538461538461,0.4017094017094017
35.61123766135156,0.5948827292110874,0.4051172707889126
35.68716780561883,0.5936170212765958,0.40425531914893614
35.7630979498861,0.5944798301486199,0.40764331210191085
35.83902809415338,0.597457627118644,0.4067796610169492
35.91495823842065,0.6004228329809725,0.41014799154334036
35.99088838268793,0.5991561181434599,0.41139240506329117
36.0668185269552,0.6,0.4105263157894737
36.14274867122248,0.5987394957983193,0.4096638655462185
36.21867881548975,0.5983263598326359,0.4121338912133891
36.29460895975703,0.5983263598326359,0.4121338912133891
36.370539104024296,0.5991649269311065,0.4154488517745303
36.44646924829157,0.5987525987525988,0.4178794178794179
36.522399392558846,0.5987525987525988,0.4178794178794179
36.59832953682612,0.5995850622406639,0.4170124481327801
36.674259681093396,0.5991735537190083,0.41735537190082644
36.75018982536067,0.5991735537190083,0.41735537190082644
36.82611996962794,0.6,0.41855670103092785
36.90205011389522,0.6008230452674898,0.4176954732510288
36.97798025816249,0.6016427104722792,0.4188911704312115
37.053910402429764,0.6024590163934426,0.4180327868852459
37.12984054669704,0.6012269938650306,0.41922290388548056
37.205770690964314,0.6040816326530613,0.4204081632653061
37.28170083523158,0.604887983706721,0.4195519348268839
37.357630979498865,0.6056910569105691,0.4186991869918699
37.43356112376613,0.6044624746450304,0.4198782961460446
37.50949126803341,0.6052631578947368,0.42105263157894735
37.58542141230068,0.6060606060606061,0.4202020202020202
37.66135155656796,0.6068548387096774,0.42338709677419356
37.737281700835226,0.607645875251509,0.4225352112676056
37.81321184510251,0.606425702811245,0.42168674698795183
37.889141989369776,0.6052104208416834,0.42084168336673344
37.96507213363706,0.6067864271457086,0.42115768463073855
38.041002277904326,0.6067864271457086,0.42115768463073855
38.1169324221716,0.6055776892430279,0.4203187250996016
38.192862566438876,0.6091269841269841,0.42063492063492064
38.26879271070615,0.6091269841269841,0.42063492063492064
38.344722854973426,0.6099009900990099,0.4198019801980198
38.4206529992407,0.6094674556213018,0.42209072978303747
38.496583143507976,0.6094674556213018,0.42209072978303747
38.572513287775244,0.610236220472441,0.42322834645669294
38.64844343204253,0.6110019646365422,0.4223968565815324
38.724373576309794,0.611764705882353,0.4235294117647059
38.80030372057707,0.6105675146771037,0.4246575342465753
38.876233864844345,0.609375,0.423828125
38.95216400911162,0.6081871345029239,0.4269005847953216
39.02809415337889,0.6089494163424124,0.4260700389105058
39.10402429764617,0.6116504854368932,0.42524271844660194
39.17995444191344,0.6143410852713178,0.4263565891472868
39.25588458618071,0.6150870406189555,0.4274661508704062
39.33181473044799,0.6158301158301158,0.42857142857142855
39.40774487471526,0.6165703275529865,0.4296724470134875
39.48367501898253,0.6173076923076923,0.4288461538461538
39.55960516324981,0.6161228406909789,0.42994241842610365
39.63553530751708,0.6168582375478927,0.42911877394636017
39.711465451784356,0.6175908221797323,0.43021032504780116
39.78739559605163,0.6164122137404581,0.4312977099236641
39.863325740318906,0.6152380952380953,0.4342857142857143
39.93925588458618,0.6140684410646388,0.4372623574144487
40.015186028853456,0.6148007590132827,0.43833017077798864
40.091116173120724,0.6174242424242424,0.4393939393939394
40.16704631738801,0.6181474480151229,0.43856332703213613
40.242976461655275,0.6188679245283019,0.439622641509434
40.31890660592255,0.6177024482109228,0.4387947269303202
40.394836750189825,0.6165413533834586,0.4398496240601504
40.4707668944571,0.6191369606003753,0.43902439024390244
40.546697038724375,0.6179775280898876,0.4400749063670412
40.62262718299165,0.616822429906542,0.4411214953271028
40.698557327258925,0.6194029850746269,0.44216417910447764
40.77448747152619,0.6201117318435754,0.44320297951582865
40.850417615793475,0.6226765799256505,0.44423791821561337
40.92634776006074,0.6233766233766234,0.4452690166975881
41.00227790432802,0.6222222222222222,0.4462962962962963
41.07820804859529,0.6210720887245841,0.4491682070240296
41.15413819286257,0.6199261992619927,0.45018450184501846
41.230068337129836,0.6206261510128913,0.4530386740331492
41.30599848139712,0.6213235294117647,0.4522058823529412
41.381928625664386,0.6220183486238532,0.45321100917431195
41.45785876993166,0.6227106227106227,0.4542124542124542
41.53378891419894,0.623400365630713,0.453382084095064
41.60971905846621,0.6240875912408759,0.4543795620437956
41.68564920273349,0.6265938069216758,0.4553734061930783
41.76157934700076,0.6272727272727273,0.45454545454545453
41.83750949126803,0.6279491833030852,0.455535390199637
41.91343963553531,0.6286231884057971,0.45471014492753625
41.98936977980258,0.6292947558770343,0.4538878842676311
42.065299924069855,0.628158844765343,0.45306859205776173
42.14123006833713,0.6306306306306306,0.4540540540540541
42.217160212604405,0.6294964028776978,0.45323741007194246
42.29309035687167,0.6319569120287253,0.4542190305206463
42.369020501138955,0.6326164874551972,0.45340501792114696
42.44495064540622,0.631484794275492,0.4543828264758497
42.5208807896735,0.6321428571428571,0.45357142857142857
42.59681093394077,0.6327985739750446,0.45454545454545453
42.67274107820805,0.6316725978647687,0.45729537366548045
42.74867122247532,0.6323268206039077,0.458259325044405
42.8246013667426,0.6329787234042553,0.4592198581560284
42.90053151100987,0.6353982300884956,0.46017699115044247
42.97646165527714,0.6378091872791519,0.45936395759717313
43.052391799544424,0.6384479717813051,0.4620811287477954
43.12832194381169,0.6390845070422535,0.4612676056338028
43.20425208807897,0.6397188049209139,0.46397188049209137
43.28018223234624,0.6385964912280702,0.4631578947368421
43.35611237661352,0.6409807355516638,0.46234676007005254
43.432042520880785,0.6433566433566433,0.4632867132867133
43.50797266514807,0.643979057591623,0.462478184991274
43.583902809415335,0.6445993031358885,0.4634146341463415
43.65983295368262,0.6434782608695652,0.4643478260869565
43.735763097949885,0.6440972222222222,0.4635416666666667
43.81169324221716,0.6429809358752167,0.462738301559792
43.887623386484435,0.6418685121107266,0.4619377162629758
43.96355353075171,0.6407599309153713,0.46459412780656306
44.03948367501898,0.6396551724137931,0.4672413793103448
44.11541381928626,0.6419965576592083,0.4664371772805508
44.19134396355353,0.6426116838487973,0.46563573883161513
44.2672741078208,0.6415094339622641,0.4665523156089194
44.34320425208808,0.6404109589041096,0.4674657534246575
44.41913439635535,0.6393162393162393,0.4683760683760684
44.49506454062263,0.6399317406143344,0.46757679180887374
44.570994684889904,0.6422487223168655,0.46678023850085176
44.64692482915717,0.641156462585034,0.46598639455782315
44.72285497342445,0.6434634974533107,0.46519524617996605
44.79878511769172,0.6457627118644068,0.4661016949152542
44.874715261959,0.6480541455160744,0.467005076142132
44.95064540622627,0.6469594594594594,0.46790540540540543
45.02657555049355,0.6458684654300169,0.4671163575042159
45.10250569476082,0.6481481481481481,0.468013468013468
45.17843583902809,0.6487394957983194,0.4689075630252101
45.25436598329537,0.6476510067114094,0.46812080536912754
45.33029612756264,0.6482412060301508,0.46901172529313234
45.40622627182992,0.6505016722408027,0.4682274247491639
45.48215641609719,0.6510851419031719,0.4691151919866444
45.558086560364465,0.6516666666666666,0.47
45.63401670463174,0.6505823627287853,0.47088186356073214
45.709946848899015,0.6511627906976745,0.4700996677740864
45.78587699316628,0.6517412935323383,0.4709784411276949
45.861807137433566,0.652317880794702,0.4718543046357616
45.937737281700834,0.6512396694214876,0.4743801652892562
46.01366742596811,0.6518151815181518,0.4735973597359736
46.089597570235384,0.6540362438220758,0.4744645799011532
46.16552771450266,0.6529605263157895,0.47368421052631576
46.24145785876993,0.6518883415435139,0.4729064039408867
46.31738800303721,0.6540983606557377,0.4737704918032787
46.39331814730448,0.6546644844517185,0.4746317512274959
46.46924829157175,0.6568627450980392,0.47549019607843135
46.54517843583903,0.6574225122349103,0.4763458401305057
46.6211085801063,0.6563517915309446,0.4755700325732899
46.69703872437358,0.6552845528455284,0.4764227642276423
46.77296886864085,0.6542207792207793,0.4788961038961039
46.84889901290813,0.6547811993517018,0.47811993517017826
46.924829157175395,0.6553398058252428,0.4773462783171521
47.00075930144267,0.654281098546042,0.4781906300484653
47.076689445709945,0.6548387096774193,0.4806451612903226
47.15261958997722,0.6537842190016103,0.4830917874396135
47.228549734244496,0.6543408360128617,0.48392282958199356
47.30447987851177,0.6548956661316212,0.48635634028892455
47.380410022779046,0.6538461538461539,0.48717948717948717
47.45634016704632,0.656,0.488
47.53227031131359,0.6549520766773163,0.48722044728434505
47.60820045558087,0.6570972886762361,0.4880382775119617
47.68413059984814,0.6576433121019108,0.4888535031847134
47.760060744115414,0.6581875993640699,0.48966613672496023
47.83599088838269,0.6571428571428571,0.49047619047619045
47.911921032649964,0.6576862123613312,0.49128367670364503
47.98785117691723,0.6582278481012658,0.49050632911392406
48.063781321184514,0.6587677725118484,0.4913112164296998
48.13971146545178,0.6608832807570978,0.4921135646687697
48.21564160971906,0.662992125984252,0.494488188976378
48.29157175398633,0.6635220125786163,0.4937106918238994
48.36750189825361,0.6640502354788069,0.49293563579277866
48.443432042520875,0.664576802507837,0.49216300940438873
48.51936218678816,0.6651017214397497,0.49295774647887325
48.595292331055425,0.6671875,0.49375
48.6712224753227,0.6677067082683308,0.49453978159126366
48.747152619589976,0.6682242990654206,0.4953271028037383
48.82308276385725,0.6671850699844479,0.4976671850699845
48.899012908124526,0.6692546583850931,0.5
48.9749430523918,0.6697674418604651,0.5023255813953489
49.050873196659076,0.6718266253869969,0.5030959752321982
49.12680334092635,0.6723338485316847,0.5038639876352395
49.202733485193626,0.6712962962962963,0.5061728395061729
49.278663629460894,0.6718027734976888,0.5069337442218799
49.35459377372817,0.6723076923076923,0.5076923076923077
49.430523917995444,0.674347158218126,0.5084485407066052
49.50645406226272,0.6748466257668712,0.5107361963190185
49.582384206529994,0.6753445635528331,0.5099540581929556
49.65831435079727,0.6773700305810397,0.5091743119266054
49.73424449506454,0.6763358778625954,0.5114503816793893
49.81017463933182,0.6753048780487805,0.510670731707317
49.88610478359909,0.6742770167427702,0.5114155251141552
49.96203492786636,0.6732522796352584,0.5121580547112462
50.03796507213364,0.6722306525037937,0.5128983308042488
50.11389521640092,0.6717095310136157,0.5173978819969742
50.18982536066818,0.6717095310136157,0.5173978819969742
50.26575550493546,0.6706948640483383,0.5181268882175226
50.34168564920274,0.6716867469879518,0.5210843373493976
50.417615793470006,0.6716867469879518,0.5210843373493976
50.49354593773728,0.6721804511278195,0.5233082706766917
50.56947608200456,0.6761619190404797,0.5232383808095952
50.64540622627183,0.6761619190404797,0.5232383808095952
50.721336370539106,0.6766467065868264,0.5254491017964071
50.79726651480638,0.6761194029850747,0.5268656716417911
50.87319665907365,0.6761194029850747,0.5268656716417911
50.949126803340924,0.6751117734724292,0.5290611028315947
51.025056947608206,0.6775631500742942,0.5304606240713224
51.100987091875474,0.6775631500742942,0.5304606240713224
51.17691723614275,0.6795252225519288,0.5311572700296736
51.252847380410024,0.6814814814814815,0.5318518518518518
51.32877752467729,0.6819526627218935,0.5325443786982249
51.404707668944575,0.6824224519940916,0.534711964549483
51.48063781321185,0.6828908554572272,0.5339233038348082
51.55656795747912,0.6818851251840943,0.5360824742268041
51.63249810174639,0.6808823529411765,0.5367647058823529
51.70842824601367,0.6798825256975036,0.5359765051395007
51.784358390280936,0.6788856304985337,0.5381231671554252
51.86028853454822,0.6793557833089312,0.5387994143484627
51.93621867881549,0.6798245614035088,0.5380116959064327
52.01214882308276,0.6802919708029197,0.5372262773722628
52.088078967350036,0.6793002915451894,0.5379008746355685
52.16400911161732,0.6797671033478894,0.5385735080058224
52.23993925588458,0.6802325581395349,0.5377906976744186
52.31586940015186,0.6806966618287373,0.5384615384615384
52.391799544419136,0.6826086956521739,0.5391304347826087
52.467729688686404,0.683068017366136,0.5397973950795948
52.54365983295368,0.6820809248554913,0.541907514450867
52.61958997722096,0.6825396825396826,0.5411255411255411
52.69552012148823,0.6829971181556196,0.5432276657060519
52.771450265755504,0.6834532374100719,0.5453237410071943
52.84738041002278,0.6839080459770115,0.5474137931034483
52.92331055429005,0.6843615494978479,0.5480631276901005
52.99924069855733,0.6862464183381088,0.5472779369627507
53.075170842824605,0.6881258941344778,0.547925608011445
53.15110098709187,0.6885714285714286,0.5471428571428572
53.22703113135915,0.6904422253922967,0.5477888730385164
53.30296127562642,0.6894586894586895,0.5484330484330484
53.37889141989369,0.6884779516358464,0.5490753911806543
53.45482156416097,0.6889204545454546,0.5482954545454546
53.53075170842825,0.6893617021276596,0.5475177304964539
53.606681852695516,0.6883852691218131,0.5481586402266289
53.68261199696279,0.6902404526166902,0.5473833097595474
53.75854214123007,0.6892655367231638,0.5494350282485876
53.83447228549735,0.6915492957746479,0.5507042253521127
53.910402429764616,0.6915492957746479,0.5507042253521127
53.98633257403189,0.6919831223628692,0.5513361462728551
54.062262718299166,0.6928471248246845,0.5539971949509116
54.138192862566434,0.6928471248246845,0.5539971949509116
54.21412300683372,0.6932773109243697,0.5546218487394958
54.29005315110099,0.6955307262569832,0.5586592178770949
54.36598329536826,0.6955307262569832,0.5586592178770949
54.441913439635535,0.6959553695955369,0.5606694560669456
54.51784358390282,0.6954102920723226,0.5618915159944368
54.59377372817008,0.6954102920723226,0.5618915159944368
54.66970387243736,0.6958333333333333,0.5625
54.745634016704635,0.6966759002770083,0.5623268698060941
54.8215641609719,0.6966759002770083,0.5623268698060941
54.89749430523918,0.6984785615491009,0.5629322268326418
54.97342444950646,0.7002762430939227,0.5649171270718232
55.04935459377373,0.7006896551724138,0.5668965517241379
55.125284738041,0.7024793388429752,0.5674931129476584
55.20121488230828,0.7042640990371389,0.5694635488308115
55.277145026575546,0.7046703296703297,0.5686813186813187
55.35307517084283,0.7064471879286695,0.5692729766803841
55.4290053151101,0.7068493150684931,0.5698630136986301
55.50493545937737,0.7058823529411765,0.5690834473324213
55.58086560364465,0.7062841530054644,0.569672131147541
55.65679574791192,0.7066848567530696,0.5702592087312415
55.73272589217919,0.7057220708446866,0.5722070844686649
55.80865603644647,0.7061224489795919,0.5714285714285714
55.88458618071375,0.7065217391304348,0.5720108695652174
55.960516324981015,0.7082767978290366,0.5725915875169606
56.03644646924829,0.7086720867208672,0.5745257452574526
56.11237661351557,0.7090663058186739,0.5737483085250338
56.18830675778283,0.7108108108108108,0.5743243243243243
56.264236902050115,0.7125506072874493,0.5762483130904184
56.34016704631739,0.7129380053908356,0.5754716981132075
56.41609719058466,0.7146702557200538,0.576043068640646
56.49202733485193,0.7163978494623656,0.5779569892473119
56.567957479119215,0.7167785234899329,0.5798657718120805
56.643887623386476,0.7171581769436998,0.579088471849866
56.71981776765376,0.7175368139223561,0.5809906291834003
56.79574791192103,0.7179144385026738,0.5815508021390374
56.8716780561883,0.7182910547396528,0.582109479305741
56.947608200455576,0.72,0.5826666666666667
57.02353834472286,0.7217043941411452,0.5832223701731025
57.09946848899013,0.7220744680851063,0.5851063829787234
57.1753986332574,0.7224435590969456,0.5856573705179283
57.25132877752468,0.7228116710875332,0.5862068965517241
57.327258921791945,0.7245033112582782,0.5880794701986755
57.40318906605923,0.7248677248677249,0.5886243386243386
57.4791192103265,0.726552179656539,0.5891677675033025
57.55504935459378,0.7272727272727273,0.5889328063241107
57.630979498861045,0.7272727272727273,0.5889328063241107
57.70690964312833,0.7276315789473684,0.5907894736842105
57.7828397873956,0.7283464566929134,0.5931758530183727
57.85876993166287,0.7283464566929134,0.5931758530183727
57.934700075930145,0.727391874180865,0.5923984272608126
58.01063022019742,0.7281045751633987,0.592156862745098
58.08656036446469,0.7281045751633987,0.592156862745098
58.16249050873197,0.7297650130548303,0.5926892950391645
58.238420652999245,0.7291666666666666,0.5950520833333334
58.31435079726651,0.7291666666666666,0.5950520833333334
58.39028094153379,0.729518855656697,0.5955786736020806
58.46621108580107,0.7315175097276264,0.5966277561608301
58.54214123006833,0.7315175097276264,0.5966277561608301
58.618071374335614,0.7318652849740933,0.5971502590673575
58.69400151860289,0.7309184993531694,0.5976714100905562
58.76993166287016,0.7312661498708011,0.5981912144702842
58.84586180713743,0.7316129032258064,0.5987096774193549
58.921791951404714,0.7306701030927835,0.6005154639175257
58.997722095671975,0.7323037323037324,0.6023166023166023
59.07365223993926,0.7326478149100257,0.602827763496144
59.14958238420653,0.7342747111681643,0.6020539152759948
59.2255125284738,0.7346153846153847,0.6038461538461538
59.301442672741075,0.734955185659411,0.6043533930857875
59.37737281700836,0.7365728900255755,0.6035805626598465
59.453302961275625,0.7369093231162197,0.6028097062579821
59.5292331055429,0.7372448979591837,0.6020408163265306
59.605163249810175,0.7388535031847133,0.6025477707006369
59.68109339407744,0.7404580152671756,0.6017811704834606
59.757023538344725,0.7420584498094028,0.6035578144853876
59.832953682612,0.7423857868020305,0.6053299492385786
59.90888382687927,0.743979721166033,0.605830164765526
59.984813971146544,0.7455696202531645,0.6063291139240506
