feature,coefficient,abs_coefficient
triplet:geometry=1-1-1:Ru-Ru-X,0.10847928154510178,0.10847928154510178
triplet:geometry=1-1-1:Ir-Ir-X,0.07536802206237332,0.07536802206237332
triplet:geometry=1-1-1:Rh-Rh-X,0.06472172557752134,0.06472172557752134
triplet:geometry=1-1-1:Rh-Ru-X,0.0611509359660419,0.0611509359660419
triplet:geometry=1-1-2:Rh-Ru-X,0.0611509359660419,0.0611509359660419
triplet:geometry=1-1-2:Ru-Rh-X,0.0611509359660419,0.0611509359660419
triplet:geometry=1-1-2:Ir-Ru-X,0.06094532580084285,0.06094532580084285
triplet:geometry=1-1-1:Ir-Ru-X,0.06094532580084285,0.06094532580084285
triplet:geometry=1-1-2:Ru-Ir-X,0.06094532580084285,0.06094532580084285
triplet:geometry=1-1-2:Ru-Ru-X,0.05423964077255089,0.05423964077255089
triplet:geometry=1-1-2:Rh-Ir-X,0.04977232394621302,0.04977232394621302
triplet:geometry=1-1-2:Ir-Rh-X,0.04977232394621302,0.04977232394621302
triplet:geometry=1-1-1:Ir-Rh-X,0.04977232394621302,0.04977232394621302
triplet:geometry=1-1-2:Ru-Pd-X,0.04583029037654682,0.04583029037654682
triplet:geometry=1-1-1:Pd-Ru-X,0.04583029037654682,0.04583029037654682
triplet:geometry=1-1-2:Pd-Ru-X,0.04583029037654682,0.04583029037654682
triplet:geometry=1-1-2:Ru-Pt-X,0.0418639227111658,0.0418639227111658
triplet:geometry=1-1-2:Pt-Ru-X,0.0418639227111658,0.0418639227111658
triplet:geometry=1-1-1:Pt-Ru-X,0.0418639227111658,0.0418639227111658
triplet:geometry=1-1-2:Ir-Ir-X,0.03768401103118666,0.03768401103118666
triplet:geometry=1-1-2:Ir-Pd-X,0.03436885278593243,0.03436885278593243
triplet:geometry=1-1-1:Ir-Pd-X,0.03436885278593243,0.03436885278593243
triplet:geometry=1-1-2:Pd-Ir-X,0.03436885278593243,0.03436885278593243
triplet:geometry=1-1-2:Rh-Rh-X,0.03236086278876067,0.03236086278876067
triplet:geometry=1-1-2:Pt-Ir-X,0.03228909049758841,0.03228909049758841
triplet:geometry=1-1-2:Ir-Pt-X,0.03228909049758841,0.03228909049758841
triplet:geometry=1-1-1:Ir-Pt-X,0.03228909049758841,0.03228909049758841
pair:shell=4:Pt-X,0.02976801141654726,0.02976801141654726
triplet:geometry=1-1-1:Pd-Rh-X,0.028409887439867915,0.028409887439867915
triplet:geometry=1-1-2:Rh-Pd-X,0.028409887439867915,0.028409887439867915
triplet:geometry=1-1-2:Pd-Rh-X,0.028409887439867915,0.028409887439867915
triplet:geometry=1-1-1:Ru-X-X,0.02830418370823972,0.02830418370823972
pair:shell=2:Ru-X,0.02830418370823972,0.02830418370823972
pair:shell=1:Ru-X,0.02830418370823972,0.02830418370823972
triplet:geometry=1-1-1:Pt-Rh-X,0.02632890471515484,0.02632890471515484
triplet:geometry=1-1-2:Rh-Pt-X,0.02632890471515484,0.02632890471515484
triplet:geometry=1-1-2:Pt-Rh-X,0.02632890471515484,0.02632890471515484
pair:shell=4:Ru-Ru,0.02534305757301381,0.02534305757301381
pair:shell=2:Ir-X,0.02246867310127621,0.02246867310127621
triplet:geometry=1-1-1:Ir-X-X,0.02246867310127621,0.02246867310127621
pair:shell=1:Ir-X,0.02246867310127621,0.02246867310127621
pair:shell=4:Pd-X,0.021833738619863517,0.021833738619863517
pair:shell=1:Rh-X,0.020826066365467882,0.020826066365467882
triplet:geometry=1-1-1:Rh-X-X,0.020826066365467882,0.020826066365467882
pair:shell=2:Rh-X,0.020826066365467882,0.020826066365467882
triplet:geometry=1-1-1:Pd-Pd-X,0.018248054689466796,0.018248054689466796
pair:shell=4:Pd-Pd,0.017773613870842787,0.017773613870842787
pair:shell=4:Ru-X,-0.017497625431779885,0.017497625431779885
pair:shell=4:Pd-Ru,-0.01475378499916561,0.01475378499916561
triplet:geometry=1-1-2:X-Ru-X,0.014152091854120039,0.014152091854120039
triplet:geometry=1-1-2:Ir-Pd-Pd,0.013405890561970906,0.013405890561970906
triplet:geometry=1-1-2:Pd-Ir-Ir,0.013375135506397514,0.013375135506397514
triplet:geometry=1-1-2:Ru-Pd-Pd,0.01316970037513576,0.01316970037513576
pair:shell=1:Pd-X,0.013002834144591776,0.013002834144591776
triplet:geometry=1-1-1:Pd-X-X,0.013002834144591776,0.013002834144591776
pair:shell=2:Pd-X,0.013002834144591776,0.013002834144591776
pair:shell=4:Ir-X,0.012401774637317496,0.012401774637317496
pair:shell=4:Ir-Ru,0.01166861099405218,0.01166861099405218
pair:shell=2:Pt-X,0.011631905284473238,0.011631905284473238
triplet:geometry=1-1-1:Pt-X-X,0.011631905284473238,0.011631905284473238
pair:shell=1:Pt-X,0.011631905284473238,0.011631905284473238
triplet:geometry=1-1-1:Ir-Ru-Ru,-0.011550195089313502,0.011550195089313502
triplet:geometry=1-1-2:X-Ir-X,0.011234336550638106,0.011234336550638106
pair:shell=4:Pd-Pt,0.011075164149128524,0.011075164149128524
triplet:geometry=1-1-2:Ir-Ru-Ru,-0.010986345299259221,0.010986345299259221
triplet:geometry=1-1-2:Pd-Ru-Ru,0.010973337104934614,0.010973337104934614
pair:shell=4:Pt-Ru,-0.010930790516199213,0.010930790516199213
triplet:geometry=1-1-2:Pd-Ir-Ru,0.010772572652325604,0.010772572652325604
triplet:geometry=1-1-1:Pt-Pt-X,0.010605640947714863,0.010605640947714863
triplet:geometry=1-1-2:X-Rh-X,0.010413033182733941,0.010413033182733941
triplet:geometry=1-1-1:Ru-Ru-Ru,-0.009458030213937308,0.009458030213937308
triplet:geometry=1-1-2:Ru-Ir-Ru,-0.009205929313422428,0.009205929313422428
triplet:geometry=1-1-2:Pd-Pd-X,0.009124027344733398,0.009124027344733398
triplet:geometry=1-1-2:Ru-Ru-Ru,-0.008921590516779668,0.008921590516779668
triplet:geometry=1-1-1:Pd-Pt-X,0.008760949800225532,0.008760949800225532
triplet:geometry=1-1-2:Pt-Pd-X,0.008760949800225532,0.008760949800225532
triplet:geometry=1-1-2:Pd-Pt-X,0.008760949800225532,0.008760949800225532
pair:shell=3:Pt-X,0.008735101428551873,0.008735101428551873
triplet:geometry=1-1-2:Ru-Ir-Ir,-0.008572105884608234,0.008572105884608234
triplet:geometry=1-1-2:Ir-Pd-Pt,0.008143709543946227,0.008143709543946227
triplet:geometry=1-1-1:Pd-Ru-Ru,0.008062825530721124,0.008062825530721124
triplet:geometry=1-1-2:Ir-Rh-Ru,-0.008015341003009335,0.008015341003009335
pair:shell=3:Ru-Ru,0.007793820348641488,0.007793820348641488
triplet:geometry=1-1-2:Pt-Ir-Ir,0.007685763966439575,0.007685763966439575
triplet:geometry=1-1-2:Pd-Rh-Ru,0.0073633749941932475,0.0073633749941932475
triplet:geometry=1-1-1:Ir-Ir-Ru,-0.007209620802760117,0.007209620802760117
pair:shell=4:Ir-Pt,-0.007153920499183164,0.007153920499183164
pair:shell=3:Pd-X,0.007118482529384549,0.007118482529384549
pair:shell=4:Rh-X,0.007101258223420942,0.007101258223420942
triplet:geometry=1-1-1:Pd-Pd-Pd,-0.006894890556841893,0.006894890556841893
triplet:geometry=1-1-2:Rh-Pd-Pd,0.006553044628494645,0.006553044628494645
triplet:geometry=1-1-2:X-Pd-X,0.006501417072295888,0.006501417072295888
pair:shell=3:Ir-X,0.00604558016609715,0.00604558016609715
triplet:geometry=1-1-2:Ir-Ir-Ru,-0.006017047539574267,0.006017047539574267
triplet:geometry=1-1-2:Ru-Pd-Rh,0.006002974500711802,0.006002974500711802
pair:shell=4:Ir-Pd,-0.005833090743711999,0.005833090743711999
triplet:geometry=1-1-2:X-Pt-X,0.005815952642236619,0.005815952642236619
triplet:geometry=1-1-2:Pd-Ir-Rh,0.0057601015714239595,0.0057601015714239595
pair:shell=2:Pd-Pd,0.00562125517461321,0.00562125517461321
triplet:geometry=1-1-1:Pd-Rh-Ru,0.005590274207346476,0.005590274207346476
triplet:geometry=1-1-1:Ir-Pd-Ru,0.005445407295490657,0.005445407295490657
triplet:geometry=1-1-2:Pd-Pt-Pt,-0.005412197835718294,0.005412197835718294
triplet:geometry=1-1-2:Ru-Pd-Pt,0.005411624202013243,0.005411624202013243
triplet:geometry=1-1-2:Pt-Pt-X,0.005302820473857431,0.005302820473857431
triplet:geometry=1-1-2:Ir-Pd-Rh,0.005191820144270628,0.005191820144270628
triplet:geometry=1-1-1:Rh-Ru-Ru,-0.005068768069963531,0.005068768069963531
triplet:geometry=1-1-2:Ru-Ir-Rh,-0.005031989910712211,0.005031989910712211
triplet:geometry=1-1-1:Ir-Ir-Pd,0.0050260836433422985,0.0050260836433422985
triplet:geometry=1-1-2:Pt-Ir-Ru,0.004831057043101148,0.004831057043101148
triplet:geometry=1-1-1:Ir-Ir-Pt,0.004684712586788144,0.004684712586788144
triplet:geometry=1-1-2:Ir-Pt-Pt,0.004653165744011471,0.004653165744011471
triplet:geometry=1-1-1:Ir-Rh-Ru,-0.0045761761619962866,0.0045761761619962866
pair:shell=3:Rh-X,0.004500403641637633,0.004500403641637633
triplet:geometry=1-1-2:Ru-Pd-Ru,0.004427088879333351,0.004427088879333351
triplet:geometry=1-1-2:Rh-Pd-Rh,0.004410969323488584,0.004410969323488584
pair:shell=3:Pt-Ru,-0.004389489040610011,0.004389489040610011
triplet:geometry=1-1-2:Pd-Pd-Pt,-0.00432705724793367,0.00432705724793367
pair:shell=4:Pt-Pt,0.004243884285074368,0.004243884285074368
triplet:geometry=1-1-2:Ru-Ir-Pt,-0.0042033289899973455,0.0042033289899973455
triplet:geometry=1-1-2:Ru-Ir-Pd,0.0040370039547381956,0.0040370039547381956
triplet:geometry=1-1-2:Ir-Ir-Pd,0.004036621149739891,0.004036621149739891
triplet:geometry=1-1-2:Ru-Rh-Ru,-0.003958635736766183,0.003958635736766183
point:Pd,0.0038870514040383977,0.0038870514040383977
triplet:geometry=1-1-2:Pt-Ru-Ru,-0.003851268957369734,0.003851268957369734
triplet:geometry=1-1-1:Ir-Pd-Rh,0.003832038268609525,0.003832038268609525
pair:shell=4:Ir-Ir,0.0037801949955614733,0.0037801949955614733
pair:shell=2:Ru-Ru,-0.003415377628476055,0.003415377628476055
pair:shell=3:Pt-Pt,0.0033042694323033215,0.0033042694323033215
triplet:geometry=1-1-1:Ir-Pd-Pd,0.0032620020450551514,0.0032620020450551514
triplet:geometry=1-1-1:Pd-Pd-Pt,-0.0032465324878414113,0.0032465324878414113
triplet:geometry=1-1-2:Pt-Ir-Pt,0.0031545145440463242,0.0031545145440463242
pair:shell=4:Rh-Ru,0.003133486268651635,0.003133486268651635
pair:shell=1:Pd-Ru,0.003079018570682091,0.003079018570682091
triplet:geometry=1-1-2:Rh-Ir-Pd,0.0030466926545652247,0.0030466926545652247
triplet:geometry=1-1-1:Ir-Pt-Pt,0.0030036982620519474,0.0030036982620519474
triplet:geometry=1-1-1:Rh-Rh-Rh,0.0029712386886200075,0.0029712386886200075
pair:shell=1:Ir-Pd,0.002910422127210178,0.002910422127210178
pair:shell=2:Pd-Rh,0.0028933048480338855,0.0028933048480338855
triplet:geometry=1-1-2:Pt-Pd-Ru,-0.002887201002060573,0.002887201002060573
triplet:geometry=1-1-2:Rh-Ir-Ru,-0.002855741500132485,0.002855741500132485
triplet:geometry=1-1-2:Ru-Pt-Ru,-0.0027203199569424455,0.0027203199569424455
triplet:geometry=1-1-2:Pd-Rh-Rh,0.0026825060852488946,0.0026825060852488946
triplet:geometry=1-1-2:Ir-Ir-Pt,0.0026403972702922465,0.0026403972702922465
triplet:geometry=1-1-2:Rh-Pt-Pt,-0.0025324500863331237,0.0025324500863331237
triplet:geometry=1-1-2:Pd-Pd-Ru,0.0024580708639600295,0.0024580708639600295
triplet:geometry=1-1-2:Pt-Rh-Ru,-0.0024136187157853006,0.0024136187157853006
triplet:geometry=1-1-1:Pd-Pt-Rh,-0.002395291225895456,0.002395291225895456
triplet:geometry=1-1-2:Rh-Pt-Ru,-0.0023846632151216306,0.0023846632151216306
triplet:geometry=1-1-2:Pt-Rh-Rh,-0.0023805052081495113,0.0023805052081495113
triplet:geometry=1-1-1:Pd-Rh-Rh,0.0023299934541111695,0.0023299934541111695
pair:shell=1:Ru-Ru,-0.0023166002797647854,0.0023166002797647854
point:Ir,0.002257768972679899,0.002257768972679899
triplet:geometry=1-1-2:Rh-Pd-Ru,0.0022503900833364546,0.0022503900833364546
triplet:geometry=1-1-2:Pd-Ir-Pt,0.002217228075965748,0.002217228075965748
pair:shell=2:Ir-Pd,0.002189249286989381,0.002189249286989381
triplet:geometry=1-1-2:Ru-Rh-Rh,-0.002150900809508088,0.002150900809508088
triplet:geometry=1-1-1:Pt-Ru-Ru,-0.0020833086704396997,0.0020833086704396997
pair:shell=3:Pd-Pt,0.002061955349787323,0.002061955349787323
triplet:geometry=1-1-1:Ir-Pd-Pt,0.0020499678605906844,0.0020499678605906844
triplet:geometry=1-1-2:Rh-Rh-Ru,-0.001890340323789984,0.001890340323789984
triplet:geometry=1-1-1:Pd-Pd-Ru,0.001849915892545965,0.001849915892545965
triplet:geometry=1-1-2:Rh-Ir-Ir,-0.001839755886648821,0.001839755886648821
pair:shell=4:Pt-Rh,-0.0017735670035388563,0.0017735670035388563
pair:shell=2:Rh-Ru,-0.001769780931993576,0.001769780931993576
pair:shell=2:Ir-Ir,0.0017479725105215068,0.0017479725105215068
triplet:geometry=1-1-2:Pd-Pt-Ru,0.0017374780332714231,0.0017374780332714231
pair:shell=2:Pd-Ru,0.0017186506258736116,0.0017186506258736116
triplet:geometry=1-1-2:Ru-Pt-Pt,-0.0017158525154827291,0.0017158525154827291
triplet:geometry=1-1-2:Ir-Pd-Ru,0.0016946785160859427,0.0016946785160859427
triplet:geometry=1-1-1:Ir-Ir-Ir,-0.001682635549055911,0.001682635549055911
triplet:geometry=1-1-2:Pd-Pd-Pd,-0.0016490074236452956,0.0016490074236452956
pair:shell=1:Ir-Ru,-0.0016206413511469543,0.0016206413511469543
triplet:geometry=1-1-1:Ir-Ir-Rh,-0.0016105378369109307,0.0016105378369109307
triplet:geometry=1-1-2:Rh-Ru-Ru,-0.0016047674204851382,0.0016047674204851382
pair:shell=1:Pd-Rh,0.0015954716222676567,0.0015954716222676567
pair:shell=1:Ir-Pt,0.0015409858376014976,0.0015409858376014976
triplet:geometry=1-1-2:Pt-Pt-Rh,-0.0015189094315152991,0.0015189094315152991
pair:shell=2:Pd-Pt,0.0014321738074561713,0.0014321738074561713
point:Rh,0.0014274535721166062,0.0014274535721166062
triplet:geometry=1-1-2:Ir-Rh-Rh,-0.0014012456929763182,0.0014012456929763182
triplet:geometry=1-1-2:Ir-Pt-Rh,0.0013907826605552291,0.0013907826605552291
triplet:geometry=1-1-2:Ir-Ir-Rh,-0.001374793200259971,0.001374793200259971
triplet:geometry=1-1-2:Pt-Pd-Rh,-0.0013709418901151332,0.0013709418901151332
triplet:geometry=1-1-2:Rh-Ir-Pt,-0.0013614247953242988,0.0013614247953242988
triplet:geometry=1-1-2:Ir-Pt-Ru,-0.0013559274431221313,0.0013559274431221313
triplet:geometry=1-1-2:Rh-Ir-Rh,-0.0012055165166129306,0.0012055165166129306
triplet:geometry=1-1-2:Pt-Ir-Rh,0.001198516596198789,0.001198516596198789
triplet:geometry=1-1-1:Pt-Rh-Rh,-0.0011902792258709305,0.0011902792258709305
triplet:geometry=1-1-2:Ir-Ir-Ir,-0.0011334713291657264,0.0011334713291657264
pair:shell=3:Pt-Rh,-0.001133256230602516,0.001133256230602516
triplet:geometry=1-1-1:Ir-Pt-Rh,0.001064914085888449,0.001064914085888449
triplet:geometry=1-1-1:Pt-Pt-Rh,-0.001064821827539523,0.001064821827539523
pair:shell=3:Pd-Ru,-0.0010623070559033256,0.0010623070559033256
pair:shell=2:Pt-Ru,-0.0010557670770698971,0.0010557670770698971
pair:shell=2:Ir-Ru,-0.0009946255270081366,0.0009946255270081366
pair:shell=3:Rh-Ru,0.0009532805736397338,0.0009532805736397338
pair:shell=2:Pt-Pt,-0.0009514144393569664,0.0009514144393569664
pair:shell=3:Pd-Pd,0.0009475262509257922,0.0009475262509257922
triplet:geometry=1-1-2:Ru-Pt-Rh,-0.0008968407232390599,0.0008968407232390599
triplet:geometry=1-1-2:Pd-Pd-Rh,0.0008911449892227148,0.0008911449892227148
point:Ru,0.0008824363228003905,0.0008824363228003905
triplet:geometry=1-1-1:Pd-Pt-Pt,-0.0008626039982541845,0.0008626039982541845
triplet:geometry=1-1-2:Pd-Ir-Pd,0.0008447984264185524,0.0008447984264185524
pair:shell=4:Rh-Rh,-0.0008009131407856133,0.0008009131407856133
point:Pt,0.0007864998976717173,0.0007864998976717173
triplet:geometry=1-1-2:Pd-Pt-Rh,-0.0007628431848801507,0.0007628431848801507
pair:shell=1:Rh-Rh,0.0006889286444533504,0.0006889286444533504
triplet:geometry=1-1-1:Pd-Pd-Rh,0.0006852246548461919,0.0006852246548461919
triplet:geometry=1-1-2:Pt-Pd-Pd,-0.0006807663801733049,0.0006807663801733049
triplet:geometry=1-1-2:Rh-Pt-Rh,-0.0006643357414696955,0.0006643357414696955
pair:shell=2:Ir-Pt,0.0006543253037116279,0.0006543253037116279
pair:shell=3:Ir-Ru,0.0006406433385122079,0.0006406433385122079
triplet:geometry=1-1-2:Pt-Ir-Pd,-0.0006397111407939303,0.0006397111407939303
triplet:geometry=1-1-2:Pt-Pd-Pt,-0.0005445576502067558,0.0005445576502067558
triplet:geometry=1-1-2:Pt-Pt-Ru,-0.0005366783023175577,0.0005366783023175577
triplet:geometry=1-1-1:Ir-Pt-Ru,0.0005220051315618127,0.0005220051315618127
pair:shell=2:Pt-Rh,-0.0005132873620552676,0.0005132873620552676
pair:shell=1:Pd-Pt,-0.0004932687169480515,0.0004932687169480515
pair:shell=2:Rh-Rh,-0.0004559146057344251,0.0004559146057344251
triplet:geometry=1-1-2:Rh-Rh-Rh,0.00044747165336868366,0.00044747165336868366
pair:shell=3:Ru-X,-0.00044218932240580724,0.00044218932240580724
triplet:geometry=1-1-1:Pt-Pt-Ru,-0.0004235785648193468,0.0004235785648193468
zero:n_metal,0.00040612952065902753,0.00040612952065902753
pair:shell=1:Pt-Rh,-0.00038757955436356047,0.00038757955436356047
pair:shell=3:Ir-Pd,0.00033530621884247615,0.00033530621884247615
triplet:geometry=1-1-1:Ir-Rh-Rh,-0.0003258748738209005,0.0003258748738209005
pair:shell=3:Pd-Rh,0.0003159513439389751,0.0003159513439389751
pair:shell=1:Ir-Ir,0.00031162809150268904,0.00031162809150268904
triplet:geometry=1-1-2:Rh-Pd-Pt,0.00029416000687756266,0.00029416000687756266
pair:shell=3:Ir-Ir,-0.0002625702930805173,0.0002625702930805173
pair:shell=3:Ir-Pt,-0.0002263565370161277,0.0002263565370161277
triplet:geometry=1-1-1:Pt-Pt-Pt,0.00019228990718224382,0.00019228990718224382
pair:shell=3:Ir-Rh,0.0001799897736943381,0.0001799897736943381
pair:shell=1:Pt-Pt,0.0001736080762340908,0.0001736080762340908
pair:shell=2:Ir-Rh,-0.00016137145210398898,0.00016137145210398898
pair:shell=1:Rh-Ru,-0.0001612626239489599,0.0001612626239489599
pair:shell=1:Pd-Pd,-0.00013202875319080353,0.00013202875319080353
pair:shell=4:Pd-Rh,0.0001127959008065922,0.0001127959008065922
triplet:geometry=1-1-2:Pt-Pt-Pt,-0.00010933284952945477,0.00010933284952945477
triplet:geometry=1-1-1:Pd-Pt-Ru,-9.442973389568992e-05,9.442973389568992e-05
pair:shell=4:Ir-Rh,7.15534899529383e-05,7.15534899529383e-05
triplet:geometry=1-1-1:Pt-Rh-Ru,4.6896440307225846e-05,4.6896440307225846e-05
triplet:geometry=1-1-1:Rh-Rh-Ru,-2.6387162288647856e-05,2.6387162288647856e-05
pair:shell=1:Pt-Ru,-2.385986822428309e-05,2.385986822428309e-05
pair:shell=3:Rh-Rh,-1.274716670582808e-05,1.274716670582808e-05
pair:shell=1:Ir-Rh,1.1334138214192394e-05,1.1334138214192394e-05
triplet:geometry=1-1-2:X-Ir-Ir,0.0,0.0
triplet:geometry=1-1-2:Ru-X-X,0.0,0.0
triplet:geometry=1-1-2:X-Pd-Rh,0.0,0.0
triplet:geometry=1-1-2:X-Pd-Ru,0.0,0.0
triplet:geometry=1-1-2:Ir-X-X,0.0,0.0
triplet:geometry=1-1-2:X-Ir-Pd,0.0,0.0
triplet:geometry=1-1-2:X-Ir-Rh,0.0,0.0
triplet:geometry=1-1-2:X-Ir-Ru,0.0,0.0
triplet:geometry=1-1-2:X-Pd-Pd,0.0,0.0
triplet:geometry=1-1-2:X-Pd-Pt,0.0,0.0
triplet:geometry=1-1-2:X-Pt-Rh,0.0,0.0
triplet:geometry=1-1-2:X-Pt-Pt,0.0,0.0
triplet:geometry=1-1-2:X-Ir-Pt,0.0,0.0
triplet:geometry=1-1-2:Pd-X-X,0.0,0.0
triplet:geometry=1-1-2:Pt-X-X,0.0,0.0
triplet:geometry=1-1-2:Rh-X-X,0.0,0.0
triplet:geometry=1-1-2:X-Rh-Rh,0.0,0.0
triplet:geometry=1-1-2:X-Pt-Ru,0.0,0.0
triplet:geometry=1-1-2:X-Rh-Ru,0.0,0.0
triplet:geometry=1-1-2:X-Ru-Ru,0.0,0.0
