top_fraction_tested_percent,n_compositions,cemc_recall,random_recall,baseline_recall
0.29239766081871343,1,0.0,0.0,0.0029239766081871343
0.5847953216374269,2,0.0,0.0,0.005847953216374269
0.8771929824561403,3,0.0,0.0,0.008771929824561403
1.1695906432748537,4,0.0,0.0,0.011695906432748537
1.4619883040935673,5,0.0,0.0,0.014619883040935673
1.7543859649122806,6,0.0,0.0,0.017543859649122806
2.046783625730994,7,0.0,0.0,0.02046783625730994
2.3391812865497075,8,0.0,0.0,0.023391812865497075
2.6315789473684212,9,0.0,0.0,0.026315789473684213
2.9239766081871346,10,0.0,0.0,0.029239766081871347
3.216374269005848,11,0.0,0.0,0.03216374269005848
3.508771929824561,12,0.0,0.0,0.03508771929824561
3.801169590643275,13,0.0,0.0,0.038011695906432746
4.093567251461988,14,0.0,0.0,0.04093567251461988
4.385964912280702,15,0.0,0.0,0.04385964912280702
4.678362573099415,16,0.0,0.0,0.04678362573099415
4.970760233918129,17,0.0,0.0,0.049707602339181284
5.2631578947368425,18,0.0,0.0,0.052631578947368425
5.555555555555555,19,0.0,0.0,0.05555555555555555
5.847953216374269,20,0.0,0.0,0.058479532163742694
6.140350877192983,21,0.047619047619047616,0.0,0.06140350877192983
6.432748538011696,22,0.045454545454545456,0.0,0.06432748538011696
6.7251461988304095,23,0.043478260869565216,0.043478260869565216,0.06725146198830409
7.017543859649122,24,0.041666666666666664,0.041666666666666664,0.07017543859649122
7.309941520467836,25,0.04,0.04,0.07309941520467836
7.60233918128655,26,0.038461538461538464,0.07692307692307693,0.07602339181286549
7.894736842105263,27,0.037037037037037035,0.07407407407407407,0.07894736842105263
8.187134502923977,28,0.03571428571428571,0.07142857142857142,0.08187134502923976
8.47953216374269,29,0.034482758620689655,0.06896551724137931,0.0847953216374269
8.771929824561404,30,0.03333333333333333,0.1,0.08771929824561404
9.064327485380117,31,0.03225806451612903,0.0967741935483871,0.09064327485380116
9.35672514619883,32,0.03125,0.09375,0.0935672514619883
9.649122807017545,33,0.030303030303030304,0.09090909090909091,0.09649122807017545
9.941520467836257,34,0.029411764705882353,0.08823529411764706,0.09941520467836257
10.23391812865497,35,0.02857142857142857,0.08571428571428572,0.1023391812865497
10.526315789473685,36,0.027777777777777776,0.08333333333333333,0.10526315789473685
10.818713450292398,37,0.02702702702702703,0.08108108108108109,0.10818713450292398
11.11111111111111,38,0.02631578947368421,0.07894736842105263,0.1111111111111111
11.403508771929825,39,0.02564102564102564,0.07692307692307693,0.11403508771929825
11.695906432748538,40,0.025,0.075,0.11695906432748539
11.988304093567251,41,0.024390243902439025,0.07317073170731707,0.11988304093567251
12.280701754385966,42,0.023809523809523808,0.07142857142857142,0.12280701754385966
12.573099415204679,43,0.023255813953488372,0.06976744186046512,0.12573099415204678
12.865497076023392,44,0.022727272727272728,0.06818181818181818,0.1286549707602339
13.157894736842104,45,0.022222222222222223,0.06666666666666667,0.13157894736842105
13.450292397660819,46,0.021739130434782608,0.06521739130434782,0.13450292397660818
13.742690058479532,47,0.02127659574468085,0.06382978723404255,0.13742690058479531
14.035087719298245,48,0.041666666666666664,0.0625,0.14035087719298245
14.32748538011696,49,0.04081632653061224,0.061224489795918366,0.14327485380116958
14.619883040935672,50,0.04,0.06,0.14619883040935672
14.912280701754385,51,0.058823529411764705,0.058823529411764705,0.14912280701754385
15.2046783625731,52,0.07692307692307693,0.09615384615384616,0.15204678362573099
15.497076023391813,53,0.07547169811320754,0.09433962264150944,0.15497076023391812
15.789473684210526,54,0.07407407407407407,0.1111111111111111,0.15789473684210525
16.08187134502924,55,0.07272727272727272,0.10909090909090909,0.1608187134502924
16.374269005847953,56,0.07142857142857142,0.10714285714285714,0.16374269005847952
16.666666666666668,57,0.08771929824561403,0.12280701754385964,0.16666666666666669
16.95906432748538,58,0.10344827586206896,0.13793103448275862,0.1695906432748538
17.251461988304094,59,0.1016949152542373,0.15254237288135594,0.17251461988304093
17.54385964912281,60,0.1,0.15,0.1754385964912281
17.83625730994152,61,0.09836065573770492,0.14754098360655737,0.1783625730994152
18.128654970760234,62,0.0967741935483871,0.14516129032258066,0.18128654970760233
18.42105263157895,63,0.09523809523809523,0.14285714285714285,0.1842105263157895
18.71345029239766,64,0.09375,0.140625,0.1871345029239766
19.005847953216374,65,0.09230769230769231,0.15384615384615385,0.19005847953216373
19.29824561403509,66,0.09090909090909091,0.15151515151515152,0.1929824561403509
19.5906432748538,67,0.1044776119402985,0.14925373134328357,0.195906432748538
19.883040935672515,68,0.11764705882352941,0.16176470588235295,0.19883040935672514
20.17543859649123,69,0.13043478260869565,0.17391304347826086,0.2017543859649123
20.46783625730994,70,0.14285714285714285,0.17142857142857143,0.2046783625730994
20.760233918128655,71,0.14084507042253522,0.16901408450704225,0.20760233918128657
21.05263157894737,72,0.1388888888888889,0.16666666666666666,0.2105263157894737
21.34502923976608,73,0.136986301369863,0.1780821917808219,0.2134502923976608
21.637426900584796,74,0.14864864864864866,0.17567567567567569,0.21637426900584797
21.92982456140351,75,0.14666666666666667,0.2,0.2192982456140351
22.22222222222222,76,0.15789473684210525,0.21052631578947367,0.2222222222222222
22.514619883040936,77,0.16883116883116883,0.22077922077922077,0.22514619883040937
22.80701754385965,78,0.16666666666666666,0.21794871794871795,0.2280701754385965
23.099415204678362,79,0.16455696202531644,0.21518987341772153,0.2309941520467836
23.391812865497077,80,0.1875,0.2125,0.23391812865497078
23.68421052631579,81,0.19753086419753085,0.2222222222222222,0.2368421052631579
23.976608187134502,82,0.1951219512195122,0.21951219512195122,0.23976608187134502
24.269005847953217,83,0.1927710843373494,0.21686746987951808,0.24269005847953218
24.56140350877193,84,0.19047619047619047,0.21428571428571427,0.2456140350877193
24.853801169590643,85,0.2,0.2235294117647059,0.24853801169590642
25.146198830409357,86,0.20930232558139536,0.23255813953488372,0.25146198830409355
25.43859649122807,87,0.20689655172413793,0.22988505747126436,0.25438596491228066
25.730994152046783,88,0.20454545454545456,0.22727272727272727,0.2573099415204678
26.023391812865498,89,0.20224719101123595,0.2247191011235955,0.260233918128655
26.31578947368421,90,0.2111111111111111,0.23333333333333334,0.2631578947368421
26.608187134502923,91,0.21978021978021978,0.24175824175824176,0.26608187134502925
26.900584795321638,92,0.21739130434782608,0.2391304347826087,0.26900584795321636
27.19298245614035,93,0.22580645161290322,0.24731182795698925,0.27192982456140347
27.485380116959064,94,0.22340425531914893,0.24468085106382978,0.27485380116959063
27.77777777777778,95,0.23157894736842105,0.24210526315789474,0.2777777777777778
28.07017543859649,96,0.22916666666666666,0.2604166666666667,0.2807017543859649
28.362573099415204,97,0.23711340206185566,0.27835051546391754,0.28362573099415206
28.65497076023392,98,0.23469387755102042,0.2755102040816326,0.28654970760233917
28.94736842105263,99,0.24242424242424243,0.2727272727272727,0.2894736842105263
29.239766081871345,100,0.25,0.28,0.29239766081871343
29.53216374269006,101,0.25742574257425743,0.27722772277227725,0.2953216374269006
29.82456140350877,102,0.2549019607843137,0.27450980392156865,0.2982456140350877
30.116959064327485,103,0.2621359223300971,0.2815533980582524,0.30116959064327486
30.4093567251462,104,0.25961538461538464,0.27884615384615385,0.30409356725146197
30.70175438596491,105,0.2571428571428571,0.2761904761904762,0.30701754385964913
30.994152046783626,106,0.25471698113207547,0.27358490566037735,0.30994152046783624
31.28654970760234,107,0.2523364485981308,0.2897196261682243,0.3128654970760234
31.57894736842105,108,0.25925925925925924,0.2962962962962963,0.3157894736842105
31.871345029239766,109,0.27522935779816515,0.30275229357798167,0.31871345029239767
32.16374269005848,110,0.2818181818181818,0.3090909090909091,0.3216374269005848
32.45614035087719,111,0.2882882882882883,0.3063063063063063,0.32456140350877194
32.748538011695906,112,0.2857142857142857,0.30357142857142855,0.32748538011695905
33.04093567251462,113,0.2920353982300885,0.30973451327433627,0.3304093567251462
33.333333333333336,114,0.2894736842105263,0.3157894736842105,0.33333333333333337
33.62573099415204,115,0.30434782608695654,0.3130434782608696,0.3362573099415204
33.91812865497076,116,0.3103448275862069,0.3103448275862069,0.3391812865497076
34.21052631578947,117,0.3162393162393162,0.3076923076923077,0.34210526315789475
34.50292397660819,118,0.3305084745762712,0.3135593220338983,0.34502923976608185
34.7953216374269,119,0.3445378151260504,0.31932773109243695,0.347953216374269
35.08771929824562,120,0.35,0.325,0.3508771929824562
35.380116959064324,121,0.35537190082644626,0.3305785123966942,0.3538011695906432
35.67251461988304,122,0.36065573770491804,0.32786885245901637,0.3567251461988304
35.96491228070175,123,0.36585365853658536,0.3333333333333333,0.35964912280701755
36.25730994152047,124,0.3629032258064516,0.33064516129032256,0.36257309941520466
36.54970760233918,125,0.376,0.344,0.3654970760233918
36.8421052631579,126,0.38095238095238093,0.3492063492063492,0.368421052631579
37.134502923976605,127,0.3937007874015748,0.3543307086614173,0.37134502923976603
37.42690058479532,128,0.390625,0.359375,0.3742690058479532
37.719298245614034,129,0.3875968992248062,0.37209302325581395,0.37719298245614036
38.01169590643275,130,0.38461538461538464,0.3769230769230769,0.38011695906432746
38.30409356725146,131,0.3969465648854962,0.3893129770992366,0.3830409356725146
38.59649122807018,132,0.3939393939393939,0.3939393939393939,0.3859649122807018
38.888888888888886,133,0.39849624060150374,0.39097744360902253,0.38888888888888884
39.1812865497076,134,0.40298507462686567,0.40298507462686567,0.391812865497076
39.473684210526315,135,0.4074074074074074,0.4148148148148148,0.39473684210526316
39.76608187134503,136,0.4117647058823529,0.4264705882352941,0.39766081871345027
40.058479532163744,137,0.4233576642335766,0.43795620437956206,0.40058479532163743
40.35087719298246,138,0.427536231884058,0.4492753623188406,0.4035087719298246
40.64327485380117,139,0.4244604316546763,0.45323741007194246,0.40643274853801165
40.93567251461988,140,0.42857142857142855,0.45714285714285713,0.4093567251461988
41.228070175438596,141,0.4326241134751773,0.46808510638297873,0.41228070175438597
41.52046783625731,142,0.44366197183098594,0.4788732394366197,0.41520467836257313
41.812865497076025,143,0.45454545454545453,0.48951048951048953,0.41812865497076024
42.10526315789474,144,0.4583333333333333,0.5,0.4210526315789474
42.39766081871345,145,0.46206896551724136,0.5103448275862069,0.42397660818713445
42.69005847953216,146,0.4726027397260274,0.5205479452054794,0.4269005847953216
42.98245614035088,147,0.47619047619047616,0.5170068027210885,0.4298245614035088
43.27485380116959,148,0.4797297297297297,0.5202702702702703,0.43274853801169594
43.567251461988306,149,0.48322147651006714,0.5167785234899329,0.43567251461988304
43.85964912280702,150,0.48,0.52,0.4385964912280702
44.15204678362573,151,0.48344370860927155,0.5231788079470199,0.44152046783625726
44.44444444444444,152,0.4868421052631579,0.5263157894736842,0.4444444444444444
44.73684210526316,153,0.49019607843137253,0.5294117647058824,0.4473684210526316
45.02923976608187,154,0.4935064935064935,0.5324675324675324,0.45029239766081874
45.32163742690059,155,0.5032258064516129,0.5419354838709678,0.45321637426900585
45.6140350877193,156,0.5,0.5448717948717948,0.456140350877193
45.90643274853801,157,0.5031847133757962,0.5414012738853503,0.45906432748538006
46.198830409356724,158,0.5,0.5443037974683544,0.4619883040935672
46.49122807017544,159,0.5031446540880503,0.5408805031446541,0.4649122807017544
46.78362573099415,160,0.50625,0.54375,0.46783625730994155
47.07602339181287,161,0.5093167701863354,0.546583850931677,0.47076023391812866
47.36842105263158,162,0.5123456790123457,0.5555555555555556,0.4736842105263158
47.66081871345029,163,0.5153374233128835,0.558282208588957,0.4766081871345029
47.953216374269005,164,0.5182926829268293,0.5609756097560976,0.47953216374269003
48.24561403508772,165,0.5212121212121212,0.5636363636363636,0.4824561403508772
48.538011695906434,166,0.5180722891566265,0.5662650602409639,0.48538011695906436
48.83040935672515,167,0.5209580838323353,0.5688622754491018,0.48830409356725146
49.12280701754386,168,0.5238095238095238,0.5773809523809523,0.4912280701754386
49.41520467836257,169,0.5207100591715976,0.5739644970414202,0.49415204678362573
49.707602339181285,170,0.5294117647058824,0.5764705882352941,0.49707602339181284
50.0,171,0.5380116959064327,0.5847953216374269,0.5
50.292397660818715,172,0.5465116279069767,0.5930232558139535,0.5029239766081871
50.58479532163743,173,0.5549132947976878,0.6011560693641619,0.5058479532163743
50.87719298245614,174,0.5632183908045977,0.6091954022988506,0.5087719298245613
51.16959064327485,175,0.56,0.6057142857142858,0.5116959064327485
51.461988304093566,176,0.5625,0.6022727272727273,0.5146198830409356
51.75438596491228,177,0.5706214689265536,0.5988700564971752,0.5175438596491229
52.046783625730995,178,0.5674157303370787,0.6067415730337079,0.52046783625731
52.33918128654971,179,0.5698324022346368,0.6145251396648045,0.5233918128654971
52.63157894736842,180,0.5777777777777777,0.6222222222222222,0.5263157894736842
52.92397660818713,181,0.580110497237569,0.6187845303867403,0.5292397660818713
53.21637426900585,182,0.5769230769230769,0.6208791208791209,0.5321637426900585
53.50877192982456,183,0.5792349726775956,0.6174863387978142,0.5350877192982456
53.801169590643276,184,0.5869565217391305,0.6141304347826086,0.5380116959064327
54.09356725146199,185,0.5945945945945946,0.6216216216216216,0.5409356725146199
54.3859649122807,186,0.6021505376344086,0.6290322580645161,0.5438596491228069
54.67836257309941,187,0.6042780748663101,0.6310160427807486,0.5467836257309941
54.97076023391813,188,0.6063829787234043,0.6329787234042553,0.5497076023391813
55.26315789473684,189,0.6084656084656085,0.6402116402116402,0.5526315789473685
55.55555555555556,190,0.6157894736842106,0.6421052631578947,0.5555555555555556
55.84795321637427,191,0.6230366492146597,0.6492146596858639,0.5584795321637427
56.14035087719298,192,0.625,0.65625,0.5614035087719298
56.432748538011694,193,0.6321243523316062,0.6632124352331606,0.5643274853801169
56.72514619883041,194,0.6288659793814433,0.6649484536082474,0.5672514619883041
57.01754385964912,195,0.6358974358974359,0.6615384615384615,0.5701754385964912
57.30994152046784,196,0.6377551020408163,0.6683673469387755,0.5730994152046783
57.60233918128655,197,0.6395939086294417,0.6649746192893401,0.5760233918128655
57.89473684210526,198,0.6464646464646465,0.6717171717171717,0.5789473684210527
58.187134502923975,199,0.6482412060301508,0.6733668341708543,0.5818713450292398
58.47953216374269,200,0.655,0.675,0.5847953216374269
58.771929824561404,201,0.6616915422885572,0.681592039800995,0.5877192982456141
59.06432748538012,202,0.6633663366336634,0.6881188118811881,0.5906432748538012
59.35672514619883,203,0.6699507389162561,0.6896551724137931,0.5935672514619883
59.64912280701754,204,0.6715686274509803,0.6862745098039216,0.5964912280701754
59.941520467836256,205,0.6780487804878049,0.6878048780487804,0.5994152046783625
