top_fraction_percent,n_compositions,cemc_recall,random_recall,baseline
0.42016806722689076,1,0.0,0.0,0.004201680672268907
0.8403361344537815,2,0.0,0.0,0.008403361344537815
1.2605042016806722,3,0.0,0.0,0.012605042016806723
1.680672268907563,4,0.0,0.0,0.01680672268907563
2.100840336134454,5,0.0,0.0,0.02100840336134454
2.5210084033613445,6,0.0,0.0,0.025210084033613446
2.941176470588235,7,0.0,0.0,0.029411764705882353
3.361344537815126,8,0.25,0.0,0.03361344537815126
3.7815126050420167,9,0.2222222222222222,0.0,0.037815126050420166
4.201680672268908,10,0.2,0.0,0.04201680672268908
4.621848739495799,11,0.18181818181818182,0.0,0.046218487394957986
5.042016806722689,12,0.25,0.0,0.05042016806722689
5.46218487394958,13,0.23076923076923078,0.0,0.0546218487394958
5.88235294117647,14,0.21428571428571427,0.0,0.058823529411764705
6.302521008403361,15,0.26666666666666666,0.0,0.06302521008403361
6.722689075630252,16,0.25,0.0,0.06722689075630252
7.142857142857142,17,0.23529411764705882,0.0,0.07142857142857142
7.563025210084033,18,0.2777777777777778,0.0,0.07563025210084033
7.9831932773109235,19,0.2631578947368421,0.0,0.07983193277310924
8.403361344537815,20,0.25,0.0,0.08403361344537816
8.823529411764707,21,0.23809523809523808,0.0,0.08823529411764706
9.243697478991598,22,0.22727272727272727,0.0,0.09243697478991597
9.663865546218489,23,0.2608695652173913,0.0,0.09663865546218488
10.084033613445378,24,0.25,0.0,0.10084033613445378
10.504201680672269,25,0.24,0.0,0.10504201680672269
10.92436974789916,26,0.23076923076923078,0.0,0.1092436974789916
11.344537815126051,27,0.2222222222222222,0.0,0.1134453781512605
11.76470588235294,28,0.21428571428571427,0.0,0.11764705882352941
12.184873949579831,29,0.20689655172413793,0.0,0.12184873949579832
12.605042016806722,30,0.2,0.0,0.12605042016806722
13.025210084033615,31,0.22580645161290322,0.0,0.13025210084033614
13.445378151260504,32,0.21875,0.0,0.13445378151260504
13.865546218487395,33,0.21212121212121213,0.0,0.13865546218487396
14.285714285714285,34,0.23529411764705882,0.0,0.14285714285714285
14.705882352941178,35,0.2571428571428571,0.0,0.14705882352941177
15.126050420168067,36,0.25,0.0,0.15126050420168066
15.546218487394958,37,0.2702702702702703,0.0,0.15546218487394958
15.966386554621847,38,0.2631578947368421,0.0,0.15966386554621848
16.386554621848738,39,0.28205128205128205,0.0,0.1638655462184874
16.80672268907563,40,0.3,0.0,0.16806722689075632
17.22689075630252,41,0.2926829268292683,0.0,0.1722689075630252
17.647058823529413,42,0.2857142857142857,0.0,0.17647058823529413
18.067226890756302,43,0.27906976744186046,0.0,0.18067226890756302
18.487394957983195,44,0.29545454545454547,0.0,0.18487394957983194
18.907563025210084,45,0.3111111111111111,0.0,0.18907563025210083
19.327731092436977,46,0.30434782608695654,0.0,0.19327731092436976
19.747899159663866,47,0.2978723404255319,0.02127659574468085,0.19747899159663865
20.168067226890756,48,0.2916666666666667,0.020833333333333332,0.20168067226890757
20.588235294117645,49,0.30612244897959184,0.02040816326530612,0.20588235294117646
21.008403361344538,50,0.3,0.02,0.21008403361344538
21.428571428571427,51,0.3137254901960784,0.0196078431372549,0.21428571428571427
21.84873949579832,52,0.3076923076923077,0.019230769230769232,0.2184873949579832
22.268907563025213,53,0.32075471698113206,0.018867924528301886,0.22268907563025211
22.689075630252102,54,0.3333333333333333,0.037037037037037035,0.226890756302521
23.10924369747899,55,0.32727272727272727,0.03636363636363636,0.23109243697478993
23.52941176470588,56,0.3392857142857143,0.03571428571428571,0.23529411764705882
23.949579831932773,57,0.3333333333333333,0.05263157894736842,0.23949579831932774
24.369747899159663,58,0.3275862068965517,0.05172413793103448,0.24369747899159663
24.789915966386555,59,0.3389830508474576,0.05084745762711865,0.24789915966386555
25.210084033613445,60,0.35,0.06666666666666667,0.25210084033613445
25.630252100840334,61,0.36065573770491804,0.06557377049180328,0.25630252100840334
26.05042016806723,62,0.3709677419354839,0.06451612903225806,0.2605042016806723
26.47058823529412,63,0.38095238095238093,0.07936507936507936,0.2647058823529412
26.89075630252101,64,0.375,0.09375,0.2689075630252101
27.310924369747898,65,0.36923076923076925,0.09230769230769231,0.27310924369747897
27.73109243697479,66,0.3939393939393939,0.10606060606060606,0.2773109243697479
28.15126050420168,67,0.40298507462686567,0.1044776119402985,0.2815126050420168
28.57142857142857,68,0.39705882352941174,0.10294117647058823,0.2857142857142857
28.991596638655466,69,0.42028985507246375,0.10144927536231885,0.28991596638655465
29.411764705882355,70,0.4142857142857143,0.1,0.29411764705882354
29.831932773109244,71,0.4225352112676056,0.09859154929577464,0.29831932773109243
30.252100840336134,72,0.4305555555555556,0.1111111111111111,0.3025210084033613
30.672268907563026,73,0.4520547945205479,0.1232876712328767,0.3067226890756303
31.092436974789916,74,0.44594594594594594,0.12162162162162163,0.31092436974789917
31.512605042016805,75,0.44,0.12,0.31512605042016806
31.932773109243694,76,0.4342105263157895,0.11842105263157894,0.31932773109243695
32.35294117647059,77,0.42857142857142855,0.11688311688311688,0.3235294117647059
32.773109243697476,78,0.4358974358974359,0.11538461538461539,0.3277310924369748
33.193277310924366,79,0.4430379746835443,0.12658227848101267,0.3319327731092437
33.61344537815126,80,0.45,0.1375,0.33613445378151263
34.03361344537815,81,0.4444444444444444,0.14814814814814814,0.3403361344537815
34.45378151260504,82,0.43902439024390244,0.14634146341463414,0.3445378151260504
34.87394957983193,83,0.4578313253012048,0.14457831325301204,0.3487394957983193
35.294117647058826,84,0.47619047619047616,0.14285714285714285,0.35294117647058826
35.714285714285715,85,0.4823529411764706,0.1411764705882353,0.35714285714285715
36.134453781512605,86,0.47674418604651164,0.1511627906976744,0.36134453781512604
36.554621848739494,87,0.4827586206896552,0.16091954022988506,0.36554621848739494
36.97478991596639,88,0.48863636363636365,0.1590909090909091,0.3697478991596639
37.39495798319328,89,0.5056179775280899,0.15730337078651685,0.3739495798319328
37.81512605042017,90,0.5111111111111111,0.15555555555555556,0.37815126050420167
38.23529411764706,91,0.5164835164835165,0.16483516483516483,0.38235294117647056
38.655462184873954,92,0.5108695652173914,0.16304347826086957,0.3865546218487395
39.075630252100844,93,0.5053763440860215,0.1827956989247312,0.3907563025210084
39.49579831932773,94,0.5212765957446809,0.18085106382978725,0.3949579831932773
39.91596638655462,95,0.5368421052631579,0.18947368421052632,0.39915966386554624
40.33613445378151,96,0.53125,0.1875,0.40336134453781514
40.7563025210084,97,0.5463917525773195,0.1958762886597938,0.40756302521008403
41.17647058823529,98,0.5510204081632653,0.19387755102040816,0.4117647058823529
41.596638655462186,99,0.5555555555555556,0.20202020202020202,0.41596638655462187
42.016806722689076,100,0.56,0.21,0.42016806722689076
42.436974789915965,101,0.5544554455445545,0.21782178217821782,0.42436974789915966
42.857142857142854,102,0.5490196078431373,0.21568627450980393,0.42857142857142855
43.27731092436975,103,0.5631067961165048,0.21359223300970873,0.4327731092436975
43.69747899159664,104,0.5673076923076923,0.21153846153846154,0.4369747899159664
44.11764705882353,105,0.5619047619047619,0.20952380952380953,0.4411764705882353
44.537815126050425,106,0.5566037735849056,0.20754716981132076,0.44537815126050423
44.957983193277315,107,0.5607476635514018,0.205607476635514,0.4495798319327731
45.378151260504204,108,0.5648148148148148,0.21296296296296297,0.453781512605042
45.79831932773109,109,0.5596330275229358,0.21100917431192662,0.4579831932773109
46.21848739495798,110,0.5545454545454546,0.22727272727272727,0.46218487394957986
46.63865546218487,111,0.5585585585585585,0.23423423423423423,0.46638655462184875
47.05882352941176,112,0.5535714285714286,0.24107142857142858,0.47058823529411764
47.47899159663865,113,0.5575221238938053,0.25663716814159293,0.47478991596638653
47.89915966386555,114,0.5526315789473685,0.2543859649122807,0.4789915966386555
48.319327731092436,115,0.5565217391304348,0.25217391304347825,0.4831932773109244
48.739495798319325,116,0.5689655172413793,0.2672413793103448,0.48739495798319327
49.159663865546214,117,0.5726495726495726,0.27350427350427353,0.49159663865546216
49.57983193277311,118,0.576271186440678,0.2711864406779661,0.4957983193277311
50.0,119,0.5714285714285714,0.2857142857142857,0.5
50.42016806722689,120,0.575,0.2916666666666667,0.5042016806722689
50.84033613445378,121,0.5867768595041323,0.2892561983471074,0.5084033613445378
51.26050420168067,122,0.5983606557377049,0.30327868852459017,0.5126050420168067
51.68067226890757,123,0.6097560975609756,0.3089430894308943,0.5168067226890757
52.10084033613446,124,0.6129032258064516,0.3225806451612903,0.5210084033613446
52.52100840336135,125,0.624,0.328,0.5252100840336135
52.94117647058824,126,0.6190476190476191,0.3253968253968254,0.5294117647058824
53.36134453781513,127,0.6299212598425197,0.33858267716535434,0.5336134453781513
53.78151260504202,128,0.6328125,0.34375,0.5378151260504201
54.20168067226891,129,0.6434108527131783,0.35658914728682173,0.542016806722689
54.621848739495796,130,0.6461538461538462,0.36923076923076925,0.5462184873949579
55.04201680672269,131,0.6564885496183206,0.37404580152671757,0.5504201680672269
55.46218487394958,132,0.6666666666666666,0.3787878787878788,0.5546218487394958
55.88235294117647,133,0.6691729323308271,0.39097744360902253,0.5588235294117647
56.30252100840336,134,0.6716417910447762,0.40298507462686567,0.5630252100840336
56.72268907563025,135,0.6814814814814815,0.4148148148148148,0.5672268907563025
57.14285714285714,136,0.6838235294117647,0.4264705882352941,0.5714285714285714
57.56302521008403,137,0.6861313868613139,0.4306569343065693,0.5756302521008403
57.98319327731093,138,0.6884057971014492,0.4420289855072464,0.5798319327731093
58.40336134453782,139,0.6906474820143885,0.45323741007194246,0.5840336134453782
58.82352941176471,140,0.6857142857142857,0.45714285714285713,0.5882352941176471
59.2436974789916,141,0.6879432624113475,0.46808510638297873,0.592436974789916
59.66386554621849,142,0.6901408450704225,0.47183098591549294,0.5966386554621849
