dataset,n_trials,p_tau,tau_q025,tau_q975,p_mse,mse_q025,mse_q975,p_crps,crps_q025,crps_q975,p_all
Study 1,10000,0.4638,-0.6565355143633841,0.3837824367439394,0.5001,-0.1710195022256854,0.23317291039304108,0.5111,-0.16327676037328812,0.27181059522551615,0.3212
"Study 2, ML1",10000,0.5838,-0.30043885247092195,0.891865208599623,0.6266,-0.06522626331182492,0.14039885972609178,0.6429,-0.03829571977409129,0.051378347679776226,0.3994
"Study 2, ML2",10000,0.7771,-0.21554049081933532,0.5410594847706695,0.5462,-0.0704559308694499,0.06376940169752532,0.3555,-0.05794893448105459,0.03523385328103506,0.2623
"Study 2, ML3",10000,0.6674,-0.4485861584166945,0.6804011380039716,0.5412,-0.09071153367224846,0.08334575181848304,0.2559,-0.08901711331340274,0.028958145018618542,0.1832
"Study 2, ML4",10000,0.5546,-0.7156378742134912,1.0139516455294353,0.4938,-0.12940144999191264,0.14384191136215255,0.4955,-0.03494168848045415,0.03501223944565073,0.224
"Study 2, ML5",10000,0.5647,-0.18478855260781027,0.2512398761511095,0.5882,-0.04844108826946667,0.06022366401929402,0.4565,-0.046047021763762346,0.04202138421836104,0.1657
"Study 2, ML6",10000,0.7073,-0.2922698126222909,0.7977531459014339,0.6381,-0.06181303091500795,0.1215044005670703,0.3834,-0.053707781400987024,0.02650317192281474,0.2915
"Study 3, fcc(100) hollow",10000,0.5687,-0.3577846328404779,0.5383115271425024,0.6905,-0.05110647665410533,0.08295256723364552,0.6794,-0.05945399711685076,0.1639326727924002,0.3584
"Study 3, fcc(100) bridge",10000,0.6025,-0.3992500797787468,0.4701627486437611,0.5315,-0.060184914475943804,0.06631636339893716,0.5337,-0.08113909021588409,0.13329917458005838,0.2818
"Study 3, fcc(110) bridge",10000,0.6059,-0.2726695741587773,0.3652944722192671,0.5848,-0.04375520337724667,0.06690343762981908,0.5423,-0.06239555217757617,0.14416512188066252,0.2999
"Study 3, fcc(111) hollow",10000,0.4377,-0.6129152926993581,0.5308672836223094,0.4486,-0.08079021164225454,0.0767314090225542,0.5271,-0.10151935270276757,0.13368645860560455,0.2288
"Study 3, fcc(111) top",10000,0.6539,-0.23770698152678793,0.3796830124454843,0.6034,-0.06149719477005278,0.08577975087208012,0.6838,-0.07274831235292857,0.17148843082340545,0.4406
Average,,0.59895,,,0.5660833333333333,,,0.5055916666666666,,,0.28806666666666664
